
Gurobi 11.0.3 (mac64[arm]) logging started Fri Dec  5 20:05:10 2025

Set parameter LogFile to value "unknown.gurobi.log"
Set parameter DisplayInterval to value 1
Gurobi Optimizer version 11.0.3 build v11.0.3rc0 (mac64[arm] - Darwin 24.6.0 24G90)

CPU model: Apple M1 Pro
Thread count: 8 physical cores, 8 logical processors, using up to 8 threads

Optimize a model with 1345604 rows, 1341124 columns and 5260728 nonzeros
Model fingerprint: 0xc1af52be
Variable types: 704324 continuous, 636800 integer (636800 binary)
Coefficient statistics:
  Matrix range     [5e-03, 6e+07]
  Objective range  [4e-03, 5e+05]
  Bounds range     [1e+00, 1e+00]
  RHS range        [9e-02, 3e+07]
Found heuristic solution: objective 1.742968e+12
Presolve removed 62371 rows and 48411 columns (presolve time = 1s) ...
Presolve removed 66884 rows and 52284 columns (presolve time = 2s) ...
Presolve removed 66884 rows and 52811 columns (presolve time = 3s) ...
Presolve removed 66884 rows and 52811 columns (presolve time = 4s) ...
Presolve removed 66884 rows and 52811 columns (presolve time = 5s) ...
Presolve removed 66884 rows and 52811 columns (presolve time = 6s) ...
Presolve removed 66884 rows and 52811 columns (presolve time = 8s) ...
Presolve removed 66884 rows and 52811 columns (presolve time = 8s) ...
Presolve removed 66884 rows and 52811 columns (presolve time = 9s) ...
Presolve removed 66884 rows and 52811 columns (presolve time = 10s) ...
Presolve removed 66884 rows and 52811 columns (presolve time = 11s) ...
Presolve removed 66884 rows and 52811 columns
Presolve time: 11.65s
Presolved: 1278720 rows, 1288313 columns, 3855953 nonzeros
Variable types: 652793 continuous, 635520 integer (635520 binary)
Root barrier log...

Ordering time: 0.01s

Barrier statistics:
 AA' NZ     : 2.718e+04
 Factor NZ  : 2.028e+05 (roughly 270 MB of memory)
 Factor Ops : 1.211e+07 (less than 1 second per iteration)
 Threads    : 8

                  Objective                Residual
Iter       Primal          Dual         Primal    Dual     Compl     Time
   0   5.16503308e+17 -2.92390232e+16  8.49e+09 3.23e+05  7.71e+12    15s
   1   1.33205611e+17 -2.30821665e+16  2.44e+09 2.69e+05  2.20e+12    15s
   2   3.51982113e+16 -6.62910960e+15  4.51e+08 1.36e+04  4.12e+11    15s
   3   4.06881222e+15 -8.78130716e+14  4.70e+07 5.13e+02  4.35e+10    15s
   4   2.46224496e+15 -3.27160462e+14  2.83e+07 1.10e+02  2.64e+10    15s
   5   1.26202011e+15 -6.86876846e+13  1.44e+07 1.17e+01  1.34e+10    15s
   6   4.42516834e+14 -2.54737566e+13  5.03e+06 2.58e-02  4.71e+09    15s
   7   1.73993661e+14 -8.54296507e+12  1.95e+06 2.79e-09  1.89e+09    15s
   8   1.63552936e+13 -2.39678549e+12  1.79e+05 3.73e-09  1.76e+08    15s
   9   2.07889385e+12 -5.24980163e+11  2.24e+04 3.73e-09  2.21e+07    15s
  10   5.02132182e+10 -8.08390211e+09  4.70e+02 1.86e-09  4.69e+05    15s
  11   9.39682460e+09 -2.30366566e+09  7.94e+01 9.31e-10  8.06e+04    16s
  12   5.39549512e+09 -1.85052100e+09  4.16e+01 9.31e-10  4.29e+04    16s
  13   1.86406913e+09 -1.26719067e+09  8.20e+00 9.31e-10  9.59e+03    16s
  14   1.40431282e+09 -9.83629225e+08  4.05e+00 1.40e-09  5.15e+03    16s
  15   1.10106033e+09 -6.96608122e+08  1.44e+00 9.31e-10  2.42e+03    16s
  16   1.02646090e+09 -4.70483769e+08  9.41e-01 1.40e-09  1.75e+03    16s
  17   9.74167221e+08 -2.54612652e+08  6.23e-01 1.04e-09  1.28e+03    16s
  18   9.48794637e+08 -1.44291966e+08  4.86e-01 1.08e-09  1.08e+03    16s
  19   9.20480016e+08 -3.24685548e+07  3.61e-01 1.05e-09  8.90e+02    16s
  20   9.01253040e+08  1.01934150e+08  2.83e-01 1.40e-09  7.20e+02    16s
  21   8.76588252e+08  2.22082284e+08  1.90e-01 1.15e-09  5.63e+02    16s
  22   8.57569644e+08  3.01736498e+08  1.29e-01 1.07e-09  4.63e+02    16s
  23   8.55159063e+08  3.48334260e+08  1.22e-01 1.40e-09  4.20e+02    16s
  24   8.42627782e+08  4.29469093e+08  8.73e-02 1.22e-09  3.36e+02    16s
  25   8.34289550e+08  4.99230268e+08  6.64e-02 1.03e-09  2.69e+02    16s
  26   8.23891879e+08  5.59494514e+08  4.48e-02 1.40e-09  2.10e+02    16s
  27   8.18231414e+08  5.97205207e+08  3.48e-02 9.45e-10  1.74e+02    16s
  28   8.15719715e+08  6.04637058e+08  3.05e-02 1.32e-09  1.66e+02    17s
  29   8.10840603e+08  6.45277395e+08  2.29e-02 1.43e-09  1.29e+02    17s
  30   8.06503789e+08  6.58956355e+08  1.67e-02 1.29e-09  1.15e+02    17s
  31   8.03306831e+08  6.72856961e+08  1.26e-02 1.48e-09  1.01e+02    17s
  32   8.01351762e+08  6.89030764e+08  1.05e-02 1.40e-09  8.72e+01    17s
  33   7.98270449e+08  7.03787422e+08  7.12e-03 1.15e-09  7.32e+01    17s
  34   7.96514615e+08  7.08391782e+08  5.30e-03 1.52e-09  6.82e+01    17s
  35   7.94979879e+08  7.22317072e+08  3.87e-03 1.40e-09  5.62e+01    17s
  36   7.92862799e+08  7.28827810e+08  1.99e-03 1.21e-09  4.95e+01    17s
  37   7.90782868e+08  7.30382596e+08  1.37e-04 1.41e-09  4.67e+01    17s
  38   7.89643005e+08  7.37207625e+08  7.87e-06 1.36e-09  4.05e+01    17s
  39   7.89142130e+08  7.39769021e+08  7.44e-06 1.48e-09  3.81e+01    17s
  40   7.87621257e+08  7.45942016e+08  6.23e-06 1.44e-09  3.22e+01    17s
  41   7.86935299e+08  7.48282972e+08  5.74e-06 1.62e-09  2.98e+01    18s
  42   7.85328061e+08  7.53599932e+08  4.76e-06 1.47e-09  2.45e+01    18s
  43   7.83886862e+08  7.54134368e+08  4.00e-06 1.73e-09  2.30e+01    18s
  44   7.82080964e+08  7.58498761e+08  3.25e-06 1.59e-09  1.82e+01    18s
  45   7.79982356e+08  7.59876051e+08  2.55e-06 1.40e-09  1.55e+01    18s
  46   7.78483892e+08  7.60949039e+08  2.20e-06 1.42e-09  1.35e+01    18s
  47   7.75859344e+08  7.62315682e+08  1.67e-06 1.40e-09  1.04e+01    18s

Barrier solved model in 47 iterations and 18.00 seconds (22.94 work units)
Optimal objective 7.75859344e+08


Root crossover log...

       0 DPushes remaining with DInf 0.0000000e+00                18s

  649424 PPushes remaining with PInf 7.1120865e-04                18s
       0 PPushes remaining with PInf 0.0000000e+00                18s

  Push phase complete: Pinf 0.0000000e+00, Dinf 1.8198718e+11     18s


Root simplex log...

Iteration    Objective       Primal Inf.    Dual Inf.      Time
  654645    7.6592402e+08   0.000000e+00   1.819872e+11     18s
  661390    7.6509631e+08   0.000000e+00   0.000000e+00     19s
  661390    7.6509631e+08   0.000000e+00   6.047419e+08     19s
  755520    7.6509028e+08   0.000000e+00   4.642931e+08     20s
  868476    7.6507819e+08   0.000000e+00   3.171369e+08     21s
 1000258    7.6506271e+08   0.000000e+00   1.664272e+08     22s
 1150866    7.6504287e+08   0.000000e+00   3.906525e+07     23s
 1295684    7.6509631e+08   0.000000e+00   0.000000e+00     24s
Extra simplex iterations after uncrush: 634294

Root relaxation: objective 7.650963e+08, 1295684 iterations, 11.46 seconds (21.16 work units)
Total elapsed time = 25.19s (DegenMoves)

    Nodes    |    Current Node    |     Objective Bounds      |     Work
 Expl Unexpl |  Obj  Depth IntInf | Incumbent    BestBd   Gap | It/Node Time

     0     0 7.6510e+08    0  178 1.7430e+12 7.6510e+08   100%     -   27s
H    0     0                    1.546160e+09 7.6510e+08  50.5%     -   28s
H    0     0                    8.554665e+08 7.6510e+08  10.6%     -   41s
     0     0 7.7432e+08    0  164 8.5547e+08 7.7432e+08  9.49%     -   47s
H    0     0                    8.115389e+08 7.7495e+08  4.51%     -   87s

Cutting planes:
  Gomory: 27
  Flow cover: 146

Explored 1 nodes (1296233 simplex iterations) in 87.53 seconds (136.26 work units)
Thread count was 8 (of 8 available processors)

Solution count 5: 8.11539e+08 8.11539e+08 8.55466e+08 ... 1.74297e+12

Solve interrupted
Best objective 8.115389494731e+08, best bound 7.749454539634e+08, gap 4.5091%

Gurobi 11.0.3 (mac64[arm]) logging started Fri Dec  5 20:08:13 2025

Set parameter LogFile to value "unknown.gurobi.log"
Set parameter DisplayInterval to value 1
Gurobi Optimizer version 11.0.3 build v11.0.3rc0 (mac64[arm] - Darwin 24.6.0 24G90)

CPU model: Apple M1 Pro
Thread count: 8 physical cores, 8 logical processors, using up to 8 threads

Optimize a model with 1345604 rows, 1341124 columns and 5260728 nonzeros
Model fingerprint: 0x39646335
Variable types: 704324 continuous, 636800 integer (636800 binary)
Coefficient statistics:
  Matrix range     [5e-03, 6e+07]
  Objective range  [4e-03, 5e+05]
  Bounds range     [1e+00, 1e+00]
  RHS range        [9e-02, 3e+07]
Found heuristic solution: objective 1.742968e+12
Presolve removed 62371 rows and 48411 columns (presolve time = 1s) ...
Presolve removed 66884 rows and 52284 columns (presolve time = 2s) ...
Presolve removed 66884 rows and 52811 columns (presolve time = 3s) ...
Presolve removed 66884 rows and 52811 columns (presolve time = 4s) ...
Presolve removed 66884 rows and 52811 columns (presolve time = 5s) ...
Presolve removed 66884 rows and 52811 columns (presolve time = 6s) ...
Presolve removed 66884 rows and 52811 columns (presolve time = 8s) ...
Presolve removed 66884 rows and 52811 columns (presolve time = 8s) ...
Presolve removed 66884 rows and 52811 columns (presolve time = 9s) ...
Presolve removed 66884 rows and 52811 columns (presolve time = 10s) ...
Presolve removed 66884 rows and 52811 columns (presolve time = 11s) ...
Presolve removed 66884 rows and 52811 columns
Presolve time: 11.83s
Presolved: 1278720 rows, 1288313 columns, 3855953 nonzeros
Variable types: 652793 continuous, 635520 integer (635520 binary)
Root barrier log...

Ordering time: 0.01s

Barrier statistics:
 AA' NZ     : 2.718e+04
 Factor NZ  : 2.027e+05 (roughly 270 MB of memory)
 Factor Ops : 1.213e+07 (less than 1 second per iteration)
 Threads    : 8

                  Objective                Residual
Iter       Primal          Dual         Primal    Dual     Compl     Time
   0   5.20888031e+17 -2.92773814e+16  8.57e+09 3.23e+05  7.77e+12    15s
   1   1.33712894e+17 -2.31459024e+16  2.45e+09 2.69e+05  2.21e+12    15s
   2   3.53577890e+16 -6.66217669e+15  4.52e+08 1.35e+04  4.14e+11    15s
   3   4.08361084e+15 -8.88929902e+14  4.71e+07 5.20e+02  4.37e+10    15s
   4   2.46881563e+15 -3.05846850e+14  2.83e+07 1.23e+02  2.64e+10    15s
   5   1.25062574e+15 -6.30902084e+13  1.43e+07 1.43e+01  1.33e+10    15s
   6   3.18473606e+14 -3.44098320e+13  3.61e+06 3.13e-01  3.39e+09    15s
   7   2.35369869e+14 -7.86006446e+12  2.66e+06 1.61e-08  2.56e+09    15s
   8   5.17645840e+13 -2.91821747e+12  5.79e+05 4.19e-09  5.63e+08    16s
   9   3.75456239e+12 -1.29396522e+12  4.16e+04 2.33e-09  4.12e+07    16s
  10   3.15948056e+11 -2.71711317e+10  3.33e+03 1.86e-09  3.26e+06    16s
  11   4.10121730e+10 -1.92134592e+09  4.20e+02 9.31e-10  4.11e+05    16s
  12   2.26262488e+10 -1.65238708e+09  2.27e+02 9.31e-10  2.23e+05    16s
  13   5.54803855e+09 -1.21929994e+09  4.79e+01 9.31e-10  4.82e+04    16s
  14   3.83323288e+09 -1.01365304e+09  3.00e+01 9.31e-10  3.02e+04    16s
  15   2.75521575e+09 -9.89641767e+08  1.93e+01 9.31e-10  1.97e+04    16s
  16   2.12243146e+09 -9.16184782e+08  1.28e+01 9.31e-10  1.33e+04    16s
  17   1.62895572e+09 -8.29885315e+08  7.76e+00 1.40e-09  8.33e+03    16s
  18   1.31371057e+09 -7.05460897e+08  4.71e+00 9.85e-10  5.24e+03    16s
  19   1.12179876e+09 -5.55345500e+08  2.83e+00 9.31e-10  3.33e+03    16s
  20   1.03715331e+09 -3.40699972e+08  2.00e+00 1.40e-09  2.30e+03    16s
  21   9.82703703e+08 -1.44250919e+08  1.47e+00 9.31e-10  1.63e+03    16s
  22   9.58712601e+08  7.75575521e+07  1.24e+00 9.31e-10  1.18e+03    16s
  23   9.02819024e+08  1.95087674e+08  7.71e-01 9.31e-10  8.10e+02    16s
  24   8.64090399e+08  3.03210420e+08  4.23e-01 9.43e-10  5.52e+02    16s
  25   8.51153447e+08  4.18610313e+08  3.21e-01 1.04e-09  4.03e+02    16s
  26   8.35478117e+08  4.90103423e+08  2.06e-01 1.40e-09  3.02e+02    16s
  27   8.23957441e+08  6.03823758e+08  1.33e-01 9.31e-10  1.84e+02    17s
  28   8.12279884e+08  6.46769912e+08  7.17e-02 1.40e-09  1.33e+02    17s
  29   8.11116110e+08  6.57657316e+08  6.78e-02 1.40e-09  1.23e+02    17s
  30   8.05416165e+08  6.84391801e+08  4.73e-02 1.40e-09  9.61e+01    17s
  31   7.99284826e+08  7.07474795e+08  2.71e-02 1.02e-09  7.20e+01    17s
  32   7.93992541e+08  7.29631034e+08  1.50e-02 9.51e-10  5.01e+01    17s
  33   7.89982378e+08  7.49713594e+08  8.16e-03 9.31e-10  3.12e+01    17s
  34   7.84920067e+08  7.58896580e+08  1.58e-05 1.40e-09  2.01e+01    17s
  35   7.81901950e+08  7.61343458e+08  1.22e-05 9.31e-10  1.59e+01    17s
  36   7.77979772e+08  7.62322716e+08  9.20e-06 9.31e-10  1.21e+01    17s

Barrier solved model in 36 iterations and 17.09 seconds (21.06 work units)
Optimal objective 7.77979772e+08


Root crossover log...

    7677 DPushes remaining with DInf 0.0000000e+00                17s
       0 DPushes remaining with DInf 0.0000000e+00                17s

  650233 PPushes remaining with PInf 3.3246219e-02                17s
       0 PPushes remaining with PInf 0.0000000e+00                17s

  Push phase complete: Pinf 0.0000000e+00, Dinf 2.3988064e+11     17s


Root simplex log...

Iteration    Objective       Primal Inf.    Dual Inf.      Time
  655483    7.6543598e+08   0.000000e+00   2.398806e+11     17s
  663307    7.6509631e+08   0.000000e+00   0.000000e+00     18s
  663307    7.6509631e+08   0.000000e+00   6.047143e+08     18s
  757437    7.6509026e+08   0.000000e+00   4.642919e+08     19s
  889219    7.6507616e+08   0.000000e+00   2.926235e+08     20s
 1039827    7.6505756e+08   0.000000e+00   1.337467e+08     21s
 1190435    7.6504153e+08   0.000000e+00   2.663049e+07     22s
 1297592    7.6509631e+08   0.000000e+00   0.000000e+00     23s
Extra simplex iterations after uncrush: 634285

Root relaxation: objective 7.650963e+08, 1297592 iterations, 9.91 seconds (19.21 work units)
Total elapsed time = 23.75s (DegenMoves)

    Nodes    |    Current Node    |     Objective Bounds      |     Work
 Expl Unexpl |  Obj  Depth IntInf | Incumbent    BestBd   Gap | It/Node Time

     0     0 7.6510e+08    0  178 1.7430e+12 7.6510e+08   100%     -   25s
H    0     0                    1.546160e+09 7.6510e+08  50.5%     -   26s
H    0     0                    8.554665e+08 7.6510e+08  10.6%     -   38s
     0     0 7.7432e+08    0  164 8.5547e+08 7.7432e+08  9.49%     -   44s
H    0     0                    8.337127e+08 7.7495e+08  7.05%     -   88s
     0     0 7.7583e+08    0  180 8.3371e+08 7.7583e+08  6.94%     -   91s
H    0     0                    8.080017e+08 7.7643e+08  3.91%     -  113s
H    0     0                    7.984264e+08 7.7643e+08  2.75%     -  768s
     0     0 7.7643e+08    0  187 7.9843e+08 7.7643e+08  2.75%     -  769s
     0     0 7.7643e+08    0  185 7.9843e+08 7.7643e+08  2.75%     -  771s
     0     0 7.7682e+08    0  203 7.9843e+08 7.7682e+08  2.71%     -  776s
     0     0 7.7691e+08    0  201 7.9843e+08 7.7691e+08  2.69%     -  851s
     0     0 7.7709e+08    0  215 7.9843e+08 7.7709e+08  2.67%     -  856s
     0     0 7.7711e+08    0  212 7.9843e+08 7.7711e+08  2.67%     -  902s
     0     0 7.7713e+08    0  210 7.9843e+08 7.7713e+08  2.67%     -  906s
     0     0 7.7731e+08    0  214 7.9843e+08 7.7731e+08  2.65%     -  980s
     0     0 7.7731e+08    0  224 7.9843e+08 7.7731e+08  2.65%     -  983s
     0     0 7.7758e+08    0  226 7.9843e+08 7.7758e+08  2.61%     - 1017s
     0     0 7.7758e+08    0  226 7.9843e+08 7.7758e+08  2.61%     - 1024s
H    0     0                    7.950525e+08 7.7758e+08  2.20%     - 1049s
     0     2 7.7758e+08    0  226 7.9505e+08 7.7758e+08  2.20%     - 1057s
     1     4 7.7758e+08    1  223 7.9505e+08 7.7758e+08  2.20%   9.0 1059s
     3     8 7.7775e+08    2  223 7.9505e+08 7.7775e+08  2.18%  25.7 1061s
     7    16 7.7776e+08    3  219 7.9505e+08 7.7776e+08  2.17%  18.0 1068s
    15    24 7.7782e+08    4  221 7.9505e+08 7.7782e+08  2.17%  28.9 1073s
    23    32 7.7786e+08    5  217 7.9505e+08 7.7786e+08  2.16%  23.3 1078s
    31    40 7.7786e+08    6  215 7.9505e+08 7.7786e+08  2.16%  23.0 1083s
    39    48 7.7799e+08    7  217 7.9505e+08 7.7799e+08  2.15%  23.6 1089s
    47    56 7.7814e+08    8  219 7.9505e+08 7.7814e+08  2.13%  24.7 1094s
    55    64 7.7822e+08    9  215 7.9505e+08 7.7822e+08  2.12%  25.7 1099s
    63    72 7.7866e+08   10  212 7.9505e+08 7.7861e+08  2.07%  26.0 1104s
    71    80 7.7872e+08   11  214 7.9505e+08 7.7861e+08  2.07%  25.0 1110s
    79    88 7.7874e+08   12  215 7.9505e+08 7.7861e+08  2.07%  23.4 1115s
    87    96 7.7876e+08   13  218 7.9505e+08 7.7861e+08  2.07%  22.1 1120s
    95   104 7.7892e+08   14  215 7.9505e+08 7.7861e+08  2.07%  21.0 1125s
   103   113 7.7901e+08   15  213 7.9505e+08 7.7861e+08  2.07%  20.7 1130s
   112   121 7.7906e+08   16  216 7.9505e+08 7.7861e+08  2.07%  20.7 1135s
   120   129 7.7919e+08   17  214 7.9505e+08 7.7861e+08  2.07%  21.1 1140s
   128   139 7.7936e+08   18  214 7.9505e+08 7.7861e+08  2.07%  20.6 1144s
   131   139 7.8437e+08   18  209 7.9505e+08 7.7861e+08  2.07%  20.7 1145s
   138   147 7.7939e+08   19  212 7.9505e+08 7.7861e+08  2.07%  20.6 1149s
   146   156 7.7969e+08   20  211 7.9505e+08 7.7861e+08  2.07%  21.1 1155s
   155   167 7.7973e+08   21  209 7.9505e+08 7.7861e+08  2.07%  20.8 1162s
   166   176 7.7985e+08   23  211 7.9505e+08 7.7861e+08  2.07%  20.4 1167s
   175   190 7.8002e+08   24  210 7.9505e+08 7.7861e+08  2.07%  20.1 1174s
   189   204 7.8020e+08   26  208 7.9505e+08 7.7861e+08  2.07%  19.7 1183s
   203   219 7.8033e+08   28  209 7.9505e+08 7.7861e+08  2.07%  20.3 1192s
   218   233 7.8040e+08   30  210 7.9505e+08 7.7861e+08  2.07%  20.2 1199s
   232   248 7.8045e+08   32  211 7.9505e+08 7.7861e+08  2.07%  19.9 1208s
   247   264 7.8051e+08   34  207 7.9505e+08 7.7861e+08  2.07%  19.9 1218s
   263   279 7.8055e+08   36  212 7.9505e+08 7.7861e+08  2.07%  19.6 1227s
   278   296 7.8060e+08   38  216 7.9505e+08 7.7861e+08  2.07%  20.0 1236s
   295   321 7.8087e+08   40  213 7.9505e+08 7.7861e+08  2.07%  20.2 1245s
   320   351 7.8112e+08   45  211 7.9505e+08 7.7861e+08  2.07%  20.3 1255s
   350   377 7.8124e+08   48  219 7.9505e+08 7.7861e+08  2.07%  20.0 1265s
   376   415 7.8126e+08   50  220 7.9505e+08 7.7861e+08  2.07%  20.0 1277s
   414   454 7.8154e+08   58  211 7.9505e+08 7.7861e+08  2.07%  20.3 1288s
   449   454 7.8879e+08   50  201 7.9505e+08 7.7861e+08  2.07%  20.3 1289s
   453   492 7.8166e+08   64  213 7.9505e+08 7.7861e+08  2.07%  20.2 1300s
   491   546 7.8190e+08   68  206 7.9505e+08 7.7861e+08  2.07%  19.9 1312s
   545   590 7.8200e+08   78  205 7.9505e+08 7.7861e+08  2.07%  19.3 1325s
   589   632 7.8207e+08   85  201 7.9505e+08 7.7861e+08  2.07%  19.1 1337s
   631   698 7.8215e+08   94  203 7.9505e+08 7.7861e+08  2.07%  18.9 1350s
   697   763 7.8230e+08  102  205 7.9505e+08 7.7861e+08  2.07%  17.9 1364s
   719   763 7.8532e+08  101  208 7.9505e+08 7.7861e+08  2.07%  17.6 1365s
   762   815 7.8237e+08  115  198 7.9505e+08 7.7861e+08  2.07%  17.1 1378s
   814   865 7.8257e+08  123  198 7.9505e+08 7.7861e+08  2.07%  16.9 1391s
   864   932 7.8261e+08  130  200 7.9505e+08 7.7861e+08  2.07%  16.5 1405s
   931   998 7.8269e+08  142  200 7.9505e+08 7.7861e+08  2.07%  15.9 1420s
   997  1069 7.8291e+08  152  206 7.9505e+08 7.7861e+08  2.07%  15.6 1433s
  1068  1134 7.8299e+08  160  204 7.9505e+08 7.7861e+08  2.07%  15.5 1447s
  1133  1213 7.8323e+08  170  204 7.9505e+08 7.7861e+08  2.07%  15.2 1464s
  1212  1265 7.8338e+08  183  210 7.9505e+08 7.7861e+08  2.07%  15.0 1479s
  1264  1338 7.8340e+08  187  208 7.9505e+08 7.7861e+08  2.07%  14.9 1495s
  1337  1409 7.8343e+08  195  214 7.9505e+08 7.7861e+08  2.07%  14.5 1513s
  1408  1491 7.8345e+08  204  211 7.9505e+08 7.7861e+08  2.07%  14.1 1532s
  1490  1575 7.8348e+08  216  207 7.9505e+08 7.7861e+08  2.07%  13.6 1548s
  1574  1662 7.8351e+08  226  210 7.9505e+08 7.7861e+08  2.07%  13.2 1562s
  1661  1748 7.8367e+08  239  208 7.9505e+08 7.7861e+08  2.07%  12.8 1578s
  1747  1841 7.8373e+08  251  204 7.9505e+08 7.7861e+08  2.07%  12.4 1598s
  1840  1942 7.8377e+08  264  210 7.9505e+08 7.7861e+08  2.07%  12.1 1611s
  1941  2046 7.8380e+08  277  201 7.9505e+08 7.7861e+08  2.07%  11.9 1621s
  2045  2141 7.8389e+08  290  201 7.9505e+08 7.7861e+08  2.07%  11.7 1634s
  2140  2241 7.8398e+08  303  198 7.9505e+08 7.7861e+08  2.07%  11.7 1650s
  2240  2345 7.8408e+08  316  202 7.9505e+08 7.7861e+08  2.07%  11.6 1667s
  2344  2446 7.8411e+08  329  207 7.9505e+08 7.7861e+08  2.07%  11.3 1683s
  2445  2541 7.8422e+08  342  204 7.9505e+08 7.7861e+08  2.07%  11.0 1697s
  2540  2642 7.8430e+08  355  216 7.9505e+08 7.7861e+08  2.07%  10.9 1710s
  2641  2730 7.8443e+08  368  222 7.9505e+08 7.7861e+08  2.07%  10.7 1726s
  2729  2830 7.8447e+08  381  221 7.9505e+08 7.7861e+08  2.07%  10.6 1743s
  2829  2931 7.8452e+08  394  215 7.9505e+08 7.7861e+08  2.07%  10.5 1760s
  2930  3028 7.8456e+08  407  216 7.9505e+08 7.7861e+08  2.07%  10.4 1776s
  3027  3089 7.8459e+08  420  215 7.9505e+08 7.7861e+08  2.07%  10.3 1796s
  3088  3146 7.8470e+08  428  219 7.9505e+08 7.7861e+08  2.07%  10.2 1817s
  3145  3224 7.8481e+08  435  217 7.9505e+08 7.7861e+08  2.07%  10.2 1836s
  3189  3224 7.8706e+08  403  215 7.9505e+08 7.7861e+08  2.07%  10.2 1837s
  3223  3327 7.8496e+08  448  215 7.9505e+08 7.7861e+08  2.07%  10.2 1851s
  3326  3419 7.8500e+08  461  211 7.9505e+08 7.7861e+08  2.07%  10.1 1862s
  3418  3514 7.8504e+08  474  213 7.9505e+08 7.7861e+08  2.07%   9.9 1874s
  3513  3617 7.8506e+08  487  217 7.9505e+08 7.7861e+08  2.07%   9.8 1887s
  3591  3617 7.8958e+08  399  197 7.9505e+08 7.7861e+08  2.07%   9.7 1888s
  3616  3714 7.8509e+08  500  219 7.9505e+08 7.7861e+08  2.07%   9.6 1902s
  3713  3811 7.8512e+08  513  219 7.9505e+08 7.7861e+08  2.07%   9.5 1917s
  3810  3914 7.8514e+08  526  217 7.9505e+08 7.7861e+08  2.07%   9.4 1931s
  3913  4018 7.8516e+08  539  215 7.9505e+08 7.7861e+08  2.07%   9.3 1940s
  3926  4018 7.8631e+08  522  220 7.9505e+08 7.7861e+08  2.07%   9.3 1941s
  4017  4109 7.8518e+08  552  217 7.9505e+08 7.7861e+08  2.07%   9.2 1953s
  4108  4203 7.8521e+08  565  223 7.9505e+08 7.7861e+08  2.07%   9.1 1968s
  4202  4297 7.8526e+08  578  221 7.9505e+08 7.7861e+08  2.07%   9.1 1984s
  4296  4389 7.8527e+08  591  221 7.9505e+08 7.7861e+08  2.07%   9.0 2000s
  4388  4483 7.8530e+08  604  215 7.9505e+08 7.7861e+08  2.07%   8.9 2017s
  4482  4577 7.8532e+08  617  219 7.9505e+08 7.7861e+08  2.07%   8.8 2035s
  4576  4673 7.8534e+08  630  223 7.9505e+08 7.7861e+08  2.07%   8.7 2050s
  4672  4766 7.8537e+08  643  221 7.9505e+08 7.7861e+08  2.07%   8.7 2063s
  4765  4869 7.8540e+08  656  219 7.9505e+08 7.7861e+08  2.07%   8.6 2081s
  4868  4967 7.8542e+08  669  215 7.9505e+08 7.7861e+08  2.07%   8.5 2092s
  4966  5067 7.8550e+08  682  218 7.9505e+08 7.7861e+08  2.07%   8.5 2106s
  5066  5168 7.8555e+08  695  221 7.9505e+08 7.7861e+08  2.07%   8.5 2117s
  5167  5269 7.8559e+08  708  218 7.9505e+08 7.7861e+08  2.07%   8.4 2129s
  5268  5359 7.8563e+08  721  223 7.9505e+08 7.7861e+08  2.07%   8.3 2143s
  5312  5359 7.8778e+08  661  223 7.9505e+08 7.7861e+08  2.07%   8.3 2144s
  5358  5451 7.8566e+08  734  222 7.9505e+08 7.7861e+08  2.07%   8.3 2158s
H 5450  5489                    7.944119e+08 7.7861e+08  1.99%   8.2 2169s
H 5463  5488                    7.943786e+08 7.7861e+08  1.98%   8.2 2169s
  5489  5586 7.8568e+08  754  216 7.9438e+08 7.7861e+08  1.98%   8.2 2186s
  5590  5689 7.8570e+08  767  218 7.9438e+08 7.7861e+08  1.98%   8.1 2195s
  5693  5791 7.8577e+08  780  222 7.9438e+08 7.7861e+08  1.98%   8.1 2204s
  5797  5886 7.8581e+08  793  220 7.9438e+08 7.7861e+08  1.98%   8.0 2213s
  5892  5965 7.8583e+08  806  215 7.9438e+08 7.7861e+08  1.98%   7.9 2230s
  5971  6026 7.8603e+08  817  218 7.9438e+08 7.7861e+08  1.98%   8.0 2248s
  6001  6026 7.8817e+08  748  221 7.9438e+08 7.7861e+08  1.98%   8.0 2249s
  6034  6073 7.8607e+08  824  220 7.9438e+08 7.7861e+08  1.98%   8.0 2266s
  6083  6135 7.8609e+08  830  220 7.9438e+08 7.7861e+08  1.98%   7.9 2285s
  6150  6196 7.8612e+08  838  217 7.9438e+08 7.7861e+08  1.98%   7.9 2302s
  6211  6252 7.8615e+08  845  217 7.9438e+08 7.7861e+08  1.98%   7.9 2321s
  6268  6311 7.8619e+08  853  214 7.9438e+08 7.7861e+08  1.98%   7.9 2340s
  6327  6366 7.8620e+08  860  217 7.9438e+08 7.7861e+08  1.98%   7.9 2359s
  6382  6435 7.8621e+08  868  216 7.9438e+08 7.7861e+08  1.98%   7.8 2382s
  6451  6518 7.8635e+08  881  218 7.9438e+08 7.7861e+08  1.98%   7.8 2401s
  6510  6518 7.9047e+08  744  193 7.9438e+08 7.7861e+08  1.98%   7.8 2402s
H 6534  6526                    7.941719e+08 7.7861e+08  1.96%   7.8 3177s
H 6535  6479                    7.927285e+08 7.7861e+08  1.78%   7.8 3177s
H 6539  6471                    7.926243e+08 7.7861e+08  1.77%   7.8 3177s
H 6542  6472                    7.925892e+08 7.7861e+08  1.76%   7.8 3228s
H 6543  6454                    7.923924e+08 7.7861e+08  1.74%   7.8 3228s
H 6546  6451                    7.923544e+08 7.7861e+08  1.73%   7.8 3228s
H 6547  6388                    7.920984e+08 7.7861e+08  1.70%   7.8 3228s
H 6548  5994                    7.910313e+08 7.7861e+08  1.57%   7.8 3228s
  6550  6072 7.8641e+08  894  221 7.9103e+08 7.7861e+08  1.57%   7.8 3240s
  6647  6134 7.8644e+08  907  223 7.9103e+08 7.7861e+08  1.57%   7.8 3257s
  6732  6208 7.8647e+08  920  219 7.9103e+08 7.7861e+08  1.57%   7.8 3275s
  6816  6280 7.8649e+08  933  221 7.9103e+08 7.7861e+08  1.57%   7.8 3293s
  6902  6351 7.8651e+08  945  223 7.9103e+08 7.7861e+08  1.57%   7.7 3310s
  6983  6430 7.8653e+08  958  220 7.9103e+08 7.7861e+08  1.57%   7.7 3333s
  7075  6509 7.8655e+08  971  223 7.9103e+08 7.7861e+08  1.57%   7.7 3358s
  7159  6573 7.8657e+08  981  227 7.9103e+08 7.7861e+08  1.57%   7.8 3380s
H 7236  6556                    7.909971e+08 7.7861e+08  1.57%   7.8 3387s
  7237  6557 7.8370e+08  231  226 7.9100e+08 7.7861e+08  1.57%   7.8 3725s
  7239  6558 7.8982e+08  519  178 7.9100e+08 7.7861e+08  1.57%   7.8 3763s
  7240  6559 7.8683e+08  135  172 7.9100e+08 7.7861e+08  1.57%   7.8 3813s
  7241  6560 7.8852e+08  908  174 7.9100e+08 7.7861e+08  1.57%   7.8 3817s
  7242  6560 7.8288e+08   23  199 7.9100e+08 7.7861e+08  1.57%   7.8 3820s
  7243  6561 7.8977e+08  303  211 7.9100e+08 7.7861e+08  1.57%   7.8 3822s
  7244  6562 7.8645e+08  912  216 7.9100e+08 7.7861e+08  1.57%   7.8 3824s
  7245  6562 7.8501e+08  463  226 7.9100e+08 7.7861e+08  1.57%   7.8 3827s
  7246  6563 7.8708e+08  777  219 7.9100e+08 7.7861e+08  1.57%   7.8 3914s
  7247  6564 7.9003e+08  194  204 7.9100e+08 7.7861e+08  1.57%   7.8 3922s
  7248  6564 7.9058e+08  414  215 7.9100e+08 7.7861e+08  1.57%   7.8 3928s
  7249  6565 7.8809e+08  709  234 7.9100e+08 7.7898e+08  1.52%   7.8 3967s
  7250  6566 7.8720e+08  808  227 7.9100e+08 7.7912e+08  1.50%   7.8 4004s
  7251  6566 7.8491e+08   32  236 7.9100e+08 7.7914e+08  1.50%   7.8 4009s
  7252  6567 7.8558e+08  702  242 7.9100e+08 7.7916e+08  1.50%   7.8 4012s
  7253  6568 7.8879e+08  588  247 7.9100e+08 7.7916e+08  1.50%   7.8 4020s
  7254  6568 7.8642e+08  284  231 7.9100e+08 7.7939e+08  1.47%   7.8 4038s
  7255  6569 7.8829e+08  781  248 7.9100e+08 7.7939e+08  1.47%   7.8 4041s
  7256  6570 7.8894e+08  494  259 7.9100e+08 7.7939e+08  1.47%   7.8 4047s
  7257  6570 7.8686e+08  512  258 7.9100e+08 7.7959e+08  1.44%   7.8 4064s
  7258  6571 7.8914e+08  337  264 7.9100e+08 7.7959e+08  1.44%   7.8 4067s
  7259  6572 7.8893e+08  291  264 7.9100e+08 7.7959e+08  1.44%   7.8 4073s
  7260  6572 7.7959e+08   11  254 7.9100e+08 7.7959e+08  1.44%   7.8 4087s
  7261  6573 7.9014e+08  843  263 7.9100e+08 7.7959e+08  1.44%   7.8 4090s
  7262  6574 7.9036e+08  240  266 7.9100e+08 7.7959e+08  1.44%   7.8 4096s
  7263  6574 7.8778e+08  278  230 7.9100e+08 7.7970e+08  1.43%   7.8 4113s
  7264  6575 7.8861e+08  441  249 7.9100e+08 7.7970e+08  1.43%   7.8 4116s
  7265  6576 7.8778e+08  657  248 7.9100e+08 7.7970e+08  1.43%   7.8 4119s
  7266  6576 7.8967e+08  750  251 7.9100e+08 7.7970e+08  1.43%   7.8 4125s
  7267  6577 7.8987e+08  822  256 7.9100e+08 7.7974e+08  1.42%   7.8 4141s
  7268  6578 7.9042e+08  845  252 7.9100e+08 7.7974e+08  1.42%   7.8 4147s
  7269  6578 7.8767e+08  264  258 7.9100e+08 7.7985e+08  1.41%   7.8 4163s
  7270  6579 7.8675e+08  692  262 7.9100e+08 7.7985e+08  1.41%   7.8 4165s
  7271  6580 7.8645e+08  912  258 7.9100e+08 7.7985e+08  1.41%   7.8 4170s
  7272  6580 7.8747e+08  207  246 7.9100e+08 7.7991e+08  1.40%   7.8 4187s
  7273  6581 7.8948e+08  610  250 7.9100e+08 7.7991e+08  1.40%   7.8 4192s
  7274  6582 7.8888e+08   60  257 7.9100e+08 7.7992e+08  1.40%   7.8 4205s
  7275  6582 7.8730e+08  188  257 7.9100e+08 7.7992e+08  1.40%   7.7 4224s
  7276  6583 7.8573e+08  778  257 7.9100e+08 7.7992e+08  1.40%   7.7 4245s
  7277  6587 7.7992e+08   15  254 7.9100e+08 7.7992e+08  1.40%   187 4254s
  7279  6590 7.8007e+08   16  258 7.9100e+08 7.8007e+08  1.38%   187 4258s
  7283  6596 7.8017e+08   17  251 7.9100e+08 7.8017e+08  1.37%   187 4266s
  7291  6600 7.8019e+08   18  259 7.9100e+08 7.8019e+08  1.37%   187 4273s
  7299  6603 7.8369e+08   18  235 7.9100e+08 7.8019e+08  1.37%   187 4280s
  7307  6608 7.8032e+08   19  250 7.9100e+08 7.8032e+08  1.35%   187 4286s
  7315  6609 7.8091e+08   19  247 7.9100e+08 7.8033e+08  1.35%   186 4294s
  7323  6613 7.8044e+08   20  245 7.9100e+08 7.8044e+08  1.33%   186 4300s
  7331  6615 7.8321e+08   20  243 7.9100e+08 7.8044e+08  1.33%   186 4307s
  7339  6616 7.8056e+08   21  244 7.9100e+08 7.8056e+08  1.32%   186 4313s
  7347  6620 7.8275e+08   21  245 7.9100e+08 7.8056e+08  1.32%   186 4321s
  7355  6625 7.8056e+08   22  241 7.9100e+08 7.8056e+08  1.32%   186 4328s
  7363  6627 7.8059e+08   23  249 7.9100e+08 7.8059e+08  1.32%   186 4335s
  7371  6630 7.8349e+08   23  240 7.9100e+08 7.8060e+08  1.31%   186 4342s
  7379  6633 7.8068e+08   24  247 7.9100e+08 7.8068e+08  1.30%   185 4350s
  7387  6635 7.8357e+08   24  240 7.9100e+08 7.8068e+08  1.30%   185 4357s
  7395  6638 7.8071e+08   25  244 7.9100e+08 7.8071e+08  1.30%   185 4364s
  7403  6644 7.8372e+08   25  241 7.9100e+08 7.8071e+08  1.30%   185 4374s
  7414  6649 7.8076e+08   26  248 7.9100e+08 7.8076e+08  1.29%   185 4382s
  7426  6653 7.8392e+08   26  229 7.9100e+08 7.8076e+08  1.29%   185 4394s
  7438  6658 7.8093e+08   27  248 7.9100e+08 7.8091e+08  1.28%   185 4406s
  7450  6667 7.8099e+08   28  250 7.9100e+08 7.8091e+08  1.28%   184 4418s
  7465  6674 7.8108e+08   29  256 7.9100e+08 7.8091e+08  1.28%   184 4429s
  7478  6682 7.8404e+08   29  228 7.9100e+08 7.8091e+08  1.28%   184 4442s
  7493  6685 7.8473e+08   30  250 7.9100e+08 7.8091e+08  1.28%   184 4452s
  7504  6689 7.8448e+08   31  257 7.9100e+08 7.8091e+08  1.28%   183 4466s
  7517  6695 7.8134e+08   32  259 7.9100e+08 7.8091e+08  1.28%   183 4481s
  7530  6698 7.8143e+08   33  254 7.9100e+08 7.8091e+08  1.28%   183 4501s
  7545  6697 7.8156e+08   34  247 7.9100e+08 7.8091e+08  1.28%   183 4519s
  7553  6704 7.8460e+08   34  248 7.9100e+08 7.8091e+08  1.28%   183 4535s
  7568  6709 7.8499e+08   35  241 7.9100e+08 7.8091e+08  1.28%   182 4550s
  7584  6713 7.8162e+08   37  257 7.9100e+08 7.8091e+08  1.28%   182 4565s
  7600  6720 7.8165e+08   38  246 7.9100e+08 7.8091e+08  1.28%   182 4580s
  7617  6725 7.8168e+08   39  247 7.9100e+08 7.8091e+08  1.28%   182 4600s
  7635  6729 7.8169e+08   40  247 7.9100e+08 7.8091e+08  1.28%   181 4618s
  7653  6734 7.8537e+08   41  246 7.9100e+08 7.8091e+08  1.28%   181 4639s
  7673  6738 7.8179e+08   43  243 7.9100e+08 7.8091e+08  1.28%   181 4660s
  7693  6742 7.8179e+08   44  248 7.9100e+08 7.8091e+08  1.28%   181 4679s
  7712  6752 7.8518e+08   45  237 7.9100e+08 7.8091e+08  1.28%   180 4702s
  7736  6752 7.8301e+08   47  244 7.9100e+08 7.8091e+08  1.28%   180 4735s
  7752  6746 7.8667e+08   45  220 7.9100e+08 7.8091e+08  1.28%   180 4736s
  7758  6755 7.8208e+08   49  252 7.9100e+08 7.8091e+08  1.28%   180 4765s
  7774  6750 7.8970e+08   45  200 7.9100e+08 7.8091e+08  1.28%   179 4766s
  7779  6760 7.8541e+08   50  237 7.9100e+08 7.8091e+08  1.28%   179 4801s
  7801  6766 7.8223e+08   52  251 7.9100e+08 7.8091e+08  1.28%   179 4831s
  7823  6759 7.8952e+08   72  171 7.9100e+08 7.8091e+08  1.28%   179 4832s
  7826  6768 7.8519e+08   53  216 7.9100e+08 7.8091e+08  1.28%   179 4864s
  7847  6773 7.8585e+08   54  225 7.9100e+08 7.8091e+08  1.28%   178 4894s
  7871  6777 7.8238e+08   56  232 7.9100e+08 7.8091e+08  1.28%   178 4938s
  7895  6773 7.8598e+08   57  228 7.9100e+08 7.8091e+08  1.28%   178 5003s
  7903  6786 7.8242e+08   58  234 7.9100e+08 7.8091e+08  1.28%   178 5031s
  7934  6796 7.8606e+08   60  226 7.9100e+08 7.8091e+08  1.28%   177 5060s
  7966  6800 7.8439e+08   62  219 7.9100e+08 7.8091e+08  1.28%   177 5095s
  8001  6810 7.8596e+08   64  223 7.9100e+08 7.8091e+08  1.28%   176 5145s
  8037  6813 7.8270e+08   67  234 7.9100e+08 7.8091e+08  1.28%   176 5188s
  8070  6823 7.8277e+08   69  232 7.9100e+08 7.8091e+08  1.28%   175 5237s
  8111  6825 7.8636e+08   71  234 7.9100e+08 7.8091e+08  1.28%   175 5270s
  8149  6834 7.8292e+08   74  233 7.9100e+08 7.8091e+08  1.28%   174 5306s
  8175  6825 7.9078e+08   66  216 7.9100e+08 7.8091e+08  1.28%   174 5307s
  8188  6842 7.8294e+08   77  231 7.9100e+08 7.8091e+08  1.28%   174 5348s
  8232  6843 7.8616e+08   80  210 7.9100e+08 7.8091e+08  1.28%   173 5390s
  8279  6848 7.8307e+08   84  230 7.9100e+08 7.8091e+08  1.28%   173 5429s
  8328  6850 7.8324e+08   88  231 7.9100e+08 7.8091e+08  1.28%   172 5474s
  8378  6858 7.8698e+08   91  226 7.9100e+08 7.8091e+08  1.28%   171 5525s
  8433  6870 7.8351e+08   95  227 7.9100e+08 7.8091e+08  1.28%   171 5576s
  8492  6854 7.8364e+08  100  215 7.9100e+08 7.8091e+08  1.28%   170 5639s
  8501  6887 7.8583e+08  100  206 7.9100e+08 7.8091e+08  1.28%   170 5700s
  8583  6905 7.8374e+08  106  213 7.9100e+08 7.8091e+08  1.28%   169 5756s
  8673  6925 7.8730e+08  112  210 7.9100e+08 7.8091e+08  1.28%   168 5812s
  8770  6945 7.8397e+08  119  221 7.9100e+08 7.8091e+08  1.28%   167 5868s
  8847  6919 7.8781e+08  136  188 7.9100e+08 7.8091e+08  1.28%   166 5869s
  8864  6978 7.8765e+08  125  215 7.9100e+08 7.8091e+08  1.28%   166 5939s
  8963  6991 7.8412e+08  132  220 7.9100e+08 7.8091e+08  1.28%   165 6023s
  9054  7015 7.8676e+08  137  214 7.9100e+08 7.8091e+08  1.28%   164 6074s
  9147  7041 7.8423e+08  144  230 7.9100e+08 7.8091e+08  1.28%   163 6138s
  9234  7072 7.8637e+08  150  227 7.9100e+08 7.8091e+08  1.28%   162 6200s
  9328  7100 7.8436e+08  157  238 7.9100e+08 7.8091e+08  1.28%   161 6256s
  9420  7124 7.8634e+08  163  215 7.9100e+08 7.8091e+08  1.28%   161 6364s
  9504  7138 7.8451e+08  170  228 7.9100e+08 7.8091e+08  1.28%   160 6427s
  9568  7172 7.8455e+08  174  231 7.9100e+08 7.8091e+08  1.28%   160 6472s
  9654  7208 7.8560e+08  180  221 7.9100e+08 7.8091e+08  1.28%   159 6514s
  9744  7244 7.8463e+08  187  216 7.9100e+08 7.8091e+08  1.28%   158 6566s
  9840  7267 7.8629e+08  193  210 7.9100e+08 7.8091e+08  1.28%   158 6620s
  9879  7254 7.8992e+08  257  198 7.9100e+08 7.8091e+08  1.28%   157 6621s
  9937  7286 7.8477e+08  200  214 7.9100e+08 7.8091e+08  1.28%   157 6674s
 10041  7310 7.8789e+08  206  202 7.9100e+08 7.8091e+08  1.28%   156 6720s
 10145  7334 7.8486e+08  213  220 7.9100e+08 7.8091e+08  1.28%   155 6777s
 10249  7362 7.8664e+08  219  197 7.9100e+08 7.8091e+08  1.28%   154 6821s
 10353  7395 7.8493e+08  226  206 7.9100e+08 7.8091e+08  1.28%   153 6863s
 10405  7378 7.8630e+08  228  243 7.9100e+08 7.8091e+08  1.28%   153 6864s
 10457  7424 7.8797e+08  232  201 7.9100e+08 7.8091e+08  1.28%   152 6901s
 10561  7453 7.8500e+08  239  214 7.9100e+08 7.8091e+08  1.28%   152 6942s
 10664  7480 7.8749e+08  245  201 7.9100e+08 7.8091e+08  1.28%   151 7005s
 10756  7518 7.8506e+08  251  219 7.9100e+08 7.8091e+08  1.28%   150 7042s
 10860  7541 7.8557e+08  257  217 7.9100e+08 7.8091e+08  1.28%   149 7075s
 10912  7524 7.9023e+08  259  237 7.9100e+08 7.8091e+08  1.28%   149 7076s
 10964  7559 7.8514e+08  264  218 7.9100e+08 7.8091e+08  1.28%   149 7108s
 11068  7569 7.8717e+08  270  210 7.9100e+08 7.8091e+08  1.28%   148 7136s
 11172  7601 7.8519e+08  277  232 7.9100e+08 7.8091e+08  1.28%   147 7171s
 11276  7630 7.8829e+08  283  210 7.9100e+08 7.8091e+08  1.28%   146 7209s
 11380  7660 7.8522e+08  290  227 7.9100e+08 7.8091e+08  1.28%   145 7242s
 11484  7696 7.8614e+08  296  213 7.9100e+08 7.8091e+08  1.28%   144 7275s
 11588  7719 7.8527e+08  303  236 7.9100e+08 7.8091e+08  1.28%   143 7303s
 11692  7759 7.8839e+08  309  215 7.9100e+08 7.8091e+08  1.28%   143 7337s
 11796  7779 7.8532e+08  316  229 7.9100e+08 7.8091e+08  1.28%   142 7369s
 11900  7818 7.8771e+08  322  228 7.9100e+08 7.8091e+08  1.28%   141 7402s
 12004  7845 7.8537e+08  329  233 7.9100e+08 7.8091e+08  1.28%   140 7434s
 12108  7890 7.8645e+08  335  222 7.9100e+08 7.8091e+08  1.28%   140 7463s
 12212  7930 7.8544e+08  342  238 7.9100e+08 7.8091e+08  1.28%   139 7502s
 12315  7942 7.8706e+08  348  212 7.9100e+08 7.8091e+08  1.28%   138 7583s
 12387  7998 7.8548e+08  353  232 7.9100e+08 7.8091e+08  1.28%   138 7611s
 12491  8039 7.8584e+08  359  216 7.9100e+08 7.8091e+08  1.28%   137 7634s
 12595  8074 7.8555e+08  366  230 7.9100e+08 7.8091e+08  1.28%   136 7663s
H12699  7524                    7.904990e+08 7.8091e+08  1.21%   136 7697s
H12710  6960                    7.901433e+08 7.8091e+08  1.17%   136 7697s
 12797  6981 7.8562e+08  378  232 7.9014e+08 7.8091e+08  1.17%   135 7722s
 12900  6999 7.8826e+08  384  212 7.9014e+08 7.8091e+08  1.17%   135 7743s
 13004  7021 7.8567e+08  391  229 7.9014e+08 7.8091e+08  1.17%   134 7768s
 13108  7046 7.8927e+08  397  223 7.9014e+08 7.8091e+08  1.17%   133 7797s
 13212  7063 7.8570e+08  404  223 7.9014e+08 7.8091e+08  1.17%   133 7830s
 13315  7085 7.8807e+08  410  205 7.9014e+08 7.8091e+08  1.17%   132 7861s
 13419  7114 7.8574e+08  417  220 7.9014e+08 7.8091e+08  1.17%   131 7891s
 13519  7140 7.8682e+08  423  204 7.9014e+08 7.8091e+08  1.17%   130 7919s
 13622  7173 7.8575e+08  430  222 7.9014e+08 7.8091e+08  1.17%   130 7952s
 13726  7204 7.8710e+08  436  204 7.9014e+08 7.8091e+08  1.17%   129 7983s
 13829  7246 7.8578e+08  443  219 7.9014e+08 7.8091e+08  1.17%   128 8017s
 13931  7290 7.8862e+08  449  202 7.9014e+08 7.8091e+08  1.17%   128 8045s
 13957  7281 7.8827e+08  463  200 7.9014e+08 7.8091e+08  1.17%   128 8046s
 14035  7325 7.8583e+08  456  223 7.9014e+08 7.8091e+08  1.17%   127 8073s
 14137  7365 7.8664e+08  462  205 7.9014e+08 7.8091e+08  1.17%   127 8097s
 14241  7400 7.8588e+08  469  227 7.9014e+08 7.8091e+08  1.17%   126 8124s
 14340  7434 7.8847e+08  475  220 7.9014e+08 7.8091e+08  1.17%   126 8155s
 14444  7459 7.8590e+08  482  218 7.9014e+08 7.8091e+08  1.17%   125 8184s
 14470  7450 7.8893e+08  495  189 7.9014e+08 7.8091e+08  1.17%   125 8185s
 14544  7479 7.8964e+08  488  211 7.9014e+08 7.8091e+08  1.17%   124 8313s
 14629  7451 7.8718e+08  607  218 7.9014e+08 7.8091e+08  1.17%   124 8314s
 14642  7502 7.8594e+08  495  234 7.9014e+08 7.8091e+08  1.17%   124 8338s
 14729  7527 7.8957e+08  501  222 7.9014e+08 7.8091e+08  1.17%   123 8359s
 14820  7540 7.8598e+08  507  240 7.9014e+08 7.8091e+08  1.17%   123 8383s
 14855  7529 7.8725e+08  379  186 7.9014e+08 7.8091e+08  1.17%   123 8384s
 14908  7560 7.8883e+08  511  236 7.9014e+08 7.8091e+08  1.17%   122 8409s
 15003  7582 7.8599e+08  518  237 7.9014e+08 7.8091e+08  1.17%   122 8435s
 15093  7601 7.8773e+08  523  238 7.9014e+08 7.8091e+08  1.17%   121 8461s
 15176  7626 7.8601e+08  530  237 7.9014e+08 7.8091e+08  1.17%   121 8486s
 15256  7668 7.8721e+08  535  219 7.9014e+08 7.8091e+08  1.17%   120 8510s
 15350  7711 7.8604e+08  542  240 7.9014e+08 7.8091e+08  1.17%   120 8538s
 15449  7721 7.8675e+08  548  227 7.9014e+08 7.8091e+08  1.17%   120 8563s
 15531  7747 7.8606e+08  552  241 7.9014e+08 7.8091e+08  1.17%   119 8586s
 15626  7776 7.8979e+08  558  219 7.9014e+08 7.8091e+08  1.17%   119 8610s
 15721  7785 7.8906e+08  564  241 7.9014e+08 7.8091e+08  1.17%   118 8631s
 15807  7817 7.8718e+08  568  234 7.9014e+08 7.8091e+08  1.17%   118 8653s
 15890  7790 7.8741e+08  743  213 7.9014e+08 7.8091e+08  1.17%   117 8654s
 15902  7848 7.8612e+08  575  240 7.9014e+08 7.8091e+08  1.17%   117 8672s
 15985  7879 7.8612e+08  581  240 7.9014e+08 7.8091e+08  1.17%   117 8688s
 16071  7916 7.8613e+08  585  241 7.9014e+08 7.8091e+08  1.17%   116 8708s
 16165  7953 7.8615e+08  591  239 7.9014e+08 7.8091e+08  1.17%   116 8731s
 16258  7995 7.8869e+08  597  231 7.9014e+08 7.8091e+08  1.17%   115 8751s
 16348  8035 7.8618e+08  604  241 7.9014e+08 7.8091e+08  1.17%   115 8770s
 16443  8064 7.8853e+08  610  233 7.9014e+08 7.8091e+08  1.17%   115 8790s
 16537  8094 7.8895e+08  616  234 7.9014e+08 7.8091e+08  1.17%   114 8811s
 16626  8125 7.8623e+08  622  239 7.9014e+08 7.8091e+08  1.17%   114 8830s
 16702  8100 7.8762e+08  844  209 7.9014e+08 7.8091e+08  1.17%   114 8831s
 16712  8165 7.8624e+08  628  235 7.9014e+08 7.8091e+08  1.17%   114 8852s
 16800  8205 7.8824e+08  633  235 7.9014e+08 7.8091e+08  1.17%   113 8876s
 16894  8227 7.8626e+08  639  237 7.9014e+08 7.8091e+08  1.17%   113 8896s
 16979  8262 7.8891e+08  643  223 7.9014e+08 7.8091e+08  1.17%   113 8915s
 17073  8281 7.8628e+08  649  238 7.9014e+08 7.8091e+08  1.17%   112 8935s
 17164  8317 7.8894e+08  654  235 7.9014e+08 7.8091e+08  1.17%   112 8958s
 17259  8347 7.8629e+08  661  239 7.9014e+08 7.8091e+08  1.17%   111 8981s
 17353  8377 7.8822e+08  667  235 7.9014e+08 7.8091e+08  1.17%   111 9004s
 17443  8412 7.8631e+08  673  240 7.9014e+08 7.8091e+08  1.17%   110 9027s
 17537  8449 7.8764e+08  679  219 7.9014e+08 7.8091e+08  1.17%   110 9055s
 17632  8467 7.8634e+08  685  236 7.9014e+08 7.8091e+08  1.17%   110 9080s
 17720  8502 7.8635e+08  690  237 7.9014e+08 7.8091e+08  1.17%   109 9103s
 17758  8489 7.8785e+08  590  167 7.9014e+08 7.8091e+08  1.17%   109 9104s
 17812  8523 7.8636e+08  696  237 7.9014e+08 7.8091e+08  1.17%   109 9126s
 17902  8519 7.8655e+08  701  233 7.9014e+08 7.8091e+08  1.17%   109 9143s
H17913  7959                    7.899431e+08 7.8091e+08  1.14%   109 9144s
H17935  7555                    7.898730e+08 7.8091e+08  1.13%   108 9144s
 17945  7584 7.8886e+08  704  225 7.8987e+08 7.8091e+08  1.13%   108 9164s
 18036  7596 7.8642e+08  709  238 7.8987e+08 7.8091e+08  1.13%   108 9186s
 18123  7626 7.8643e+08  715  240 7.8987e+08 7.8091e+08  1.13%   108 9208s
 18162  7613 7.8789e+08  614  155 7.8987e+08 7.8091e+08  1.13%   108 9209s
 18213  7645 7.8746e+08  721  226 7.8987e+08 7.8091e+08  1.13%   107 9231s
 18301  7676 7.8962e+08  727  232 7.8987e+08 7.8091e+08  1.13%   107 9252s
 18388  7706 7.8823e+08  731  226 7.8987e+08 7.8091e+08  1.13%   107 9273s
 18479  7729     cutoff  737      7.8987e+08 7.8091e+08  1.13%   106 9296s
 18570  7754 7.8649e+08  744  237 7.8987e+08 7.8091e+08  1.13%   106 9319s
 18661  7788 7.8651e+08  749  243 7.8987e+08 7.8091e+08  1.13%   106 9340s
 18746  7817 7.8957e+08  755  221 7.8987e+08 7.8091e+08  1.13%   105 9357s
 18832  7845 7.8933e+08  760  216 7.8987e+08 7.8091e+08  1.13%   105 9377s
 18916  7882 7.8927e+08  764  222 7.8987e+08 7.8091e+08  1.13%   105 9397s
 19005  7916 7.8653e+08  768  238 7.8987e+08 7.8091e+08  1.13%   104 9775s
 19091  7952 7.8755e+08  773  226 7.8987e+08 7.8091e+08  1.13%   104 9797s
 19182  7982 7.8655e+08  779  240 7.8987e+08 7.8091e+08  1.13%   104 9818s
 19279  8002 7.8656e+08  785  240 7.8987e+08 7.8091e+08  1.13%   103 9862s
 19368  8029 7.8755e+08  790  226 7.8987e+08 7.8091e+08  1.13%   103 9887s
 19460  8050 7.8658e+08  796  243 7.8987e+08 7.8091e+08  1.13%   103 9913s
 19552  8077 7.8659e+08  801  243 7.8987e+08 7.8091e+08  1.13%   102 9935s
 19644  8106 7.8660e+08  806  237 7.8987e+08 7.8091e+08  1.13%   102 9959s
 19736  8138 7.8871e+08  812  219 7.8987e+08 7.8091e+08  1.13%   102 9984s
 19823  8168 7.8777e+08  816  227 7.8987e+08 7.8091e+08  1.13%   102 10008s
 19914  8196 7.8662e+08  821  235 7.8987e+08 7.8091e+08  1.13%   101 10029s
 20006  8238 7.8741e+08  825  223 7.8987e+08 7.8091e+08  1.13%   101 10047s
 20095  8264 7.8879e+08  830  219 7.8987e+08 7.8091e+08  1.13%   101 10065s
 20181  8296 7.8866e+08  834  219 7.8987e+08 7.8091e+08  1.13%   100 10084s
 20272  8328 7.8664e+08  839  236 7.8987e+08 7.8091e+08  1.13%   100 10106s
 20364  8368 7.8664e+08  843  240 7.8987e+08 7.8091e+08  1.13%   100 10129s
 20455  8394 7.8889e+08  847  215 7.8987e+08 7.8091e+08  1.13%   100 10186s
 20545  8418 7.8872e+08  852  215 7.8987e+08 7.8091e+08  1.13%  99.3 10221s
 20630  8457 7.8665e+08  856  238 7.8987e+08 7.8091e+08  1.13%  99.0 10252s
 20726  8482 7.8947e+08  862  216 7.8987e+08 7.8091e+08  1.13%  98.7 10294s
 20817  8516 7.8973e+08  868  231 7.8987e+08 7.8091e+08  1.13%  98.4 10339s
 20908  8558 7.8667e+08  873  237 7.8987e+08 7.8091e+08  1.13%  98.1 10384s
 21002  8590 7.8668e+08  879  237 7.8987e+08 7.8091e+08  1.13%  97.8 10419s
 21096  8564 7.8668e+08  886  236 7.8987e+08 7.8091e+08  1.13%  97.5 10441s
H21098  8288                    7.898701e+08 7.8091e+08  1.13%  97.5 10441s
H21099  7958                    7.898307e+08 7.8091e+08  1.13%  97.5 10442s
H21103  6815                    7.893851e+08 7.8091e+08  1.07%  97.5 10442s
 21104  6877 7.8881e+08  886  234 7.8939e+08 7.8091e+08  1.07%  97.5 10471s
 21196  6941 7.8669e+08  891  241 7.8939e+08 7.8091e+08  1.07%  97.2 10498s
 21291  6996     cutoff  896      7.8939e+08 7.8091e+08  1.07%  96.9 10534s
 21380  7054 7.8779e+08  901  230 7.8939e+08 7.8091e+08  1.07%  96.6 10564s
 21468  7117     cutoff  906      7.8939e+08 7.8091e+08  1.07%  96.3 10598s
 21563  7186 7.8671e+08  912  234 7.8939e+08 7.8091e+08  1.07%  96.0 10628s
 21656  7248 7.8672e+08  918  235 7.8939e+08 7.8091e+08  1.07%  95.8 10659s
 21746  7311 7.8706e+08  923  216 7.8939e+08 7.8091e+08  1.07%  95.5 10684s
 21782  7311 7.8829e+08  870  145 7.8939e+08 7.8091e+08  1.07%  95.5 10685s
 21837  7377 7.8885e+08  928  221 7.8939e+08 7.8091e+08  1.07%  95.3 10709s
 21933  7445 7.8673e+08  935  230 7.8939e+08 7.8091e+08  1.07%  95.0 10732s
 21970  7445 7.8832e+08  883  145 7.8939e+08 7.8091e+08  1.07%  94.9 10733s
 22029  7511 7.8882e+08  940  196 7.8939e+08 7.8091e+08  1.07%  94.7 10756s
 22121  7574 7.8678e+08  946  222 7.8939e+08 7.8091e+08  1.07%  94.5 10786s
 22210  7635 7.8680e+08  952  225 7.8939e+08 7.8091e+08  1.07%  94.2 10816s
 22304  7707 7.8807e+08  957  213 7.8939e+08 7.8091e+08  1.07%  93.9 10843s
 22398  7773 7.8682e+08  962  226 7.8939e+08 7.8091e+08  1.07%  93.6 10880s
 22490  7834     cutoff  966      7.8939e+08 7.8091e+08  1.07%  93.4 10909s
 22581  7891 7.8684e+08  971  226 7.8939e+08 7.8091e+08  1.07%  93.1 10960s
 22616  7891 7.8839e+08  928  147 7.8939e+08 7.8091e+08  1.07%  93.0 10961s
 22669  7950 7.8923e+08  975  221 7.8939e+08 7.8091e+08  1.07%  92.9 10991s
 22760  8010 7.8792e+08  980  220 7.8939e+08 7.8091e+08  1.07%  92.6 11025s
 22850  8058 7.8710e+08  986  209 7.8939e+08 7.8091e+08  1.07%  92.4 11061s
 22884  8058 7.8840e+08  946  149 7.8939e+08 7.8091e+08  1.07%  92.3 11062s
 22939  8116     cutoff  991      7.8939e+08 7.8091e+08  1.07%  92.2 11109s
 23032  8183     cutoff  998      7.8939e+08 7.8091e+08  1.07%  91.9 11147s
 23124  8251 7.8687e+08 1005  224 7.8939e+08 7.8091e+08  1.07%  91.7 11183s
 23215  8326 7.8825e+08 1011  220 7.8939e+08 7.8091e+08  1.07%  91.5 11217s
 23311  8389 7.8688e+08 1018  225 7.8939e+08 7.8091e+08  1.07%  91.2 11250s
 23404  8453 7.8792e+08 1024  211 7.8939e+08 7.8091e+08  1.07%  91.0 11279s
 23490  8503 7.8799e+08 1030  227 7.8939e+08 7.8091e+08  1.07%  90.8 11312s
 23587  8556 7.8690e+08 1037  213 7.8939e+08 7.8091e+08  1.07%  90.5 11343s
 23679  8606     cutoff 1043      7.8939e+08 7.8091e+08  1.07%  90.3 11375s
 23774  8665 7.8691e+08 1050  213 7.8939e+08 7.8091e+08  1.07%  90.1 11411s
H23865  8470                    7.892870e+08 7.8091e+08  1.06%  89.8 11916s
 23924  8516 7.8691e+08 1058  213 7.8929e+08 7.8091e+08  1.06%  89.7 11998s
 24007  8573 7.8865e+08 1063  198 7.8929e+08 7.8091e+08  1.06%  89.5 12027s
 24101  8624 7.8694e+08 1069  216 7.8929e+08 7.8091e+08  1.06%  89.2 12053s
 24194  8676 7.8694e+08 1075  211 7.8929e+08 7.8091e+08  1.06%  89.0 12080s
 24231  8676 7.8849e+08 1036  154 7.8929e+08 7.8091e+08  1.06%  88.9 12081s
 24287  8727 7.8695e+08 1081  213 7.8929e+08 7.8091e+08  1.06%  88.7 12117s
 24379  8777 7.8696e+08 1087  211 7.8929e+08 7.8091e+08  1.06%  88.5 12149s
 24472  8842 7.8696e+08 1093  202 7.8929e+08 7.8091e+08  1.06%  88.2 12176s
 24559  8912 7.8698e+08 1099  202 7.8929e+08 7.8091e+08  1.06%  88.0 12202s
 24647  8979 7.8698e+08 1104  202 7.8929e+08 7.8091e+08  1.06%  87.8 12223s
 24731  9054 7.8700e+08 1109  206 7.8929e+08 7.8091e+08  1.06%  87.6 12248s
 24826  9121 7.8809e+08 1115  211 7.8929e+08 7.8091e+08  1.06%  87.4 12272s
 24915  9172 7.8771e+08 1120  219 7.8929e+08 7.8091e+08  1.06%  87.2 12739s
H24940  9172                    7.892870e+08 7.8091e+08  1.06%  87.1 12739s
 24970  9172 7.8855e+08 1006  215 7.8929e+08 7.8091e+08  1.06%  87.1 12740s
 24995  9246     cutoff 1126      7.8929e+08 7.8091e+08  1.06%  87.0 12765s
 25084  9306 7.8703e+08 1133  209 7.8929e+08 7.8091e+08  1.06%  86.8 12790s
 25179  9362     cutoff 1139      7.8929e+08 7.8091e+08  1.06%  86.6 12817s
 25267  9422 7.8704e+08 1146  211 7.8929e+08 7.8091e+08  1.06%  86.4 12847s
 25357  9484     cutoff 1153      7.8929e+08 7.8091e+08  1.06%  86.2 12873s
 25449  9542 7.8705e+08 1160  213 7.8929e+08 7.8091e+08  1.06%  86.0 12897s
 25538  9605     cutoff 1166      7.8929e+08 7.8091e+08  1.06%  85.9 12923s
 25634  9663 7.8706e+08 1173  207 7.8929e+08 7.8091e+08  1.06%  85.7 12948s
 25725  9704 7.8708e+08 1179  203 7.8929e+08 7.8091e+08  1.06%  85.4 12972s
 25811  9748 7.8713e+08 1184  203 7.8929e+08 7.8091e+08  1.06%  85.2 12996s
 25899  9790 7.8714e+08 1191  207 7.8929e+08 7.8091e+08  1.06%  85.0 13022s
 25923  9790 7.8903e+08   26  246 7.8929e+08 7.8091e+08  1.06%  85.0 13023s
 25983  9829     cutoff 1196      7.8929e+08 7.8091e+08  1.06%  84.9 13047s
 26071  9888 7.8715e+08 1204  195 7.8929e+08 7.8091e+08  1.06%  84.7 13071s
 26168  9958 7.8716e+08 1211  213 7.8929e+08 7.8091e+08  1.06%  84.4 13096s
 26261 10025 7.8823e+08 1215  209 7.8929e+08 7.8091e+08  1.06%  84.3 13118s
 26353 10075 7.8717e+08 1222  209 7.8929e+08 7.8091e+08  1.06%  84.1 13142s
 26447 10123     cutoff 1228      7.8929e+08 7.8091e+08  1.06%  83.9 13166s
 26535 10185 7.8718e+08 1235  207 7.8929e+08 7.8091e+08  1.06%  83.8 13189s
 26574 10185 7.8859e+08 1193  149 7.8929e+08 7.8091e+08  1.06%  83.7 13190s
 26629 10253 7.8847e+08 1241  193 7.8929e+08 7.8091e+08  1.06%  83.6 13215s
 26724 10328 7.8719e+08 1248  207 7.8929e+08 7.8091e+08  1.06%  83.4 13238s
 26818 10382 7.8720e+08 1254  195 7.8929e+08 7.8091e+08  1.06%  83.2 13263s
 26904 10424 7.8720e+08 1260  195 7.8929e+08 7.8091e+08  1.06%  83.0 13289s
 26996 10476 7.8721e+08 1267  197 7.8929e+08 7.8091e+08  1.06%  82.8 13312s
 27085 10534     cutoff 1274      7.8929e+08 7.8091e+08  1.06%  82.5 13340s
 27176 10592 7.8722e+08 1281  200 7.8929e+08 7.8091e+08  1.06%  82.3 13363s
 27268 10656 7.8722e+08 1288  198 7.8929e+08 7.8091e+08  1.06%  82.1 13387s
 27356 10719 7.8723e+08 1294  203 7.8929e+08 7.8091e+08  1.06%  81.9 13412s
 27446 10783 7.8723e+08 1299  203 7.8929e+08 7.8091e+08  1.06%  81.8 13435s
 27531 10840 7.8724e+08 1303  202 7.8929e+08 7.8091e+08  1.06%  81.6 13463s
 27624 10901 7.8724e+08 1308  199 7.8929e+08 7.8091e+08  1.06%  81.4 13491s
 27647 10901     cutoff  261      7.8929e+08 7.8091e+08  1.06%  81.4 13492s
 27715 10957 7.8725e+08 1313  193 7.8929e+08 7.8091e+08  1.06%  81.3 13519s
 27798 11014 7.8725e+08 1317  211 7.8929e+08 7.8091e+08  1.06%  81.1 13548s
 27891 11080 7.8726e+08 1323  207 7.8929e+08 7.8091e+08  1.06%  80.9 13576s
 27985 11130     cutoff 1329      7.8929e+08 7.8091e+08  1.06%  80.7 13606s
 28077 11189 7.8727e+08 1337  200 7.8929e+08 7.8091e+08  1.06%  80.6 13637s
 28165 11241 7.8727e+08 1343  195 7.8929e+08 7.8091e+08  1.06%  80.4 13659s
 28254 11302 7.8774e+08 1347  180 7.8929e+08 7.8091e+08  1.06%  80.2 13685s
 28292 11302 7.8866e+08 1318  163 7.8929e+08 7.8091e+08  1.06%  80.2 13686s
 28344 11357 7.8728e+08 1354  191 7.8929e+08 7.8091e+08  1.06%  80.1 13715s
 28428 11421 7.8811e+08 1359  174 7.8929e+08 7.8091e+08  1.06%  79.9 13741s
 28516 11477 7.8730e+08 1364  192 7.8929e+08 7.8091e+08  1.06%  79.8 13768s
 28597 11477 7.8895e+08 2163  144 7.8929e+08 7.8091e+08  1.06%  79.6 13769s
 28607 11529 7.8730e+08 1369  197 7.8929e+08 7.8091e+08  1.06%  79.6 13798s
 28699 11583     cutoff 1375      7.8929e+08 7.8091e+08  1.06%  79.4 13848s
 28792 11637     cutoff 1381      7.8929e+08 7.8091e+08  1.06%  79.2 13873s
 28886 11700 7.8733e+08 1388  197 7.8929e+08 7.8091e+08  1.06%  79.0 13900s
 28980 11701 7.8687e+08  562  226 7.8929e+08 7.8091e+08  1.06%  78.8 18420s
 28982 11702 7.8790e+08  542  178 7.8929e+08 7.8091e+08  1.06%  78.8 18458s
 28983 11703 7.8401e+08   75  170 7.8929e+08 7.8091e+08  1.06%  78.8 18512s
 28984 11704 7.8846e+08 1252  182 7.8929e+08 7.8091e+08  1.06%  78.8 18517s
 28985 11704 7.8794e+08 1046  198 7.8929e+08 7.8091e+08  1.06%  78.8 18520s
 28986 11705 7.8851e+08  671  216 7.8929e+08 7.8091e+08  1.06%  78.8 18523s
 28987 11706 7.8593e+08  140  244 7.8929e+08 7.8091e+08  1.06%  78.8 18526s
 28988 11706 7.8913e+08 1442  255 7.8929e+08 7.8092e+08  1.06%  78.8 18531s
 28989 11707 7.8772e+08  824  253 7.8929e+08 7.8109e+08  1.04%  78.8 18534s
 28990 11708 7.8890e+08  226  249 7.8929e+08 7.8115e+08  1.03%  78.8 18538s
 28991 11708 7.8856e+08  177  286 7.8929e+08 7.8118e+08  1.03%  78.8 18541s
 28992 11709 7.8504e+08   59  293 7.8929e+08 7.8120e+08  1.03%  78.8 18543s
 28993 11710 7.8720e+08   78  274 7.8929e+08 7.8121e+08  1.02%  78.8 18546s
 28994 11710 7.8919e+08  666  271 7.8929e+08 7.8122e+08  1.02%  78.8 18552s
 28995 11711 7.8911e+08 1174  271 7.8929e+08 7.8125e+08  1.02%  78.8 19438s
H28995 11125                    7.892786e+08 7.8126e+08  1.02%  78.8 19855s
H28995 10568                    7.892786e+08 7.8126e+08  1.02%  78.8 19855s
H28995 10040                    7.892214e+08 7.8126e+08  1.01%  78.8 19856s
 28996 10041 7.8783e+08  519  275 7.8922e+08 7.8126e+08  1.01%  78.8 19858s
 28997 10041 7.8922e+08  413  278 7.8922e+08 7.8126e+08  1.01%  78.8 20026s
 28998 10042 7.8458e+08   99  268 7.8922e+08 7.8138e+08  0.99%  78.8 20362s
 28999 10043 7.8907e+08 1146  281 7.8922e+08 7.8138e+08  0.99%  78.8 20415s
 29000 10043 7.8865e+08  868  274 7.8922e+08 7.8138e+08  0.99%  78.8 20577s
 29001 10044 7.8676e+08  244  278 7.8922e+08 7.8138e+08  0.99%  78.8 20918s
 29002 10045 7.8765e+08   70  271 7.8922e+08 7.8138e+08  0.99%  78.8 21120s
 29003 10045 7.8774e+08  217  284 7.8922e+08 7.8138e+08  0.99%  78.8 21460s
H29003  9542                    7.891988e+08 7.8138e+08  0.99%  78.8 21504s
 29004  9543 7.8809e+08  674  288 7.8920e+08 7.8138e+08  0.99%  78.8 21672s
 29005  9544 7.8724e+08   80  286 7.8920e+08 7.8138e+08  0.99%  78.8 22043s
H29005  9066                    7.891988e+08 7.8138e+08  0.99%  78.8 22240s
 29007  9067 7.8677e+08  444  291 7.8920e+08 7.8138e+08  0.99%  78.8 22604s
H29007  8613                    7.890725e+08 7.8138e+08  0.97%  78.8 22649s
H29007  8182                    7.890524e+08 7.8138e+08  0.97%  78.8 22818s
H29008  7774                    7.890524e+08 7.8138e+08  0.97%  78.8 22946s
 29009  7774 7.8667e+08  407  282 7.8905e+08 7.8138e+08  0.97%  78.7 23107s
H29009  7384                    7.890366e+08 7.8138e+08  0.97%  78.7 23145s
 29010  7385 7.8904e+08 1185  285 7.8904e+08 7.8138e+08  0.97%  78.7 23289s
H29010  7016                    7.890356e+08 7.8138e+08  0.97%  78.7 23674s
 29011  7017 7.8674e+08  289  297 7.8904e+08 7.8138e+08  0.97%  78.7 23675s
H29011  6665                    7.890223e+08 7.8138e+08  0.97%  78.7 23675s
 29012  6665 7.8851e+08  327  303 7.8902e+08 7.8138e+08  0.97%  78.7 23785s
H29012  6331                    7.890223e+08 7.8138e+08  0.97%  78.7 23890s
 29013  6332 7.8722e+08  373  297 7.8902e+08 7.8138e+08  0.97%  78.7 24045s
 29014  6333 7.8774e+08 1214  297 7.8902e+08 7.8138e+08  0.97%  78.7 24166s
H29014  6016                    7.890223e+08 7.8138e+08  0.97%  78.7 24272s
 29015  6016 7.8755e+08  774  298 7.8902e+08 7.8138e+08  0.97%  78.7 24449s
 29016  6017 7.8840e+08 1396  296 7.8902e+08 7.8138e+08  0.97%  78.7 24560s
 29017  6018 7.8768e+08  735  268 7.8902e+08 7.8140e+08  0.97%  78.7 24847s
H29017  5717                    7.890223e+08 7.8140e+08  0.97%  78.7 24984s
 29019  5718 7.8826e+08  473  280 7.8902e+08 7.8141e+08  0.96%  78.7 25354s
 29020  5719 7.8902e+08 1163  273 7.8902e+08 7.8141e+08  0.96%  78.7 25564s
H29020  5432                    7.890223e+08 7.8141e+08  0.96%  78.7 25696s
 29021  5432 7.8672e+08  491  275 7.8902e+08 7.8143e+08  0.96%  78.7 25871s
 29022  5433 7.8756e+08  412  281 7.8902e+08 7.8143e+08  0.96%  78.7 26066s
 29023  5434 7.8841e+08  896  283 7.8902e+08 7.8143e+08  0.96%  78.7 26407s
H29023  5162                    7.890223e+08 7.8143e+08  0.96%  78.7 26605s
 29025  5163 7.8841e+08  829  291 7.8902e+08 7.8146e+08  0.96%  78.7 26946s
 29026  5164 7.8818e+08  795  296 7.8902e+08 7.8146e+08  0.96%  78.7 27144s
 29027  5164 7.8771e+08  366  291 7.8902e+08 7.8152e+08  0.95%  78.7 27473s
 29028  5165 7.8768e+08  451  306 7.8902e+08 7.8153e+08  0.95%  78.7 27505s
 29029  5166 7.8850e+08  973  297 7.8902e+08 7.8153e+08  0.95%  78.7 27644s
 29030  5166 7.8836e+08  914  297 7.8902e+08 7.8155e+08  0.95%  78.7 27983s
 29031  5167 7.8810e+08  720  302 7.8902e+08 7.8155e+08  0.95%  78.7 28197s
 29032  5168 7.8797e+08   49  302 7.8902e+08 7.8155e+08  0.95%  78.7 28563s
H29032  4908                    7.890223e+08 7.8155e+08  0.95%  78.7 28776s
 29034  4909 7.8853e+08  718  303 7.8902e+08 7.8155e+08  0.95%  78.7 29134s
 29035  4910 7.8762e+08 1026  302 7.8902e+08 7.8155e+08  0.95%  78.7 29346s
 29036  4910 7.8772e+08  294  308 7.8902e+08 7.8156e+08  0.95%  78.7 29405s
 29037  4911 7.8902e+08  138  305 7.8902e+08 7.8156e+08  0.95%  78.7 29420s
 29038  4912 7.8446e+08   56  306 7.8902e+08 7.8156e+08  0.95%  78.7 29473s
H29038  4666                    7.890223e+08 7.8156e+08  0.95%  78.7 29485s
 29039  4666 7.8802e+08  646  303 7.8902e+08 7.8156e+08  0.95%  78.7 29490s
 29040  4667 7.8719e+08  312  303 7.8902e+08 7.8156e+08  0.95%  78.7 29563s
 29041  4668 7.8673e+08  211  303 7.8902e+08 7.8156e+08  0.95%  78.7 29587s
 29042  4668 7.8631e+08   69  303 7.8902e+08 7.8156e+08  0.95%  78.7 29759s
 29043  4672 7.8159e+08   29  290 7.8902e+08 7.8159e+08  0.94%   124 29773s
 29045  4674 7.8160e+08   30  284 7.8902e+08 7.8160e+08  0.94%   124 29777s
 29049  4677 7.8167e+08   31  272 7.8902e+08 7.8167e+08  0.93%   124 29783s
 29056  4681 7.8192e+08   32  274 7.8902e+08 7.8192e+08  0.90%   124 29788s
 29064  4680 7.8199e+08   33  275 7.8902e+08 7.8199e+08  0.89%   124 29794s
 29072  4681 7.8438e+08   33  270 7.8902e+08 7.8199e+08  0.89%   124 29804s
 29077  4680 7.8588e+08   34  262 7.8902e+08 7.8199e+08  0.89%   124 29805s
 29080  4683 7.8201e+08   34  270 7.8902e+08 7.8201e+08  0.89%   124 29810s
 29088  4684 7.8502e+08   34  274 7.8902e+08 7.8201e+08  0.89%   124 29816s
 29096  4683 7.8202e+08   35  269 7.8902e+08 7.8201e+08  0.89%   124 29821s
 29104  4684 7.8529e+08   35  269 7.8902e+08 7.8203e+08  0.89%   124 29827s
 29112  4683 7.8207e+08   36  266 7.8902e+08 7.8207e+08  0.88%   124 29837s
 29120  4684 7.8548e+08   36  263 7.8902e+08 7.8207e+08  0.88%   124 29842s
 29129  4684 7.8211e+08   37  277 7.8902e+08 7.8211e+08  0.88%   124 29847s
 29137  4685 7.8429e+08   37  256 7.8902e+08 7.8211e+08  0.88%   124 29852s
 29145  4686 7.8214e+08   38  274 7.8902e+08 7.8211e+08  0.88%   124 29865s
 29147  4685 7.8688e+08   37  272 7.8902e+08 7.8211e+08  0.88%   124 29866s
 29154  4692 7.8213e+08   38  278 7.8902e+08 7.8213e+08  0.87%   124 29871s
 29166  4695 7.8528e+08   39  268 7.8902e+08 7.8213e+08  0.87%   124 29881s
 29178  4696 7.8556e+08   40  271 7.8902e+08 7.8213e+08  0.87%   124 29889s
 29187  4697 7.8231e+08   41  268 7.8902e+08 7.8213e+08  0.87%   124 29897s
 29198  4698 7.8236e+08   42  271 7.8902e+08 7.8213e+08  0.87%   124 29904s
 29208  4697 7.8404e+08   42  253 7.8902e+08 7.8213e+08  0.87%   124 29911s
 29219  4698 7.8579e+08   43  258 7.8902e+08 7.8213e+08  0.87%   124 29922s
 29230  4697 7.8244e+08   44  280 7.8902e+08 7.8213e+08  0.87%   124 29930s
 29239  4699 7.8532e+08   44  260 7.8902e+08 7.8213e+08  0.87%   124 29938s
 29251  4698 7.8256e+08   45  279 7.8902e+08 7.8213e+08  0.87%   124 29947s
 29261  4699 7.8261e+08   46  289 7.8902e+08 7.8213e+08  0.87%   124 29957s
 29273  4699 7.8591e+08   46  257 7.8902e+08 7.8213e+08  0.87%   124 29968s
 29288  4698 7.8480e+08   47  273 7.8902e+08 7.8213e+08  0.87%   124 29979s
 29301  4697 7.8272e+08   48  286 7.8902e+08 7.8213e+08  0.87%   124 29996s
 29309  4697 7.8610e+08   48  272 7.8902e+08 7.8213e+08  0.87%   124 30006s
 29312  4696 7.8436e+08   48  288 7.8902e+08 7.8213e+08  0.87%   124 30007s
 29322  4698 7.8626e+08   49  273 7.8902e+08 7.8213e+08  0.87%   124 30020s
 29338  4698 7.8628e+08   50  285 7.8902e+08 7.8213e+08  0.87%   124 30032s
 29351  4700 7.8574e+08   51  261 7.8902e+08 7.8213e+08  0.87%   124 30048s
 29370  4701 7.8584e+08   52  265 7.8902e+08 7.8213e+08  0.87%   124 30063s
 29389  4702 7.8649e+08   53  265 7.8902e+08 7.8213e+08  0.87%   124 30079s
 29405  4705 7.8633e+08   54  271 7.8902e+08 7.8213e+08  0.87%   124 30095s
 29423  4708 7.8294e+08   56  265 7.8902e+08 7.8213e+08  0.87%   124 30110s
 29441  4708 7.8638e+08   56  234 7.8902e+08 7.8213e+08  0.87%   124 30125s
 29462  4709 7.8600e+08   57  260 7.8902e+08 7.8213e+08  0.87%   124 30142s
 29486  4708 7.8650e+08   58  253 7.8902e+08 7.8213e+08  0.87%   124 30159s
 29506  4709 7.8654e+08   59  254 7.8902e+08 7.8213e+08  0.87%   124 30175s
 29525  4707 7.8624e+08   60  245 7.8902e+08 7.8213e+08  0.87%   124 30196s
 29545  4707 7.8678e+08   61  272 7.8902e+08 7.8213e+08  0.87%   124 30219s
 29565  4706 7.8326e+08   63  273 7.8902e+08 7.8213e+08  0.87%   124 30242s
 29586  4706 7.8328e+08   64  278 7.8902e+08 7.8213e+08  0.87%   124 30268s
 29608  4705 7.8330e+08   65  277 7.8902e+08 7.8213e+08  0.87%   124 30288s
 29632  4700 7.8332e+08   66  270 7.8902e+08 7.8213e+08  0.87%   124 30314s
 29657  4696 7.8336e+08   67  276 7.8902e+08 7.8213e+08  0.87%   124 30339s
 29689  4689 7.8692e+08   68  263 7.8902e+08 7.8213e+08  0.87%   124 30365s
 29717  4685 7.8344e+08   70  258 7.8902e+08 7.8213e+08  0.87%   124 30393s
 29749  4677 7.8577e+08   71  242 7.8902e+08 7.8213e+08  0.87%   124 30426s
 29785  4671 7.8348e+08   73  259 7.8902e+08 7.8213e+08  0.87%   124 30463s
 29821  4663 7.8368e+08   74  239 7.8902e+08 7.8213e+08  0.87%   124 30500s
 29858  4660 7.8647e+08   76  234 7.8902e+08 7.8213e+08  0.87%   124 30540s
 29899  4656 7.8737e+08   78  230 7.8902e+08 7.8213e+08  0.87%   124 30580s
 29923  4659 7.8463e+08   79  230 7.8902e+08 7.8213e+08  0.87%   124 30623s
 29975  4656 7.8380e+08   82  235 7.8902e+08 7.8213e+08  0.87%   124 30667s
 30030  4645 7.8630e+08   85  223 7.8902e+08 7.8213e+08  0.87%   124 30711s
 30065  4633 7.8778e+08  158  182 7.8902e+08 7.8213e+08  0.87%   124 30712s
 30082  4638 7.8391e+08   89  226 7.8902e+08 7.8213e+08  0.87%   124 30764s
H30124  4389                    7.890223e+08 7.8213e+08  0.87%   124 30764s
H30130  4165                    7.890223e+08 7.8213e+08  0.87%   124 30765s
 30146  4166 7.8759e+08   93  224 7.8902e+08 7.8213e+08  0.87%   124 30822s
 30216  4149 7.8744e+08   96  224 7.8902e+08 7.8213e+08  0.87%   123 30877s
 30282  4135 7.8763e+08  100  223 7.8902e+08 7.8213e+08  0.87%   123 30941s
 30358  4119 7.8747e+08  104  238 7.8902e+08 7.8213e+08  0.87%   123 31003s
 30431  4112 7.8436e+08  109  260 7.8902e+08 7.8213e+08  0.87%   123 31060s
 30510  4099 7.8446e+08  114  247 7.8902e+08 7.8213e+08  0.87%   123 31125s
 30596  4092 7.8455e+08  118  270 7.8902e+08 7.8213e+08  0.87%   123 31198s
 30686  4087 7.8825e+08  123  262 7.8902e+08 7.8213e+08  0.87%   123 31265s
 30785  4067 7.8470e+08  130  274 7.8902e+08 7.8213e+08  0.87%   123 31335s
 30883  4063 7.8479e+08  136  262 7.8902e+08 7.8213e+08  0.87%   123 31402s
 30983  4057 7.8486e+08  142  265 7.8902e+08 7.8213e+08  0.87%   122 31471s
 31082  4056 7.8490e+08  148  254 7.8902e+08 7.8213e+08  0.87%   122 31539s
 31176  4052 7.8635e+08  154  246 7.8902e+08 7.8213e+08  0.87%   122 31613s
H31189  3836                    7.890223e+08 7.8213e+08  0.87%   122 31613s
 31280  3839 7.8498e+08  161  266 7.8902e+08 7.8213e+08  0.87%   122 31682s
 31384  3846 7.8839e+08  167  277 7.8902e+08 7.8213e+08  0.87%   122 31754s
 31485  3847 7.8508e+08  174  279 7.8902e+08 7.8213e+08  0.87%   122 31827s
 31589  3845 7.8885e+08  180  267 7.8902e+08 7.8213e+08  0.87%   122 31880s
 31690  3828 7.8809e+08  187  266 7.8902e+08 7.8213e+08  0.87%   122 31972s
 31748  3839 7.8531e+08  194  274 7.8902e+08 7.8213e+08  0.87%   121 32022s
 31852  3844 7.8638e+08  200  251 7.8902e+08 7.8213e+08  0.87%   121 32079s
 31956  3841 7.8539e+08  208  269 7.8902e+08 7.8213e+08  0.87%   121 32141s
 32007  3824 7.8786e+08  277  243 7.8902e+08 7.8213e+08  0.87%   121 32142s
 32051  3856 7.8544e+08  214  265 7.8902e+08 7.8213e+08  0.87%   121 32205s
 32155  3880 7.8553e+08  221  272 7.8902e+08 7.8213e+08  0.87%   121 32268s
 32258  3895 7.8558e+08  228  270 7.8902e+08 7.8213e+08  0.87%   121 32733s
H32298  3681                    7.890223e+08 7.8213e+08  0.87%   121 32733s
 32350  3729 7.8813e+08  234  243 7.8902e+08 7.8213e+08  0.87%   121 32782s
 32454  3744 7.8864e+08  241  264 7.8902e+08 7.8213e+08  0.87%   121 32827s
 32558  3759 7.8565e+08  248  267 7.8902e+08 7.8213e+08  0.87%   120 32871s
 32662  3779 7.8566e+08  255  257 7.8902e+08 7.8213e+08  0.87%   120 32920s
 32766  3795 7.8845e+08  261  256 7.8902e+08 7.8213e+08  0.87%   120 32958s
 32870  3813 7.8573e+08  268  258 7.8902e+08 7.8213e+08  0.87%   120 33005s
 32971  3822 7.8700e+08  274  227 7.8902e+08 7.8213e+08  0.87%   120 33045s
 33071  3840 7.8842e+08  280  254 7.8902e+08 7.8213e+08  0.87%   120 33092s
 33175  3857 7.8579e+08  287  260 7.8902e+08 7.8213e+08  0.87%   120 33134s
 33278  3867 7.8675e+08  293  227 7.8902e+08 7.8213e+08  0.87%   120 33185s
 33357  3892 7.8823e+08  296  219 7.8902e+08 7.8213e+08  0.87%   119 33238s
 33459  3897 7.8584e+08  302  253 7.8902e+08 7.8213e+08  0.87%   119 33275s
 33563  3908 7.8795e+08  308  221 7.8902e+08 7.8213e+08  0.87%   119 33315s
 33663  3917 7.8590e+08  313  249 7.8902e+08 7.8213e+08  0.87%   119 33363s
 33767  3929     cutoff  319      7.8902e+08 7.8213e+08  0.87%   119 33406s
 33871  3941 7.8593e+08  326  247 7.8902e+08 7.8213e+08  0.87%   119 33446s
 33975  3958 7.8594e+08  333  243 7.8902e+08 7.8213e+08  0.87%   118 33488s
 34079  3964 7.8893e+08  339  238 7.8902e+08 7.8213e+08  0.87%   118 33528s
 34179  3985 7.8600e+08  344  242 7.8902e+08 7.8213e+08  0.87%   118 33570s
 34282  3999 7.8603e+08  350  246 7.8902e+08 7.8213e+08  0.87%   118 33611s
 34383  4006 7.8605e+08  355  245 7.8902e+08 7.8213e+08  0.87%   118 33653s
 34484  4015 7.8606e+08  360  251 7.8902e+08 7.8213e+08  0.87%   118 33690s
 34585  4023 7.8610e+08  365  257 7.8902e+08 7.8213e+08  0.87%   117 33731s
 34636  4006     cutoff  494      7.8902e+08 7.8213e+08  0.87%   117 33732s
 34686  4036 7.8612e+08  371  256 7.8902e+08 7.8213e+08  0.87%   117 33777s
 34787  4041 7.8613e+08  376  253 7.8902e+08 7.8213e+08  0.87%   117 33816s
 34887  4063 7.8722e+08  380  243 7.8902e+08 7.8213e+08  0.87%   117 33861s
 34990  4077 7.8617e+08  387  246 7.8902e+08 7.8213e+08  0.87%   117 33905s
 35093  4082 7.8618e+08  393  243 7.8902e+08 7.8213e+08  0.87%   117 33944s
 35195  4090     cutoff  398      7.8902e+08 7.8213e+08  0.87%   116 33988s
 35299  4099 7.8620e+08  405  248 7.8902e+08 7.8213e+08  0.87%   116 34030s
 35403  4111 7.8636e+08  411  242 7.8902e+08 7.8213e+08  0.87%   116 34071s
 35503  4117 7.8627e+08  416  254 7.8902e+08 7.8213e+08  0.87%   116 34115s
 35603  4128 7.8628e+08  421  252 7.8902e+08 7.8213e+08  0.87%   116 34164s
 35704  4126 7.8630e+08  426  255 7.8902e+08 7.8213e+08  0.87%   116 34214s
 35807  4145 7.8632e+08  433  253 7.8902e+08 7.8213e+08  0.87%   116 34256s
 35911  4163 7.8634e+08  440  247 7.8902e+08 7.8213e+08  0.87%   115 34297s
 36012  4184 7.8837e+08  445  233 7.8902e+08 7.8213e+08  0.87%   115 34336s
 36116  4197 7.8637e+08  452  238 7.8902e+08 7.8213e+08  0.87%   115 34373s
 36220  4217 7.8745e+08  458  239 7.8902e+08 7.8213e+08  0.87%   115 34414s
 36321  4226 7.8730e+08  463  238 7.8902e+08 7.8213e+08  0.87%   115 34457s
 36422  4241     cutoff  468      7.8902e+08 7.8213e+08  0.87%   115 34494s
 36526  4255 7.8641e+08  475  257 7.8902e+08 7.8213e+08  0.87%   115 34536s
 36629  4269 7.8643e+08  481  253 7.8902e+08 7.8213e+08  0.87%   114 34577s
 36733  4287 7.8816e+08  487  222 7.8902e+08 7.8213e+08  0.87%   114 34612s
 36833  4305 7.8646e+08  492  250 7.8902e+08 7.8213e+08  0.87%   114 34650s
 36935  4325 7.8884e+08  497  239 7.8902e+08 7.8213e+08  0.87%   114 34693s
 37000  4304 7.8812e+08  130  199 7.8902e+08 7.8213e+08  0.87%   114 34694s
 37039  4335 7.8647e+08  504  254 7.8902e+08 7.8213e+08  0.87%   114 34732s
 37140  4346 7.8648e+08  509  256 7.8902e+08 7.8213e+08  0.87%   114 34765s
 37244  4366 7.8650e+08  516  252 7.8902e+08 7.8213e+08  0.87%   114 34807s
 37345  4381 7.8651e+08  521  244 7.8902e+08 7.8213e+08  0.87%   113 34850s
 37447  4401 7.8653e+08  528  250 7.8902e+08 7.8213e+08  0.87%   113 34893s
 37546  4420     cutoff  533      7.8902e+08 7.8213e+08  0.87%   113 34937s
 37643  4429 7.8656e+08  538  249 7.8902e+08 7.8213e+08  0.87%   113 34975s
 37746  4438     cutoff  544      7.8902e+08 7.8213e+08  0.87%   113 35012s
 37850  4450 7.8661e+08  551  238 7.8902e+08 7.8213e+08  0.87%   113 35049s
 37954  4464 7.8847e+08  557  223 7.8902e+08 7.8213e+08  0.87%   113 35085s
 38057  4485 7.8874e+08  563  228 7.8902e+08 7.8213e+08  0.87%   113 35120s
 38159  4514 7.8664e+08  569  242 7.8902e+08 7.8213e+08  0.87%   112 35154s
 38260  4523 7.8666e+08  574  226 7.8902e+08 7.8213e+08  0.87%   112 35194s
 38360  4533 7.8827e+08  579  217 7.8902e+08 7.8213e+08  0.87%   112 35231s
 38460  4547 7.8843e+08  584  215 7.8902e+08 7.8213e+08  0.87%   112 35266s
 38559  4569 7.8748e+08  588  239 7.8902e+08 7.8213e+08  0.87%   112 35299s
 38657  4564 7.8670e+08  593  246 7.8902e+08 7.8213e+08  0.87%   112 35329s
 38759  4569 7.8817e+08  598  237 7.8902e+08 7.8213e+08  0.87%   112 35364s
 38860  4556 7.8749e+08  603  221 7.8902e+08 7.8213e+08  0.87%   111 35406s
 38942  4570 7.8892e+08  605  248 7.8902e+08 7.8213e+08  0.87%   111 35442s
 39045  4582     cutoff  611      7.8902e+08 7.8213e+08  0.87%   111 35479s
 39146  4598 7.8835e+08  616  242 7.8902e+08 7.8213e+08  0.87%   111 35512s
 39239  4600     cutoff  620      7.8902e+08 7.8213e+08  0.87%   111 35546s
 39337  4614 7.8678e+08  626  244 7.8902e+08 7.8213e+08  0.87%   111 35578s
 39436  4615 7.8679e+08  630  244 7.8902e+08 7.8213e+08  0.87%   111 35610s
 39462  4606 7.8718e+08 1011  254 7.8902e+08 7.8213e+08  0.87%   111 35611s
 39540  4629 7.8679e+08  637  243 7.8902e+08 7.8213e+08  0.87%   110 35642s
 39643  4635 7.8858e+08  643  233 7.8902e+08 7.8213e+08  0.87%   110 35675s
 39744  4657 7.8681e+08  649  244 7.8902e+08 7.8213e+08  0.87%   110 35708s
 39845  4671 7.8682e+08  655  244 7.8902e+08 7.8213e+08  0.87%   110 35745s
 39939  4696 7.8682e+08  658  243 7.8902e+08 7.8213e+08  0.87%   110 35775s
 40037  4715 7.8684e+08  662  242 7.8902e+08 7.8213e+08  0.87%   110 35807s
 40131  4740 7.8865e+08  666  218 7.8902e+08 7.8213e+08  0.87%   110 35838s
 40231  4751 7.8685e+08  671  238 7.8902e+08 7.8213e+08  0.87%   109 35867s
 40327  4776 7.8686e+08  675  238 7.8902e+08 7.8213e+08  0.87%   109 35902s
 40428  4802 7.8746e+08  681  243 7.8902e+08 7.8213e+08  0.87%   109 35933s
 40526  4855 7.8738e+08  686  233 7.8902e+08 7.8213e+08  0.87%   109 35965s
 40624  4895 7.8690e+08  692  250 7.8902e+08 7.8213e+08  0.87%   109 35992s
 40726  4949 7.8800e+08  698  243 7.8902e+08 7.8213e+08  0.87%   109 36026s
 40819  5004 7.8692e+08  703  243 7.8902e+08 7.8213e+08  0.87%   108 36058s
 40919  5061 7.8693e+08  709  242 7.8902e+08 7.8213e+08  0.87%   108 36090s
 41011  5113 7.8830e+08  713  226 7.8902e+08 7.8213e+08  0.87%   108 36121s
 41110  5177 7.8696e+08  718  238 7.8902e+08 7.8213e+08  0.87%   108 36157s
 41210  5247     cutoff  725      7.8902e+08 7.8213e+08  0.87%   108 36183s
 41314  5310 7.8805e+08  732  231 7.8902e+08 7.8213e+08  0.87%   108 36235s
 41327  5310 7.8814e+08  213  234 7.8902e+08 7.8213e+08  0.87%   108 36236s
 41416  5348     cutoff  739      7.8902e+08 7.8213e+08  0.87%   108 36282s
 41486  5421 7.8764e+08  743  226 7.8902e+08 7.8213e+08  0.87%   107 36321s
 41589  5486 7.8772e+08  751  229 7.8902e+08 7.8213e+08  0.87%   107 36353s
 41690  5548 7.8701e+08  758  240 7.8902e+08 7.8213e+08  0.87%   107 36380s
 41789  5615     cutoff  764      7.8902e+08 7.8213e+08  0.87%   107 36410s
 41893  5689 7.8703e+08  771  230 7.8902e+08 7.8213e+08  0.87%   107 36440s
 41997  5765 7.8705e+08  778  233 7.8902e+08 7.8213e+08  0.87%   107 36474s
 42101  5835 7.8706e+08  785  230 7.8902e+08 7.8213e+08  0.87%   107 36507s
 42204  5908 7.8738e+08  791  213 7.8902e+08 7.8213e+08  0.87%   106 36541s
 42306  5975 7.8708e+08  798  235 7.8902e+08 7.8213e+08  0.87%   106 36574s
 42410  6048 7.8733e+08  804  204 7.8902e+08 7.8213e+08  0.87%   106 36605s
 42512  6116 7.8710e+08  811  225 7.8902e+08 7.8213e+08  0.87%   106 36633s
 42612  6182     cutoff  817      7.8902e+08 7.8213e+08  0.87%   106 36658s
 42713  6187 7.8712e+08  824  236 7.8902e+08 7.8213e+08  0.87%   106 36690s
H42715  6099                    7.889650e+08 7.8213e+08  0.87%   106 36691s
 42724  6163 7.8787e+08  824  215 7.8897e+08 7.8213e+08  0.87%   106 36730s
 42827  6227 7.8713e+08  831  236 7.8897e+08 7.8213e+08  0.87%   106 36759s
 42931  6281 7.8831e+08  837  227 7.8897e+08 7.8213e+08  0.87%   106 36791s
 43034  6336 7.8715e+08  845  232 7.8897e+08 7.8213e+08  0.87%   105 36822s
 43138  6401     cutoff  852      7.8897e+08 7.8213e+08  0.87%   105 36854s
 43242  6471 7.8717e+08  859  231 7.8897e+08 7.8213e+08  0.87%   105 36889s
 43343  6540 7.8828e+08  865  226 7.8897e+08 7.8213e+08  0.87%   105 36922s
 43447  6613 7.8722e+08  872  228 7.8897e+08 7.8213e+08  0.87%   105 37067s
 43545  6687 7.8882e+08  878  206 7.8897e+08 7.8213e+08  0.87%   105 37117s
 43641  6752 7.8723e+08  884  228 7.8897e+08 7.8213e+08  0.87%   105 37146s
 43741  6823 7.8841e+08  890  220 7.8897e+08 7.8213e+08  0.87%   105 37175s
 43839  6885 7.8724e+08  897  220 7.8897e+08 7.8213e+08  0.87%   104 37204s
 43936  6950 7.8826e+08  903  205 7.8897e+08 7.8213e+08  0.87%   104 37236s
 44026  7027 7.8726e+08  910  224 7.8897e+08 7.8213e+08  0.87%   104 37266s
 44121  7111 7.8786e+08  916  206 7.8897e+08 7.8213e+08  0.87%   104 37297s
 44214  7202 7.8728e+08  922  232 7.8897e+08 7.8213e+08  0.87%   104 37327s
 44311  7276 7.8729e+08  928  229 7.8897e+08 7.8213e+08  0.87%   104 37354s
 44399  7339     cutoff  934      7.8897e+08 7.8213e+08  0.87%   104 37382s
 44486  7420     cutoff  940      7.8897e+08 7.8213e+08  0.87%   104 37408s
 44573  7495 7.8731e+08  945  233 7.8897e+08 7.8213e+08  0.87%   104 37439s
 44671  7555 7.8732e+08  951  223 7.8897e+08 7.8213e+08  0.87%   104 37466s
 44759  7625 7.8732e+08  957  233 7.8897e+08 7.8213e+08  0.87%   104 37495s
 44845  7691 7.8733e+08  963  235 7.8897e+08 7.8213e+08  0.87%   103 37524s
 44937  7765     cutoff  969      7.8897e+08 7.8213e+08  0.87%   103 37553s
 45029  7809 7.8736e+08  977  236 7.8897e+08 7.8213e+08  0.87%   103 37576s
H45042  7809                    7.889650e+08 7.8213e+08  0.87%   103 37577s
 45080  7873     cutoff  980      7.8897e+08 7.8213e+08  0.87%   103 37812s
 45163  7954     cutoff  986      7.8897e+08 7.8213e+08  0.87%   103 37840s
 45260  8036 7.8819e+08  992  205 7.8897e+08 7.8213e+08  0.87%   103 37865s
 45355  8123 7.8740e+08 1000  219 7.8897e+08 7.8213e+08  0.87%   103 37891s
 45445  8196 7.8741e+08 1006  217 7.8897e+08 7.8213e+08  0.87%   103 37920s
 45538  8266 7.8742e+08 1012  221 7.8897e+08 7.8213e+08  0.87%   103 37951s
 45639  8330     cutoff 1018      7.8897e+08 7.8213e+08  0.87%   103 37979s
 45729  8401 7.8743e+08 1024  219 7.8897e+08 7.8213e+08  0.87%   102 38007s
 45817  8480 7.8780e+08 1028  213 7.8897e+08 7.8213e+08  0.87%   102 38035s
 45913  8551 7.8744e+08 1035  219 7.8897e+08 7.8213e+08  0.87%   102 38064s
 46008  8621 7.8886e+08 1040  204 7.8897e+08 7.8213e+08  0.87%   102 38093s
 46102  8689 7.8823e+08 1047  200 7.8897e+08 7.8213e+08  0.87%   102 38127s
H46149  8689                    7.889650e+08 7.8213e+08  0.87%   102 38127s
 46195  8762 7.8745e+08 1054  224 7.8897e+08 7.8213e+08  0.87%   102 38156s
 46292  8831     cutoff 1060      7.8897e+08 7.8213e+08  0.87%   102 38186s
 46385  8898 7.8746e+08 1065  225 7.8897e+08 7.8213e+08  0.87%   102 38220s
 46474  8972 7.8873e+08 1071  206 7.8897e+08 7.8213e+08  0.87%   102 38251s
 46553  8972 7.8815e+08  460  205 7.8897e+08 7.8213e+08  0.87%   101 38252s
 46565  9052 7.8863e+08 1076  212 7.8897e+08 7.8213e+08  0.87%   101 38281s
 46654  9098 7.8894e+08 1081  204 7.8897e+08 7.8213e+08  0.87%   101 38314s
 46746  9152 7.8748e+08 1085  223 7.8897e+08 7.8213e+08  0.87%   101 38348s
 46829  9214 7.8888e+08 1090  176 7.8897e+08 7.8213e+08  0.87%   101 38381s
 46905  9279 7.8749e+08 1094  225 7.8897e+08 7.8213e+08  0.87%   101 38417s
 46987  9339 7.8749e+08 1101  216 7.8897e+08 7.8213e+08  0.87%   101 38441s
 47062  9402 7.8777e+08 1106  181 7.8897e+08 7.8213e+08  0.87%   101 38467s
 47082  9402 7.8794e+08 1812  221 7.8897e+08 7.8213e+08  0.87%   101 38468s
 47145  9468 7.8751e+08 1111  214 7.8897e+08 7.8213e+08  0.87%   101 38494s
 47232  9538     cutoff 1117      7.8897e+08 7.8213e+08  0.87%   101 38523s
 47320  9609     cutoff 1124      7.8897e+08 7.8213e+08  0.87%   101 38551s
 47414  9671     cutoff 1131      7.8897e+08 7.8213e+08  0.87%   101 38582s
 47506  9744 7.8752e+08 1139  227 7.8897e+08 7.8213e+08  0.87%   100 38607s
 47602  9792 7.8851e+08 1145  226 7.8897e+08 7.8213e+08  0.87%   100 38633s
 47687  9860 7.8754e+08 1152  234 7.8897e+08 7.8213e+08  0.87%   100 38664s
 47777  9914 7.8888e+08 1158  225 7.8897e+08 7.8213e+08  0.87%   100 38695s
 47859  9965 7.8755e+08 1165  237 7.8897e+08 7.8213e+08  0.87%   100 38723s
 47883  9965 7.8802e+08 1902  204 7.8897e+08 7.8213e+08  0.87%   100 38724s
 47937 10013     cutoff 1170      7.8897e+08 7.8213e+08  0.87%   100 38751s
 48023 10073 7.8872e+08 1176  209 7.8897e+08 7.8213e+08  0.87%   100 38781s
 48113 10140 7.8756e+08 1183  234 7.8897e+08 7.8213e+08  0.87%   100 38808s
 48196 10209     cutoff 1187      7.8897e+08 7.8213e+08  0.87%   100 38839s
 48292 10263 7.8895e+08 1193  217 7.8897e+08 7.8213e+08  0.87%   100 38868s
 48378 10314 7.8757e+08 1200  228 7.8897e+08 7.8213e+08  0.87%  99.5 38897s
 48463 10380 7.8758e+08 1207  226 7.8897e+08 7.8213e+08  0.87%  99.4 38925s
 48556 10434 7.8872e+08 1213  181 7.8897e+08 7.8213e+08  0.87%  99.3 38957s
 48648 10491 7.8759e+08 1220  219 7.8897e+08 7.8213e+08  0.87%  99.2 38989s
 48733 10561 7.8759e+08 1227  216 7.8897e+08 7.8213e+08  0.87%  99.2 39019s
 48812 10561 7.8857e+08   86  259 7.8897e+08 7.8213e+08  0.87%  99.1 39020s
 48822 10633     cutoff 1233      7.8897e+08 7.8213e+08  0.87%  99.1 39046s
 48917 10709 7.8760e+08 1239  222 7.8897e+08 7.8213e+08  0.87%  99.0 39073s
 49012 10783 7.8761e+08 1246  222 7.8897e+08 7.8213e+08  0.87%  98.9 39099s
 49104 10861 7.8891e+08 1252  208 7.8897e+08 7.8213e+08  0.87%  98.8 39123s
 49179 10861 7.8854e+08 1338  135 7.8897e+08 7.8213e+08  0.87%  98.7 39124s
 49202 10938 7.8761e+08 1259  226 7.8897e+08 7.8213e+08  0.87%  98.6 39147s
 49291 11016 7.8762e+08 1263  222 7.8897e+08 7.8213e+08  0.87%  98.5 39172s
 49382 11092     cutoff 1269      7.8897e+08 7.8213e+08  0.87%  98.4 39199s
 49477 11162     cutoff 1275      7.8897e+08 7.8213e+08  0.87%  98.3 39221s
 49569 11219     cutoff 1281      7.8897e+08 7.8213e+08  0.87%  98.2 39242s
 49652 11286 7.8884e+08 1285  221 7.8897e+08 7.8213e+08  0.87%  98.1 39262s
 49740 11360 7.8763e+08 1292  226 7.8897e+08 7.8213e+08  0.87%  98.0 39285s
 49841 11432     cutoff 1298      7.8897e+08 7.8213e+08  0.87%  97.9 39312s
 49890 11432 7.8719e+08  304  251 7.8897e+08 7.8213e+08  0.87%  97.8 39313s
 49933 11498 7.8764e+08 1305  228 7.8897e+08 7.8213e+08  0.87%  97.7 39341s
 50025 11578 7.8764e+08 1311  227 7.8897e+08 7.8213e+08  0.87%  97.6 39369s
 50120 11585     cutoff 1317      7.8897e+08 7.8213e+08  0.87%  97.5 39393s
 50129 11657     cutoff 1318      7.8897e+08 7.8213e+08  0.87%  97.5 39420s
 50219 11705 7.8844e+08 1326  207 7.8897e+08 7.8213e+08  0.87%  97.4 39446s
 50281 11776 7.8766e+08 1331  227 7.8897e+08 7.8213e+08  0.87%  97.3 39477s
 50373 11854 7.8797e+08 1337  221 7.8897e+08 7.8213e+08  0.87%  97.2 39504s
 50470 11929     cutoff 1341      7.8897e+08 7.8213e+08  0.87%  97.1 39531s
 50567 12010 7.8768e+08 1348  223 7.8897e+08 7.8213e+08  0.87%  97.0 39556s
 50644 12010 7.8863e+08 1496  132 7.8897e+08 7.8213e+08  0.87%  96.9 39557s
 50667 12094 7.8768e+08 1354  228 7.8897e+08 7.8213e+08  0.87%  96.8 39586s
 50771 12169 7.8807e+08 1360  207 7.8897e+08 7.8213e+08  0.87%  96.7 39616s
 50869 12257 7.8770e+08 1367  227 7.8897e+08 7.8213e+08  0.87%  96.6 39641s
 50964 12336 7.8771e+08 1372  216 7.8897e+08 7.8213e+08  0.87%  96.5 39670s
 51037 12336 7.8865e+08 1546  128 7.8897e+08 7.8213e+08  0.87%  96.4 39671s
 51058 12416 7.8828e+08 1378  211 7.8897e+08 7.8213e+08  0.87%  96.4 39698s
 51151 12484 7.8786e+08 1384  215 7.8897e+08 7.8213e+08  0.87%  96.3 39723s
 51246 12549     cutoff 1390      7.8897e+08 7.8213e+08  0.87%  96.1 39748s
 51339 12601 7.8774e+08 1397  234 7.8897e+08 7.8213e+08  0.87%  96.0 39776s
 51432 12672 7.8827e+08 1403  217 7.8897e+08 7.8213e+08  0.87%  95.9 39803s
 51523 12737 7.8775e+08 1409  234 7.8897e+08 7.8213e+08  0.87%  95.8 39831s
 51609 12798 7.8870e+08 1416  207 7.8897e+08 7.8213e+08  0.87%  95.8 39859s
 51620 12798 7.8850e+08   55  231 7.8897e+08 7.8213e+08  0.87%  95.8 39860s
 51691 12855 7.8776e+08 1422  227 7.8897e+08 7.8213e+08  0.87%  95.7 39891s
 51782 12922 7.8865e+08 1428  207 7.8897e+08 7.8213e+08  0.87%  95.6 39923s
 51873 12987 7.8841e+08 1433  214 7.8897e+08 7.8213e+08  0.87%  95.5 39951s
 51962 13052 7.8777e+08 1440  224 7.8897e+08 7.8213e+08  0.87%  95.4 39974s
 52051 13124 7.8777e+08 1447  227 7.8897e+08 7.8213e+08  0.87%  95.3 40001s
 52141 13194 7.8823e+08 1453  211 7.8897e+08 7.8213e+08  0.87%  95.3 40026s
 52229 13257     cutoff 1459      7.8897e+08 7.8213e+08  0.87%  95.2 40051s
 52311 13320 7.8779e+08 1464  215 7.8897e+08 7.8213e+08  0.87%  95.1 40079s
 52401 13389     cutoff 1470      7.8897e+08 7.8213e+08  0.87%  95.0 40107s
 52489 13456 7.8781e+08 1477  210 7.8897e+08 7.8213e+08  0.87%  94.9 40135s
 52582 13514 7.8791e+08 1483  196 7.8897e+08 7.8213e+08  0.87%  94.8 40161s
 52674 13576 7.8782e+08 1490  208 7.8897e+08 7.8213e+08  0.87%  94.7 40187s
 52700 13576 7.8834e+08 2393  194 7.8897e+08 7.8213e+08  0.87%  94.7 40188s
 52762 13653     cutoff 1496      7.8897e+08 7.8213e+08  0.87%  94.6 40215s
 52857 13712 7.8783e+08 1502  213 7.8897e+08 7.8213e+08  0.87%  94.5 40241s
 52951 13772 7.8814e+08 1508  195 7.8897e+08 7.8213e+08  0.87%  94.4 40276s
 53047 13828 7.8784e+08 1515  207 7.8897e+08 7.8213e+08  0.87%  94.3 40306s
 53148 13881     cutoff 1521      7.8897e+08 7.8213e+08  0.87%  94.2 40336s
 53233 13946 7.8785e+08 1527  202 7.8897e+08 7.8213e+08  0.87%  94.1 40370s
 53327 13990 7.8894e+08 1533  178 7.8897e+08 7.8213e+08  0.87%  94.0 40400s
 53405 14045 7.8885e+08 1537  178 7.8897e+08 7.8213e+08  0.87%  93.9 40430s
 53424 14045 7.8837e+08 2480  194 7.8897e+08 7.8213e+08  0.87%  93.9 40431s
 53487 14098     cutoff 1541      7.8897e+08 7.8213e+08  0.87%  93.8 40461s
 53570 14148 7.8859e+08 1546  188 7.8897e+08 7.8213e+08  0.87%  93.8 40492s
 53613 14148 7.8887e+08  194  237 7.8897e+08 7.8213e+08  0.87%  93.7 40493s
 53658 14220 7.8786e+08 1553  218 7.8897e+08 7.8213e+08  0.87%  93.7 40527s
 53749 14266 7.8787e+08 1560  232 7.8897e+08 7.8213e+08  0.87%  93.6 40559s
 53841 14310     cutoff 1566      7.8897e+08 7.8213e+08  0.87%  93.5 40589s
 53928 14310     cutoff   47      7.8897e+08 7.8213e+08  0.87%  93.4 40590s
 53940 14364 7.8795e+08 1573  213 7.8897e+08 7.8213e+08  0.87%  93.4 40620s
 54038 14421 7.8788e+08 1581  225 7.8897e+08 7.8213e+08  0.87%  93.3 40649s
 54134 14466     cutoff 1588      7.8897e+08 7.8213e+08  0.87%  93.2 40677s
 54225 14530 7.8789e+08 1595  233 7.8897e+08 7.8213e+08  0.87%  93.2 40705s
 54324 14577     cutoff 1600      7.8897e+08 7.8213e+08  0.87%  93.1 40733s
 54423 14612     cutoff 1606      7.8897e+08 7.8213e+08  0.87%  93.0 40758s
 54516 14663     cutoff 1611      7.8897e+08 7.8213e+08  0.87%  92.9 40789s
 54612 14714 7.8791e+08 1618  219 7.8897e+08 7.8213e+08  0.87%  92.8 40816s
 54712 14764 7.8796e+08 1623  231 7.8897e+08 7.8213e+08  0.87%  92.7 40843s
 54808 14807     cutoff 1629      7.8897e+08 7.8213e+08  0.87%  92.6 40868s
 54906 14855 7.8792e+08 1636  225 7.8897e+08 7.8213e+08  0.87%  92.5 40892s
 55002 14904     cutoff 1642      7.8897e+08 7.8213e+08  0.87%  92.4 40917s
 55099 14962 7.8793e+08 1649  219 7.8897e+08 7.8213e+08  0.87%  92.3 40947s
 55194 15022 7.8793e+08 1655  220 7.8897e+08 7.8213e+08  0.87%  92.2 40979s
 55289 15089 7.8794e+08 1661  221 7.8897e+08 7.8213e+08  0.87%  92.2 41008s
 55381 15133 7.8887e+08 1667  209 7.8897e+08 7.8213e+08  0.87%  92.1 41034s
 55441 15203 7.8795e+08 1670  218 7.8897e+08 7.8213e+08  0.87%  92.1 41066s
 55512 15203 7.8886e+08  186  234 7.8897e+08 7.8213e+08  0.87%  92.0 41067s
 55537 15263 7.8795e+08 1675  219 7.8897e+08 7.8213e+08  0.87%  92.0 41097s
 55636 15312     cutoff 1681      7.8897e+08 7.8213e+08  0.87%  91.9 41126s
 55725 15368 7.8796e+08 1687  222 7.8897e+08 7.8213e+08  0.87%  91.9 41153s
 55805 15439 7.8796e+08 1694  218 7.8897e+08 7.8213e+08  0.87%  91.8 41182s
 55891 15496 7.8850e+08 1700  206 7.8897e+08 7.8213e+08  0.87%  91.8 41212s
 55981 15560     cutoff 1706      7.8897e+08 7.8213e+08  0.87%  91.7 41237s
 56040 15560 7.8854e+08   43  271 7.8897e+08 7.8213e+08  0.87%  91.7 41238s
 56067 15640 7.8798e+08 1713  220 7.8897e+08 7.8213e+08  0.87%  91.7 41263s
 56156 15716 7.8892e+08 1716  207 7.8897e+08 7.8213e+08  0.87%  91.7 41285s
 56254 15796 7.8798e+08 1723  220 7.8897e+08 7.8213e+08  0.87%  91.6 41307s
 56345 15881 7.8888e+08 1729  209 7.8897e+08 7.8213e+08  0.87%  91.5 41328s
 56437 15970 7.8883e+08 1735  209 7.8897e+08 7.8213e+08  0.87%  91.5 41351s
 56531 16044 7.8800e+08 1742  212 7.8897e+08 7.8213e+08  0.87%  91.4 41375s
 56618 16129 7.8800e+08 1747  222 7.8897e+08 7.8213e+08  0.87%  91.3 41402s
 56712 16198     cutoff 1752      7.8897e+08 7.8213e+08  0.87%  91.2 41422s
 56725 16198 7.8716e+08  318  278 7.8897e+08 7.8213e+08  0.87%  91.2 41423s
 56808 16271 7.8801e+08 1759  216 7.8897e+08 7.8213e+08  0.87%  91.2 41444s
 56902 16336     cutoff 1765      7.8897e+08 7.8213e+08  0.87%  91.1 41466s
 56987 16400 7.8801e+08 1772  213 7.8897e+08 7.8213e+08  0.87%  91.0 41490s
 57071 16472 7.8802e+08 1779  219 7.8897e+08 7.8213e+08  0.87%  91.0 41512s
 57155 16529     cutoff 1785      7.8897e+08 7.8213e+08  0.87%  90.9 41535s
 57241 16600 7.8802e+08 1792  203 7.8897e+08 7.8213e+08  0.87%  90.9 41559s
 57329 16662     cutoff 1797      7.8897e+08 7.8213e+08  0.87%  90.8 41582s
 57426 16715 7.8803e+08 1804  207 7.8897e+08 7.8213e+08  0.87%  90.7 41608s
 57517 16774     cutoff 1810      7.8897e+08 7.8213e+08  0.87%  90.7 41630s
 57565 16774 7.8810e+08  106  271 7.8897e+08 7.8213e+08  0.87%  90.7 41631s
 57614 16819 7.8834e+08 1817  203 7.8897e+08 7.8213e+08  0.87%  90.6 41656s
 57699 16880 7.8804e+08 1823  215 7.8897e+08 7.8213e+08  0.87%  90.6 41682s
 57790 16951 7.8804e+08 1828  221 7.8897e+08 7.8213e+08  0.87%  90.5 41706s
 57882 17015 7.8804e+08 1832  212 7.8897e+08 7.8213e+08  0.87%  90.5 41839s
 57976 17067 7.8854e+08 1838  195 7.8897e+08 7.8213e+08  0.87%  90.4 41867s
 58068 17124 7.8805e+08 1845  208 7.8897e+08 7.8213e+08  0.87%  90.4 41891s
 58151 17194     cutoff 1850      7.8897e+08 7.8213e+08  0.87%  90.3 41914s
 58253 17249     cutoff 1856      7.8897e+08 7.8213e+08  0.87%  90.2 41937s
 58349 17308 7.8892e+08 1863  197 7.8897e+08 7.8213e+08  0.87%  90.2 41957s
 58439 17315 7.8806e+08 1869  215 7.8897e+08 7.8213e+08  0.87%  90.1 41975s
 58447 17379     cutoff 1869      7.8897e+08 7.8213e+08  0.87%  90.1 42003s
 58545 17440 7.8806e+08 1876  214 7.8897e+08 7.8213e+08  0.87%  90.0 42026s
 58630 17517 7.8850e+08 1880  197 7.8897e+08 7.8213e+08  0.87%  89.9 42059s
 58695 17517 7.8803e+08   56  253 7.8897e+08 7.8213e+08  0.87%  89.9 42060s
 58715 17525 7.8891e+08 1885  202 7.8897e+08 7.8213e+08  0.87%  89.8 42108s
H58718 17525                    7.889650e+08 7.8213e+08  0.87%  89.8 42109s
 58723 17595 7.8807e+08 1886  215 7.8897e+08 7.8213e+08  0.87%  89.8 42138s
 58814 17647     cutoff 1892      7.8897e+08 7.8213e+08  0.87%  89.8 42161s
 58903 17720 7.8807e+08 1898  213 7.8897e+08 7.8213e+08  0.87%  89.7 42184s
 58992 17778 7.8853e+08 1903  193 7.8897e+08 7.8213e+08  0.87%  89.7 42208s
 59062 17833 7.8808e+08 1908  212 7.8897e+08 7.8213e+08  0.87%  89.7 42235s
 59148 17876 7.8872e+08 1914  206 7.8897e+08 7.8213e+08  0.87%  89.6 42257s
 59228 17925     cutoff 1921      7.8897e+08 7.8213e+08  0.87%  89.6 42282s
 59318 17974     cutoff 1928      7.8897e+08 7.8213e+08  0.87%  89.6 42307s
 59352 17974 7.8859e+08   52  247 7.8897e+08 7.8213e+08  0.87%  89.5 42308s
 59406 18012 7.8840e+08 1936  194 7.8897e+08 7.8213e+08  0.87%  89.5 42332s
 59482 18052 7.8809e+08 1943  199 7.8897e+08 7.8213e+08  0.87%  89.5 42352s
 59547 18096     cutoff 1949      7.8897e+08 7.8213e+08  0.87%  89.5 42374s
 59558 18096     cutoff  135      7.8897e+08 7.8213e+08  0.87%  89.5 42375s
 59620 18141 7.8812e+08 1955  202 7.8897e+08 7.8213e+08  0.87%  89.5 42398s
 59700 18197 7.8811e+08 1960  210 7.8897e+08 7.8213e+08  0.87%  89.5 42423s
H59790 17876                    7.888976e+08 7.8213e+08  0.86%  89.5 43076s
H59826 17879                    7.888976e+08 7.8213e+08  0.86%  89.5 43169s
H59835 17879                    7.888975e+08 7.8213e+08  0.86%  89.5 43169s
H59836 17877                    7.888971e+08 7.8213e+08  0.86%  89.5 43169s
 59837 17927     cutoff 1967      7.8890e+08 7.8213e+08  0.86%  89.5 43198s
 59931 17978 7.8812e+08 1973  208 7.8890e+08 7.8213e+08  0.86%  89.4 43224s
 60028 18038 7.8812e+08 1979  205 7.8890e+08 7.8213e+08  0.86%  89.4 43247s
 60124 18109     cutoff 1984      7.8890e+08 7.8213e+08  0.86%  89.3 43270s
 60225 18173 7.8814e+08 1991  210 7.8890e+08 7.8213e+08  0.86%  89.2 43292s
 60323 18233     cutoff 1997      7.8890e+08 7.8213e+08  0.86%  89.2 43310s
 60411 18301 7.8814e+08 2004  205 7.8890e+08 7.8213e+08  0.86%  89.1 43331s
 60503 18331 7.8815e+08 2010  195 7.8890e+08 7.8213e+08  0.86%  89.1 43349s
H60516 18330                    7.888970e+08 7.8213e+08  0.86%  89.1 43350s
H60519 18218                    7.888789e+08 7.8213e+08  0.85%  89.1 43350s
H60549 18193                    7.888748e+08 7.8213e+08  0.85%  89.0 43350s
 60555 18247 7.8815e+08 2015  208 7.8887e+08 7.8213e+08  0.85%  89.0 43372s
 60644 18302     cutoff 2021      7.8887e+08 7.8213e+08  0.85%  88.9 43394s
 60733 18357     cutoff 2028      7.8887e+08 7.8213e+08  0.85%  88.9 43417s
 60827 18419 7.8868e+08 2035  210 7.8887e+08 7.8213e+08  0.85%  88.8 43438s
 60917 18440     cutoff 2040      7.8887e+08 7.8213e+08  0.85%  88.8 43470s
 60949 18477 7.8817e+08 2043  213 7.8887e+08 7.8213e+08  0.85%  88.8 43518s
 61005 18531 7.8882e+08 2046  200 7.8887e+08 7.8213e+08  0.85%  88.7 43544s
 61104 18590 7.8829e+08 2054  208 7.8887e+08 7.8213e+08  0.85%  88.7 43567s
 61200 18647     cutoff 2060      7.8887e+08 7.8213e+08  0.85%  88.6 43595s
 61297 18711 7.8819e+08 2068  197 7.8887e+08 7.8213e+08  0.85%  88.6 43618s
 61386 18788     cutoff 2075      7.8887e+08 7.8213e+08  0.85%  88.5 43641s
 61487 18853 7.8820e+08 2083  199 7.8887e+08 7.8213e+08  0.85%  88.5 43662s
 61582 18941 7.8821e+08 2090  203 7.8887e+08 7.8213e+08  0.85%  88.4 43684s
 61686 19019 7.8821e+08 2097  196 7.8887e+08 7.8213e+08  0.85%  88.3 43705s
 61782 19103 7.8821e+08 2104  200 7.8887e+08 7.8213e+08  0.85%  88.2 43726s
 61881 19195 7.8821e+08 2110  194 7.8887e+08 7.8213e+08  0.85%  88.1 43747s
 61985 19274 7.8822e+08 2117  191 7.8887e+08 7.8213e+08  0.85%  88.0 43766s
 62084 19348     cutoff 2123      7.8887e+08 7.8213e+08  0.85%  88.0 43789s
 62178 19434 7.8822e+08 2130  191 7.8887e+08 7.8213e+08  0.85%  87.9 43808s
 62282 19513 7.8823e+08 2138  193 7.8887e+08 7.8213e+08  0.85%  87.8 43825s
 62384 19584     cutoff 2144      7.8887e+08 7.8213e+08  0.85%  87.7 43846s
 62483 19662     cutoff 2149      7.8887e+08 7.8213e+08  0.85%  87.6 43866s
 62585 19741 7.8824e+08 2159  196 7.8887e+08 7.8213e+08  0.85%  87.5 43887s
 62683 19815 7.8839e+08 2166  189 7.8887e+08 7.8213e+08  0.85%  87.4 43908s
 62773 19884 7.8825e+08 2170  197 7.8887e+08 7.8213e+08  0.85%  87.3 43927s
 62864 19961 7.8884e+08 2174  190 7.8887e+08 7.8213e+08  0.85%  87.2 43948s
 62958 20034 7.8826e+08 2180  198 7.8887e+08 7.8213e+08  0.85%  87.2 43966s
 63052 20103     cutoff 2186      7.8887e+08 7.8213e+08  0.85%  87.1 43984s
 63146 20172 7.8845e+08 2193  188 7.8887e+08 7.8213e+08  0.85%  87.0 44007s
 63240 20241     cutoff 2198      7.8887e+08 7.8213e+08  0.85%  87.0 44028s
 63336 20304 7.8827e+08 2204  189 7.8887e+08 7.8213e+08  0.85%  86.9 44046s
 63432 20353 7.8827e+08 2212  201 7.8887e+08 7.8213e+08  0.85%  86.8 44122s
 63506 20414     cutoff 2216      7.8887e+08 7.8213e+08  0.85%  86.8 44145s
 63598 20481 7.8828e+08 2223  203 7.8887e+08 7.8213e+08  0.85%  86.7 44166s
 63686 20548 7.8828e+08 2230  201 7.8887e+08 7.8213e+08  0.85%  86.7 44186s
 63781 20617 7.8828e+08 2235  198 7.8887e+08 7.8213e+08  0.85%  86.6 44205s
 63871 20679     cutoff 2240      7.8887e+08 7.8213e+08  0.85%  86.5 44225s
 63961 20758     cutoff 2245      7.8887e+08 7.8213e+08  0.85%  86.5 44246s
 64059 20830     cutoff 2250      7.8887e+08 7.8213e+08  0.85%  86.4 44272s
 64159 20899 7.8829e+08 2257  207 7.8887e+08 7.8213e+08  0.85%  86.3 44291s
 64252 20952     cutoff 2263      7.8887e+08 7.8213e+08  0.85%  86.3 44310s
 64334 21027 7.8845e+08 2269  203 7.8887e+08 7.8213e+08  0.85%  86.2 44330s
 64430 21089 7.8830e+08 2279  186 7.8887e+08 7.8213e+08  0.85%  86.2 44349s
 64490 21089 7.8740e+08  537  288 7.8887e+08 7.8213e+08  0.85%  86.1 44350s
 64527 21155 7.8830e+08 2286  199 7.8887e+08 7.8213e+08  0.85%  86.1 44368s
 64613 21220     cutoff 2290      7.8887e+08 7.8213e+08  0.85%  86.0 44391s
 64704 21288     cutoff 2295      7.8887e+08 7.8213e+08  0.85%  85.9 44412s
 64802 21359 7.8830e+08 2302  198 7.8887e+08 7.8213e+08  0.85%  85.8 44432s
 64904 21426     cutoff 2308      7.8887e+08 7.8213e+08  0.85%  85.8 44453s
 64995 21496 7.8831e+08 2314  203 7.8887e+08 7.8213e+08  0.85%  85.7 44471s
 65098 21555 7.8831e+08 2322  204 7.8887e+08 7.8213e+08  0.85%  85.6 44490s
 65189 21626     cutoff 2329      7.8887e+08 7.8213e+08  0.85%  85.5 44507s
 65233 21626 7.8848e+08  135  290 7.8887e+08 7.8213e+08  0.85%  85.5 44508s
 65282 21676     cutoff 2336      7.8887e+08 7.8213e+08  0.85%  85.5 44531s
 65379 21740     cutoff 2343      7.8887e+08 7.8213e+08  0.85%  85.4 44551s
 65471 21790 7.8832e+08 2349  212 7.8887e+08 7.8213e+08  0.85%  85.4 44571s
 65557 21860 7.8833e+08 2357  206 7.8887e+08 7.8213e+08  0.85%  85.3 44593s
 65651 21902 7.8834e+08 2366  213 7.8887e+08 7.8213e+08  0.85%  85.3 44612s
 65705 21977 7.8834e+08 2370  213 7.8887e+08 7.8213e+08  0.85%  85.2 44633s
 65741 21977 7.8732e+08  135  285 7.8887e+08 7.8213e+08  0.85%  85.2 44634s
 65800 22056 7.8834e+08 2377  199 7.8887e+08 7.8213e+08  0.85%  85.2 44655s
 65902 22129 7.8834e+08 2385  201 7.8887e+08 7.8213e+08  0.85%  85.1 44675s
 66002 22190 7.8834e+08 2391  199 7.8887e+08 7.8213e+08  0.85%  85.0 44694s
 66104 22275 7.8834e+08 2397  201 7.8887e+08 7.8213e+08  0.85%  84.9 44712s
 66204 22340     cutoff 2401      7.8887e+08 7.8213e+08  0.85%  84.9 44733s
 66303 22414 7.8835e+08 2408  203 7.8887e+08 7.8213e+08  0.85%  84.8 44751s
 66397 22493     cutoff 2412      7.8887e+08 7.8213e+08  0.85%  84.7 44771s
 66494 22579     cutoff 2417      7.8887e+08 7.8213e+08  0.85%  84.7 44788s
 66592 22661 7.8836e+08 2422  198 7.8887e+08 7.8213e+08  0.85%  84.6 44806s
 66691 22743     cutoff 2426      7.8887e+08 7.8213e+08  0.85%  84.5 44824s
 66792 22837 7.8852e+08 2431  192 7.8887e+08 7.8213e+08  0.85%  84.4 44840s
 66892 22924     cutoff 2436      7.8887e+08 7.8213e+08  0.85%  84.3 44858s
 66995 23006 7.8837e+08 2444  202 7.8887e+08 7.8213e+08  0.85%  84.2 44877s
 67095 23095     cutoff 2448      7.8887e+08 7.8213e+08  0.85%  84.2 44892s
 67199 23185 7.8838e+08 2457  205 7.8887e+08 7.8213e+08  0.85%  84.1 44908s
 67302 23258     cutoff 2463      7.8887e+08 7.8213e+08  0.85%  84.0 44921s
 67403 23328 7.8838e+08 2470  208 7.8887e+08 7.8213e+08  0.85%  83.9 44936s
 67496 23409     cutoff 2476      7.8887e+08 7.8213e+08  0.85%  83.9 44950s
 67596 23483     cutoff 2481      7.8887e+08 7.8213e+08  0.85%  83.8 44970s
 67695 23571 7.8839e+08 2486  203 7.8887e+08 7.8213e+08  0.85%  83.7 44986s
 67795 23595 7.8839e+08 2491  204 7.8887e+08 7.8213e+08  0.85%  83.6 45031s
 67829 23670     cutoff 2493      7.8887e+08 7.8213e+08  0.85%  83.6 45048s
 67927 23750     cutoff 2498      7.8887e+08 7.8213e+08  0.85%  83.5 45060s
 68028 23824 7.8870e+08 2503  189 7.8887e+08 7.8213e+08  0.85%  83.4 45073s
 68129 23893 7.8840e+08 2510  201 7.8887e+08 7.8213e+08  0.85%  83.3 45091s
 68229 23951 7.8841e+08 2516  199 7.8887e+08 7.8213e+08  0.85%  83.3 45107s
 68314 24018 7.8841e+08 2520  206 7.8887e+08 7.8213e+08  0.85%  83.2 45123s
 68403 24081 7.8841e+08 2526  201 7.8887e+08 7.8213e+08  0.85%  83.2 45138s
 68502 24149     cutoff 2531      7.8887e+08 7.8213e+08  0.85%  83.1 45154s
 68604 24223 7.8842e+08 2538  199 7.8887e+08 7.8213e+08  0.85%  83.1 45170s
 68700 24298     cutoff 2541      7.8887e+08 7.8213e+08  0.85%  83.0 45189s
 68798 24375     cutoff 2547      7.8887e+08 7.8213e+08  0.85%  82.9 45207s
 68900 24444     cutoff 2553      7.8887e+08 7.8213e+08  0.85%  82.8 45223s
 69003 24510     cutoff 2559      7.8887e+08 7.8213e+08  0.85%  82.7 45238s
 69103 24581 7.8876e+08 2564  177 7.8887e+08 7.8213e+08  0.85%  82.6 45255s
 69197 24649 7.8843e+08 2569  185 7.8887e+08 7.8213e+08  0.85%  82.6 45270s
 69295 24727 7.8843e+08 2576  185 7.8887e+08 7.8213e+08  0.85%  82.5 45290s
 69398 24796     cutoff 2582      7.8887e+08 7.8213e+08  0.85%  82.4 45311s
 69495 24867     cutoff 2586      7.8887e+08 7.8213e+08  0.85%  82.3 45329s
 69594 24938 7.8844e+08 2594  202 7.8887e+08 7.8213e+08  0.85%  82.2 45348s
 69685 25005 7.8844e+08 2601  194 7.8887e+08 7.8213e+08  0.85%  82.2 45367s
 69692 25005 7.8864e+08  530  215 7.8887e+08 7.8213e+08  0.85%  82.2 45368s
 69772 25070     cutoff 2604      7.8887e+08 7.8213e+08  0.85%  82.1 45386s
 69833 25070 7.8814e+08 1303  164 7.8887e+08 7.8213e+08  0.85%  82.1 45387s
 69855 25135 7.8844e+08 2609  190 7.8887e+08 7.8213e+08  0.85%  82.1 45404s
 69951 25201 7.8844e+08 2614  188 7.8887e+08 7.8213e+08  0.85%  82.0 45422s
 70047 25254 7.8858e+08 2617  173 7.8887e+08 7.8213e+08  0.85%  81.9 45446s
 70135 25317 7.8845e+08 2622  194 7.8887e+08 7.8213e+08  0.85%  81.9 45465s
 70223 25387 7.8858e+08 2629  177 7.8887e+08 7.8213e+08  0.85%  81.8 45483s
 70308 25442 7.8876e+08 2632  162 7.8887e+08 7.8213e+08  0.85%  81.8 45501s
 70396 25494     cutoff 2636      7.8887e+08 7.8213e+08  0.85%  81.7 45522s
 70479 25554 7.8879e+08 2641  177 7.8887e+08 7.8213e+08  0.85%  81.7 45541s
 70560 25615     cutoff 2647      7.8887e+08 7.8213e+08  0.85%  81.6 45561s
 70651 25671     cutoff 2656      7.8887e+08 7.8213e+08  0.85%  81.6 45581s
 70676 25671 7.8835e+08   62  198 7.8887e+08 7.8213e+08  0.85%  81.6 45582s
 70733 25731 7.8874e+08 2661  177 7.8887e+08 7.8213e+08  0.85%  81.5 45603s
 70820 25768 7.8847e+08 2665  189 7.8887e+08 7.8213e+08  0.85%  81.5 45619s
 70824 25768 7.8734e+08   95  232 7.8887e+08 7.8213e+08  0.85%  81.5 45620s
 70878 25832 7.8847e+08 2668  194 7.8887e+08 7.8213e+08  0.85%  81.5 45641s
 70974 25894 7.8858e+08 2674  178 7.8887e+08 7.8213e+08  0.85%  81.4 45661s
 71061 25951 7.8848e+08 2681  178 7.8887e+08 7.8213e+08  0.85%  81.3 45684s
 71159 26013     cutoff 2686      7.8887e+08 7.8213e+08  0.85%  81.3 45702s
 71249 26066 7.8848e+08 2691  180 7.8887e+08 7.8213e+08  0.85%  81.2 45722s
 71340 26122 7.8848e+08 2696  179 7.8887e+08 7.8213e+08  0.85%  81.2 45740s
 71427 26167     cutoff 2702      7.8887e+08 7.8213e+08  0.85%  81.1 45757s
 71517 26207     cutoff 2710      7.8887e+08 7.8213e+08  0.85%  81.1 45779s
 71579 26207 7.8852e+08  344  234 7.8887e+08 7.8213e+08  0.85%  81.1 45780s
 71614 26250     cutoff 2721      7.8887e+08 7.8213e+08  0.85%  81.0 45798s
 71714 26291 7.8849e+08 2729  166 7.8887e+08 7.8213e+08  0.85%  81.0 45817s
 71814 26323     cutoff 2737      7.8887e+08 7.8213e+08  0.85%  81.0 45837s
 71907 26364     cutoff 2745      7.8887e+08 7.8213e+08  0.85%  80.9 45861s
 72009 26404 7.8849e+08 2752  167 7.8887e+08 7.8213e+08  0.85%  80.8 45879s
 72105 26444     cutoff 2756      7.8887e+08 7.8213e+08  0.85%  80.8 45900s
 72201 26480     cutoff 2761      7.8887e+08 7.8213e+08  0.85%  80.7 45923s
 72300 26521 7.8850e+08 2768  172 7.8887e+08 7.8213e+08  0.85%  80.6 45943s
 72377 26521 7.8882e+08  142  187 7.8887e+08 7.8213e+08  0.85%  80.6 45944s
 72400 26564 7.8850e+08 2776  172 7.8887e+08 7.8213e+08  0.85%  80.6 46068s
 72503 26603     cutoff 2785      7.8887e+08 7.8213e+08  0.85%  80.5 46086s
 72595 26640 7.8850e+08 2789  163 7.8887e+08 7.8213e+08  0.85%  80.5 46104s
 72678 26672 7.8851e+08 2794  171 7.8887e+08 7.8213e+08  0.85%  80.4 46119s
 72770 26720 7.8851e+08 2799  171 7.8887e+08 7.8213e+08  0.85%  80.4 46139s
 72857 26752     cutoff 2802      7.8887e+08 7.8213e+08  0.85%  80.3 46153s
 72950 26761     cutoff 2806      7.8887e+08 7.8213e+08  0.85%  80.3 46171s
 72988 26804 7.8851e+08 2808  164 7.8887e+08 7.8213e+08  0.85%  80.2 46194s
 73084 26838 7.8851e+08 2813  165 7.8887e+08 7.8213e+08  0.85%  80.2 46214s
 73176 26866     cutoff 2817      7.8887e+08 7.8213e+08  0.85%  80.1 46232s
 73268 26899     cutoff 2822      7.8887e+08 7.8213e+08  0.85%  80.1 46253s
 73344 26899 7.8844e+08 2500  190 7.8887e+08 7.8213e+08  0.85%  80.0 46254s
 73357 26924 7.8852e+08 2829  169 7.8887e+08 7.8213e+08  0.85%  80.0 46275s
 73444 26955 7.8852e+08 2838  163 7.8887e+08 7.8213e+08  0.85%  80.0 46296s
 73541 26973 7.8852e+08 2849  167 7.8887e+08 7.8213e+08  0.85%  79.9 46318s
 73622 26994     cutoff 2859      7.8887e+08 7.8213e+08  0.85%  79.9 46340s
 73718 27006 7.8853e+08 2868  168 7.8887e+08 7.8213e+08  0.85%  79.8 46361s
 73805 27032 7.8853e+08 2877  168 7.8887e+08 7.8213e+08  0.85%  79.8 46381s
 73826 27032 7.8605e+08  203  275 7.8887e+08 7.8213e+08  0.85%  79.8 46382s
 73893 27069 7.8854e+08 2883  164 7.8887e+08 7.8213e+08  0.85%  79.8 46402s
 73970 27118 7.8883e+08 2886  154 7.8887e+08 7.8213e+08  0.85%  79.7 46423s
 74056 27156     cutoff 2891      7.8887e+08 7.8213e+08  0.85%  79.7 46445s
 74149 27202     cutoff 2897      7.8887e+08 7.8213e+08  0.85%  79.6 46465s
 74232 27244 7.8854e+08 2904  172 7.8887e+08 7.8213e+08  0.85%  79.6 46490s
 74311 27296     cutoff 2909      7.8887e+08 7.8213e+08  0.85%  79.5 46512s
 74398 27337     cutoff 2917      7.8887e+08 7.8213e+08  0.85%  79.5 46534s
 74423 27337 7.8670e+08  271  255 7.8887e+08 7.8213e+08  0.85%  79.5 46535s
 74482 27377 7.8855e+08 2925  168 7.8887e+08 7.8213e+08  0.85%  79.5 46555s
 74571 27414     cutoff 2930      7.8887e+08 7.8213e+08  0.85%  79.4 46574s
 74656 27460 7.8855e+08 2937  169 7.8887e+08 7.8213e+08  0.85%  79.4 46595s
 74741 27511 7.8855e+08 2943  162 7.8887e+08 7.8213e+08  0.85%  79.3 46614s
 74824 27571 7.8855e+08 2947  161 7.8887e+08 7.8213e+08  0.85%  79.3 46634s
 74919 27615     cutoff 2952      7.8887e+08 7.8213e+08  0.85%  79.2 46656s
 75004 27674 7.8856e+08 2958  162 7.8887e+08 7.8213e+08  0.85%  79.2 46675s
 75099 27741 7.8856e+08 2968  164 7.8887e+08 7.8213e+08  0.85%  79.2 46693s
 75200 27800 7.8856e+08 2977  160 7.8887e+08 7.8213e+08  0.85%  79.1 46712s
 75296 27876     cutoff 2984      7.8887e+08 7.8213e+08  0.85%  79.0 46729s
 75392 27938     cutoff 2992      7.8887e+08 7.8213e+08  0.85%  79.0 46746s
 75484 27990     cutoff 2996      7.8887e+08 7.8213e+08  0.85%  78.9 46767s
 75562 28009 7.8857e+08 3003  163 7.8887e+08 7.8213e+08  0.85%  78.9 46801s
 75610 28054     cutoff 3006      7.8887e+08 7.8213e+08  0.85%  78.9 46824s
 75694 28106     cutoff 3012      7.8887e+08 7.8213e+08  0.85%  78.9 46841s
 75770 28170     cutoff 3020      7.8887e+08 7.8213e+08  0.85%  78.8 46860s
 75779 28170 7.8832e+08   91  243 7.8887e+08 7.8213e+08  0.85%  78.8 46861s
 75853 28225 7.8858e+08 3027  168 7.8887e+08 7.8213e+08  0.85%  78.8 46881s
 75929 28273     cutoff 3031      7.8887e+08 7.8213e+08  0.85%  78.7 46904s
 76016 28328 7.8859e+08 3038  171 7.8887e+08 7.8213e+08  0.85%  78.7 46922s
 76102 28386 7.8859e+08 3044  170 7.8887e+08 7.8213e+08  0.85%  78.7 46940s
 76183 28453 7.8860e+08 3051  165 7.8887e+08 7.8213e+08  0.85%  78.6 46959s
 76277 28523 7.8860e+08 3058  164 7.8887e+08 7.8213e+08  0.85%  78.6 46977s
 76364 28592     cutoff 3062      7.8887e+08 7.8213e+08  0.85%  78.5 46996s
 76453 28660 7.8861e+08 3068  164 7.8887e+08 7.8213e+08  0.85%  78.5 47015s
 76545 28725     cutoff 3076      7.8887e+08 7.8213e+08  0.85%  78.4 47034s
 76634 28794     cutoff 3081      7.8887e+08 7.8213e+08  0.85%  78.4 47052s
 76727 28865     cutoff 3086      7.8887e+08 7.8213e+08  0.85%  78.3 47068s
 76815 28948 7.8862e+08 3091  166 7.8887e+08 7.8213e+08  0.85%  78.3 47083s
 76909 29025     cutoff 3096      7.8887e+08 7.8213e+08  0.85%  78.2 47101s
 76983 29025 7.8876e+08  194  268 7.8887e+08 7.8213e+08  0.85%  78.1 47102s
 77004 29096 7.8864e+08 3102  154 7.8887e+08 7.8213e+08  0.85%  78.1 47121s
 77101 29158 7.8864e+08 3108  156 7.8887e+08 7.8213e+08  0.85%  78.1 47136s
 77190 29216 7.8864e+08 3113  152 7.8887e+08 7.8213e+08  0.85%  78.0 47158s
 77278 29292     cutoff 3117      7.8887e+08 7.8213e+08  0.85%  78.0 47179s
 77376 29370 7.8865e+08 3126  154 7.8887e+08 7.8213e+08  0.85%  77.9 47198s
 77464 29370 7.8880e+08 3031  158 7.8887e+08 7.8213e+08  0.85%  77.9 47199s
 77475 29454 7.8865e+08 3134  152 7.8887e+08 7.8213e+08  0.85%  77.8 47215s
 77578 29524     cutoff 3141      7.8887e+08 7.8213e+08  0.85%  77.8 47231s
 77667 29582 7.8865e+08 3146  146 7.8887e+08 7.8213e+08  0.85%  77.7 47260s
 77745 29582 7.8884e+08 3065  160 7.8887e+08 7.8213e+08  0.85%  77.7 47261s
 77755 29652     cutoff 3153      7.8887e+08 7.8213e+08  0.85%  77.7 47322s
 77843 29721     cutoff 3158      7.8887e+08 7.8213e+08  0.85%  77.6 47355s
 77930 29783     cutoff 3163      7.8887e+08 7.8213e+08  0.85%  77.6 47389s
 78013 29845 7.8867e+08 3171  147 7.8887e+08 7.8213e+08  0.85%  77.6 47436s
 78103 29922 7.8868e+08 3176  150 7.8887e+08 7.8213e+08  0.85%  77.6 47473s
 78188 29981     cutoff 3180      7.8887e+08 7.8213e+08  0.85%  77.5 47510s
 78267 30054 7.8868e+08 3187  149 7.8887e+08 7.8213e+08  0.85%  77.5 47556s
 78354 30103 7.8868e+08 3193  146 7.8887e+08 7.8213e+08  0.85%  77.4 47593s
 78446 30167 7.8868e+08 3200  144 7.8887e+08 7.8213e+08  0.85%  77.4 47664s
 78541 30180 7.8869e+08 3208  143 7.8887e+08 7.8213e+08  0.85%  77.3 47680s

Cutting planes:
  Gomory: 39
  Lift-and-project: 2
  Implied bound: 10
  MIR: 20
  Mixing: 3
  Flow cover: 1058

Explored 78559 nodes (7372607 simplex iterations) in 47683.39 seconds (52907.39 work units)
Thread count was 8 (of 8 available processors)

Solution count 10: 7.88875e+08 7.88875e+08 7.88879e+08 ... 7.89221e+08

Solve interrupted
Best objective 7.888748455312e+08, best bound 7.821340776135e+08, gap 0.8545%

Gurobi 11.0.3 (mac64[arm]) logging started Sat Dec  6 18:44:57 2025

Set parameter LogFile to value "unknown.gurobi.log"
Set parameter DisplayInterval to value 1
Gurobi Optimizer version 11.0.3 build v11.0.3rc0 (mac64[arm] - Darwin 24.6.0 24G90)

CPU model: Apple M1 Pro
Thread count: 8 physical cores, 8 logical processors, using up to 8 threads

Optimize a model with 4065604 rows, 4061124 columns and 16140728 nonzeros
Model fingerprint: 0x2613b41e
Variable types: 2064324 continuous, 1996800 integer (1996800 binary)
Coefficient statistics:
  Matrix range     [5e-03, 6e+07]
  Objective range  [4e-03, 5e+05]
  Bounds range     [1e+00, 1e+00]
  RHS range        [9e-02, 3e+07]
Found heuristic solution: objective 1.742968e+12
Presolve removed 32162 rows and 30882 columns (presolve time = 1s) ...
Presolve removed 61157 rows and 47084 columns (presolve time = 2s) ...
Presolve removed 62371 rows and 48411 columns (presolve time = 4s) ...
Presolve removed 62371 rows and 48411 columns (presolve time = 4s) ...
Presolve removed 63011 rows and 48411 columns (presolve time = 5s) ...
Presolve removed 63011 rows and 48411 columns (presolve time = 6s) ...
Presolve removed 64600 rows and 50000 columns (presolve time = 7s) ...
Presolve removed 66884 rows and 52284 columns (presolve time = 8s) ...
Presolve removed 66884 rows and 52284 columns (presolve time = 9s) ...
Presolve removed 66884 rows and 52811 columns (presolve time = 10s) ...
Presolve removed 66884 rows and 52811 columns (presolve time = 11s) ...
Presolve removed 66884 rows and 52811 columns (presolve time = 12s) ...
Presolve removed 66884 rows and 52811 columns (presolve time = 13s) ...
Presolve removed 66884 rows and 52811 columns (presolve time = 14s) ...
Presolve removed 66884 rows and 52811 columns (presolve time = 15s) ...
Presolve removed 66884 rows and 52811 columns (presolve time = 16s) ...
Presolve removed 66884 rows and 52811 columns (presolve time = 17s) ...
Presolve removed 66884 rows and 52811 columns (presolve time = 18s) ...
Presolve removed 66884 rows and 52811 columns (presolve time = 20s) ...
Presolve removed 66884 rows and 52811 columns (presolve time = 20s) ...
Presolve removed 66884 rows and 52811 columns (presolve time = 21s) ...
Presolve removed 66884 rows and 52811 columns (presolve time = 22s) ...
Presolve removed 66884 rows and 52811 columns (presolve time = 23s) ...
Presolve removed 66884 rows and 52811 columns (presolve time = 24s) ...
Presolve removed 66884 rows and 52811 columns (presolve time = 25s) ...
Presolve removed 66884 rows and 52811 columns (presolve time = 27s) ...
Presolve removed 66884 rows and 52811 columns (presolve time = 29s) ...
Presolve removed 66884 rows and 52811 columns (presolve time = 29s) ...
Presolve removed 66884 rows and 52811 columns (presolve time = 30s) ...
Presolve removed 66884 rows and 52811 columns (presolve time = 31s) ...
Presolve removed 66884 rows and 52811 columns (presolve time = 32s) ...
Presolve removed 66884 rows and 52811 columns (presolve time = 33s) ...
Presolve removed 66884 rows and 52811 columns (presolve time = 34s) ...
Presolve removed 66884 rows and 52811 columns (presolve time = 35s) ...
Presolve removed 66884 rows and 52811 columns (presolve time = 36s) ...
Presolve removed 66884 rows and 52811 columns (presolve time = 37s) ...
Presolve removed 66884 rows and 52811 columns (presolve time = 38s) ...
Presolve removed 66884 rows and 52811 columns (presolve time = 39s) ...
Presolve removed 66884 rows and 52811 columns (presolve time = 40s) ...
Presolve removed 66884 rows and 52811 columns (presolve time = 41s) ...
Presolve removed 66884 rows and 52811 columns (presolve time = 42s) ...
Presolve removed 66884 rows and 52811 columns (presolve time = 43s) ...
Presolve removed 66884 rows and 52811 columns (presolve time = 45s) ...
Presolve removed 66884 rows and 52811 columns
Presolve time: 44.82s
Presolved: 3998720 rows, 4008313 columns, 12015953 nonzeros
Variable types: 2012793 continuous, 1995520 integer (1995520 binary)
Root barrier log...

Ordering time: 0.01s

Barrier statistics:
 AA' NZ     : 2.718e+04
 Factor NZ  : 2.071e+05 (roughly 800 MB of memory)
 Factor Ops : 1.311e+07 (less than 1 second per iteration)
 Threads    : 8

                  Objective                Residual
Iter       Primal          Dual         Primal    Dual     Compl     Time
   0   5.24496895e+18 -6.18610109e+16  5.47e+10 3.23e+05  1.58e+13    57s
   1   1.39574000e+18 -4.89356742e+16  1.61e+10 3.04e+05  4.61e+12    57s
   2   3.38742718e+17 -2.64675395e+16  2.88e+09 9.62e+04  8.89e+11    58s
   3   5.22660257e+16 -3.94452181e+15  2.00e+08 9.97e+03  7.00e+10    58s
   4   2.38928660e+16 -8.60714125e+14  9.11e+07 1.45e+03  3.11e+10    58s
   5   9.52942871e+15 -2.63107157e+14  3.62e+07 5.12e+02  1.24e+10    58s
   6   6.37745079e+15 -2.50685519e+14  2.44e+07 4.81e+02  8.34e+09    58s
   7   3.48945847e+15 -1.80653357e+13  1.33e+07 5.12e-09  4.56e+09    58s
   8   6.27789240e+14 -6.38038639e+12  2.39e+06 4.19e-09  8.36e+08    58s
   9   6.21813927e+13 -2.96594370e+12  2.41e+05 4.19e-09  8.50e+07    58s
  10   1.35845562e+13 -3.15226192e+11  5.26e+04 2.79e-09  1.86e+07    58s
  11   1.76091902e+11 -3.99013350e+09  6.56e+02 1.86e-09  2.34e+05    59s
  12   3.10501213e+10 -2.21806704e+09  1.14e+02 9.31e-10  4.12e+04    59s
  13   7.46569647e+09 -1.32473051e+09  2.43e+01 9.31e-10  9.15e+03    59s
  14   3.39809010e+09 -9.50376248e+08  8.84e+00 9.31e-10  3.48e+03    59s
  15   2.66791853e+09 -8.79834638e+08  6.11e+00 1.40e-09  2.49e+03    59s
  16   2.32522912e+09 -8.28481870e+08  4.85e+00 9.58e-10  2.04e+03    59s
  17   2.18918916e+09 -7.52772846e+08  4.36e+00 9.31e-10  1.82e+03    59s
  18   2.03520907e+09 -6.74141661e+08  3.80e+00 1.00e-09  1.59e+03    59s
  19   1.88471010e+09 -5.43776772e+08  3.27e+00 9.31e-10  1.33e+03    60s
  20   1.74751544e+09 -4.51385239e+08  2.79e+00 9.31e-10  1.13e+03    60s
  21   1.58907729e+09 -3.20284597e+08  2.32e+00 9.31e-10  9.17e+02    60s
  22   1.47064385e+09 -2.56984991e+08  1.95e+00 1.40e-09  7.82e+02    60s
  23   1.38186122e+09 -1.42688841e+08  1.65e+00 9.31e-10  6.47e+02    61s
  24   1.26879470e+09 -8.41991143e+07  1.32e+00 9.31e-10  5.38e+02    61s
  25   1.19829476e+09  8.51256754e+07  1.11e+00 9.74e-10  4.15e+02    61s
  26   1.15972917e+09  1.93139272e+08  9.80e-01 9.31e-10  3.45e+02    62s
  27   1.08114628e+09  2.95806680e+08  7.51e-01 9.31e-10  2.62e+02    62s
  28   1.05999191e+09  3.18797771e+08  6.78e-01 9.31e-10  2.41e+02    62s
  29   1.04502089e+09  3.67032782e+08  6.28e-01 9.31e-10  2.16e+02    62s
  30   1.01547173e+09  4.20015006e+08  5.38e-01 1.40e-09  1.84e+02    62s
  31   9.73594552e+08  5.23897343e+08  4.30e-01 9.31e-10  1.32e+02    63s
  32   9.40584371e+08  5.64568747e+08  3.39e-01 1.40e-09  1.07e+02    63s
  33   9.13634530e+08  6.24777601e+08  2.71e-01 9.31e-10  7.93e+01    63s
  34   8.84275988e+08  6.79117418e+08  2.00e-01 9.31e-10  5.44e+01    64s
  35   8.69810194e+08  7.05543271e+08  1.66e-01 9.31e-10  4.28e+01    64s
  36   8.57824591e+08  7.20725568e+08  1.36e-01 9.31e-10  3.53e+01    64s
  37   8.55924569e+08  7.29869750e+08  1.33e-01 1.40e-09  3.23e+01    64s
  38   8.41286016e+08  7.44930876e+08  1.04e-01 9.31e-10  2.44e+01    65s
  39   8.29055775e+08  7.53234776e+08  8.03e-02 1.40e-09  1.91e+01    65s
  40   8.17806384e+08  7.58783631e+08  4.74e-02 9.31e-10  1.48e+01    65s
  41   8.10350505e+08  7.60956945e+08  1.83e-02 9.31e-10  1.24e+01    66s
  42   8.02099802e+08  7.62250424e+08  1.36e-02 9.31e-10  9.96e+00    66s
  43   7.95531799e+08  7.63365708e+08  9.07e-03 9.31e-10  8.04e+00    66s
  44   7.90209228e+08  7.64087950e+08  3.36e-04 9.31e-10  6.52e+00    66s
  45   7.86729019e+08  7.64445263e+08  1.69e-05 9.31e-10  5.56e+00    67s
  46   7.82625787e+08  7.64548366e+08  1.42e-05 1.40e-09  4.51e+00    67s
  47   7.80163232e+08  7.64686287e+08  1.22e-05 9.31e-10  3.86e+00    67s

Barrier solved model in 47 iterations and 67.23 seconds (72.86 work units)
Optimal objective 7.80163232e+08


Root crossover log...

    7659 DPushes remaining with DInf 0.0000000e+00                67s
       0 DPushes remaining with DInf 0.0000000e+00                67s

 2010233 PPushes remaining with PInf 1.0528899e-01                68s
  354984 PPushes remaining with PInf 0.0000000e+00                68s
       0 PPushes remaining with PInf 0.0000000e+00                68s

  Push phase complete: Pinf 0.0000000e+00, Dinf 8.3274198e+05     68s


Root simplex log...

Iteration    Objective       Primal Inf.    Dual Inf.      Time
 2015416    7.6510484e+08   0.000000e+00   8.327420e+05     68s
 2018700    7.6509631e+08   0.000000e+00   0.000000e+00     69s
 2018700    7.6509631e+08   0.000000e+00   1.982782e+09     71s
 2102334    7.6509631e+08   0.000000e+00   1.833555e+09     73s
 2144151    7.6509337e+08   0.000000e+00   1.777419e+09     73s
 2269602    7.6508452e+08   0.000000e+00   1.608913e+09     74s
 2353236    7.6507861e+08   0.000000e+00   1.496656e+09     75s
 2436870    7.6507271e+08   0.000000e+00   1.384283e+09     76s
 2520504    7.6506681e+08   0.000000e+00   1.271903e+09     77s
 2604138    7.6506091e+08   0.000000e+00   1.159540e+09     78s
 2687772    7.6505502e+08   0.000000e+00   1.047183e+09     79s
 2771406    7.6504911e+08   0.000000e+00   9.349059e+08     80s
 2896857    7.6504025e+08   0.000000e+00   7.664180e+08     81s
 2980491    7.6503434e+08   0.000000e+00   6.540987e+08     82s
 3064125    7.6502844e+08   0.000000e+00   5.417121e+08     83s
 3147759    7.6501987e+08   0.000000e+00   4.671145e+08     84s
 3273210    7.6500689e+08   0.000000e+00   3.563447e+08     85s
 3356844    7.6499827e+08   0.000000e+00   2.824826e+08     86s
 3482295    7.6498533e+08   0.000000e+00   1.717450e+08     87s
 3565929    7.6498084e+08   0.000000e+00   1.265022e+08     88s
 3691380    7.6497782e+08   0.000000e+00   8.448327e+07     89s
 3816831    7.6497481e+08   0.000000e+00   4.243246e+07     90s
 3942282    7.6497028e+08   0.000000e+00   1.522525e+07     91s
 4012940    7.6509631e+08   0.000000e+00   0.000000e+00     93s
Extra simplex iterations after uncrush: 1994240

Root relaxation: objective 7.650963e+08, 4012940 iterations, 43.67 seconds (88.21 work units)
Total elapsed time = 95.44s (DegenMoves)

    Nodes    |    Current Node    |     Objective Bounds      |     Work
 Expl Unexpl |  Obj  Depth IntInf | Incumbent    BestBd   Gap | It/Node Time

     0     0 7.6510e+08    0  178 1.7430e+12 7.6510e+08   100%     -  100s
H    0     0                    1.562767e+09 7.6510e+08  51.0%     -  103s
H    0     0                    8.568457e+08 7.6510e+08  10.7%     -  131s
     0     0 7.7026e+08    0  181 8.5685e+08 7.7026e+08  10.1%     -  151s
H    0     0                    8.027253e+08 7.7161e+08  3.88%     -  278s
     0     0 7.7175e+08    0  180 8.0273e+08 7.7175e+08  3.86%     -  281s
     0     0 7.7274e+08    0  177 8.0273e+08 7.7274e+08  3.74%     -  285s
     0     0 7.7321e+08    0  174 8.0273e+08 7.7321e+08  3.68%     -  289s
     0     0 7.7326e+08    0  173 8.0273e+08 7.7326e+08  3.67%     -  295s
     0     0 7.7338e+08    0  170 8.0273e+08 7.7338e+08  3.66%     -  299s
     0     0 7.7345e+08    0  169 8.0273e+08 7.7345e+08  3.65%     -  303s
     0     0 7.7354e+08    0  166 8.0273e+08 7.7354e+08  3.64%     -  307s
     0     0 7.7388e+08    0  169 8.0273e+08 7.7388e+08  3.59%     -  312s
     0     0 7.7402e+08    0  168 8.0273e+08 7.7402e+08  3.58%     -  319s
     0     0 7.7427e+08    0  167 8.0273e+08 7.7427e+08  3.54%     -  323s
     0     0 7.7432e+08    0  164 8.0273e+08 7.7432e+08  3.54%     -  329s
     0     0 7.7517e+08    0  165 8.0273e+08 7.7517e+08  3.43%     -  340s
H    0     0                    8.001202e+08 7.7562e+08  3.06%     -  565s
     0     0 7.7562e+08    0  169 8.0012e+08 7.7562e+08  3.06%     -  568s
     0     0 7.7566e+08    0  168 8.0012e+08 7.7566e+08  3.06%     -  574s
     0     0 7.7569e+08    0  171 8.0012e+08 7.7569e+08  3.05%     -  579s
     0     0 7.7570e+08    0  166 8.0012e+08 7.7570e+08  3.05%     -  584s
     0     0 7.7571e+08    0  167 8.0012e+08 7.7571e+08  3.05%     -  587s
     0     0 7.7575e+08    0  166 8.0012e+08 7.7575e+08  3.05%     -  592s
     0     0 7.7575e+08    0  166 8.0012e+08 7.7575e+08  3.05%     -  597s
     0     0 7.7576e+08    0  168 8.0012e+08 7.7576e+08  3.04%     -  601s
     0     0 7.7576e+08    0  168 8.0012e+08 7.7576e+08  3.04%     -  605s
     0     0 7.7607e+08    0  171 8.0012e+08 7.7607e+08  3.01%     -  619s
     0     0 7.7647e+08    0  172 8.0012e+08 7.7647e+08  2.96%     -  701s
     0     0 7.7650e+08    0  174 8.0012e+08 7.7650e+08  2.95%     -  706s
     0     0 7.7650e+08    0  178 8.0012e+08 7.7650e+08  2.95%     -  710s
     0     0 7.7650e+08    0  178 8.0012e+08 7.7650e+08  2.95%     -  715s
     0     0 7.7655e+08    0  176 8.0012e+08 7.7655e+08  2.95%     -  736s
     0     0 7.7658e+08    0  176 8.0012e+08 7.7658e+08  2.94%     -  756s
     0     0 7.7658e+08    0  174 8.0012e+08 7.7658e+08  2.94%     -  761s
     0     0 7.7658e+08    0  174 8.0012e+08 7.7658e+08  2.94%     -  774s
     0     0 7.7661e+08    0  175 8.0012e+08 7.7661e+08  2.94%     -  787s
     0     0 7.7661e+08    0  173 8.0012e+08 7.7661e+08  2.94%     -  792s
     0     0 7.7661e+08    0  174 8.0012e+08 7.7661e+08  2.94%     -  797s
     0     0 7.7661e+08    0  174 8.0012e+08 7.7661e+08  2.94%     -  802s
     0     0 7.7661e+08    0  174 8.0012e+08 7.7661e+08  2.94%     -  813s
     0     0 7.7695e+08    0  174 8.0012e+08 7.7695e+08  2.90%     -  825s
     0     0 7.7695e+08    0  176 8.0012e+08 7.7695e+08  2.90%     -  829s
     0     0 7.7695e+08    0  172 8.0012e+08 7.7695e+08  2.90%     -  834s
     0     0 7.7695e+08    0  174 8.0012e+08 7.7695e+08  2.90%     -  847s
     0     0 7.7695e+08    0  174 8.0012e+08 7.7695e+08  2.90%     -  861s
     0     0 7.7695e+08    0  174 8.0012e+08 7.7695e+08  2.90%     -  873s
     0     0 7.7695e+08    0  178 8.0012e+08 7.7695e+08  2.90%     -  886s
     0     0 7.7695e+08    0  176 8.0012e+08 7.7695e+08  2.90%     -  893s
     0     0 7.7695e+08    0  180 8.0012e+08 7.7695e+08  2.90%     -  905s
     0     0 7.7695e+08    0  180 8.0012e+08 7.7695e+08  2.90%     -  929s
     0     2 7.7695e+08    0  180 8.0012e+08 7.7695e+08  2.90%     - 1043s
     1     4 7.7696e+08    1  179 8.0012e+08 7.7696e+08  2.89%  32.0 1054s
     3     8 7.7699e+08    2  181 8.0012e+08 7.7699e+08  2.89%  74.7 1076s
     7    16 7.7746e+08    3  183 8.0012e+08 7.7746e+08  2.83%  62.6 1141s
    15    24 7.7756e+08    4  186 8.0012e+08 7.7756e+08  2.82%  72.9 1184s
    16    24 7.7913e+08    4  181 8.0012e+08 7.7757e+08  2.82%  69.6 1185s
    23    32 7.7761e+08    5  184 8.0012e+08 7.7761e+08  2.81%  52.6 1229s
    31    40 7.7771e+08    6  186 8.0012e+08 7.7771e+08  2.80%  70.5 1261s
    39    48 7.7773e+08    7  188 8.0012e+08 7.7773e+08  2.80%  62.6 1297s
    41    48 7.7869e+08    7  177 8.0012e+08 7.7773e+08  2.80%  63.5 1298s
    47    56 7.7789e+08    8  187 8.0012e+08 7.7773e+08  2.80%  61.2 1343s
    55    64 7.7790e+08    9  186 8.0012e+08 7.7773e+08  2.80%  56.5 1386s
    63    72 7.7806e+08   10  182 8.0012e+08 7.7773e+08  2.80%  52.8 1423s
    71    80 7.7825e+08   11  182 8.0012e+08 7.7773e+08  2.80%  54.7 1463s
    79    88 7.7828e+08   12  183 8.0012e+08 7.7773e+08  2.80%  57.5 1507s
    87    96 7.7841e+08   13  181 8.0012e+08 7.7773e+08  2.80%  58.6 1553s
    95   104 7.7847e+08   14  181 8.0012e+08 7.7773e+08  2.80%  57.0 1594s
   103   114 7.7867e+08   15  179 8.0012e+08 7.7773e+08  2.80%  60.8 1639s
   113   123 7.7877e+08   16  187 8.0012e+08 7.7773e+08  2.80%  63.1 1692s
   122   131 7.7877e+08   17  187 8.0012e+08 7.7773e+08  2.80%  70.0 1739s
   130   140 7.7883e+08   18  187 8.0012e+08 7.7773e+08  2.80%  68.6 1780s
   139   151 7.7889e+08   20  189 8.0012e+08 7.7773e+08  2.80%  71.1 1824s
   150   164 7.7905e+08   21  188 8.0012e+08 7.7773e+08  2.80%  71.6 1875s
   163   174 7.7906e+08   22  188 8.0012e+08 7.7773e+08  2.80%  72.2 1914s
   167   174 7.8241e+08   22  187 8.0012e+08 7.7773e+08  2.80%  72.9 1915s
   173   186 7.7907e+08   23  181 8.0012e+08 7.7773e+08  2.80%  73.6 1965s
   185   198 7.7908e+08   25  181 8.0012e+08 7.7773e+08  2.80%  71.5 2016s
   197   212 7.7932e+08   27  191 8.0012e+08 7.7773e+08  2.80%  72.3 2085s
   211   225 7.7933e+08   28  191 8.0012e+08 7.7773e+08  2.80%  71.6 2157s
   224   242 7.7934e+08   30  191 8.0012e+08 7.7773e+08  2.80%  70.6 2391s
   230   242 7.8375e+08   31  188 8.0012e+08 7.7773e+08  2.80%  69.1 2392s
H  234   242                    7.969595e+08 7.7773e+08  2.41%  68.0 2393s
H  236   242                    7.940197e+08 7.7773e+08  2.05%  67.8 2393s
   241   273 7.7936e+08   32  191 7.9402e+08 7.7773e+08  2.05%  67.1 2452s
   272   301 7.7945e+08   36  189 7.9402e+08 7.7773e+08  2.05%  64.0 2497s
   300   331 7.7986e+08   40  192 7.9402e+08 7.7773e+08  2.05%  61.6 2547s
   330   359 7.7992e+08   44  195 7.9402e+08 7.7773e+08  2.05%  58.4 2593s
   358   388 7.7999e+08   48  201 7.9402e+08 7.7773e+08  2.05%  56.1 2651s
   373   388 7.8337e+08   50  186 7.9402e+08 7.7773e+08  2.05%  55.1 2652s

Gurobi 11.0.3 (mac64[arm]) logging started Sun Dec  7 09:21:40 2025

Set parameter LogFile to value "unknown.gurobi.log"
Set parameter DisplayInterval to value 1
Gurobi Optimizer version 11.0.3 build v11.0.3rc0 (mac64[arm] - Darwin 24.6.0 24G90)

CPU model: Apple M1 Pro
Thread count: 8 physical cores, 8 logical processors, using up to 8 threads

Optimize a model with 234708 rows, 234449 columns and 932245 nonzeros
Model fingerprint: 0x3aafaf53
Variable types: 119009 continuous, 115440 integer (115440 binary)
Coefficient statistics:
  Matrix range     [5e-03, 6e+07]
  Objective range  [2e-03, 5e+05]
  Bounds range     [1e+00, 1e+00]
  RHS range        [9e-02, 6e+08]
Found heuristic solution: objective 1.742968e+12
Presolve removed 3532 rows and 2820 columns (presolve time = 1s) ...
Presolve removed 3532 rows and 2820 columns
Presolve time: 1.95s
Presolved: 231176 rows, 231629 columns, 694460 nonzeros
Variable types: 116263 continuous, 115366 integer (115366 binary)
Root barrier log...

Ordering time: 0.00s

Barrier statistics:
 AA' NZ     : 1.516e+03
 Factor NZ  : 6.780e+03 (roughly 50 MB of memory)
 Factor Ops : 1.207e+05 (less than 1 second per iteration)
 Threads    : 1

                  Objective                Residual
Iter       Primal          Dual         Primal    Dual     Compl     Time
   0   1.48690879e+17 -5.31659170e+15  2.69e+10 2.63e+05  6.84e+12     2s
   1   3.40304163e+16 -3.24215819e+15  6.81e+09 2.59e+05  1.72e+12     2s
   2   9.92674394e+15 -1.63276792e+15  1.79e+09 1.38e+05  4.78e+11     2s
   3   3.85720818e+15 -1.02818210e+15  5.71e+08 8.79e+04  1.63e+11     2s
   4   4.38389804e+14 -1.07710338e+14  3.20e+07 8.44e+03  1.05e+10     2s
   5   1.44624858e+13 -2.51285206e+12  7.40e+05 3.26e-09  2.51e+08     2s
   6   2.22592365e+12 -2.45351365e+10  1.07e+05 1.40e-09  3.54e+07     2s
   7   3.50301123e+10  2.99820677e+08  1.64e+03 9.31e-10  5.43e+05     2s
   8   5.09623600e+09  5.09551297e+08  2.03e+02 9.31e-10  6.87e+04     2s
   9   2.66775678e+09  5.69507095e+08  8.80e+01 9.31e-10  3.03e+04     2s
  10   1.53993252e+09  6.28223517e+08  3.48e+01 4.66e-10  1.22e+04     2s
  11   1.18594852e+09  6.62198486e+08  1.86e+01 4.66e-10  6.47e+03     2s
  12   1.16716672e+09  6.66883714e+08  1.76e+01 9.31e-10  6.10e+03     2s
  13   1.04788783e+09  6.78203913e+08  1.25e+01 9.31e-10  4.25e+03     3s
  14   1.00181058e+09  6.84163644e+08  1.03e+01 4.66e-10  3.49e+03     3s
  15   8.93069144e+08  7.01172734e+08  5.26e+00 9.31e-10  1.78e+03     3s
  16   8.44601499e+08  7.19624062e+08  3.19e+00 9.31e-10  9.85e+02     3s
  17   8.21120524e+08  7.32132980e+08  2.14e+00 4.66e-10  6.11e+02     3s
  18   7.99725120e+08  7.40109174e+08  1.22e+00 9.31e-10  3.59e+02     3s
  19   7.89063688e+08  7.53054517e+08  7.95e-01 4.66e-10  1.88e+02     3s
  20   7.81670380e+08  7.63070366e+08  5.16e-01 4.66e-10  8.22e+01     3s
  21   7.76669080e+08  7.63821805e+08  3.49e-01 9.31e-10  5.58e+01     3s
  22   7.74084791e+08  7.64021326e+08  2.70e-01 4.66e-10  4.35e+01     3s

Barrier solved model in 22 iterations and 2.59 seconds (3.25 work units)
Optimal objective 7.74084791e+08


Root crossover log...

     416 DPushes remaining with DInf 0.0000000e+00                 3s
       0 DPushes remaining with DInf 0.0000000e+00                 3s

  116115 PPushes remaining with PInf 1.2303459e+01                 3s
       0 PPushes remaining with PInf 0.0000000e+00                 3s

  Push phase complete: Pinf 0.0000000e+00, Dinf 8.3372410e+07      3s


Root simplex log...

Iteration    Objective       Primal Inf.    Dual Inf.      Time
  116405    7.6453165e+08   0.000000e+00   8.337241e+07      3s
  116707    7.6439773e+08   0.000000e+00   0.000000e+00      3s
  128079    7.6439773e+08   0.000000e+00   9.755738e+07      3s
  232041    7.6439773e+08   0.000000e+00   0.000000e+00      3s
Extra simplex iterations after uncrush: 115334

Root relaxation: objective 7.643977e+08, 232041 iterations, 1.31 seconds (1.92 work units)

    Nodes    |    Current Node    |     Objective Bounds      |     Work
 Expl Unexpl |  Obj  Depth IntInf | Incumbent    BestBd   Gap | It/Node Time

     0     0 7.6440e+08    0   58 1.7430e+12 7.6440e+08   100%     -    3s
H    0     0                    9.314002e+08 7.6440e+08  17.9%     -    3s
H    0     0                    9.164164e+08 7.6440e+08  16.6%     -    5s
     0     0 7.6832e+08    0   57 9.1642e+08 7.6832e+08  16.2%     -    5s
H    0     0                    9.040452e+08 7.7063e+08  14.8%     -    6s
H    0     0                    7.880551e+08 7.7063e+08  2.21%     -    6s
     0     0 7.7063e+08    0   51 7.8806e+08 7.7063e+08  2.21%     -    8s
     0     0 7.7067e+08    0   50 7.8806e+08 7.7067e+08  2.21%     -    8s
     0     0 7.7285e+08    0   51 7.8806e+08 7.7285e+08  1.93%     -    8s
     0     0 7.7484e+08    0   52 7.8806e+08 7.7484e+08  1.68%     -    8s
     0     0 7.7624e+08    0   53 7.8806e+08 7.7624e+08  1.50%     -    8s
     0     0 7.7759e+08    0   54 7.8806e+08 7.7759e+08  1.33%     -    9s
     0     0 7.7872e+08    0   55 7.8806e+08 7.7872e+08  1.18%     -    9s
     0     0 7.7905e+08    0   52 7.8806e+08 7.7905e+08  1.14%     -    9s
     0     0 7.7907e+08    0   49 7.8806e+08 7.7907e+08  1.14%     -    9s
     0     0 7.7922e+08    0   48 7.8806e+08 7.7922e+08  1.12%     -    9s
     0     0 7.7922e+08    0   47 7.8806e+08 7.7922e+08  1.12%     -    9s
     0     0 7.8013e+08    0   48 7.8806e+08 7.8013e+08  1.01%     -    9s
     0     0 7.8036e+08    0   47 7.8806e+08 7.8036e+08  0.98%     -   10s
     0     0 7.8036e+08    0   46 7.8806e+08 7.8036e+08  0.98%     -   10s
     0     0 7.8045e+08    0   47 7.8806e+08 7.8045e+08  0.96%     -   10s
H    0     0                    7.815068e+08 7.8049e+08  0.13%     -   12s
     0     0 7.8069e+08    0   46 7.8151e+08 7.8069e+08  0.11%     -   12s
     0     0 7.8079e+08    0   49 7.8151e+08 7.8079e+08  0.09%     -   13s
     0     0 7.8079e+08    0   49 7.8151e+08 7.8079e+08  0.09%     -   13s
     0     0 7.8079e+08    0   49 7.8151e+08 7.8079e+08  0.09%     -   13s
     0     0 7.8079e+08    0   49 7.8151e+08 7.8079e+08  0.09%     -   13s
     0     0 7.8084e+08    0   50 7.8151e+08 7.8084e+08  0.09%     -   13s
     0     0 7.8085e+08    0   52 7.8151e+08 7.8085e+08  0.08%     -   14s
     0     0 7.8085e+08    0   52 7.8151e+08 7.8085e+08  0.08%     -   14s
     0     0 7.8085e+08    0   50 7.8151e+08 7.8085e+08  0.08%     -   14s
     0     0 7.8089e+08    0   53 7.8151e+08 7.8089e+08  0.08%     -   15s
     0     0 7.8089e+08    0   53 7.8151e+08 7.8089e+08  0.08%     -   15s
     0     0 7.8089e+08    0   53 7.8151e+08 7.8089e+08  0.08%     -   15s
     0     0 7.8090e+08    0   53 7.8151e+08 7.8090e+08  0.08%     -   16s
H    0     0                    7.813436e+08 7.8090e+08  0.06%     -   17s
     0     0 7.8094e+08    0   49 7.8134e+08 7.8094e+08  0.05%     -   18s
     0     0 7.8094e+08    0   51 7.8134e+08 7.8094e+08  0.05%     -   18s
     0     0 7.8094e+08    0   51 7.8134e+08 7.8094e+08  0.05%     -   18s
     0     0 7.8097e+08    0   51 7.8134e+08 7.8097e+08  0.05%     -   18s
     0     0 7.8097e+08    0   51 7.8134e+08 7.8097e+08  0.05%     -   18s
     0     0 7.8097e+08    0   51 7.8134e+08 7.8097e+08  0.05%     -   18s
     0     0 7.8104e+08    0   52 7.8134e+08 7.8104e+08  0.04%     -   19s
     0     0 7.8104e+08    0   52 7.8134e+08 7.8104e+08  0.04%     -   19s
     0     0 7.8104e+08    0   52 7.8134e+08 7.8104e+08  0.04%     -   19s
     0     0 7.8105e+08    0   57 7.8134e+08 7.8105e+08  0.04%     -   20s
     0     0 7.8105e+08    0   57 7.8134e+08 7.8105e+08  0.04%     -   20s
     0     0 7.8105e+08    0   57 7.8134e+08 7.8105e+08  0.04%     -   20s
     0     0 7.8105e+08    0   57 7.8134e+08 7.8105e+08  0.04%     -   20s
     0     0 7.8105e+08    0   57 7.8134e+08 7.8105e+08  0.04%     -   20s
     0     0 7.8105e+08    0   57 7.8134e+08 7.8105e+08  0.04%     -   20s
     0     0 7.8105e+08    0   57 7.8134e+08 7.8105e+08  0.04%     -   21s
     0     0 7.8105e+08    0   57 7.8134e+08 7.8105e+08  0.04%     -   21s
     0     0 7.8105e+08    0   57 7.8134e+08 7.8105e+08  0.04%     -   21s
     0     0 7.8105e+08    0   57 7.8134e+08 7.8105e+08  0.04%     -   21s
     0     0 7.8105e+08    0   57 7.8134e+08 7.8105e+08  0.04%     -   21s
     0     0 7.8105e+08    0   57 7.8134e+08 7.8105e+08  0.04%     -   21s
     0     0 7.8105e+08    0   59 7.8134e+08 7.8105e+08  0.04%     -   22s
     0     0 7.8105e+08    0   59 7.8134e+08 7.8105e+08  0.04%     -   22s
     0     0 7.8108e+08    0   59 7.8134e+08 7.8108e+08  0.03%     -   22s
     0     0 7.8108e+08    0   59 7.8134e+08 7.8108e+08  0.03%     -   22s
     0     0 7.8108e+08    0   59 7.8134e+08 7.8108e+08  0.03%     -   23s
     0     0 7.8108e+08    0   59 7.8134e+08 7.8108e+08  0.03%     -   23s
     0     0 7.8108e+08    0   58 7.8134e+08 7.8108e+08  0.03%     -   23s
     0     0 7.8108e+08    0   58 7.8134e+08 7.8108e+08  0.03%     -   24s
     0     0 7.8108e+08    0   58 7.8134e+08 7.8108e+08  0.03%     -   24s
     0     0 7.8108e+08    0   58 7.8134e+08 7.8108e+08  0.03%     -   25s
     0     0 7.8108e+08    0   58 7.8134e+08 7.8108e+08  0.03%     -   26s
     0     0 7.8108e+08    0   58 7.8134e+08 7.8108e+08  0.03%     -   26s
     0     0 7.8108e+08    0   56 7.8134e+08 7.8108e+08  0.03%     -   27s
     0     0 7.8108e+08    0   56 7.8134e+08 7.8108e+08  0.03%     -   27s
     0     0 7.8109e+08    0   56 7.8134e+08 7.8109e+08  0.03%     -   28s
     0     0 7.8109e+08    0   55 7.8134e+08 7.8109e+08  0.03%     -   28s
     0     0 7.8109e+08    0   55 7.8134e+08 7.8109e+08  0.03%     -   29s
     0     0 7.8109e+08    0   55 7.8134e+08 7.8109e+08  0.03%     -   29s
     0     0 7.8109e+08    0   55 7.8134e+08 7.8109e+08  0.03%     -   30s
     0     0 7.8109e+08    0   55 7.8134e+08 7.8109e+08  0.03%     -   30s
     0     0 7.8109e+08    0   55 7.8134e+08 7.8109e+08  0.03%     -   31s
     0     0 7.8109e+08    0   55 7.8134e+08 7.8109e+08  0.03%     -   31s
     0     0 7.8110e+08    0   55 7.8134e+08 7.8110e+08  0.03%     -   32s
     0     0 7.8110e+08    0   55 7.8134e+08 7.8110e+08  0.03%     -   32s
     0     0 7.8110e+08    0   55 7.8134e+08 7.8110e+08  0.03%     -   32s
     0     0 7.8110e+08    0   55 7.8134e+08 7.8110e+08  0.03%     -   32s
     0     0 7.8110e+08    0   55 7.8134e+08 7.8110e+08  0.03%     -   33s
     0     0 7.8110e+08    0   55 7.8134e+08 7.8110e+08  0.03%     -   33s
     0     0 7.8110e+08    0   55 7.8134e+08 7.8110e+08  0.03%     -   34s
     0     0 7.8110e+08    0   55 7.8134e+08 7.8110e+08  0.03%     -   34s
     0     0 7.8110e+08    0   55 7.8134e+08 7.8110e+08  0.03%     -   34s
     0     0 7.8110e+08    0   55 7.8134e+08 7.8110e+08  0.03%     -   35s
     0     0 7.8110e+08    0   55 7.8134e+08 7.8110e+08  0.03%     -   35s
     0     0 7.8110e+08    0   55 7.8134e+08 7.8110e+08  0.03%     -   36s
     0     0 7.8110e+08    0   55 7.8134e+08 7.8110e+08  0.03%     -   36s
     0     0 7.8110e+08    0   55 7.8134e+08 7.8110e+08  0.03%     -   36s
     0     0 7.8110e+08    0   55 7.8134e+08 7.8110e+08  0.03%     -   37s
     0     0 7.8110e+08    0   55 7.8134e+08 7.8110e+08  0.03%     -   37s
     0     0 7.8110e+08    0   55 7.8134e+08 7.8110e+08  0.03%     -   38s
     0     0 7.8110e+08    0   55 7.8134e+08 7.8110e+08  0.03%     -   38s
     0     0 7.8111e+08    0   55 7.8134e+08 7.8111e+08  0.03%     -   38s
     0     0 7.8111e+08    0   55 7.8134e+08 7.8111e+08  0.03%     -   39s
     0     0 7.8111e+08    0   55 7.8134e+08 7.8111e+08  0.03%     -   39s
     0     0 7.8111e+08    0   55 7.8134e+08 7.8111e+08  0.03%     -   40s
     0     0 7.8111e+08    0   55 7.8134e+08 7.8111e+08  0.03%     -   40s
     0     0 7.8111e+08    0   55 7.8134e+08 7.8111e+08  0.03%     -   41s
     0     0 7.8111e+08    0   55 7.8134e+08 7.8111e+08  0.03%     -   41s
     0     0 7.8111e+08    0   55 7.8134e+08 7.8111e+08  0.03%     -   42s
     0     0 7.8111e+08    0   55 7.8134e+08 7.8111e+08  0.03%     -   42s
     0     0 7.8111e+08    0   55 7.8134e+08 7.8111e+08  0.03%     -   43s
     0     0 7.8111e+08    0   55 7.8134e+08 7.8111e+08  0.03%     -   43s
     0     0 7.8111e+08    0   55 7.8134e+08 7.8111e+08  0.03%     -   44s
     0     0 7.8111e+08    0   55 7.8134e+08 7.8111e+08  0.03%     -   44s
     0     0 7.8111e+08    0   55 7.8134e+08 7.8111e+08  0.03%     -   45s
     0     0 7.8111e+08    0   55 7.8134e+08 7.8111e+08  0.03%     -   45s
     0     0 7.8111e+08    0   55 7.8134e+08 7.8111e+08  0.03%     -   46s
     0     0 7.8111e+08    0   55 7.8134e+08 7.8111e+08  0.03%     -   46s
     0     0 7.8111e+08    0   55 7.8134e+08 7.8111e+08  0.03%     -   47s
H    0     0                    7.813415e+08 7.8111e+08  0.03%     -   53s
     0     0 7.8113e+08    0   58 7.8134e+08 7.8113e+08  0.03%     -   68s
     0     0 7.8113e+08    0   67 7.8134e+08 7.8113e+08  0.03%     -   69s
     0     0 7.8113e+08    0   62 7.8134e+08 7.8113e+08  0.03%     -   70s
     0     0 7.8113e+08    0   61 7.8134e+08 7.8113e+08  0.03%     -   70s
     0     0 7.8113e+08    0   48 7.8134e+08 7.8113e+08  0.03%     -   70s
     0     0 7.8113e+08    0   46 7.8134e+08 7.8113e+08  0.03%     -   71s
     0     0 7.8113e+08    0   44 7.8134e+08 7.8113e+08  0.03%     -   72s
     0     0 7.8113e+08    0   45 7.8134e+08 7.8113e+08  0.03%     -   73s
     0     0 7.8113e+08    0   47 7.8134e+08 7.8113e+08  0.03%     -   74s
     0     0 7.8113e+08    0   47 7.8134e+08 7.8113e+08  0.03%     -   75s
     0     0 7.8113e+08    0   50 7.8134e+08 7.8113e+08  0.03%     -   75s
     0     0 7.8113e+08    0   50 7.8134e+08 7.8113e+08  0.03%     -   76s
     0     2 7.8113e+08    0   50 7.8134e+08 7.8113e+08  0.03%     -   79s
     7    13 7.8113e+08    3   47 7.8134e+08 7.8113e+08  0.03%  11.9   80s
    38    30 7.8113e+08    7   47 7.8134e+08 7.8113e+08  0.03%  10.7   81s
    70    46 7.8113e+08   11   47 7.8134e+08 7.8113e+08  0.03%   7.2   83s
H   71    46                    7.813171e+08 7.8113e+08  0.02%   7.1   83s
    78    53 7.8113e+08   12   43 7.8132e+08 7.8113e+08  0.02%  10.6   84s
H   79    53                    7.813143e+08 7.8113e+08  0.02%  10.5   84s
   102    62 7.8113e+08   15   43 7.8131e+08 7.8113e+08  0.02%  38.2   85s
   168   127 7.8113e+08   25   43 7.8131e+08 7.8113e+08  0.02%  24.2   86s
   264   203 7.8113e+08   41   43 7.8131e+08 7.8113e+08  0.02%  17.9   87s
   375   298 7.8113e+08   54   43 7.8131e+08 7.8113e+08  0.02%  16.7   88s
   463   382 7.8113e+08   63   43 7.8131e+08 7.8113e+08  0.02%  15.8   89s
   558   464 7.8113e+08   72   43 7.8131e+08 7.8113e+08  0.02%  13.6   90s
   620   496 7.8113e+08   79   43 7.8131e+08 7.8113e+08  0.02%  12.5   91s
H  623   496                    7.813143e+08 7.8113e+08  0.02%  12.4   91s
   661   557 7.8113e+08   84   43 7.8131e+08 7.8113e+08  0.02%  11.9   92s
   735   623 7.8113e+08   93   43 7.8131e+08 7.8113e+08  0.02%  11.4   93s
   811   727 7.8113e+08  102   43 7.8131e+08 7.8113e+08  0.02%  13.9   94s
   965   893 7.8113e+08  122   43 7.8131e+08 7.8113e+08  0.02%  12.5   95s
  1142  1056 7.8113e+08  147   43 7.8131e+08 7.8113e+08  0.02%  12.1   96s
  1278  1171 7.8113e+08  160   43 7.8131e+08 7.8113e+08  0.02%  11.3   97s
  1409  1313 7.8113e+08  175   43 7.8131e+08 7.8113e+08  0.02%  10.7   98s
  1493  1384 7.8113e+08  187   43 7.8131e+08 7.8113e+08  0.02%  10.3   99s
  1643  1493 7.8113e+08  204   43 7.8131e+08 7.8113e+08  0.02%  10.1  100s
  1683  1588 7.8113e+08  208   49 7.8131e+08 7.8113e+08  0.02%   9.9  101s
  1786  1671 7.8113e+08  217   43 7.8131e+08 7.8113e+08  0.02%  10.3  102s
  1986  1774 7.8121e+08   48   55 7.8131e+08 7.8113e+08  0.02%  10.8  117s
  1988  1775 7.8122e+08  115   57 7.8131e+08 7.8113e+08  0.02%  10.8  120s
  1989  1776 7.8123e+08  213   62 7.8131e+08 7.8113e+08  0.02%  10.8  122s
  1993  1779 7.8121e+08  168   46 7.8131e+08 7.8113e+08  0.02%  10.7  123s
H 1995  1690                    7.813123e+08 7.8116e+08  0.02%  10.7  126s
H 1998  1608                    7.813077e+08 7.8118e+08  0.02%  10.7  127s
  2001  1610 7.8130e+08  104   45 7.8131e+08 7.8118e+08  0.02%  10.7  130s
H 2001  1529                    7.813066e+08 7.8119e+08  0.02%  10.7  131s
  2005  1532 7.8119e+08  146   52 7.8131e+08 7.8119e+08  0.01%  10.7  132s
H 2005  1455                    7.813053e+08 7.8119e+08  0.01%  10.7  134s
  2006  1455 7.8122e+08   75   52 7.8131e+08 7.8119e+08  0.01%  10.7  135s
  2009  1457 7.8122e+08   69   57 7.8131e+08 7.8119e+08  0.01%  10.7  137s
  2010  1458 7.8121e+08  127   59 7.8131e+08 7.8121e+08  0.01%  10.6  138s
  2013  1460 7.8122e+08   78   59 7.8131e+08 7.8121e+08  0.01%  10.6  141s
  2016  1462 7.8122e+08  169   62 7.8131e+08 7.8121e+08  0.01%  10.6  142s
  2018  1463 7.8122e+08  181   64 7.8131e+08 7.8122e+08  0.01%  10.6  144s

Cutting planes:
  Gomory: 17
  Lift-and-project: 3
  Cover: 2
  Implied bound: 6
  MIR: 28
  Mixing: 4
  Flow cover: 129
  Relax-and-lift: 5

Explored 2018 nodes (613671 simplex iterations) in 145.12 seconds (205.66 work units)
Thread count was 8 (of 8 available processors)

Solution count 10: 7.81305e+08 7.81305e+08 7.81307e+08 ... 7.81507e+08

Optimal solution found (tolerance 1.00e-04)
Best objective 7.813053321521e+08, best bound 7.812320544905e+08, gap 0.0094%

Gurobi 11.0.3 (mac64[arm]) logging started Sun Dec  7 12:25:54 2025

Set parameter LogFile to value "unknown.gurobi.log"
Set parameter DisplayInterval to value 1
Gurobi Optimizer version 11.0.3 build v11.0.3rc0 (mac64[arm] - Darwin 24.6.0 24G90)

CPU model: Apple M1 Pro
Thread count: 8 physical cores, 8 logical processors, using up to 8 threads

Optimize a model with 251908 rows, 251068 columns and 985296 nonzeros
Model fingerprint: 0x61fb3aa8
Variable types: 131668 continuous, 119400 integer (119400 binary)
Coefficient statistics:
  Matrix range     [5e-03, 6e+07]
  Objective range  [1e-02, 5e+05]
  Bounds range     [1e+00, 1e+00]
  RHS range        [1e+00, 2e+08]
Found heuristic solution: objective 1.742968e+12
Presolve removed 12148 rows and 9650 columns (presolve time = 1s) ...
Presolve removed 12148 rows and 9650 columns (presolve time = 2s) ...
Presolve removed 12148 rows and 9650 columns (presolve time = 3s) ...
Presolve removed 12148 rows and 9650 columns
Presolve time: 3.04s
Presolved: 239760 rows, 241418 columns, 722698 nonzeros
Variable types: 122258 continuous, 119160 integer (119160 binary)
Root barrier log...

Ordering time: 0.00s

Barrier statistics:
 AA' NZ     : 5.020e+03
 Factor NZ  : 2.678e+04 (roughly 50 MB of memory)
 Factor Ops : 7.115e+05 (less than 1 second per iteration)
 Threads    : 1

                  Objective                Residual
Iter       Primal          Dual         Primal    Dual     Compl     Time
   0   6.22508445e+16 -6.79162427e+15  5.49e+09 2.81e+05  4.41e+12     4s
   1   1.53416381e+16 -4.64774879e+15  1.50e+09 2.30e+05  1.20e+12     4s
   2   3.68651601e+15 -6.80542874e+14  2.43e+08 2.16e+04  1.99e+11     4s
   3   1.40837399e+15 -2.10671045e+14  8.99e+07 5.40e+03  7.41e+10     4s
   4   4.24042897e+14 -8.79041933e+13  2.67e+07 2.26e+03  2.23e+10     4s
   5   9.09560182e+13 -3.66628326e+13  5.62e+06 8.89e+02  4.83e+09     4s
   6   3.24467794e+12 -1.77514635e+12  1.13e+05 2.33e-09  1.05e+08     4s
   7   7.33778843e+11 -6.51702378e+10  2.29e+04 2.33e-09  2.03e+07     4s
   8   8.90699971e+09 -6.19321842e+09  2.17e+02 9.31e-10  2.24e+05     4s
   9   2.58252337e+09 -1.28219051e+09  4.51e+01 9.31e-10  4.95e+04     4s
  10   1.43427192e+09 -2.85220442e+07  1.34e+01 9.31e-10  1.57e+04     4s
  11   1.13006643e+09  4.06971452e+08  5.52e+00 1.40e-09  6.58e+03     4s
  12   1.10784710e+09  4.44255789e+08  5.07e+00 9.31e-10  5.91e+03     4s
  13   1.05929441e+09  4.88274458e+08  4.30e+00 9.31e-10  4.86e+03     4s
  14   9.79062727e+08  5.18657688e+08  2.94e+00 9.31e-10  3.50e+03     4s
  15   9.24186517e+08  5.71493604e+08  2.14e+00 9.31e-10  2.46e+03     4s
  16   8.81319111e+08  5.98440263e+08  1.54e+00 9.31e-10  1.82e+03     4s
  17   8.41602760e+08  6.30266151e+08  9.37e-01 9.31e-10  1.21e+03     4s
  18   8.17703835e+08  6.94367869e+08  6.05e-01 9.31e-10  6.36e+02     4s
  19   8.02014287e+08  7.10833720e+08  3.91e-01 9.31e-10  4.40e+02     4s
  20   7.90140509e+08  7.34404863e+08  2.43e-01 9.31e-10  2.53e+02     4s
  21   7.87229808e+08  7.41951196e+08  2.08e-01 4.90e-10  2.01e+02     4s
  22   7.82665403e+08  7.46952016e+08  1.55e-01 4.97e-10  1.56e+02     4s
  23   7.81081376e+08  7.54715380e+08  1.37e-01 9.31e-10  1.13e+02     4s
  24   7.77731710e+08  7.58263877e+08  1.00e-01 9.31e-10  8.25e+01     4s
  25   7.75941134e+08  7.61146361e+08  8.11e-02 9.31e-10  6.21e+01     4s

Barrier solved model in 25 iterations and 3.82 seconds (3.68 work units)
Optimal objective 7.75941134e+08


Root crossover log...

    1438 DPushes remaining with DInf 0.0000000e+00                 4s
       0 DPushes remaining with DInf 0.0000000e+00                 4s

  121778 PPushes remaining with PInf 1.2396134e+01                 4s
   40947 PPushes remaining with PInf 0.0000000e+00                 4s
       0 PPushes remaining with PInf 0.0000000e+00                 4s

  Push phase complete: Pinf 0.0000000e+00, Dinf 5.2632546e+08      4s


Root simplex log...

Iteration    Objective       Primal Inf.    Dual Inf.      Time
  122765    7.6512972e+08   0.000000e+00   5.263255e+08      4s
  124186    7.6462494e+08   0.000000e+00   0.000000e+00      4s
  243245    7.6462494e+08   0.000000e+00   0.000000e+00      5s
Extra simplex iterations after uncrush: 119059

Root relaxation: objective 7.646249e+08, 243245 iterations, 1.81 seconds (2.13 work units)

    Nodes    |    Current Node    |     Objective Bounds      |     Work
 Expl Unexpl |  Obj  Depth IntInf | Incumbent    BestBd   Gap | It/Node Time

     0     0 7.6462e+08    0  120 1.7430e+12 7.6462e+08   100%     -    5s
H    0     0                    1.295140e+09 7.6462e+08  41.0%     -    5s
H    0     0                    8.996703e+08 7.6462e+08  15.0%     -    7s
     0     0 7.7877e+08    0  109 8.9967e+08 7.7877e+08  13.4%     -    8s
H    0     0                    7.873053e+08 7.7918e+08  1.03%     -   14s
     0     0 7.8053e+08    0   87 7.8731e+08 7.8053e+08  0.86%     -   14s
     0     0 7.8056e+08    0   86 7.8731e+08 7.8056e+08  0.86%     -   14s
     0     0 7.8072e+08    0   95 7.8731e+08 7.8072e+08  0.84%     -   15s
     0     0 7.8082e+08    0   97 7.8731e+08 7.8082e+08  0.82%     -   19s
     0     0 7.8086e+08    0   99 7.8731e+08 7.8086e+08  0.82%     -   20s
     0     0 7.8093e+08    0  105 7.8731e+08 7.8093e+08  0.81%     -   21s
     0     0 7.8111e+08    0  108 7.8731e+08 7.8111e+08  0.79%     -   21s
     0     0 7.8111e+08    0  108 7.8731e+08 7.8111e+08  0.79%     -   21s
     0     0 7.8113e+08    0  110 7.8731e+08 7.8113e+08  0.78%     -   22s
     0     0 7.8118e+08    0  111 7.8731e+08 7.8118e+08  0.78%     -   23s
     0     0 7.8118e+08    0  107 7.8731e+08 7.8118e+08  0.78%     -   23s
     0     0 7.8124e+08    0  109 7.8731e+08 7.8124e+08  0.77%     -   24s
     0     0 7.8124e+08    0  109 7.8731e+08 7.8124e+08  0.77%     -   24s
H    0     0                    7.872732e+08 7.8124e+08  0.77%     -   40s
     0     0 7.8124e+08    0  109 7.8727e+08 7.8124e+08  0.77%     -   40s
     0     0 7.8124e+08    0  109 7.8727e+08 7.8124e+08  0.77%     -   41s
     0     2 7.8125e+08    0  109 7.8727e+08 7.8125e+08  0.76%     -   50s
     6     5 7.8138e+08    3  106 7.8727e+08 7.8138e+08  0.75%  35.8   51s
    15    10 7.8147e+08    5  104 7.8727e+08 7.8147e+08  0.74%  31.7   52s
    31    14 7.8157e+08    7  105 7.8727e+08 7.8157e+08  0.72%  30.9   53s
    47    17 7.8173e+08    9  108 7.8727e+08 7.8173e+08  0.70%  36.2   54s
    79    29 7.8192e+08   13  104 7.8727e+08 7.8186e+08  0.69%  30.8   55s
   106    48 7.8204e+08   16  109 7.8727e+08 7.8186e+08  0.69%  28.1   56s
   144    89 7.8221e+08   20  108 7.8727e+08 7.8186e+08  0.69%  27.6   57s
   196   127 7.8223e+08   26  106 7.8727e+08 7.8186e+08  0.69%  25.0   58s
   252   171 7.8230e+08   32  103 7.8727e+08 7.8186e+08  0.69%  22.5   59s
   320   236 7.8264e+08   39  106 7.8727e+08 7.8186e+08  0.69%  21.0   60s
   375   265 7.8267e+08   46  107 7.8727e+08 7.8186e+08  0.69%  19.6   61s
   423   306 7.8269e+08   51  107 7.8727e+08 7.8186e+08  0.69%  18.7   62s
   484   350 7.8282e+08   55  109 7.8727e+08 7.8186e+08  0.69%  17.5   63s
H  517   354                    7.865634e+08 7.8186e+08  0.60%  16.7   72s
H  518   354                    7.857167e+08 7.8186e+08  0.49%  16.7   72s
H  520   354                    7.851969e+08 7.8186e+08  0.43%  16.6   72s
H  521   354                    7.851414e+08 7.8186e+08  0.42%  16.6   72s
   525   353 7.8284e+08   59  109 7.8514e+08 7.8186e+08  0.42%  16.6   74s
   614   392 7.8307e+08   69  113 7.8514e+08 7.8186e+08  0.42%  17.4   75s
   689   434 7.8316e+08   79  109 7.8514e+08 7.8186e+08  0.42%  17.4   77s
   767   469 7.8326e+08   87  112 7.8514e+08 7.8186e+08  0.42%  16.9   78s
   818   482 7.8329e+08   91  110 7.8514e+08 7.8186e+08  0.42%  16.5   79s
   873   469 7.8335e+08   98  108 7.8514e+08 7.8186e+08  0.42%  16.0   80s
   926   448 7.8345e+08  104  108 7.8514e+08 7.8186e+08  0.42%  15.7   81s
   973   461 7.8349e+08  108  107 7.8514e+08 7.8186e+08  0.42%  15.3   82s
  1027   472 7.8358e+08  112  109 7.8514e+08 7.8186e+08  0.42%  15.1   83s
  1086   503 7.8361e+08  118  110 7.8514e+08 7.8186e+08  0.42%  15.4   84s
  1146   549 7.8363e+08  126  106 7.8514e+08 7.8186e+08  0.42%  15.1   85s
  1208   574 7.8367e+08  134  104 7.8514e+08 7.8186e+08  0.42%  14.8   86s
  1266   601 7.8368e+08  141  110 7.8514e+08 7.8186e+08  0.42%  14.5   87s
  1322   647 7.8372e+08  149  110 7.8514e+08 7.8186e+08  0.42%  14.1   88s
  1464   786 7.8374e+08  159  113 7.8514e+08 7.8186e+08  0.42%  13.7   89s
  1556   818 7.8377e+08  166  114 7.8514e+08 7.8186e+08  0.42%  13.3   91s
  1594   907 7.8379e+08  173  114 7.8514e+08 7.8186e+08  0.42%  13.2   92s
  1690   995 7.8381e+08  188  114 7.8514e+08 7.8186e+08  0.42%  12.8   93s
  1791   996 7.8365e+08  131  109 7.8514e+08 7.8186e+08  0.42%  12.5  110s
  1793   997 7.8440e+08  103  123 7.8514e+08 7.8186e+08  0.42%  12.4  115s
H 1793   947                    7.848293e+08 7.8186e+08  0.38%  12.4  123s
  1796   949 7.8429e+08   89   87 7.8483e+08 7.8186e+08  0.38%  12.4  124s
  1800   952 7.8408e+08  104  109 7.8483e+08 7.8186e+08  0.38%  12.4  125s
  1802   953 7.8467e+08  156  113 7.8483e+08 7.8186e+08  0.38%  12.4  127s
  1803   954 7.8365e+08  131  108 7.8483e+08 7.8186e+08  0.38%  12.4  131s
  1804   955 7.8468e+08  161  124 7.8483e+08 7.8194e+08  0.37%  12.4  132s
  1807   957 7.8351e+08   26  136 7.8483e+08 7.8226e+08  0.33%  12.3  133s
  1808   957 7.8444e+08  101  135 7.8483e+08 7.8244e+08  0.30%  12.3  135s
  1809   958 7.8425e+08   80  131 7.8483e+08 7.8247e+08  0.30%  12.3  140s
  1810   959 7.8389e+08   56  135 7.8483e+08 7.8268e+08  0.27%  12.3  141s
  1811   959 7.8459e+08    6  136 7.8483e+08 7.8272e+08  0.27%  12.3  142s
  1812   960 7.8432e+08  140  137 7.8483e+08 7.8281e+08  0.26%  12.3  146s
  1815   962 7.8472e+08   57  148 7.8483e+08 7.8285e+08  0.25%  12.3  147s
  1817   963 7.8389e+08   50  156 7.8483e+08 7.8288e+08  0.25%  12.3  150s
  1818   964 7.8365e+08  131  145 7.8483e+08 7.8294e+08  0.24%  12.3  151s
  1820   965 7.8398e+08   72  154 7.8483e+08 7.8295e+08  0.24%  12.3  152s
  1821   966 7.8399e+08   62  169 7.8483e+08 7.8300e+08  0.23%  12.3  154s
  1822   967 7.8463e+08  149  157 7.8483e+08 7.8302e+08  0.23%  12.2  157s
  1823   967 7.8438e+08  148  161 7.8483e+08 7.8303e+08  0.23%  12.2  158s
  1825   969 7.8445e+08  160  157 7.8483e+08 7.8309e+08  0.22%  12.2  160s
  1826   969 7.8457e+08   92  155 7.8483e+08 7.8309e+08  0.22%  12.2  163s
  1827   970 7.8483e+08  156  159 7.8483e+08 7.8310e+08  0.22%  12.2  164s
  1828   971 7.8411e+08   84  183 7.8483e+08 7.8315e+08  0.21%  12.2  174s
  1829   971 7.8436e+08  128  180 7.8483e+08 7.8315e+08  0.21%  12.2  175s
  1830   972 7.8400e+08   59  185 7.8483e+08 7.8315e+08  0.21%  12.2  177s
H 1830   922                    7.848214e+08 7.8315e+08  0.21%  12.2  188s
  1832   923 7.8416e+08   85  176 7.8482e+08 7.8323e+08  0.20%  12.2  189s
  1834   925 7.8379e+08  170  189 7.8482e+08 7.8324e+08  0.20%  12.2  190s
  1835   925 7.8381e+08  182  172 7.8482e+08 7.8326e+08  0.20%  12.2  193s
  1836   926 7.8434e+08   19  178 7.8482e+08 7.8327e+08  0.20%  12.2  196s
  1837   927 7.8457e+08  126  183 7.8482e+08 7.8329e+08  0.20%  12.1  197s
  1839   928 7.8435e+08   85  178 7.8482e+08 7.8329e+08  0.19%  12.1  198s
  1840   929 7.8387e+08   53  190 7.8482e+08 7.8332e+08  0.19%  12.1  200s
  1841   929 7.8414e+08   17  190 7.8482e+08 7.8332e+08  0.19%  12.1  202s
  1842   930 7.8356e+08   28  192 7.8482e+08 7.8332e+08  0.19%  12.1  203s
  1844   931 7.8482e+08   41  189 7.8482e+08 7.8336e+08  0.19%  12.1  206s
  1845   932 7.8477e+08  158  190 7.8482e+08 7.8336e+08  0.19%  12.1  209s
  1846   933 7.8482e+08   71  207 7.8482e+08 7.8337e+08  0.18%  12.1  210s
  1847   933 7.8375e+08   31  206 7.8482e+08 7.8337e+08  0.18%  12.1  211s
  1848   934 7.8482e+08   31  199 7.8482e+08 7.8342e+08  0.18%  12.1  213s
  1849   935 7.8369e+08  141  185 7.8482e+08 7.8343e+08  0.18%  12.1  215s
  1850   935 7.8393e+08   80  206 7.8482e+08 7.8343e+08  0.18%  12.1  216s
  1852   937 7.8443e+08   49  203 7.8482e+08 7.8344e+08  0.18%  12.0  217s
  1853   937 7.8464e+08   44  197 7.8482e+08 7.8345e+08  0.17%  12.0  220s
  1854   938 7.8482e+08   57  201 7.8482e+08 7.8345e+08  0.17%  12.0  221s
  1855   939 7.8482e+08   23  195 7.8482e+08 7.8346e+08  0.17%  12.0  226s
  1856   939 7.8464e+08  137  208 7.8482e+08 7.8346e+08  0.17%  12.0  228s
  1857   940 7.8482e+08  114  215 7.8482e+08 7.8347e+08  0.17%  12.0  231s
  1858   941 7.8459e+08  148  203 7.8482e+08 7.8347e+08  0.17%  12.0  234s
  1859   941 7.8429e+08   90  183 7.8482e+08 7.8347e+08  0.17%  12.0  236s
  1860   942 7.8477e+08   21  179 7.8482e+08 7.8351e+08  0.17%  12.0  238s
  1861   943 7.8482e+08   42  177 7.8482e+08 7.8351e+08  0.17%  12.0  239s
  1862   943 7.8397e+08   68  180 7.8482e+08 7.8351e+08  0.17%  12.0  241s
  1863   944 7.8393e+08   70  180 7.8482e+08 7.8351e+08  0.17%  12.0  243s
  1864   945 7.8422e+08   18  177 7.8482e+08 7.8351e+08  0.17%  12.0  245s
  1865   945 7.8482e+08   95  176 7.8482e+08 7.8351e+08  0.17%  12.0  246s
  1866   946 7.8482e+08  176  177 7.8482e+08 7.8351e+08  0.17%  12.0  248s
  1867   947 7.8417e+08  108  172 7.8482e+08 7.8351e+08  0.17%  11.9  249s
  1868   947 7.8457e+08  122  169 7.8482e+08 7.8351e+08  0.17%  11.9  251s
  1869   948 7.8461e+08  147  160 7.8482e+08 7.8351e+08  0.17%  11.9  253s
  1870   949 7.8482e+08  100  172 7.8482e+08 7.8351e+08  0.17%  11.9  254s
  1871   949 7.8448e+08   93  170 7.8482e+08 7.8351e+08  0.17%  11.9  256s
  1872   950 7.8437e+08  102  151 7.8482e+08 7.8351e+08  0.17%  11.9  257s
  1873   951 7.8375e+08   31  151 7.8482e+08 7.8351e+08  0.17%  11.9  259s
  1874   951 7.8408e+08  107  152 7.8482e+08 7.8351e+08  0.17%  11.9  260s
  1875   952 7.8388e+08   66  150 7.8482e+08 7.8351e+08  0.17%  11.9  262s
  1876   953 7.8447e+08   51  151 7.8482e+08 7.8351e+08  0.17%  11.9  264s
  1877   953 7.8482e+08  102  155 7.8482e+08 7.8351e+08  0.17%  11.9  265s
  1878   954 7.8478e+08   24  158 7.8482e+08 7.8351e+08  0.17%  11.9  267s
  1879   955 7.8482e+08   37  162 7.8482e+08 7.8351e+08  0.17%  11.9  268s
  1880   955 7.8402e+08   77  162 7.8482e+08 7.8351e+08  0.17%  11.9  270s
  1881   956 7.8390e+08   64  160 7.8482e+08 7.8351e+08  0.17%  11.9  271s
  1882   957 7.8391e+08   59  158 7.8482e+08 7.8351e+08  0.17%  11.9  273s
  1883   957 7.8413e+08   53  158 7.8482e+08 7.8351e+08  0.17%  11.8  274s
  1884   958 7.8444e+08  108  158 7.8482e+08 7.8351e+08  0.17%  11.8  276s
  1885   959 7.8351e+08  110  156 7.8482e+08 7.8351e+08  0.17%  11.8  277s
  1886   959 7.8375e+08  147  147 7.8482e+08 7.8351e+08  0.17%  11.8  279s
  1887   960 7.8369e+08  141  141 7.8482e+08 7.8351e+08  0.17%  11.8  280s
  1888   961 7.8463e+08  133  150 7.8482e+08 7.8351e+08  0.17%  11.8  282s
  1889   961 7.8397e+08   86  145 7.8482e+08 7.8351e+08  0.17%  11.8  283s
  1890   962 7.8463e+08  141  149 7.8482e+08 7.8351e+08  0.17%  11.8  285s
  1891   963 7.8365e+08  131  145 7.8482e+08 7.8351e+08  0.17%  11.8  286s
  1892   963 7.8420e+08   59  145 7.8482e+08 7.8351e+08  0.17%  11.8  288s
  1893   964 7.8440e+08  103  145 7.8482e+08 7.8351e+08  0.17%  11.8  289s
  1894   965 7.8482e+08   42  147 7.8482e+08 7.8351e+08  0.17%  11.8  291s
  1895   965 7.8454e+08  138  141 7.8482e+08 7.8351e+08  0.17%  11.8  292s
  1896   966 7.8429e+08   89  141 7.8482e+08 7.8351e+08  0.17%  11.8  294s
  1897   967 7.8413e+08  118  142 7.8482e+08 7.8351e+08  0.17%  11.8  295s
  1898   967 7.8396e+08   88  147 7.8482e+08 7.8351e+08  0.17%  11.8  296s
  1899   968 7.8482e+08   20  145 7.8482e+08 7.8351e+08  0.17%  11.7  298s
  1900   969 7.8408e+08  104  147 7.8482e+08 7.8352e+08  0.17%  11.7  299s
  1901   969 7.8451e+08  122  145 7.8482e+08 7.8352e+08  0.17%  11.7  301s
  1902   970 7.8467e+08  156  149 7.8482e+08 7.8352e+08  0.17%  11.7  302s
  1903   971 7.8365e+08  131  149 7.8482e+08 7.8352e+08  0.17%  11.7  303s
  1904   971 7.8468e+08  161  148 7.8482e+08 7.8352e+08  0.17%  11.7  305s
  1905   972 7.8361e+08   32  150 7.8482e+08 7.8352e+08  0.17%  11.7  306s
  1906   973 7.8456e+08  135  150 7.8482e+08 7.8352e+08  0.17%  11.7  308s
  1907   973 7.8352e+08   26  144 7.8482e+08 7.8352e+08  0.17%  11.7  309s
  1908   974 7.8444e+08  101  149 7.8482e+08 7.8352e+08  0.17%  11.7  311s
  1909   975 7.8425e+08   80  151 7.8482e+08 7.8352e+08  0.17%  11.7  312s
  1910   975 7.8389e+08   56  148 7.8482e+08 7.8352e+08  0.17%  11.7  314s
  1911   976 7.8459e+08    6  147 7.8482e+08 7.8352e+08  0.17%  11.7  315s
  1912   977 7.8432e+08  140  144 7.8482e+08 7.8352e+08  0.17%  11.7  316s
  1913   977 7.8363e+08   98  145 7.8482e+08 7.8352e+08  0.17%  11.7  318s
  1914   978 7.8375e+08   27  148 7.8482e+08 7.8352e+08  0.17%  11.7  319s
  1915   979 7.8472e+08   57  146 7.8482e+08 7.8352e+08  0.17%  11.6  320s
  1916   979 7.8381e+08  174  150 7.8482e+08 7.8352e+08  0.17%  11.6  322s
  1917   980 7.8389e+08   50  146 7.8482e+08 7.8352e+08  0.17%  11.6  323s
  1918   981 7.8365e+08  131  144 7.8482e+08 7.8352e+08  0.17%  11.6  325s
  1919   981 7.8438e+08   97  146 7.8482e+08 7.8352e+08  0.17%  11.6  326s
  1920   982 7.8398e+08   72  138 7.8482e+08 7.8352e+08  0.17%  11.6  328s
  1921   983 7.8399e+08   62  140 7.8482e+08 7.8352e+08  0.17%  11.6  329s
  1922   983 7.8463e+08  149  142 7.8482e+08 7.8352e+08  0.17%  11.6  331s
  1923   984 7.8438e+08  148  142 7.8482e+08 7.8352e+08  0.17%  11.6  332s
  1924   985 7.8464e+08   66  140 7.8482e+08 7.8352e+08  0.17%  11.6  333s
  1925   985 7.8445e+08  160  139 7.8482e+08 7.8352e+08  0.17%  11.6  335s
  1926   986 7.8457e+08   92  143 7.8482e+08 7.8352e+08  0.17%  11.6  336s
  1927   987 7.8482e+08  156  142 7.8482e+08 7.8352e+08  0.17%  11.6  337s
  1928   987 7.8411e+08   84  143 7.8482e+08 7.8352e+08  0.17%  11.6  338s
  1929   988 7.8436e+08  128  139 7.8482e+08 7.8353e+08  0.17%  11.6  339s
  1931   989 7.8431e+08  149  140 7.8482e+08 7.8353e+08  0.17%  11.6  340s
  1932   990 7.8416e+08   85  140 7.8482e+08 7.8353e+08  0.17%  11.5  341s
  1934   991 7.8379e+08  170  141 7.8482e+08 7.8353e+08  0.16%  11.5  342s
  1935   992 7.8381e+08  182  141 7.8482e+08 7.8353e+08  0.16%  11.5  343s
  1936   993 7.8434e+08   19  139 7.8482e+08 7.8353e+08  0.16%  11.5  344s
  1937   993 7.8457e+08  126  135 7.8482e+08 7.8353e+08  0.16%  11.5  345s
  1939   995 7.8435e+08   85  135 7.8482e+08 7.8353e+08  0.16%  11.5  346s
  1940   995 7.8387e+08   53  141 7.8482e+08 7.8353e+08  0.16%  11.5  347s
  1942   997 7.8356e+08   28  139 7.8482e+08 7.8353e+08  0.16%  11.5  351s
H 1942   945                    7.848209e+08 7.8353e+08  0.16%  11.5  360s
  1943   945 7.8457e+08  141  139 7.8482e+08 7.8353e+08  0.16%  11.5  368s
H 1943   896                    7.848202e+08 7.8353e+08  0.16%   142  381s
  1948   895 7.8353e+08   19  136 7.8482e+08 7.8353e+08  0.16%   142  382s
  1953   893 7.8353e+08   24  133 7.8482e+08 7.8353e+08  0.16%   142  383s
  1958   892 7.8353e+08   29  133 7.8482e+08 7.8353e+08  0.16%   141  384s
  1964   889 7.8359e+08   34  145 7.8482e+08 7.8359e+08  0.16%   141  385s
  1969   888 7.8359e+08   39  141 7.8482e+08 7.8359e+08  0.16%   141  386s
H 1970   840                    7.848191e+08 7.8359e+08  0.16%   141  390s
  1971   840 7.8382e+08   41  115 7.8482e+08 7.8382e+08  0.13%   141  391s
  1975   839 7.8384e+08   45  116 7.8482e+08 7.8384e+08  0.13%   140  392s
  1979   837 7.8386e+08   48  114 7.8482e+08 7.8386e+08  0.12%   140  393s
  1985   835 7.8390e+08   53  108 7.8482e+08 7.8390e+08  0.12%   140  394s
  1991   834 7.8392e+08   58  112 7.8482e+08 7.8392e+08  0.11%   140  395s
  1999   831 7.8394e+08   63  111 7.8482e+08 7.8394e+08  0.11%   140  396s
  2004   829 7.8394e+08   68  113 7.8482e+08 7.8394e+08  0.11%   139  397s
  2009   827 7.8394e+08   73  111 7.8482e+08 7.8394e+08  0.11%   139  398s
  2015   825 7.8395e+08   79  110 7.8482e+08 7.8395e+08  0.11%   139  399s
  2021   823 7.8395e+08   85  110 7.8482e+08 7.8395e+08  0.11%   138  400s
  2026   822 7.8395e+08   90  110 7.8482e+08 7.8395e+08  0.11%   138  401s
  2032   820 7.8395e+08   96  108 7.8482e+08 7.8395e+08  0.11%   138  402s
  2039   817 7.8396e+08  101  106 7.8482e+08 7.8396e+08  0.11%   138  403s
  2047   818 7.8397e+08  106  107 7.8482e+08 7.8397e+08  0.11%   137  404s
  2054   816 7.8398e+08  108  106 7.8482e+08 7.8398e+08  0.11%   137  405s
  2064   814 7.8400e+08  110  108 7.8482e+08 7.8400e+08  0.10%   137  406s
  2082   808 7.8400e+08  113  106 7.8482e+08 7.8400e+08  0.10%   136  407s
  2095   804 7.8400e+08  115  106 7.8482e+08 7.8400e+08  0.10%   135  408s
  2110   799     cutoff  117      7.8482e+08 7.8401e+08  0.10%   134  409s
  2124   792 7.8407e+08  120  150 7.8482e+08 7.8407e+08  0.10%   134  410s
  2139   786 7.8407e+08  125  142 7.8482e+08 7.8407e+08  0.10%   133  411s
  2150   781 7.8408e+08  129  129 7.8482e+08 7.8408e+08  0.09%   133  412s
  2157   778 7.8409e+08  132  123 7.8482e+08 7.8409e+08  0.09%   133  413s
  2163   776 7.8410e+08  138  119 7.8482e+08 7.8410e+08  0.09%   132  414s
  2169   774 7.8411e+08  144  122 7.8482e+08 7.8411e+08  0.09%   132  415s
  2174   772 7.8411e+08  149  117 7.8482e+08 7.8411e+08  0.09%   132  416s
  2180   771 7.8411e+08  155  113 7.8482e+08 7.8411e+08  0.09%   131  417s
  2185   769 7.8412e+08  159  115 7.8482e+08 7.8412e+08  0.09%   131  418s
  2191   767 7.8412e+08  165  111 7.8482e+08 7.8412e+08  0.09%   131  419s
  2197   765 7.8412e+08  171  115 7.8482e+08 7.8412e+08  0.09%   130  420s
  2203   763 7.8412e+08  177  111 7.8482e+08 7.8412e+08  0.09%   130  421s
  2209   761 7.8412e+08  183  112 7.8482e+08 7.8412e+08  0.09%   130  422s
  2215   759 7.8413e+08  189  114 7.8482e+08 7.8413e+08  0.09%   129  423s
  2220   757 7.8413e+08  194  116 7.8482e+08 7.8413e+08  0.09%   129  424s
  2225   755 7.8421e+08  198  135 7.8482e+08 7.8421e+08  0.08%   129  425s
  2229   754 7.8421e+08  202  135 7.8482e+08 7.8421e+08  0.08%   129  426s
  2236   752 7.8421e+08  208  135 7.8482e+08 7.8421e+08  0.08%   129  427s
  2242   750 7.8422e+08  214  135 7.8482e+08 7.8422e+08  0.08%   129  428s
  2246   748 7.8422e+08  218  126 7.8482e+08 7.8422e+08  0.08%   128  429s
  2250   747 7.8422e+08  222  135 7.8482e+08 7.8422e+08  0.08%   128  430s
  2256   745 7.8422e+08  228  130 7.8482e+08 7.8422e+08  0.08%   128  431s
  2262   743 7.8422e+08  234  128 7.8482e+08 7.8422e+08  0.08%   128  432s
  2266   742 7.8422e+08  238  131 7.8482e+08 7.8422e+08  0.08%   127  433s
  2268   741 7.8423e+08  240  130 7.8482e+08 7.8423e+08  0.08%   127  434s
  2271   740 7.8423e+08  243  133 7.8482e+08 7.8423e+08  0.08%   127  444s
  2275   739 7.8423e+08  247  132 7.8482e+08 7.8423e+08  0.08%   127  445s
  2282   736 7.8423e+08  254  127 7.8482e+08 7.8423e+08  0.08%   127  446s
  2289   734 7.8423e+08  261  128 7.8482e+08 7.8423e+08  0.08%   126  447s
  2294   732     cutoff  264      7.8482e+08 7.8423e+08  0.07%   126  448s
  2297   731 7.8426e+08  268  147 7.8482e+08 7.8426e+08  0.07%   126  450s
  2298   731 7.8426e+08  269  140 7.8482e+08 7.8426e+08  0.07%   126  453s
  2302   730 7.8426e+08  273  139 7.8482e+08 7.8426e+08  0.07%   126  454s
  2308   729 7.8427e+08  279  137 7.8482e+08 7.8427e+08  0.07%   125  455s
  2312   726 7.8429e+08  282  136 7.8482e+08 7.8429e+08  0.07%   125  456s
  2318   724 7.8430e+08  288  124 7.8482e+08 7.8430e+08  0.07%   125  457s
  2322   723 7.8430e+08  292  121 7.8482e+08 7.8430e+08  0.07%   125  458s
  2328   721 7.8430e+08  298  120 7.8482e+08 7.8430e+08  0.07%   125  459s
  2334   719 7.8430e+08  304  118 7.8482e+08 7.8430e+08  0.07%   124  460s
  2339   717 7.8430e+08  309  118 7.8482e+08 7.8430e+08  0.07%   124  461s
  2345   715 7.8430e+08  315  120 7.8482e+08 7.8430e+08  0.07%   124  462s
  2350   714 7.8430e+08  320  115 7.8482e+08 7.8430e+08  0.07%   124  463s
  2359   711     cutoff  328      7.8482e+08 7.8431e+08  0.06%   123  464s
  2363   709 7.8432e+08  332  112 7.8482e+08 7.8432e+08  0.06%   123  465s
  2368   708 7.8433e+08  337  116 7.8482e+08 7.8433e+08  0.06%   123  466s
  2377   705 7.8433e+08  346  116 7.8482e+08 7.8433e+08  0.06%   122  467s
  2382   703 7.8433e+08  351  121 7.8482e+08 7.8433e+08  0.06%   122  468s
  2388   703 7.8479e+08  357  119 7.8482e+08 7.8433e+08  0.06%   122  469s
  2393   699 infeasible  359      7.8482e+08 7.8433e+08  0.06%   122  470s
  2400   698 7.8434e+08  365  132 7.8482e+08 7.8434e+08  0.06%   121  471s
  2408   695 7.8436e+08  371  130 7.8482e+08 7.8436e+08  0.06%   121  472s
  2412   694 7.8470e+08  372  117 7.8482e+08 7.8436e+08  0.06%   121  473s
  2417   692 7.8470e+08  374  105 7.8482e+08 7.8436e+08  0.06%   121  474s
  2422   691 7.8470e+08  377  104 7.8482e+08 7.8437e+08  0.06%   121  477s
  2424   690 7.8470e+08  378  103 7.8482e+08 7.8437e+08  0.06%   121  478s
  2436   686 7.8471e+08  384  112 7.8482e+08 7.8437e+08  0.06%   120  480s
  2438   685 7.8471e+08  385  110 7.8482e+08 7.8437e+08  0.06%   120  481s
  2451   681 7.8471e+08  392  112 7.8482e+08 7.8437e+08  0.06%   119  482s
  2461   678 7.8471e+08  396  107 7.8482e+08 7.8437e+08  0.06%   119  483s
  2473   676 7.8471e+08  402  102 7.8482e+08 7.8437e+08  0.06%   119  484s
  2482   672 7.8471e+08  406  100 7.8482e+08 7.8437e+08  0.06%   118  485s
  2496   667 7.8471e+08  412   98 7.8482e+08 7.8439e+08  0.05%   118  486s
  2503   665 7.8472e+08  415   99 7.8482e+08 7.8439e+08  0.05%   118  487s
  2514   661 7.8472e+08  419   93 7.8482e+08 7.8440e+08  0.05%   117  488s
  2526   657 7.8473e+08  424   92 7.8482e+08 7.8440e+08  0.05%   117  489s
  2535   654 7.8473e+08  427   89 7.8482e+08 7.8440e+08  0.05%   116  490s
  2556   651 7.8473e+08  433   88 7.8482e+08 7.8440e+08  0.05%   115  491s
  2569   645 7.8473e+08  438   77 7.8482e+08 7.8441e+08  0.05%   115  492s
  2589   637 7.8474e+08  444   78 7.8482e+08 7.8441e+08  0.05%   114  494s
  2604   634 7.8475e+08  448   85 7.8482e+08 7.8442e+08  0.05%   114  495s
  2619   640 7.8475e+08  452   84 7.8482e+08 7.8442e+08  0.05%   114  496s
  2649   627 7.8475e+08  456   72 7.8482e+08 7.8443e+08  0.05%   113  498s
  2693   622 7.8475e+08  464   70 7.8482e+08 7.8443e+08  0.05%   112  500s
  2737   608 7.8479e+08  472   80 7.8482e+08 7.8443e+08  0.05%   111  503s
  2755   605 7.8479e+08  475   81 7.8482e+08 7.8443e+08  0.05%   110  513s
H 2764   557                    7.847996e+08 7.8443e+08  0.05%   110  514s
  2780   573 7.8479e+08  478   80 7.8480e+08 7.8443e+08  0.05%   109  516s
  2847   593 7.8479e+08  485   77 7.8480e+08 7.8443e+08  0.05%   107  519s
  2954   622 7.8464e+08  470  143 7.8480e+08 7.8443e+08  0.05%   104  523s
  3110   680 7.8465e+08  488  144 7.8480e+08 7.8443e+08  0.05%   100  528s
  3328   782 7.8469e+08  517  135 7.8480e+08 7.8443e+08  0.05%  95.2  534s
  3620   800 7.8473e+08  556  130 7.8480e+08 7.8443e+08  0.05%  89.5  538s
  3852   864     cutoff  580      7.8480e+08 7.8444e+08  0.05%  85.4  555s
  4040  1060 7.8466e+08  515  132 7.8480e+08 7.8444e+08  0.05%  82.5  561s
  4387  1102 7.8473e+08  566  116 7.8480e+08 7.8445e+08  0.05%  77.5  567s
  4755  1376     cutoff  536      7.8480e+08 7.8446e+08  0.04%  74.6  574s
  5178  1554 7.8457e+08  527  151 7.8480e+08 7.8447e+08  0.04%  70.8  582s
  5518  1863 7.8461e+08  571  129 7.8480e+08 7.8447e+08  0.04%  67.2  592s
  6035  2213 7.8467e+08  486  137 7.8480e+08 7.8449e+08  0.04%  64.0  600s
  6548  2519 7.8477e+08  551  116 7.8480e+08 7.8449e+08  0.04%  61.6  610s
  7068  2811 7.8473e+08  503  137 7.8480e+08 7.8449e+08  0.04%  59.4  623s
  7458  2811 7.8475e+08  928   54 7.8480e+08 7.8449e+08  0.04%  58.4  624s
  7581  3046 7.8476e+08  535  125 7.8480e+08 7.8449e+08  0.04%  58.1  632s
  7646  3046     cutoff  614      7.8480e+08 7.8449e+08  0.04%  57.9  633s
  8084  3332 7.8460e+08  572  147 7.8480e+08 7.8449e+08  0.04%  56.6  644s
  8587  3630 7.8468e+08  637  133 7.8480e+08 7.8449e+08  0.04%  55.1  654s
  9097  3965 7.8473e+08  702  125 7.8480e+08 7.8449e+08  0.04%  54.0  665s
  9598  4094 7.8478e+08  765   95 7.8480e+08 7.8449e+08  0.04%  53.4  676s
  9792  4361 7.8478e+08  771   93 7.8480e+08 7.8450e+08  0.04%  52.9  696s
 10260  4665     cutoff  531      7.8480e+08 7.8450e+08  0.04%  52.0  704s
 10767  4918 7.8461e+08  591  130 7.8480e+08 7.8450e+08  0.04%  51.1  713s
 11264  5159 7.8465e+08  649  130 7.8480e+08 7.8450e+08  0.04%  50.6  723s
 11780  5484     cutoff  710      7.8480e+08 7.8450e+08  0.04%  50.2  732s
 12298  5559 7.8477e+08  767  107 7.8480e+08 7.8451e+08  0.04%  49.3  750s
 12621  5776     cutoff  561      7.8480e+08 7.8452e+08  0.04%  50.5  759s
 13080  6002 7.8478e+08  563  151 7.8480e+08 7.8452e+08  0.04%  51.1  767s
 13536  6124     cutoff  602      7.8480e+08 7.8453e+08  0.03%  51.5  777s
 13990  6258     cutoff  553      7.8480e+08 7.8453e+08  0.03%  52.4  784s
 14448  6433 7.8468e+08  612  158 7.8480e+08 7.8453e+08  0.03%  53.5  806s
 14876  6433     cutoff  577      7.8480e+08 7.8453e+08  0.03%  53.7  807s
 14908  6546 7.8479e+08  677  120 7.8480e+08 7.8454e+08  0.03%  54.3  814s
 15374  6672     cutoff  592      7.8480e+08 7.8455e+08  0.03%  54.9  820s
 15804  6674 7.8463e+08  558  135 7.8480e+08 7.8455e+08  0.03%  55.6  841s
 15818  6825 7.8463e+08  559  136 7.8480e+08 7.8455e+08  0.03%  55.7  849s
 16290  6813 7.8470e+08  620  149 7.8480e+08 7.8455e+08  0.03%  56.0  856s
 16463  7011 7.8470e+08  636  119 7.8480e+08 7.8455e+08  0.03%  56.1  866s
 16961  7151 7.8477e+08  698   95 7.8480e+08 7.8455e+08  0.03%  55.9  876s
 17437  7335     cutoff  537      7.8480e+08 7.8456e+08  0.03%  56.3  885s
 17927  7423 7.8471e+08  645  139 7.8480e+08 7.8456e+08  0.03%  56.0  894s
 18378  7353 7.8480e+08  704  126 7.8480e+08 7.8457e+08  0.03%  56.4  902s
 18686  7532 7.8467e+08  658  148 7.8480e+08 7.8457e+08  0.03%  57.8  911s
 19140  7769 7.8473e+08  723  131 7.8480e+08 7.8458e+08  0.03%  58.0  918s
 19639  7979     cutoff  586      7.8480e+08 7.8458e+08  0.03%  57.9  926s
 20111  8212 7.8466e+08  611  145 7.8480e+08 7.8458e+08  0.03%  57.7  934s
 20608  8332 7.8475e+08  676  128 7.8480e+08 7.8459e+08  0.03%  57.7  943s
 21077  8394     cutoff  566      7.8480e+08 7.8459e+08  0.03%  57.8  951s
 21518  8530 7.8478e+08  598  140 7.8480e+08 7.8459e+08  0.03%  58.4  960s
 21965  8626 7.8470e+08  599  154 7.8480e+08 7.8459e+08  0.03%  58.7  968s
 22442  8854 7.8474e+08  625  148 7.8480e+08 7.8459e+08  0.03%  59.0  975s
 22941  9042     cutoff  655      7.8480e+08 7.8460e+08  0.03%  58.8  983s
 23412  9130 7.8466e+08  595  146 7.8480e+08 7.8460e+08  0.03%  58.7  991s
 23831  9430 7.8473e+08  660  126 7.8480e+08 7.8460e+08  0.03%  59.2  998s
 24312  9731 7.8480e+08  725   85 7.8480e+08 7.8460e+08  0.03%  58.8 1006s
 24798 10069     cutoff  605      7.8480e+08 7.8460e+08  0.02%  58.5 1013s
 25305 10279 7.8475e+08  595  145 7.8480e+08 7.8461e+08  0.02%  58.0 1019s
 25789 10411 7.8470e+08  580  142 7.8480e+08 7.8461e+08  0.02%  57.8 1026s
 26212 10531     cutoff  534      7.8480e+08 7.8461e+08  0.02%  58.1 1033s
 26659 10762 7.8468e+08  671  140 7.8480e+08 7.8461e+08  0.02%  58.5 1039s
 27103 10969 7.8476e+08  736  131 7.8480e+08 7.8462e+08  0.02%  58.6 1046s
 27583 10926 7.8463e+08  623  151 7.8480e+08 7.8462e+08  0.02%  58.5 1052s
 27769 11081 7.8463e+08  637  136 7.8480e+08 7.8462e+08  0.02%  58.8 1059s
 28215 11195 7.8468e+08  699  117 7.8480e+08 7.8462e+08  0.02%  58.7 1069s
 28653 11282 7.8473e+08  764  126 7.8480e+08 7.8462e+08  0.02%  58.8 1075s
 29045 11419 7.8475e+08  829   93 7.8480e+08 7.8462e+08  0.02%  59.2 1416s
 29524 11538 7.8477e+08  894   72 7.8480e+08 7.8462e+08  0.02%  59.4 1425s
 29589 11538     cutoff  510      7.8480e+08 7.8463e+08  0.02%  59.3 1426s
 29976 11794 7.8467e+08  656  141 7.8480e+08 7.8463e+08  0.02%  59.3 1435s
 30414 11953 7.8472e+08  718  125 7.8480e+08 7.8463e+08  0.02%  59.2 1444s
*30615 11903             958    7.847984e+08 7.8463e+08  0.02%  59.0 1444s
 30805 11903 7.8479e+08  663   85 7.8480e+08 7.8463e+08  0.02%  59.2 1445s
 30833 12045 7.8475e+08  775  110 7.8480e+08 7.8463e+08  0.02%  59.4 1454s
 31264 12212 7.8477e+08  836   87 7.8480e+08 7.8463e+08  0.02%  59.6 1463s
 31665 12332 7.8479e+08  898   46 7.8480e+08 7.8463e+08  0.02%  59.8 1472s
 32035 12367     cutoff  485      7.8480e+08 7.8464e+08  0.02%  60.2 1483s
 32335 12402 7.8474e+08  593  122 7.8480e+08 7.8464e+08  0.02%  61.0 1492s
 32682 12478     cutoff  603      7.8480e+08 7.8464e+08  0.02%  61.8 1501s
 33049 12551     cutoff  668      7.8480e+08 7.8464e+08  0.02%  62.7 1511s
 33446 12612     cutoff  500      7.8480e+08 7.8464e+08  0.02%  63.4 1520s
 33816 12634     cutoff  495      7.8480e+08 7.8464e+08  0.02%  64.3 1532s
 34011 12784     cutoff  594      7.8480e+08 7.8464e+08  0.02%  64.7 1541s
 34396 12784 7.8472e+08  632  157 7.8480e+08 7.8464e+08  0.02%  65.0 1542s
 34458 12869     cutoff  550      7.8480e+08 7.8464e+08  0.02%  65.1 1551s
 34884 12977     cutoff  650      7.8480e+08 7.8465e+08  0.02%  65.7 1560s
 35334 13053 7.8474e+08  714  125 7.8480e+08 7.8465e+08  0.02%  66.1 1569s
 35741 13087     cutoff  518      7.8480e+08 7.8465e+08  0.02%  66.9 1579s
 36134 13084     cutoff  589      7.8480e+08 7.8465e+08  0.02%  67.6 1588s
 36491 13060     cutoff  724      7.8480e+08 7.8466e+08  0.02%  68.6 1629s
 36524 13292 7.8477e+08  664  144 7.8480e+08 7.8466e+08  0.02%  68.9 1642s
 36997 13574 7.8473e+08  617  140 7.8480e+08 7.8466e+08  0.02%  68.5 1652s
 37498 13748     cutoff  646      7.8480e+08 7.8466e+08  0.02%  68.1 1663s
 37974 13932 7.8469e+08  747  117 7.8480e+08 7.8466e+08  0.02%  68.2 1672s
 38436 14065 7.8473e+08  811  115 7.8480e+08 7.8466e+08  0.02%  68.2 1682s
 38886 14153 7.8476e+08  870   80 7.8480e+08 7.8466e+08  0.02%  68.5 1692s
 39318 14188     cutoff  918      7.8480e+08 7.8466e+08  0.02%  68.8 1700s
 39684 14266 7.8476e+08  600  129 7.8480e+08 7.8466e+08  0.02%  69.6 1709s
 40081 14340     cutoff  606      7.8480e+08 7.8466e+08  0.02%  70.2 1719s
 40491 14391     cutoff  616      7.8480e+08 7.8467e+08  0.02%  70.7 1731s
 40893 14436     cutoff  678      7.8480e+08 7.8467e+08  0.02%  71.3 1740s
 41315 14554 7.8474e+08  659  129 7.8480e+08 7.8467e+08  0.02%  71.7 1750s
 41746 14667     cutoff  625      7.8480e+08 7.8467e+08  0.02%  72.0 1758s
 42145 14947 7.8474e+08  642  121 7.8480e+08 7.8467e+08  0.02%  72.5 1766s
 42275 14947     cutoff  702      7.8480e+08 7.8467e+08  0.02%  72.4 1767s
 42625 15153     cutoff  606      7.8480e+08 7.8467e+08  0.02%  72.3 1778s
 43129 15265 7.8479e+08  719  113 7.8480e+08 7.8467e+08  0.02%  72.1 1787s
 43552 15439 7.8476e+08  690  112 7.8480e+08 7.8467e+08  0.02%  72.3 1811s
 44001 15585     cutoff  623      7.8480e+08 7.8467e+08  0.02%  72.4 1818s
 44410 15626 7.8471e+08  623  127 7.8480e+08 7.8467e+08  0.02%  72.5 1832s
 44748 15750 7.8480e+08  685  105 7.8480e+08 7.8468e+08  0.02%  72.9 1840s
 45137 15808     cutoff  756      7.8480e+08 7.8468e+08  0.02%  73.2 1848s
 45534 15935     cutoff  745      7.8480e+08 7.8468e+08  0.02%  73.6 1857s
 45980 15910 7.8475e+08  744   93 7.8480e+08 7.8468e+08  0.02%  73.8 1867s
 46229 15989 7.8475e+08  762   62 7.8480e+08 7.8468e+08  0.02%  74.0 1875s
 46658 16045 7.8477e+08  827   52 7.8480e+08 7.8468e+08  0.02%  74.3 1884s
 47047 16108 7.8478e+08  702  113 7.8480e+08 7.8468e+08  0.01%  74.8 1893s
 47440 16222     cutoff  623      7.8480e+08 7.8468e+08  0.01%  75.2 1902s
 47858 16281     cutoff  635      7.8480e+08 7.8468e+08  0.01%  75.3 1912s
 48256 16391     cutoff  614      7.8480e+08 7.8468e+08  0.01%  75.6 1923s
 48699 16536 7.8472e+08  667  104 7.8480e+08 7.8469e+08  0.01%  75.7 1932s
 49142 16729 7.8478e+08  729   78 7.8480e+08 7.8469e+08  0.01%  75.8 1942s
 49608 16901     cutoff  644      7.8480e+08 7.8469e+08  0.01%  75.7 1954s
 50081 17137 7.8474e+08  698  106 7.8480e+08 7.8469e+08  0.01%  75.6 1962s
 50551 17188 7.8478e+08  763   50 7.8480e+08 7.8469e+08  0.01%  75.5 1971s
 50975 17314     cutoff  636      7.8480e+08 7.8469e+08  0.01%  75.8 1981s
 51412 17441 7.8473e+08  732  118 7.8480e+08 7.8469e+08  0.01%  75.9 1989s
 51838 17438 7.8477e+08  797   88 7.8480e+08 7.8469e+08  0.01%  76.1 1998s
 52215 17504 7.8475e+08  615   91 7.8480e+08 7.8469e+08  0.01%  76.5 2006s
 52450 17504     cutoff  602      7.8480e+08 7.8469e+08  0.01%  76.5 2007s
 52661 17625 7.8477e+08  748   90 7.8480e+08 7.8469e+08  0.01%  76.7 2016s
 53084 17783 7.8474e+08  693  110 7.8480e+08 7.8469e+08  0.01%  76.8 2028s
 53535 17775 7.8479e+08  758   65 7.8480e+08 7.8469e+08  0.01%  76.7 2036s
 53915 18006     cutoff  731      7.8480e+08 7.8469e+08  0.01%  77.2 2044s
 54410 18111 7.8473e+08  762  114 7.8480e+08 7.8469e+08  0.01%  76.9 2055s
 54872 18138 7.8474e+08  795   96 7.8480e+08 7.8469e+08  0.01%  76.9 2068s
 55304 18119 7.8474e+08  826   78 7.8480e+08 7.8469e+08  0.01%  77.1 2076s
 55656 18152 7.8475e+08  861   68 7.8480e+08 7.8469e+08  0.01%  77.6 2084s
 56078 18236     cutoff  890      7.8480e+08 7.8470e+08  0.01%  77.9 2095s
 56482 18388 7.8474e+08  703  110 7.8480e+08 7.8470e+08  0.01%  78.0 2103s
 56948 18467 7.8477e+08  768   69 7.8480e+08 7.8470e+08  0.01%  78.1 2111s
 57345 18595 7.8476e+08  637  120 7.8480e+08 7.8470e+08  0.01%  78.3 2119s
 57820 18744 7.8476e+08  675  137 7.8480e+08 7.8470e+08  0.01%  78.3 2129s
 58206 18744     cutoff  703      7.8480e+08 7.8470e+08  0.01%  78.2 2130s
 58317 18877 7.8473e+08  704  115 7.8480e+08 7.8470e+08  0.01%  78.2 2152s
 58785 19001     cutoff  739      7.8480e+08 7.8470e+08  0.01%  78.2 2160s
 59193 19128 7.8477e+08  758   98 7.8480e+08 7.8470e+08  0.01%  78.4 2169s
 59609 19109 7.8472e+08  755   93 7.8480e+08 7.8470e+08  0.01%  78.4 2176s
 59885 19233 7.8473e+08  788  100 7.8480e+08 7.8470e+08  0.01%  78.7 2186s
 60307 19343 7.8475e+08  853   79 7.8480e+08 7.8470e+08  0.01%  78.7 2196s
 60749 19405 7.8477e+08  918   45 7.8480e+08 7.8471e+08  0.01%  78.7 2205s
 61181 19402 7.8474e+08  624  126 7.8480e+08 7.8471e+08  0.01%  78.6 2215s
 61553 19518 7.8473e+08  750   96 7.8480e+08 7.8471e+08  0.01%  79.0 2224s
 61986 19703 7.8476e+08  808   78 7.8480e+08 7.8471e+08  0.01%  79.0 2232s
 62481 19716 7.8479e+08  873   46 7.8480e+08 7.8471e+08  0.01%  78.7 2240s
 62912 19765 7.8472e+08  655  120 7.8480e+08 7.8471e+08  0.01%  78.9 2248s
 63305 19852 7.8476e+08  717   79 7.8480e+08 7.8471e+08  0.01%  79.2 2258s
 63734 19800     cutoff  780      7.8480e+08 7.8471e+08  0.01%  79.2 2267s
 64075 19914 7.8474e+08  713  112 7.8480e+08 7.8471e+08  0.01%  79.7 2277s
 64524 20047 7.8476e+08  638  129 7.8480e+08 7.8471e+08  0.01%  79.7 2286s
 64994 20087 7.8476e+08  751  105 7.8480e+08 7.8471e+08  0.01%  79.6 2296s
 65364 20199 7.8475e+08  690  109 7.8480e+08 7.8471e+08  0.01%  79.9 2305s
 65806 20249     cutoff  580      7.8480e+08 7.8471e+08  0.01%  79.9 2314s
 66207 20227     cutoff  689      7.8480e+08 7.8472e+08  0.01%  80.1 2324s
 66610 20342 7.8472e+08  638  112 7.8480e+08 7.8472e+08  0.01%  80.3 2335s
 67057 20367 7.8477e+08  700   73 7.8480e+08 7.8472e+08  0.01%  80.3 2344s
 67494 20445 7.8474e+08  643   99 7.8480e+08 7.8472e+08  0.01%  80.3 2353s
 67958 20557 7.8477e+08  661   88 7.8480e+08 7.8472e+08  0.01%  80.4 2362s
 68406 20568     cutoff  507      7.8480e+08 7.8472e+08  0.01%  80.4 2371s
 68817 20568 7.8479e+08  741   82 7.8480e+08 7.8472e+08  0.01%  80.6 2381s
 69209 20516     cutoff  618      7.8480e+08 7.8472e+08  0.01%  80.8 2396s
 69361 20638 7.8477e+08  657  127 7.8480e+08 7.8472e+08  0.01%  81.1 2407s

Cutting planes:
  Gomory: 12
  Lift-and-project: 8
  Implied bound: 47
  MIR: 135
  Mixing: 10
  Flow cover: 372
  Relax-and-lift: 1

Explored 69817 nodes (5906616 simplex iterations) in 2407.90 seconds (4517.86 work units)
Thread count was 8 (of 8 available processors)

Solution count 10: 7.84798e+08 7.84819e+08 7.8482e+08 ... 7.86563e+08

Optimal solution found (tolerance 1.00e-04)
Best objective 7.847984252628e+08, best bound 7.847202492337e+08, gap 0.0100%

Gurobi 11.0.3 (mac64[arm]) logging started Sun Dec  7 13:36:04 2025

Set parameter LogFile to value "unknown.gurobi.log"
Set parameter DisplayInterval to value 1
Gurobi Optimizer version 11.0.3 build v11.0.3rc0 (mac64[arm] - Darwin 24.6.0 24G90)

CPU model: Apple M1 Pro
Thread count: 8 physical cores, 8 logical processors, using up to 8 threads

Optimize a model with 4752706 rows, 4736893 columns and 18577195 nonzeros
Model fingerprint: 0xaec2f45e
Variable types: 2489188 continuous, 2247705 integer (2247705 binary)
Coefficient statistics:
  Matrix range     [5e-03, 6e+07]
  Objective range  [3e-04, 5e+05]
  Bounds range     [1e+00, 1e+00]
  RHS range        [9e-02, 1e+07]
Found heuristic solution: objective 1.742968e+12
Presolve removed 110576 rows and 110576 columns (presolve time = 1s) ...
Presolve removed 170390 rows and 139419 columns (presolve time = 2s) ...
Presolve removed 223403 rows and 172975 columns (presolve time = 3s) ...
Presolve removed 223403 rows and 172975 columns (presolve time = 4s) ...
Presolve removed 223403 rows and 172975 columns (presolve time = 8s) ...
Presolve removed 223403 rows and 175007 columns (presolve time = 8s) ...
Presolve removed 223403 rows and 175007 columns
Presolve time: 8.49s

Explored 0 nodes (0 simplex iterations) in 10.52 seconds (11.06 work units)
Thread count was 1 (of 8 available processors)

Solution count 1: 1.74297e+12 

Model is unbounded
Best objective 1.742967816444e+12, best bound -, gap -

Gurobi 11.0.3 (mac64[arm]) logging started Sun Dec  7 14:19:49 2025

Set parameter LogFile to value "unknown.gurobi.log"
Set parameter DisplayInterval to value 1
Gurobi Optimizer version 11.0.3 build v11.0.3rc0 (mac64[arm] - Darwin 24.6.0 24G90)

CPU model: Apple M1 Pro
Thread count: 8 physical cores, 8 logical processors, using up to 8 threads

Optimize a model with 251908 rows, 251068 columns and 985296 nonzeros
Model fingerprint: 0x7c3e656c
Variable types: 131668 continuous, 119400 integer (119400 binary)
Coefficient statistics:
  Matrix range     [5e-03, 6e+07]
  Objective range  [1e-02, 5e+05]
  Bounds range     [1e+00, 1e+00]
  RHS range        [1e+00, 2e+08]
Found heuristic solution: objective 1.742968e+12
Presolve removed 12148 rows and 9650 columns (presolve time = 1s) ...
Presolve removed 12148 rows and 9650 columns (presolve time = 2s) ...
Presolve removed 12148 rows and 9650 columns
Presolve time: 2.15s
Presolved: 239760 rows, 241418 columns, 722698 nonzeros
Variable types: 122258 continuous, 119160 integer (119160 binary)
Root barrier log...

Ordering time: 0.00s

Barrier statistics:
 AA' NZ     : 5.020e+03
 Factor NZ  : 2.613e+04 (roughly 50 MB of memory)
 Factor Ops : 6.736e+05 (less than 1 second per iteration)
 Threads    : 1

                  Objective                Residual
Iter       Primal          Dual         Primal    Dual     Compl     Time
   0   6.20848434e+16 -6.78270864e+15  5.47e+09 2.81e+05  4.40e+12     3s
   1   1.53096982e+16 -4.63974762e+15  1.50e+09 2.30e+05  1.20e+12     3s
   2   3.69161925e+15 -6.85012595e+14  2.44e+08 2.19e+04  2.00e+11     3s
   3   1.40407526e+15 -1.86071646e+14  8.98e+07 5.10e+03  7.39e+10     3s
   4   4.16734199e+14 -7.81558124e+13  2.63e+07 2.31e+03  2.19e+10     3s
   5   8.68073929e+13 -3.21158265e+13  5.38e+06 8.89e+02  4.60e+09     3s
   6   3.15132989e+12 -1.71553659e+12  1.13e+05 2.79e-09  1.04e+08     3s
   7   7.20011643e+11 -6.05532530e+10  2.30e+04 1.40e-09  2.04e+07     3s
   8   8.77481005e+09 -6.89004359e+09  2.16e+02 9.31e-10  2.25e+05     3s
   9   2.61101830e+09 -1.40988168e+09  4.63e+01 9.31e-10  5.10e+04     3s
  10   1.47417192e+09 -1.17106616e+08  1.47e+01 9.31e-10  1.72e+04     3s
  11   1.13346860e+09  4.04788095e+08  5.62e+00 9.31e-10  6.68e+03     3s
  12   1.08441808e+09  4.48372973e+08  4.75e+00 9.31e-10  5.58e+03     3s
  13   1.02931221e+09  4.77575975e+08  3.86e+00 9.31e-10  4.53e+03     3s
  14   9.89286081e+08  5.17662706e+08  3.23e+00 9.31e-10  3.69e+03     3s
  15   9.25785266e+08  5.64895447e+08  2.17e+00 9.31e-10  2.52e+03     3s
  16   8.71101537e+08  6.04937831e+08  1.37e+00 9.31e-10  1.65e+03     3s
  17   8.37308364e+08  6.63691389e+08  8.65e-01 9.31e-10  9.63e+02     3s
  18   8.15090331e+08  6.85974348e+08  5.62e-01 9.31e-10  6.59e+02     3s
  19   8.03504737e+08  7.03579938e+08  4.05e-01 9.31e-10  4.84e+02     3s
  20   7.95211970e+08  7.29283489e+08  3.01e-01 9.31e-10  3.04e+02     3s
  21   7.90195053e+08  7.44542644e+08  2.43e-01 9.31e-10  2.03e+02     3s
  22   7.85489305e+08  7.53857944e+08  1.89e-01 9.31e-10  1.37e+02     3s
  23   7.81043697e+08  7.58088915e+08  1.38e-01 9.31e-10  9.76e+01     3s
  24   7.77141798e+08  7.61914215e+08  9.88e-02 9.31e-10  6.39e+01     3s

Barrier solved model in 24 iterations and 2.90 seconds (3.66 work units)
Optimal objective 7.77141798e+08


Root crossover log...

    1439 DPushes remaining with DInf 0.0000000e+00                 3s
       0 DPushes remaining with DInf 0.0000000e+00                 3s

  121778 PPushes remaining with PInf 1.5125532e+01                 3s
   76449 PPushes remaining with PInf 8.4352090e-05                 3s
       0 PPushes remaining with PInf 0.0000000e+00                 3s

  Push phase complete: Pinf 0.0000000e+00, Dinf 8.2229267e+08      3s


Root simplex log...

Iteration    Objective       Primal Inf.    Dual Inf.      Time
  122762    7.6494432e+08   0.000000e+00   8.222927e+08      3s
  124220    7.6462494e+08   0.000000e+00   0.000000e+00      3s
  243282    7.6462494e+08   0.000000e+00   0.000000e+00      4s
Extra simplex iterations after uncrush: 119062

Root relaxation: objective 7.646249e+08, 243282 iterations, 1.49 seconds (2.12 work units)
Total elapsed time = 4.02s (DegenMoves)

    Nodes    |    Current Node    |     Objective Bounds      |     Work
 Expl Unexpl |  Obj  Depth IntInf | Incumbent    BestBd   Gap | It/Node Time

     0     0 7.6462e+08    0  120 1.7430e+12 7.6462e+08   100%     -    4s
H    0     0                    1.295140e+09 7.6462e+08  41.0%     -    4s
H    0     0                    9.114676e+08 7.6462e+08  16.1%     -    6s
     0     0 7.7586e+08    0  112 9.1147e+08 7.7586e+08  14.9%     -    7s
H    0     0                    7.892299e+08 7.7647e+08  1.62%     -   12s
     0     0 7.8051e+08    0   92 7.8923e+08 7.8051e+08  1.11%     -   12s
     0     0 7.8056e+08    0   86 7.8923e+08 7.8056e+08  1.10%     -   12s
     0     0 7.8070e+08    0   95 7.8923e+08 7.8070e+08  1.08%     -   13s
H    0     0                    7.887465e+08 7.8081e+08  1.01%     -   16s
H    0     0                    7.879643e+08 7.8081e+08  0.91%     -   30s
     0     0 7.8081e+08    0   99 7.8796e+08 7.8081e+08  0.91%     -   30s
     0     0 7.8081e+08    0   95 7.8796e+08 7.8081e+08  0.91%     -   30s
     0     0 7.8081e+08    0   95 7.8796e+08 7.8081e+08  0.91%     -   30s
     0     0 7.8090e+08    0  101 7.8796e+08 7.8090e+08  0.90%     -   31s
     0     0 7.8105e+08    0  104 7.8796e+08 7.8105e+08  0.88%     -   35s
     0     0 7.8105e+08    0  102 7.8796e+08 7.8105e+08  0.88%     -   36s
     0     0 7.8105e+08    0  102 7.8796e+08 7.8105e+08  0.88%     -   37s
     0     0 7.8105e+08    0  102 7.8796e+08 7.8105e+08  0.88%     -   37s
     0     0 7.8105e+08    0  104 7.8796e+08 7.8105e+08  0.88%     -   38s
     0     0 7.8105e+08    0  104 7.8796e+08 7.8105e+08  0.88%     -   39s
     0     2 7.8105e+08    0  104 7.8796e+08 7.8105e+08  0.88%     -   41s
     1     4 7.8105e+08    1  105 7.8796e+08 7.8105e+08  0.88%   1.0   42s
     7    10 7.8130e+08    3  106 7.8796e+08 7.8130e+08  0.85%  28.0   43s
    14    13 7.8131e+08    4  106 7.8796e+08 7.8131e+08  0.85%  24.0   44s
    30    20 7.8157e+08    6  107 7.8796e+08 7.8157e+08  0.81%  71.8   45s
    38    24 7.8173e+08    7  106 7.8796e+08 7.8173e+08  0.79%   100   46s
    46    27 7.8190e+08    8  107 7.8796e+08 7.8190e+08  0.77%   106   47s
    54    30 7.8194e+08    9  107 7.8796e+08 7.8194e+08  0.76%  96.1   48s
    70    39 7.8200e+08   11  109 7.8796e+08 7.8200e+08  0.76%  87.4   49s
    78    44 7.8203e+08   12  111 7.8796e+08 7.8203e+08  0.75%  83.3   50s
   100    64 7.8223e+08   15  110 7.8796e+08 7.8223e+08  0.73%  70.0   51s
   151   104 7.8257e+08   23  110 7.8796e+08 7.8239e+08  0.71%  51.7   52s
   189   131 7.8259e+08   29  110 7.8796e+08 7.8239e+08  0.71%  42.8   53s
H  231   151                    7.872379e+08 7.8239e+08  0.62%  36.8   61s
H  232   151                    7.870810e+08 7.8239e+08  0.60%  36.6   61s
H  233   151                    7.866273e+08 7.8239e+08  0.54%  36.5   61s
   239   168 7.8261e+08   34  110 7.8663e+08 7.8239e+08  0.54%  35.7   62s
   272   189 7.8263e+08   39  110 7.8663e+08 7.8239e+08  0.54%  33.4   63s
   350   245 7.8290e+08   49  108 7.8663e+08 7.8239e+08  0.54%  28.2   64s
   427   276 7.8304e+08   58  104 7.8663e+08 7.8239e+08  0.54%  24.9   65s
   497   330 7.8318e+08   69  107 7.8663e+08 7.8239e+08  0.54%  22.6   66s
   581   397 7.8323e+08   83  104 7.8663e+08 7.8239e+08  0.54%  20.4   67s
   681   445 7.8328e+08   95   98 7.8663e+08 7.8239e+08  0.54%  18.2   68s
   715   471 7.8331e+08   99   98 7.8663e+08 7.8239e+08  0.54%  17.9   69s
   758   500 7.8340e+08  104   98 7.8663e+08 7.8239e+08  0.54%  17.2   70s
   801   553 7.8357e+08  109   98 7.8663e+08 7.8239e+08  0.54%  17.2   71s
   857   585 7.8365e+08  116  100 7.8663e+08 7.8239e+08  0.54%  16.6   72s
   895   629 7.8369e+08  122  108 7.8663e+08 7.8239e+08  0.54%  16.3   73s
   950   709 7.8370e+08  129  103 7.8663e+08 7.8239e+08  0.54%  15.7   74s
  1034   765 7.8377e+08  140   99 7.8663e+08 7.8239e+08  0.54%  14.8   76s
  1107   820 7.8383e+08  148   95 7.8663e+08 7.8239e+08  0.54%  14.3   77s
  1180   874 7.8386e+08  160   95 7.8663e+08 7.8239e+08  0.54%  13.7   78s
H 1250   880                    7.866265e+08 7.8239e+08  0.54%  13.3  102s
H 1255   845                    7.864304e+08 7.8239e+08  0.51%  13.3  102s
  1258   890 7.8387e+08  168  100 7.8643e+08 7.8239e+08  0.51%  13.2  104s
  1317   923 7.8388e+08  173   96 7.8643e+08 7.8239e+08  0.51%  12.9  105s
  1380   983 7.8390e+08  178   94 7.8643e+08 7.8239e+08  0.51%  12.6  106s
  1459  1055 7.8391e+08  188   95 7.8643e+08 7.8239e+08  0.51%  12.3  107s
  1546  1154 7.8394e+08  201   94 7.8643e+08 7.8239e+08  0.51%  11.9  109s
  1657  1233 7.8397e+08  214   96 7.8643e+08 7.8239e+08  0.51%  11.5  110s
  1753  1341 7.8401e+08  225  100 7.8643e+08 7.8239e+08  0.51%  11.1  112s
  1879  1407 7.8405e+08  242  104 7.8643e+08 7.8239e+08  0.51%  10.8  113s
  1972  1503 7.8408e+08  255  106 7.8643e+08 7.8239e+08  0.51%  10.8  115s
  2093  1587 7.8411e+08  275  102 7.8643e+08 7.8239e+08  0.51%  10.4  116s
  2206  1638 7.8420e+08  292  106 7.8643e+08 7.8239e+08  0.51%  10.3  118s
  2286  1716 7.8421e+08  299   98 7.8643e+08 7.8239e+08  0.51%  10.6  120s
  2401  1816 7.8423e+08  314   94 7.8643e+08 7.8239e+08  0.51%  10.4  121s
  2527  1855 7.8423e+08  334   97 7.8643e+08 7.8239e+08  0.51%  10.3  124s
H 2529   614                    7.850753e+08 7.8239e+08  0.34%  10.3  124s
H 2571   561                    7.848896e+08 7.8239e+08  0.32%  10.2  124s
  2584   625 7.8426e+08  337   97 7.8489e+08 7.8239e+08  0.32%  10.2  126s
  2779   726 7.8427e+08  352   97 7.8489e+08 7.8239e+08  0.32%  10.7  128s
  2938   727 7.8298e+08   33  104 7.8489e+08 7.8239e+08  0.32%  10.5  147s
  2940   728 7.8350e+08   53  124 7.8489e+08 7.8239e+08  0.32%  10.5  152s
  2941   729 7.8330e+08   88  116 7.8489e+08 7.8239e+08  0.32%  10.5  158s
  2944   731 7.8349e+08   66   93 7.8489e+08 7.8239e+08  0.32%  10.5  159s
  2946   732 7.8398e+08  158  104 7.8489e+08 7.8239e+08  0.32%  10.5  160s
  2947   733 7.8298e+08   47  115 7.8489e+08 7.8239e+08  0.32%  10.5  163s
  2948   734 7.8412e+08  270  109 7.8489e+08 7.8239e+08  0.32%  10.5  164s
  2950   735 7.8470e+08   64  115 7.8489e+08 7.8239e+08  0.32%  10.5  165s
  2951   736 7.8474e+08   67  122 7.8489e+08 7.8239e+08  0.32%  10.5  166s
  2952   736 7.8436e+08   36  120 7.8489e+08 7.8239e+08  0.32%  10.5  170s
  2954   738 7.8376e+08   85  128 7.8489e+08 7.8239e+08  0.32%  10.4  171s
  2955   738 7.8304e+08   59  144 7.8489e+08 7.8239e+08  0.32%  10.4  172s
  2956   739 7.8393e+08  196  138 7.8489e+08 7.8239e+08  0.32%  10.4  175s
  2957   740 7.8376e+08   94  147 7.8489e+08 7.8239e+08  0.32%  10.4  176s
  2959   741 7.8465e+08    7  145 7.8489e+08 7.8239e+08  0.32%  10.4  177s
  2960   742 7.8365e+08    6  150 7.8489e+08 7.8239e+08  0.32%  10.4  183s
  2961   742 7.8397e+08  202  137 7.8489e+08 7.8271e+08  0.28%  10.4  184s
  2963   744 7.8432e+08  250  134 7.8489e+08 7.8284e+08  0.26%  10.4  185s
  2964   744 7.8348e+08   54  144 7.8489e+08 7.8285e+08  0.26%  10.4  187s
  2965   745 7.8425e+08  325  140 7.8489e+08 7.8290e+08  0.25%  10.4  190s
  2967   746 7.8392e+08  189  145 7.8489e+08 7.8295e+08  0.25%  10.4  193s
  2968   747 7.8477e+08   84  146 7.8489e+08 7.8297e+08  0.24%  10.4  197s
  2969   748 7.8329e+08   98  150 7.8489e+08 7.8301e+08  0.24%  10.4  198s
  2970   748 7.8329e+08   97  141 7.8489e+08 7.8301e+08  0.24%  10.4  200s
  2971   749 7.8342e+08   50  133 7.8489e+08 7.8305e+08  0.23%  10.4  203s
  2973   750 7.8481e+08    4  151 7.8489e+08 7.8306e+08  0.23%  10.4  204s
  2974   751 7.8407e+08  246  148 7.8489e+08 7.8306e+08  0.23%  10.4  206s
H 2974   712                    7.848440e+08 7.8308e+08  0.22%  10.4  214s
  2976   713 7.8393e+08  141  148 7.8484e+08 7.8313e+08  0.22%  10.4  215s
  2977   714 7.8468e+08   50  142 7.8484e+08 7.8313e+08  0.22%  10.4  217s
  2978   715 7.8383e+08   21  140 7.8484e+08 7.8313e+08  0.22%  10.4  219s
  2979   715 7.8451e+08   70  138 7.8484e+08 7.8313e+08  0.22%  10.4  221s
  2980   716 7.8420e+08   26  127 7.8484e+08 7.8313e+08  0.22%  10.4  223s
  2981   717 7.8470e+08   63  125 7.8484e+08 7.8313e+08  0.22%  10.4  224s
  2982   717 7.8401e+08   36  134 7.8484e+08 7.8313e+08  0.22%  10.4  226s
  2983   718 7.8365e+08  118  115 7.8484e+08 7.8313e+08  0.22%  10.3  229s
  2984   719 7.8392e+08   31  125 7.8484e+08 7.8313e+08  0.22%  10.3  232s
  2985   719 7.8321e+08   76  125 7.8484e+08 7.8313e+08  0.22%  10.3  234s
  2986   720 7.8401e+08  229  121 7.8484e+08 7.8313e+08  0.22%  10.3  236s
  2987   721 7.8425e+08  320  133 7.8484e+08 7.8313e+08  0.22%  10.3  238s
  2988   721 7.8438e+08  152  120 7.8484e+08 7.8313e+08  0.22%  10.3  240s
  2989   722 7.8435e+08   78  123 7.8484e+08 7.8313e+08  0.22%  10.3  242s
  2990   723 7.8383e+08  106  125 7.8484e+08 7.8313e+08  0.22%  10.3  243s
  2991   723 7.8387e+08    9  120 7.8484e+08 7.8313e+08  0.22%  10.3  245s
  2992   724 7.8436e+08   92  121 7.8484e+08 7.8313e+08  0.22%  10.3  247s
  2993   725 7.8428e+08  366  118 7.8484e+08 7.8313e+08  0.22%  10.3  248s
  2994   725 7.8484e+08   84  114 7.8484e+08 7.8313e+08  0.22%  10.3  250s
  2995   726 7.8415e+08  285  115 7.8484e+08 7.8313e+08  0.22%  10.3  252s
  2996   727 7.8423e+08  317  113 7.8484e+08 7.8313e+08  0.22%  10.3  253s
  2997   727 7.8482e+08   78  116 7.8484e+08 7.8313e+08  0.22%  10.3  255s
  2998   728 7.8412e+08  278  116 7.8484e+08 7.8313e+08  0.22%  10.3  259s
H 2998   691                    7.848433e+08 7.8313e+08  0.22%  10.3  269s
  2999   692 7.8412e+08  270  116 7.8484e+08 7.8313e+08  0.22%  10.3  270s
H 2999   657                    7.848322e+08 7.8313e+08  0.22%  93.6  277s
  3001   656 7.8313e+08   16  116 7.8483e+08 7.8313e+08  0.22%  93.5  278s
  3007   654 7.8313e+08   21  121 7.8483e+08 7.8313e+08  0.22%  93.5  279s
  3011   653 7.8313e+08   24  120 7.8483e+08 7.8313e+08  0.22%  93.4  280s
  3014   652 7.8333e+08   27  132 7.8483e+08 7.8333e+08  0.19%  93.5  281s
  3017   651 7.8336e+08   30  128 7.8483e+08 7.8336e+08  0.19%  93.4  282s
  3020   650 7.8344e+08   33  121 7.8483e+08 7.8344e+08  0.18%  93.4  283s
  3023   649 7.8346e+08   36  117 7.8483e+08 7.8346e+08  0.17%  93.3  284s
  3025   648 7.8348e+08   38  119 7.8483e+08 7.8348e+08  0.17%  93.3  285s
  3027   647 7.8349e+08   40  117 7.8483e+08 7.8349e+08  0.17%  93.3  286s
  3030   646 7.8350e+08   43  118 7.8483e+08 7.8350e+08  0.17%  93.2  287s
  3033   645 7.8350e+08   46  111 7.8483e+08 7.8350e+08  0.17%  93.2  288s
  3036   644 7.8350e+08   49  117 7.8483e+08 7.8350e+08  0.17%  93.1  289s
  3039   643 7.8350e+08   52  113 7.8483e+08 7.8350e+08  0.17%  93.1  290s
  3042   642 7.8350e+08   55  119 7.8483e+08 7.8350e+08  0.17%  93.0  291s
  3045   641 7.8350e+08   58  111 7.8483e+08 7.8350e+08  0.17%  93.0  292s
  3050   640 7.8350e+08   63  116 7.8483e+08 7.8350e+08  0.17%  92.8  293s
  3051   639 7.8350e+08   64  114 7.8483e+08 7.8350e+08  0.17%  92.8  294s
  3057   638 7.8353e+08   70  111 7.8483e+08 7.8351e+08  0.17%  92.7  295s
  3064   637 7.8364e+08   73  110 7.8483e+08 7.8364e+08  0.15%  92.6  296s
  3070   634 7.8364e+08   75  110 7.8483e+08 7.8364e+08  0.15%  92.5  297s
  3077   633     cutoff   78      7.8483e+08 7.8365e+08  0.15%  92.5  298s
  3083   630 7.8369e+08   81  140 7.8483e+08 7.8369e+08  0.15%  92.5  299s
  3087   627 7.8369e+08   83  132 7.8483e+08 7.8369e+08  0.15%  92.5  300s
  3091   626 7.8370e+08   86  125 7.8483e+08 7.8370e+08  0.14%  92.4  301s
  3094   625 7.8371e+08   89  124 7.8483e+08 7.8371e+08  0.14%  92.4  302s
  3098   624 7.8371e+08   93  115 7.8483e+08 7.8371e+08  0.14%  92.3  303s
  3102   622     cutoff   97      7.8483e+08 7.8371e+08  0.14%  92.2  304s
  3107   623 7.8448e+08  100  125 7.8483e+08 7.8378e+08  0.13%  92.2  305s
  3113   621 7.8458e+08  102  120 7.8483e+08 7.8378e+08  0.13%  92.2  306s
  3116   620 7.8463e+08  103  108 7.8483e+08 7.8378e+08  0.13%  92.3  307s
  3119   619 7.8468e+08  104  110 7.8483e+08 7.8378e+08  0.13%  92.3  308s
  3125   617 7.8476e+08  106  100 7.8483e+08 7.8378e+08  0.13%  92.5  309s
  3128   616 7.8482e+08  107   89 7.8483e+08 7.8378e+08  0.13%  92.6  310s
  3131   614     cutoff  108      7.8483e+08 7.8378e+08  0.13%  92.6  311s
  3134   613 7.8378e+08  109  106 7.8483e+08 7.8378e+08  0.13%  92.5  312s
  3136   612 7.8378e+08  110  106 7.8483e+08 7.8378e+08  0.13%  92.6  313s
  3138   611 7.8378e+08  111  106 7.8483e+08 7.8378e+08  0.13%  92.7  314s
  3140   611 7.8378e+08  112  109 7.8483e+08 7.8378e+08  0.13%  92.7  315s
  3142   610 7.8378e+08  113  110 7.8483e+08 7.8378e+08  0.13%  92.8  316s
  3146   611 7.8378e+08  116  109 7.8483e+08 7.8378e+08  0.13%  92.7  321s
  3149   611 7.8383e+08  118  115 7.8483e+08 7.8379e+08  0.13%  92.8  322s
  3153   608 7.8387e+08  119  129 7.8483e+08 7.8387e+08  0.12%  92.8  323s
  3162   604 7.8387e+08  121  129 7.8483e+08 7.8387e+08  0.12%  92.9  324s
  3167   603 7.8389e+08  123  127 7.8483e+08 7.8389e+08  0.12%  92.8  325s
H 3176   565                    7.848119e+08 7.8390e+08  0.12%  92.7  328s
H 3177   532                    7.848104e+08 7.8391e+08  0.11%  92.7  328s
  3179   532 7.8392e+08  127  134 7.8481e+08 7.8392e+08  0.11%  92.7  329s
  3191   530 7.8393e+08  131  114 7.8481e+08 7.8393e+08  0.11%  92.4  330s
  3198   526 7.8393e+08  133  134 7.8481e+08 7.8393e+08  0.11%  92.3  331s
  3203   525 7.8401e+08  134  135 7.8481e+08 7.8401e+08  0.10%  92.3  332s
  3206   524 7.8401e+08  135  130 7.8481e+08 7.8401e+08  0.10%  92.4  334s
  3209   523 7.8401e+08  136  136 7.8481e+08 7.8401e+08  0.10%  92.5  335s
  3212   522 7.8401e+08  137  136 7.8481e+08 7.8401e+08  0.10%  92.7  336s
  3218   520 7.8402e+08  139  122 7.8481e+08 7.8402e+08  0.10%  92.9  337s
  3221   519 7.8402e+08  140  122 7.8481e+08 7.8402e+08  0.10%  92.9  338s
  3225   517 7.8402e+08  142  126 7.8481e+08 7.8402e+08  0.10%  93.0  339s
  3229   516 7.8402e+08  144  114 7.8481e+08 7.8402e+08  0.10%  93.0  340s
  3237   512 7.8402e+08  147  115 7.8481e+08 7.8402e+08  0.10%  93.1  341s
  3244   514 7.8402e+08  152  112 7.8481e+08 7.8402e+08  0.10%  93.0  342s
  3249   509     cutoff  153      7.8481e+08 7.8406e+08  0.10%  92.9  343s
  3257   507 7.8443e+08  153   99 7.8481e+08 7.8409e+08  0.09%  92.8  344s
  3260   506 7.8443e+08  154   95 7.8481e+08 7.8411e+08  0.09%  92.8  345s
  3264   504 7.8443e+08  155   94 7.8481e+08 7.8411e+08  0.09%  92.9  346s
  3269   503 7.8443e+08  156  103 7.8481e+08 7.8412e+08  0.09%  92.8  347s
  3277   500 7.8443e+08  158  102 7.8481e+08 7.8412e+08  0.09%  92.8  348s
  3280   499 7.8444e+08  159  101 7.8481e+08 7.8412e+08  0.09%  92.8  349s
  3285   497 7.8444e+08  161   94 7.8481e+08 7.8412e+08  0.09%  92.7  350s
  3293   495 7.8444e+08  163   94 7.8481e+08 7.8412e+08  0.09%  92.7  351s
  3300   492 7.8444e+08  165   90 7.8481e+08 7.8412e+08  0.09%  92.6  355s
  3314   490 7.8420e+08  185  112 7.8481e+08 7.8413e+08  0.09%  92.3  357s
  3328   485 7.8423e+08  186  119 7.8481e+08 7.8414e+08  0.09%  92.3  361s
  3333   483 7.8424e+08  187  119 7.8481e+08 7.8417e+08  0.08%  92.4  363s
  3343   480 7.8424e+08  188  116 7.8481e+08 7.8418e+08  0.08%  92.4  365s
  3358   480 7.8424e+08  190  111 7.8481e+08 7.8418e+08  0.08%  92.2  367s
  3383   471 7.8424e+08  193  107 7.8481e+08 7.8418e+08  0.08%  91.7  369s
  3420   456     cutoff  198      7.8481e+08 7.8420e+08  0.08%  91.0  370s
  3444   449 7.8467e+08  204  117 7.8481e+08 7.8422e+08  0.08%  90.8  372s
  3461   449 7.8469e+08  207  112 7.8481e+08 7.8423e+08  0.07%  90.7  374s
  3494   444     cutoff  218      7.8481e+08 7.8425e+08  0.07%  90.1  376s
  3539   438     cutoff  232      7.8481e+08 7.8427e+08  0.07%  89.3  378s
  3601   439 7.8431e+08  245  109 7.8481e+08 7.8427e+08  0.07%  88.0  380s
  3693   415 7.8434e+08  254  128 7.8481e+08 7.8427e+08  0.07%  86.3  382s
H 3765   362                    7.848103e+08 7.8427e+08  0.07%  85.1  388s
  3775   385     cutoff  260      7.8481e+08 7.8427e+08  0.07%  84.9  391s
  3890   409 7.8451e+08  270  112 7.8481e+08 7.8427e+08  0.07%  82.9  401s
  4026   431 7.8453e+08  283  110 7.8481e+08 7.8427e+08  0.07%  80.5  404s
  4179   452 7.8456e+08  296  111 7.8481e+08 7.8427e+08  0.07%  78.0  407s
  4347   452     cutoff  309      7.8481e+08 7.8427e+08  0.07%  75.5  409s
  4517   470     cutoff  321      7.8481e+08 7.8427e+08  0.07%  73.2  412s
  4709   498 7.8462e+08  334  117 7.8481e+08 7.8427e+08  0.07%  70.9  415s
  4869   563 7.8463e+08  349  118 7.8481e+08 7.8427e+08  0.07%  69.0  426s
  4961   683     cutoff  356      7.8481e+08 7.8427e+08  0.07%  67.9  430s
  5163   846     cutoff  370      7.8481e+08 7.8427e+08  0.07%  65.8  433s
  5402   971 7.8468e+08  384  114 7.8481e+08 7.8427e+08  0.07%  63.4  436s
  5623  1015     cutoff  400      7.8481e+08 7.8427e+08  0.07%  61.4  440s
H 5647  1008                    7.848025e+08 7.8427e+08  0.07%  61.2  440s
  5775  1146 7.8474e+08  413  132 7.8480e+08 7.8436e+08  0.06%  60.2  443s
  6004  1328 7.8473e+08  220  125 7.8480e+08 7.8436e+08  0.06%  58.6  448s
  6320  1576 7.8459e+08  376  146 7.8480e+08 7.8436e+08  0.06%  56.5  451s
  6629  1818 7.8462e+08  422  141 7.8480e+08 7.8436e+08  0.06%  54.2  455s
H 6936  1948                    7.847996e+08 7.8436e+08  0.06%  52.2  476s
  7113  2192 7.8466e+08  471  112 7.8480e+08 7.8436e+08  0.06%  51.1  482s
  7462  2272 7.8472e+08  516   97 7.8480e+08 7.8436e+08  0.06%  49.2  486s
  7662  2479 7.8475e+08  538   92 7.8480e+08 7.8436e+08  0.06%  48.3  491s
  8039  2462 7.8479e+08  577   68 7.8480e+08 7.8436e+08  0.06%  46.6  505s
  8064  2527 7.8479e+08  577   68 7.8480e+08 7.8436e+08  0.06%  46.6  511s
  8340  2683 7.8459e+08  318  165 7.8480e+08 7.8436e+08  0.06%  45.8  516s
  8732  2879 7.8478e+08  358  143 7.8480e+08 7.8439e+08  0.05%  44.5  521s
  9087  3082 7.8451e+08  357  149 7.8480e+08 7.8439e+08  0.05%  43.7  527s
  9469  3072 7.8455e+08  409  146 7.8480e+08 7.8439e+08  0.05%  42.6  532s
  9610  3327 7.8456e+08  427  132 7.8480e+08 7.8439e+08  0.05%  42.4  539s
 10081  3319 7.8462e+08  492  135 7.8480e+08 7.8439e+08  0.05%  41.1  546s
 10110  3645 7.8462e+08  496  138 7.8480e+08 7.8439e+08  0.05%  41.1  551s
 10604  3821 7.8466e+08  561  121 7.8480e+08 7.8439e+08  0.05%  39.8  556s
 10931  4042 7.8469e+08  595  113 7.8480e+08 7.8439e+08  0.05%  38.9  562s
 11235  4441 7.8471e+08  633   99 7.8480e+08 7.8439e+08  0.05%  38.2  568s
 11747  4761 7.8475e+08  698   64 7.8480e+08 7.8439e+08  0.05%  37.0  575s
 12252  4990 7.8478e+08  762   36 7.8480e+08 7.8446e+08  0.04%  36.1  581s
 12715  5402 7.8453e+08  378  152 7.8480e+08 7.8446e+08  0.04%  35.3  588s
 13228  5753 7.8458e+08  443  142 7.8480e+08 7.8446e+08  0.04%  34.3  595s
 13748  6056 7.8463e+08  508  139 7.8480e+08 7.8446e+08  0.04%  33.4  602s
 14261  6269 7.8468e+08  572  139 7.8480e+08 7.8446e+08  0.04%  32.6  610s
 14774  6597 7.8470e+08  637  123 7.8480e+08 7.8446e+08  0.04%  32.0  633s
 15294  6901 7.8471e+08  702  107 7.8480e+08 7.8446e+08  0.04%  31.3  640s
 15791  7322 7.8473e+08  753   90 7.8480e+08 7.8446e+08  0.04%  30.7  646s
 16311  7615 7.8476e+08  818   59 7.8480e+08 7.8446e+08  0.04%  30.0  651s
 16421  7615     cutoff  277      7.8480e+08 7.8446e+08  0.04%  29.9  652s
 16776  7926 7.8478e+08  863   35 7.8480e+08 7.8453e+08  0.03%  29.5  657s
 17269  8280 7.8467e+08  416  149 7.8480e+08 7.8454e+08  0.03%  29.0  663s
 17769  8536 7.8471e+08  417  138 7.8480e+08 7.8454e+08  0.03%  28.5  669s
 18267  8721 7.8478e+08  477  104 7.8480e+08 7.8455e+08  0.03%  28.2  675s
 18758  8873     cutoff  431      7.8480e+08 7.8455e+08  0.03%  27.9  681s
 19228  8941 7.8476e+08  463  120 7.8480e+08 7.8455e+08  0.03%  27.5  686s
 19714  9015 7.8479e+08  501   91 7.8480e+08 7.8455e+08  0.03%  27.3  691s
 20193  9021 7.8461e+08  389  162 7.8480e+08 7.8455e+08  0.03%  27.1  707s
 20202  9125 7.8461e+08  390  162 7.8480e+08 7.8455e+08  0.03%  27.1  712s
 20695  9348 7.8472e+08  455  142 7.8480e+08 7.8455e+08  0.03%  26.9  718s
 21149  9559     cutoff  456      7.8480e+08 7.8455e+08  0.03%  26.7  723s
 21528  9903 7.8475e+08  467  103 7.8480e+08 7.8457e+08  0.03%  26.4  728s
 22046 10341 7.8459e+08  454  160 7.8480e+08 7.8457e+08  0.03%  26.1  735s
 22539 10659 7.8466e+08  519  145 7.8480e+08 7.8457e+08  0.03%  25.7  741s
 23021 10904 7.8471e+08  584  141 7.8480e+08 7.8457e+08  0.03%  25.3  746s
 23517 11132 7.8472e+08  649   97 7.8480e+08 7.8457e+08  0.03%  25.1  752s
 24022 11453 7.8476e+08  714   67 7.8480e+08 7.8457e+08  0.03%  24.8  758s
 24535 11767 7.8460e+08  348  159 7.8480e+08 7.8457e+08  0.03%  24.6  763s
 24685 11767 7.8459e+08  390  162 7.8480e+08 7.8457e+08  0.03%  24.5  764s
 25025 12010 7.8478e+08  413  119 7.8480e+08 7.8458e+08  0.03%  24.3  769s
 25430 12267 7.8477e+08  419  140 7.8480e+08 7.8458e+08  0.03%  24.1  775s
 25941 12405     cutoff  333      7.8480e+08 7.8458e+08  0.03%  23.9  781s
 26430 12702 7.8461e+08  462  155 7.8480e+08 7.8458e+08  0.03%  23.8  788s
 26941 13018 7.8466e+08  519  132 7.8480e+08 7.8458e+08  0.03%  23.5  794s
 27454 13338 7.8469e+08  579  134 7.8480e+08 7.8458e+08  0.03%  23.3  800s
 27961 13404 7.8476e+08  638  102 7.8480e+08 7.8458e+08  0.03%  23.0  806s
 28474 13527 7.8471e+08  464  129 7.8480e+08 7.8459e+08  0.03%  23.0  813s
 28963 13666 7.8477e+08  529   79 7.8480e+08 7.8459e+08  0.03%  23.0  819s
 29473 13873     cutoff  430      7.8480e+08 7.8459e+08  0.03%  22.8  843s
 29971 13957     cutoff  384      7.8480e+08 7.8459e+08  0.03%  22.7  850s
 30369 14094 7.8461e+08  406  159 7.8480e+08 7.8459e+08  0.03%  22.6  858s
 30855 14359 7.8469e+08  471  131 7.8480e+08 7.8459e+08  0.03%  22.5  866s
 31346 14531 7.8475e+08  536  111 7.8480e+08 7.8459e+08  0.03%  22.3  872s
 31852 14581 7.8480e+08  601   66 7.8480e+08 7.8460e+08  0.03%  22.1  879s
 32312 14762 7.8468e+08  259  116 7.8480e+08 7.8460e+08  0.03%  22.1  884s
 32596 14762 7.8479e+08  548  117 7.8480e+08 7.8460e+08  0.03%  22.0  885s
 32791 14965 7.8474e+08  283  105 7.8480e+08 7.8460e+08  0.03%  22.0  891s
 33304 15089 7.8473e+08  400  127 7.8480e+08 7.8460e+08  0.02%  21.9  897s
 33823 15260 7.8478e+08  459   73 7.8480e+08 7.8461e+08  0.02%  21.8  904s
 34327 15438 7.8473e+08  508  142 7.8480e+08 7.8461e+08  0.02%  21.7  911s
 34847 15533 7.8468e+08  405  144 7.8480e+08 7.8461e+08  0.02%  21.5  918s
 35280 15762 7.8477e+08  463  117 7.8480e+08 7.8461e+08  0.02%  21.5  926s
 35778 15944 7.8475e+08  517  125 7.8480e+08 7.8461e+08  0.02%  21.4  932s
 36280 16026     cutoff  472      7.8480e+08 7.8461e+08  0.02%  21.3  939s
 36762 16172 7.8465e+08  428  153 7.8480e+08 7.8461e+08  0.02%  21.2  946s
 37273 16312 7.8471e+08  493  119 7.8480e+08 7.8461e+08  0.02%  21.1  959s
 37727 16497 7.8475e+08  533  111 7.8480e+08 7.8461e+08  0.02%  21.1  965s
 38232 16592 7.8480e+08  593   50 7.8480e+08 7.8462e+08  0.02%  21.0  973s
 38747 16700 7.8471e+08  488  142 7.8480e+08 7.8462e+08  0.02%  20.9  980s
 39220 16835 7.8469e+08  399  138 7.8480e+08 7.8462e+08  0.02%  20.8  985s
 39734 17020     cutoff  397      7.8480e+08 7.8462e+08  0.02%  20.7  990s
 40240 17176 7.8467e+08  425  140 7.8480e+08 7.8462e+08  0.02%  20.6  995s
 40749 17248     cutoff  457      7.8480e+08 7.8462e+08  0.02%  20.5 1001s
 41230 17299 7.8472e+08  492  127 7.8480e+08 7.8462e+08  0.02%  20.4 1006s
 41737 17391 7.8477e+08  528  114 7.8480e+08 7.8463e+08  0.02%  20.3 1011s
 42247 17503     cutoff  321      7.8480e+08 7.8463e+08  0.02%  20.2 1015s
 42634 17503 7.8479e+08  674   45 7.8480e+08 7.8463e+08  0.02%  20.2 1016s
 42763 17705     cutoff  555      7.8480e+08 7.8463e+08  0.02%  20.2 1020s
 43274 17936     cutoff  591      7.8480e+08 7.8463e+08  0.02%  20.1 1025s
 43794 17973 7.8479e+08  634   65 7.8480e+08 7.8463e+08  0.02%  20.0 1031s
 44247 17991 7.8478e+08  513  121 7.8480e+08 7.8463e+08  0.02%  19.9 1052s
 44764 18107 7.8466e+08  425  144 7.8480e+08 7.8463e+08  0.02%  19.9 1057s
 45253 18074 7.8471e+08  482  126 7.8480e+08 7.8463e+08  0.02%  19.9 1062s
 45750 18273 7.8474e+08  543   98 7.8480e+08 7.8463e+08  0.02%  19.9 1067s
 46248 18344 7.8477e+08  600   61 7.8480e+08 7.8464e+08  0.02%  19.8 1072s
 46731 18440     cutoff  494      7.8480e+08 7.8464e+08  0.02%  19.8 1078s
 47195 18374 7.8479e+08  565   88 7.8480e+08 7.8465e+08  0.02%  19.8 1082s
 47468 18417 7.8477e+08  479  120 7.8480e+08 7.8465e+08  0.02%  19.8 1087s
 47869 18572 7.8480e+08  560  101 7.8480e+08 7.8465e+08  0.02%  19.8 1092s
 48353 18595     cutoff  481      7.8480e+08 7.8465e+08  0.02%  19.7 1097s
 48862 18506 7.8478e+08  381  131 7.8480e+08 7.8465e+08  0.02%  19.7 1101s
 49178 18702 7.8475e+08  533  122 7.8480e+08 7.8465e+08  0.02%  19.7 1106s
 49565 18805 7.8480e+08  589   99 7.8480e+08 7.8465e+08  0.02%  19.6 1111s
 49695 18805     cutoff  444      7.8480e+08 7.8465e+08  0.02%  19.6 1112s
 50035 18798     cutoff  337      7.8480e+08 7.8465e+08  0.02%  19.6 1117s
 50486 18936 7.8473e+08  491  139 7.8480e+08 7.8465e+08  0.02%  19.5 1122s
 50982 19034     cutoff  514      7.8480e+08 7.8465e+08  0.02%  19.5 1127s
 51471 19340 7.8478e+08  469  136 7.8480e+08 7.8465e+08  0.02%  19.4 1132s
 51975 19441 7.8473e+08  490  130 7.8480e+08 7.8466e+08  0.02%  19.3 1137s
 52468 19559     cutoff  376      7.8480e+08 7.8466e+08  0.02%  19.3 1142s
 52906 19572 7.8472e+08  434  134 7.8480e+08 7.8466e+08  0.02%  19.2 1147s
 53324 19511     cutoff  375      7.8480e+08 7.8466e+08  0.02%  19.2 1151s
 53711 19501 7.8468e+08  487  140 7.8480e+08 7.8466e+08  0.02%  19.2 1157s
 54145 19482     cutoff  516      7.8480e+08 7.8466e+08  0.02%  19.1 1162s
 54607 19579     cutoff  544      7.8480e+08 7.8466e+08  0.02%  19.1 1167s
 55123 19714     cutoff  517      7.8480e+08 7.8467e+08  0.02%  19.1 1172s
 55621 19671     cutoff  466      7.8480e+08 7.8467e+08  0.02%  19.0 1177s
 56136 19697     cutoff  532      7.8480e+08 7.8467e+08  0.02%  19.0 1183s
 56554 19788 7.8476e+08  480  130 7.8480e+08 7.8467e+08  0.02%  19.0 1188s
 57006 19810     cutoff  471      7.8480e+08 7.8467e+08  0.02%  19.0 1193s
 57469 19979     cutoff  407      7.8480e+08 7.8467e+08  0.02%  19.0 1197s
 57854 19979 7.8475e+08  318  100 7.8480e+08 7.8467e+08  0.02%  18.9 1198s
 57975 20056     cutoff  457      7.8480e+08 7.8467e+08  0.02%  18.9 1203s
 58488 20030     cutoff  411      7.8480e+08 7.8467e+08  0.02%  18.9 1208s
 58996 20196 7.8470e+08  469  141 7.8480e+08 7.8467e+08  0.02%  18.8 1227s
 59499 20186 7.8474e+08  421  147 7.8480e+08 7.8467e+08  0.02%  18.8 1233s
 59963 20265 7.8470e+08  483  125 7.8480e+08 7.8467e+08  0.02%  18.8 1238s
 60458 20334 7.8479e+08  516   93 7.8480e+08 7.8468e+08  0.02%  18.7 1244s
 60975 20525 7.8472e+08  637  121 7.8480e+08 7.8468e+08  0.02%  18.7 1249s
 61495 20430 7.8474e+08  695   92 7.8480e+08 7.8468e+08  0.02%  18.6 1254s
 62012 20588 7.8478e+08  758   42 7.8480e+08 7.8468e+08  0.02%  18.6 1259s
 62447 20588     cutoff  484      7.8480e+08 7.8468e+08  0.02%  18.5 1260s
 62511 20771 7.8474e+08  661  112 7.8480e+08 7.8468e+08  0.02%  18.5 1264s
 62979 20877 7.8477e+08  726   77 7.8480e+08 7.8468e+08  0.02%  18.5 1269s
 63480 20948 7.8472e+08  337  143 7.8480e+08 7.8468e+08  0.01%  18.4 1275s
 63963 20993 7.8474e+08  473  129 7.8480e+08 7.8468e+08  0.01%  18.4 1279s
 64465 21035 7.8476e+08  401  140 7.8480e+08 7.8468e+08  0.01%  18.3 1284s
 64903 21035 7.8479e+08  576  113 7.8480e+08 7.8468e+08  0.01%  18.3 1285s
 64968 21039 7.8474e+08  444  137 7.8480e+08 7.8469e+08  0.01%  18.3 1289s
 65476 21118 7.8479e+08  572  133 7.8480e+08 7.8469e+08  0.01%  18.3 1294s
 65917 21290 7.8476e+08  679   93 7.8480e+08 7.8469e+08  0.01%  18.2 1299s
 66406 21282 7.8477e+08  717   75 7.8480e+08 7.8469e+08  0.01%  18.2 1304s
 66911 21329 7.8477e+08  569  137 7.8480e+08 7.8469e+08  0.01%  18.1 1309s
 67428 21315     cutoff  492      7.8480e+08 7.8469e+08  0.01%  18.1 1314s
 67944 21462 7.8480e+08  404  128 7.8480e+08 7.8469e+08  0.01%  18.1 1319s
 68392 21521     cutoff  402      7.8480e+08 7.8469e+08  0.01%  18.0 1323s
 68820 21367 7.8480e+08  424  121 7.8480e+08 7.8469e+08  0.01%  18.0 1329s
 69302 21529 7.8474e+08  519  106 7.8480e+08 7.8470e+08  0.01%  18.0 1334s
 69814 21439 7.8478e+08  584   65 7.8480e+08 7.8470e+08  0.01%  17.9 1341s
 70239 21415 7.8473e+08  681  100 7.8480e+08 7.8470e+08  0.01%  17.9 1346s
 70752 21444 7.8474e+08  743   78 7.8480e+08 7.8470e+08  0.01%  17.9 1351s
 71264 21484 7.8480e+08  801   36 7.8480e+08 7.8470e+08  0.01%  17.8 1358s
 71673 21604     cutoff  627      7.8480e+08 7.8470e+08  0.01%  17.8 1365s
 72193 21595     cutoff  411      7.8480e+08 7.8470e+08  0.01%  17.8 1373s
 72711 21646 7.8472e+08  718   97 7.8480e+08 7.8470e+08  0.01%  17.7 1381s
 73202 21579 7.8476e+08  780   64 7.8480e+08 7.8470e+08  0.01%  17.7 1389s
 73703 21487 7.8474e+08  516  138 7.8480e+08 7.8470e+08  0.01%  17.7 1396s
 74219 21549     cutoff  324      7.8480e+08 7.8470e+08  0.01%  17.6 1405s
 74731 21524     cutoff  646      7.8480e+08 7.8471e+08  0.01%  17.6 1413s
 75238 21508 7.8476e+08  514  122 7.8480e+08 7.8471e+08  0.01%  17.6 1418s
 75433 21508 7.8475e+08  453  145 7.8480e+08 7.8471e+08  0.01%  17.6 1419s
 75750 21511     cutoff  458      7.8480e+08 7.8471e+08  0.01%  17.5 1424s
 76132 21560 7.8477e+08  659   97 7.8480e+08 7.8471e+08  0.01%  17.5 1447s
 76652 21565 7.8474e+08  718   88 7.8480e+08 7.8471e+08  0.01%  17.5 1452s
 77137 21529 7.8476e+08  773   57 7.8480e+08 7.8471e+08  0.01%  17.5 1458s
 77643 21410 7.8479e+08  417  147 7.8480e+08 7.8471e+08  0.01%  17.5 1463s
 78140 21499     cutoff  480      7.8480e+08 7.8471e+08  0.01%  17.4 1468s
 78616 21554 7.8474e+08  721   72 7.8480e+08 7.8471e+08  0.01%  17.4 1474s
 79106 21441 7.8476e+08  781   48 7.8480e+08 7.8471e+08  0.01%  17.4 1480s
 79607 21342     cutoff  530      7.8480e+08 7.8471e+08  0.01%  17.4 1485s
 80121 21434 7.8477e+08  613  130 7.8480e+08 7.8472e+08  0.01%  17.3 1490s
 80615 21375 7.8474e+08  450  134 7.8480e+08 7.8472e+08  0.01%  17.3 1496s
 81115 21301 7.8479e+08  462  132 7.8480e+08 7.8472e+08  0.01%  17.3 1503s
 81596 21280     cutoff  609      7.8480e+08 7.8472e+08  0.01%  17.3 1509s
 82062 21255     cutoff  521      7.8480e+08 7.8472e+08  0.01%  17.2 1515s
 82563 21086     cutoff  622      7.8480e+08 7.8472e+08  0.01%  17.2 1534s
 82899 21004 7.8475e+08  692   85 7.8480e+08 7.8472e+08  0.01%  17.2 1541s
 83367 20974 7.8477e+08  744   49 7.8480e+08 7.8472e+08  0.01%  17.2 1546s

Cutting planes:
  Gomory: 13
  Lift-and-project: 14
  Implied bound: 39
  MIR: 123
  Mixing: 5
  Flow cover: 339

Explored 83873 nodes (1683756 simplex iterations) in 1547.53 seconds (2510.34 work units)
Thread count was 8 (of 8 available processors)

Solution count 10: 7.848e+08 7.848e+08 7.8481e+08 ... 7.85075e+08

Optimal solution found (tolerance 1.00e-04)
Best objective 7.847996121204e+08, best bound 7.847211951169e+08, gap 0.0100%

Gurobi 11.0.3 (mac64[arm]) logging started Sun Dec  7 16:10:59 2025

Set parameter LogFile to value "unknown.gurobi.log"
Set parameter DisplayInterval to value 1
Gurobi Optimizer version 11.0.3 build v11.0.3rc0 (mac64[arm] - Darwin 24.6.0 24G90)

CPU model: Apple M1 Pro
Thread count: 8 physical cores, 8 logical processors, using up to 8 threads

Optimize a model with 4752706 rows, 4736893 columns and 18577195 nonzeros
Model fingerprint: 0x0fb3b684
Variable types: 2489188 continuous, 2247705 integer (2247705 binary)
Coefficient statistics:
  Matrix range     [5e-03, 6e+07]
  Objective range  [3e-04, 5e+05]
  Bounds range     [1e+00, 1e+00]
  RHS range        [9e-02, 1e+07]
Found heuristic solution: objective 1.742968e+12
Presolve removed 110576 rows and 110576 columns (presolve time = 1s) ...
Presolve removed 170390 rows and 139419 columns (presolve time = 2s) ...
Presolve removed 223403 rows and 172975 columns (presolve time = 3s) ...
Presolve removed 223403 rows and 172975 columns (presolve time = 8s) ...
Presolve removed 223403 rows and 175007 columns (presolve time = 8s) ...
Presolve removed 223403 rows and 175007 columns
Presolve time: 8.31s

Explored 0 nodes (0 simplex iterations) in 10.40 seconds (11.05 work units)
Thread count was 1 (of 8 available processors)

Solution count 1: 1.74297e+12 

Model is unbounded
Best objective 1.742967816444e+12, best bound -, gap -

Gurobi 11.0.3 (mac64[arm]) logging started Mon Dec  8 11:30:10 2025

Set parameter LogFile to value "unknown.gurobi.log"
Set parameter DisplayInterval to value 1
Gurobi Optimizer version 11.0.3 build v11.0.3rc0 (mac64[arm] - Darwin 24.6.0 24G90)

CPU model: Apple M1 Pro
Thread count: 8 physical cores, 8 logical processors, using up to 8 threads

Optimize a model with 4752706 rows, 4736893 columns and 18577195 nonzeros
Model fingerprint: 0xc82c7655
Variable types: 2489188 continuous, 2247705 integer (2247705 binary)
Coefficient statistics:
  Matrix range     [5e-03, 6e+07]
  Objective range  [3e-04, 5e+05]
  Bounds range     [1e+00, 1e+00]
  RHS range        [9e-02, 1e+07]
Found heuristic solution: objective 1.742968e+12
Presolve removed 0 rows and 0 columns (presolve time = 1s) ...
Presolve removed 170390 rows and 139419 columns (presolve time = 2s) ...
Presolve removed 223403 rows and 172975 columns (presolve time = 3s) ...
Presolve removed 223403 rows and 172975 columns (presolve time = 7s) ...
Presolve removed 223403 rows and 175007 columns
Presolve time: 7.89s

Explored 0 nodes (0 simplex iterations) in 10.10 seconds (11.06 work units)
Thread count was 1 (of 8 available processors)

Solution count 1: 1.74297e+12 

Model is unbounded
Best objective 1.742967816444e+12, best bound -, gap -

Gurobi 11.0.3 (mac64[arm]) logging started Mon Dec  8 11:41:07 2025

Set parameter LogFile to value "unknown.gurobi.log"
Set parameter DisplayInterval to value 1
Gurobi Optimizer version 11.0.3 build v11.0.3rc0 (mac64[arm] - Darwin 24.6.0 24G90)

CPU model: Apple M1 Pro
Thread count: 8 physical cores, 8 logical processors, using up to 8 threads

Optimize a model with 4752706 rows, 4736893 columns and 18577195 nonzeros
Model fingerprint: 0x98b3f73c
Variable types: 2489188 continuous, 2247705 integer (2247705 binary)
Coefficient statistics:
  Matrix range     [5e-03, 6e+07]
  Objective range  [3e-04, 5e+05]
  Bounds range     [1e+00, 1e+00]
  RHS range        [9e-02, 1e+07]
Found heuristic solution: objective 1.742968e+12
Presolve removed 110576 rows and 110576 columns (presolve time = 1s) ...
Presolve removed 170390 rows and 139419 columns (presolve time = 2s) ...
Presolve removed 223403 rows and 172975 columns (presolve time = 3s) ...
Presolve removed 223403 rows and 172975 columns (presolve time = 7s) ...
Presolve removed 223403 rows and 175007 columns (presolve time = 8s) ...
Presolve removed 223403 rows and 175007 columns
Presolve time: 7.80s

Explored 0 nodes (0 simplex iterations) in 9.90 seconds (11.05 work units)
Thread count was 1 (of 8 available processors)

Solution count 1: 1.74297e+12 

Model is unbounded
Best objective 1.742967816444e+12, best bound -, gap -

Gurobi 11.0.3 (mac64[arm]) logging started Mon Dec  8 12:19:04 2025

Set parameter LogFile to value "unknown.gurobi.log"
Set parameter DisplayInterval to value 1
Gurobi Optimizer version 11.0.3 build v11.0.3rc0 (mac64[arm] - Darwin 24.6.0 24G90)

CPU model: Apple M1 Pro
Thread count: 8 physical cores, 8 logical processors, using up to 8 threads

Optimize a model with 4504216 rows, 4488403 columns and 17583235 nonzeros
Model fingerprint: 0xf5dcf699
Variable types: 2364943 continuous, 2123460 integer (2123460 binary)
Coefficient statistics:
  Matrix range     [5e-03, 1e+07]
  Objective range  [3e-04, 5e+05]
  Bounds range     [1e+00, 1e+00]
  RHS range        [9e-02, 1e+07]
Found heuristic solution: objective 1.742968e+12
Presolve removed 110576 rows and 110576 columns (presolve time = 1s) ...
Presolve removed 218901 rows and 168246 columns (presolve time = 2s) ...
Presolve removed 223403 rows and 172975 columns (presolve time = 3s) ...
Presolve removed 223403 rows and 172975 columns (presolve time = 6s) ...
Presolve removed 223403 rows and 175007 columns
Presolve time: 6.69s

Explored 0 nodes (0 simplex iterations) in 8.34 seconds (10.45 work units)
Thread count was 1 (of 8 available processors)

Solution count 1: 1.74297e+12 

Model is unbounded
Best objective 1.742967816444e+12, best bound -, gap -

Gurobi 11.0.3 (mac64[arm]) logging started Mon Dec  8 12:30:12 2025

Set parameter LogFile to value "unknown.gurobi.log"
Set parameter DisplayInterval to value 1
Gurobi Optimizer version 11.0.3 build v11.0.3rc0 (mac64[arm] - Darwin 24.6.0 24G90)

CPU model: Apple M1 Pro
Thread count: 8 physical cores, 8 logical processors, using up to 8 threads

Optimize a model with 4504216 rows, 4488403 columns and 17583235 nonzeros
Model fingerprint: 0x3a9d02cb
Variable types: 2364943 continuous, 2123460 integer (2123460 binary)
Coefficient statistics:
  Matrix range     [5e-03, 1e+07]
  Objective range  [3e-04, 5e+05]
  Bounds range     [1e+00, 1e+00]
  RHS range        [9e-02, 1e+07]
Found heuristic solution: objective 1.742968e+12
Presolve removed 110576 rows and 110576 columns (presolve time = 1s) ...
Presolve removed 218901 rows and 168246 columns (presolve time = 2s) ...
Presolve removed 223403 rows and 172975 columns (presolve time = 3s) ...
Presolve removed 223403 rows and 172975 columns (presolve time = 6s) ...
Presolve removed 223403 rows and 175007 columns (presolve time = 6s) ...
Presolve removed 223403 rows and 175007 columns
Presolve time: 6.58s

Explored 0 nodes (0 simplex iterations) in 8.28 seconds (10.45 work units)
Thread count was 1 (of 8 available processors)

Solution count 1: 1.74297e+12 

Model is unbounded
Best objective 1.742967816444e+12, best bound -, gap -

Gurobi 11.0.3 (mac64[arm]) logging started Mon Dec  8 12:50:07 2025

Set parameter LogFile to value "unknown.gurobi.log"
Set parameter DisplayInterval to value 1
Gurobi Optimizer version 11.0.3 build v11.0.3rc0 (mac64[arm] - Darwin 24.6.0 24G90)

CPU model: Apple M1 Pro
Thread count: 8 physical cores, 8 logical processors, using up to 8 threads

Optimize a model with 293440 rows, 277627 columns and 740131 nonzeros
Model fingerprint: 0x2722a476
Variable types: 259555 continuous, 18072 integer (18072 binary)
Coefficient statistics:
  Matrix range     [5e-03, 8e+06]
  Objective range  [3e-04, 5e+05]
  Bounds range     [1e+00, 1e+00]
  RHS range        [9e-02, 1e+07]
Found heuristic solution: objective 1.742968e+12
Presolve removed 223403 rows and 174925 columns
Presolve time: 0.28s

Explored 0 nodes (0 simplex iterations) in 0.35 seconds (0.40 work units)
Thread count was 1 (of 8 available processors)

Solution count 1: 1.74297e+12 

Model is unbounded
Best objective 1.742967816444e+12, best bound -, gap -

Gurobi 11.0.3 (mac64[arm]) logging started Mon Dec  8 12:51:38 2025

Set parameter LogFile to value "unknown.gurobi.log"
Set parameter DisplayInterval to value 1
Gurobi Optimizer version 11.0.3 build v11.0.3rc0 (mac64[arm] - Darwin 24.6.0 24G90)

CPU model: Apple M1 Pro
Thread count: 8 physical cores, 8 logical processors, using up to 8 threads

Optimize a model with 293440 rows, 277627 columns and 740131 nonzeros
Model fingerprint: 0xf2296f24
Variable types: 259555 continuous, 18072 integer (18072 binary)
Coefficient statistics:
  Matrix range     [5e-03, 8e+06]
  Objective range  [3e-04, 5e+05]
  Bounds range     [1e+00, 1e+00]
  RHS range        [9e-02, 1e+07]
Found heuristic solution: objective 1.742968e+12
Presolve removed 223403 rows and 174298 columns
Presolve time: 0.22s

Explored 0 nodes (0 simplex iterations) in 0.28 seconds (0.40 work units)
Thread count was 1 (of 8 available processors)

Solution count 1: 1.74297e+12 

Model is unbounded
Best objective 1.742967816444e+12, best bound -, gap -

Gurobi 11.0.3 (mac64[arm]) logging started Mon Dec  8 13:21:46 2025

Set parameter LogFile to value "unknown.gurobi.log"
Set parameter DisplayInterval to value 1
Gurobi Optimizer version 11.0.3 build v11.0.3rc0 (mac64[arm] - Darwin 24.6.0 24G90)

CPU model: Apple M1 Pro
Thread count: 8 physical cores, 8 logical processors, using up to 8 threads

Optimize a model with 287032 rows, 269083 columns and 725179 nonzeros
Model fingerprint: 0x4eb4524c
Variable types: 251011 continuous, 18072 integer (18072 binary)
Coefficient statistics:
  Matrix range     [5e-03, 8e+06]
  Objective range  [3e-04, 5e+05]
  Bounds range     [1e+00, 1e+00]
  RHS range        [9e-02, 1e+07]
Found heuristic solution: objective 1.742968e+12
Presolve removed 216995 rows and 166403 columns
Presolve time: 0.25s

Explored 0 nodes (0 simplex iterations) in 0.31 seconds (0.40 work units)
Thread count was 1 (of 8 available processors)

Solution count 1: 1.74297e+12 

Model is unbounded
Best objective 1.742967816444e+12, best bound -, gap -

Gurobi 11.0.3 (mac64[arm]) logging started Mon Dec  8 13:24:10 2025

Set parameter LogFile to value "unknown.gurobi.log"
Set parameter DisplayInterval to value 1
Gurobi Optimizer version 11.0.3 build v11.0.3rc0 (mac64[arm] - Darwin 24.6.0 24G90)

CPU model: Apple M1 Pro
Thread count: 8 physical cores, 8 logical processors, using up to 8 threads

Optimize a model with 287032 rows, 269083 columns and 725179 nonzeros
Model fingerprint: 0x43ca254a
Variable types: 251011 continuous, 18072 integer (18072 binary)
Coefficient statistics:
  Matrix range     [5e-03, 8e+06]
  Objective range  [3e-04, 5e+05]
  Bounds range     [1e+00, 1e+00]
  RHS range        [9e-02, 1e+07]
Found heuristic solution: objective 1.742968e+12
Presolve removed 216995 rows and 166340 columns
Presolve time: 0.12s

Explored 0 nodes (0 simplex iterations) in 0.19 seconds (0.25 work units)
Thread count was 1 (of 8 available processors)

Solution count 1: 1.74297e+12 

Model is unbounded
Best objective 1.742967820816e+12, best bound -, gap -

Gurobi 11.0.3 (mac64[arm]) logging started Mon Dec  8 13:30:35 2025

Set parameter LogFile to value "unknown.gurobi.log"
Set parameter DisplayInterval to value 1
Gurobi Optimizer version 11.0.3 build v11.0.3rc0 (mac64[arm] - Darwin 24.6.0 24G90)

CPU model: Apple M1 Pro
Thread count: 8 physical cores, 8 logical processors, using up to 8 threads

Optimize a model with 286294 rows, 268345 columns and 723703 nonzeros
Model fingerprint: 0x4ea89bde
Variable types: 250273 continuous, 18072 integer (18072 binary)
Coefficient statistics:
  Matrix range     [5e-03, 8e+06]
  Objective range  [3e-04, 5e+05]
  Bounds range     [1e+00, 1e+00]
  RHS range        [9e-02, 1e+07]
Found heuristic solution: objective 1.742968e+12
Presolve removed 216257 rows and 165602 columns
Presolve time: 0.14s

Explored 0 nodes (0 simplex iterations) in 0.20 seconds (0.19 work units)
Thread count was 1 (of 8 available processors)

Solution count 1: 1.74297e+12 

Model is unbounded
Best objective 1.742967816444e+12, best bound -, gap -

Gurobi 11.0.3 (mac64[arm]) logging started Mon Dec  8 13:35:15 2025

Set parameter LogFile to value "unknown.gurobi.log"
Set parameter DisplayInterval to value 1
Gurobi Optimizer version 11.0.3 build v11.0.3rc0 (mac64[arm] - Darwin 24.6.0 24G90)

CPU model: Apple M1 Pro
Thread count: 8 physical cores, 8 logical processors, using up to 8 threads

Optimize a model with 286294 rows, 268345 columns and 723703 nonzeros
Model fingerprint: 0x9fdb52c1
Variable types: 250273 continuous, 18072 integer (18072 binary)
Coefficient statistics:
  Matrix range     [5e-03, 8e+06]
  Objective range  [3e-04, 5e+05]
  Bounds range     [1e+00, 1e+00]
  RHS range        [9e-02, 1e+07]
Found heuristic solution: objective 1.742968e+12
Presolve removed 216257 rows and 165602 columns
Presolve time: 0.14s

Explored 0 nodes (0 simplex iterations) in 0.21 seconds (0.19 work units)
Thread count was 1 (of 8 available processors)

Solution count 1: 1.74297e+12 

Model is unbounded
Best objective 1.742967816444e+12, best bound -, gap -

Gurobi 11.0.3 (mac64[arm]) logging started Mon Dec  8 13:42:33 2025

Set parameter LogFile to value "unknown.gurobi.log"
Set parameter DisplayInterval to value 1
Gurobi Optimizer version 11.0.3 build v11.0.3rc0 (mac64[arm] - Darwin 24.6.0 24G90)

CPU model: Apple M1 Pro
Thread count: 8 physical cores, 8 logical processors, using up to 8 threads

Optimize a model with 14437 rows, 13554 columns and 36551 nonzeros
Model fingerprint: 0x13bc9e6e
Variable types: 12594 continuous, 960 integer (960 binary)
Coefficient statistics:
  Matrix range     [5e-03, 8e+06]
  Objective range  [1e-02, 5e+05]
  Bounds range     [1e+00, 1e+00]
  RHS range        [1e+00, 2e+08]
Found heuristic solution: objective 1.742968e+12
Presolve removed 11557 rows and 8939 columns
Presolve time: 0.02s
Presolved: 2880 rows, 4615 columns, 12135 nonzeros
Variable types: 3895 continuous, 720 integer (720 binary)
Root barrier log...

Ordering time: 0.00s

Barrier statistics:
 AA' NZ     : 5.020e+03
 Factor NZ  : 2.621e+04 (roughly 2 MB of memory)
 Factor Ops : 6.729e+05 (less than 1 second per iteration)
 Threads    : 1

                  Objective                Residual
Iter       Primal          Dual         Primal    Dual     Compl     Time
   0  -1.46670765e+15 -2.16512911e+15  1.08e+07 2.43e+05  7.91e+12     0s
   1  -2.95193235e+14 -6.63042783e+14  2.26e+06 1.14e+05  9.37e+11     0s
   2  -4.80902115e+13 -1.30594123e+14  3.62e+05 2.08e+04  1.57e+11     0s
   3  -3.98927116e+12 -2.25725205e+13  2.67e+04 6.16e+02  1.20e+10     0s
   4  -7.77983021e+11 -8.84165823e+12  7.63e+03 1.51e+02  3.68e+09     0s
   5   2.93812939e+11 -2.02545436e+12  1.79e+02 5.25e-02  4.25e+08     0s
   6   8.59564046e+10 -4.57444403e+10  3.91e+01 2.79e-09  2.82e+07     0s
   7   2.93501249e+09 -6.32131392e+09  4.14e-01 1.40e-09  1.54e+06     0s
   8   1.29786349e+09  1.02677854e+08  9.60e-03 9.31e-10  1.90e+05     0s
   9   1.13054672e+09  7.93702938e+08  2.38e-03 9.31e-10  5.34e+04     0s
  10   1.05719800e+09  9.14777545e+08  6.03e-04 9.31e-10  2.25e+04     0s
  11   1.02901866e+09  9.46586108e+08  3.25e-04 1.07e-09  1.30e+04     0s
  12   9.98913507e+08  9.69966770e+08  6.69e-05 9.31e-10  4.56e+03     0s
  13   9.90462900e+08  9.74431337e+08  3.26e-05 1.20e-09  2.53e+03     0s

Barrier solved model in 13 iterations and 0.05 seconds (0.05 work units)
Optimal objective 9.90462900e+08

Extra simplex iterations after uncrush: 164

Root relaxation: objective 9.806603e+08, 4940 iterations, 0.04 seconds (0.03 work units)

    Nodes    |    Current Node    |     Objective Bounds      |     Work
 Expl Unexpl |  Obj  Depth IntInf | Incumbent    BestBd   Gap | It/Node Time

     0     0 9.8066e+08    0  116 1.7430e+12 9.8066e+08   100%     -    0s
H    0     0                    9.838932e+08 9.8066e+08  0.33%     -    0s
     0     0 9.8126e+08    0   88 9.8389e+08 9.8126e+08  0.27%     -    0s
     0     0 9.8128e+08    0   88 9.8389e+08 9.8128e+08  0.27%     -    0s
     0     0 9.8128e+08    0   88 9.8389e+08 9.8128e+08  0.27%     -    0s
     0     0 9.8131e+08    0   86 9.8389e+08 9.8131e+08  0.26%     -    0s
     0     0 9.8131e+08    0   91 9.8389e+08 9.8131e+08  0.26%     -    0s
     0     0 9.8131e+08    0   90 9.8389e+08 9.8131e+08  0.26%     -    0s
     0     0 9.8131e+08    0   89 9.8389e+08 9.8131e+08  0.26%     -    0s
     0     0 9.8131e+08    0   89 9.8389e+08 9.8131e+08  0.26%     -    0s
H    0     0                    9.837117e+08 9.8131e+08  0.24%     -    0s
     0     2 9.8131e+08    0   89 9.8371e+08 9.8131e+08  0.24%     -    0s
H   31    40                    9.836137e+08 9.8141e+08  0.22%  13.6    0s
H   32    40                    9.835710e+08 9.8141e+08  0.22%  13.2    0s
H   33    40                    9.835359e+08 9.8141e+08  0.22%  12.9    0s
H 1027  1020                    9.825828e+08 9.8142e+08  0.12%   5.4    0s
H 1031   878                    9.824098e+08 9.8142e+08  0.10%   5.4    0s
H 1037   557                    9.821506e+08 9.8142e+08  0.07%   5.4    0s
H 1046   538                    9.821438e+08 9.8142e+08  0.07%   5.3    0s
  1076   575     cutoff  133      9.8214e+08 9.8143e+08  0.07%   5.3    1s
  1629   968 9.8189e+08   40   86 9.8214e+08 9.8161e+08  0.05%   5.3    2s
  1827  1051     cutoff   31      9.8214e+08 9.8167e+08  0.05%   9.7    3s
H 2910  1446                    9.821078e+08 9.8170e+08  0.04%  10.9    3s
  4215  1958 9.8191e+08   43   39 9.8211e+08 9.8176e+08  0.03%  10.6    4s
H 5136  2160                    9.820856e+08 9.8179e+08  0.03%  10.7    5s
  5848  2907 9.8191e+08   31   56 9.8209e+08 9.8179e+08  0.03%  10.6    6s
  6339  3385 9.8202e+08   46   52 9.8209e+08 9.8180e+08  0.03%  10.5    7s
  9319  4863 9.8207e+08   33   65 9.8209e+08 9.8182e+08  0.03%  10.5    8s
 13281  7066 9.8200e+08   41   55 9.8209e+08 9.8185e+08  0.02%  10.4    9s
 14496  7825 9.8197e+08   51   56 9.8209e+08 9.8185e+08  0.02%  10.4   10s
 17103  8792 9.8195e+08   23   74 9.8209e+08 9.8186e+08  0.02%  10.4   11s
 19463  9229     cutoff   72      9.8209e+08 9.8187e+08  0.02%  10.5   13s
 21988 10759     cutoff   42      9.8209e+08 9.8188e+08  0.02%  10.5   14s
 24498 11761 9.8200e+08   43   56 9.8209e+08 9.8189e+08  0.02%  10.6   15s
 27096 12857     cutoff   58      9.8209e+08 9.8189e+08  0.02%  10.6   16s
 29787 14016 9.8207e+08   52   55 9.8209e+08 9.8190e+08  0.02%  10.6   20s
 32001 14494 9.8193e+08   30   52 9.8209e+08 9.8190e+08  0.02%  10.9   21s
 34547 15246 9.8198e+08   60   42 9.8209e+08 9.8191e+08  0.02%  12.1   22s
 36274 15847     cutoff   31      9.8209e+08 9.8191e+08  0.02%  12.9   23s
 37246 16055 9.8195e+08   54   40 9.8209e+08 9.8192e+08  0.02%  13.4   24s
 39334 16750     cutoff   39      9.8209e+08 9.8192e+08  0.02%  14.2   25s
 41055 17092 9.8208e+08   35   41 9.8209e+08 9.8193e+08  0.02%  14.8   26s
 43297 17697 9.8208e+08   40   64 9.8209e+08 9.8193e+08  0.02%  15.6   27s
 44525 17931 9.8199e+08   29   56 9.8209e+08 9.8193e+08  0.02%  15.9   28s
 46684 18507 9.8206e+08   47   54 9.8209e+08 9.8194e+08  0.01%  16.5   29s
 47869 18789 9.8208e+08   48   41 9.8209e+08 9.8194e+08  0.01%  16.8   30s
 50327 19402     cutoff   38      9.8209e+08 9.8195e+08  0.01%  17.4   31s
 52744 19837 9.8199e+08   34   59 9.8209e+08 9.8195e+08  0.01%  17.9   32s
 53964 20028 9.8202e+08   33   61 9.8209e+08 9.8195e+08  0.01%  18.2   33s
 56527 20542 9.8198e+08   54   28 9.8209e+08 9.8196e+08  0.01%  18.7   34s
 57708 20760 9.8201e+08   24   68 9.8209e+08 9.8196e+08  0.01%  18.9   35s
 59965 20942 9.8207e+08   36   65 9.8209e+08 9.8197e+08  0.01%  19.2   36s
 60301 21216 9.8205e+08   32   48 9.8209e+08 9.8197e+08  0.01%  19.3   37s
 62239 21430 9.8201e+08   58   45 9.8209e+08 9.8197e+08  0.01%  19.6   38s
 63764 21633 9.8203e+08   38   52 9.8209e+08 9.8197e+08  0.01%  19.8   39s
 66636 21901     cutoff   34      9.8209e+08 9.8198e+08  0.01%  20.1   40s
 69294 22183 9.8208e+08   27   59 9.8209e+08 9.8198e+08  0.01%  20.4   41s
 70519 22277     cutoff   68      9.8209e+08 9.8198e+08  0.01%  20.6   42s

Cutting planes:
  Gomory: 4
  MIR: 102
  Mixing: 10
  Flow cover: 333

Explored 73147 nodes (1530387 simplex iterations) in 42.95 seconds (63.48 work units)
Thread count was 8 (of 8 available processors)

Solution count 10: 9.82086e+08 9.82086e+08 9.82108e+08 ... 9.83614e+08

Optimal solution found (tolerance 1.00e-04)
Best objective 9.820855812224e+08, best bound 9.819887893119e+08, gap 0.0099%

Gurobi 11.0.3 (mac64[arm]) logging started Mon Dec  8 13:46:34 2025

Set parameter LogFile to value "unknown.gurobi.log"
Set parameter DisplayInterval to value 1
Gurobi Optimizer version 11.0.3 build v11.0.3rc0 (mac64[arm] - Darwin 24.6.0 24G90)

CPU model: Apple M1 Pro
Thread count: 8 physical cores, 8 logical processors, using up to 8 threads

Optimize a model with 286294 rows, 268345 columns and 723703 nonzeros
Model fingerprint: 0x6723e888
Variable types: 250273 continuous, 18072 integer (18072 binary)
Coefficient statistics:
  Matrix range     [5e-03, 8e+06]
  Objective range  [3e-04, 5e+05]
  Bounds range     [1e+00, 1e+00]
  RHS range        [9e-02, 1e+07]
Found heuristic solution: objective 1.742968e+12
Presolve removed 216257 rows and 165602 columns
Presolve time: 0.32s

Explored 0 nodes (0 simplex iterations) in 0.38 seconds (0.37 work units)
Thread count was 1 (of 8 available processors)

Solution count 1: 1.74297e+12 

Model is unbounded
Best objective 1.742967816444e+12, best bound -, gap -

Gurobi 11.0.3 (mac64[arm]) logging started Mon Dec  8 13:48:27 2025

Set parameter LogFile to value "unknown.gurobi.log"
Set parameter DisplayInterval to value 1
Gurobi Optimizer version 11.0.3 build v11.0.3rc0 (mac64[arm] - Darwin 24.6.0 24G90)

CPU model: Apple M1 Pro
Thread count: 8 physical cores, 8 logical processors, using up to 8 threads

Optimize a model with 37014 rows, 34728 columns and 93642 nonzeros
Model fingerprint: 0x01a1392d
Variable types: 32328 continuous, 2400 integer (2400 binary)
Coefficient statistics:
  Matrix range     [5e-03, 8e+06]
  Objective range  [2e-03, 5e+05]
  Bounds range     [1e+00, 1e+00]
  RHS range        [9e-02, 7e+07]
Found heuristic solution: objective 1.742968e+12
Presolve removed 29814 rows and 23037 columns
Presolve time: 0.06s
Presolved: 7200 rows, 11691 columns, 30741 nonzeros
Variable types: 9891 continuous, 1800 integer (1800 binary)
Root barrier log...

Ordering time: 0.00s

Barrier statistics:
 AA' NZ     : 1.268e+04
 Factor NZ  : 8.084e+04 (roughly 6 MB of memory)
 Factor Ops : 3.332e+06 (less than 1 second per iteration)
 Threads    : 8

                  Objective                Residual
Iter       Primal          Dual         Primal    Dual     Compl     Time
   0  -7.03841629e+14 -4.01252118e+15  3.74e+06 2.94e+05  5.36e+12     0s
   1  -6.79030802e+13 -1.50885409e+15  7.84e+05 2.86e+05  7.27e+11     0s
   2   8.54394550e+10 -1.76796493e+14  1.23e+04 5.96e+03  2.02e+10     0s
   3   4.68772099e+11 -3.77597571e+13  1.01e+03 8.97e+02  3.22e+09     0s
   4   4.68287845e+11 -7.65287897e+11  1.01e+02 1.76e+00  1.13e+08     0s
   5   2.65562726e+11 -2.57963802e+11  4.61e+01 8.86e-02  4.18e+07     0s
   6   7.64537219e+10 -1.26551246e+11  1.07e+01 3.26e-09  1.39e+07     0s
   7   2.70621845e+10 -1.13890098e+11  2.74e+00 2.79e-09  8.78e+06     0s
   8   8.49490414e+09 -3.59103647e+10  2.51e-01 1.40e-09  2.66e+06     0s
   9   4.49856297e+09 -5.89227504e+09  5.36e-02 2.33e-09  6.22e+05     0s
  10   2.73763182e+09 -1.10714309e+09  1.69e-02 2.33e-09  2.30e+05     0s
  11   1.33594286e+09  3.62211946e+08  2.52e-03 1.23e-09  5.76e+04     0s
  12   1.11701899e+09  7.54822842e+08  8.37e-04 1.43e-09  2.14e+04     0s
  13   9.91073274e+08  8.45838058e+08  2.15e-04 1.67e-09  8.54e+03     0s
  14   9.65349455e+08  8.75582826e+08  1.40e-04 1.74e-09  5.29e+03     0s
  15   9.44495523e+08  8.87907803e+08  8.70e-05 1.99e-09  3.34e+03     0s
  16   9.31969934e+08  8.95996914e+08  5.71e-05 2.36e-09  2.12e+03     0s
  17   9.25280269e+08  8.99282036e+08  4.12e-05 2.41e-09  1.54e+03     0s
  18   9.22854568e+08  9.00408539e+08  3.61e-05 2.38e-09  1.33e+03     0s
  19   9.18135407e+08  9.01777094e+08  2.54e-05 2.89e-09  9.67e+02     0s

Barrier solved model in 19 iterations and 0.13 seconds (0.13 work units)
Optimal objective 9.18135407e+08

Extra simplex iterations after uncrush: 528

Root relaxation: objective 9.062703e+08, 13788 iterations, 0.11 seconds (0.10 work units)

    Nodes    |    Current Node    |     Objective Bounds      |     Work
 Expl Unexpl |  Obj  Depth IntInf | Incumbent    BestBd   Gap | It/Node Time

     0     0 9.0627e+08    0  215 1.7430e+12 9.0627e+08   100%     -    0s
H    0     0                    9.098710e+08 9.0627e+08  0.40%     -    0s
H    0     0                    9.098710e+08 9.0635e+08  0.39%     -    0s
     0     0 9.0686e+08    0  195 9.0987e+08 9.0686e+08  0.33%     -    0s
H    0     0                    9.098196e+08 9.0689e+08  0.32%     -    0s
     0     0 9.0693e+08    0  179 9.0982e+08 9.0693e+08  0.32%     -    0s
     0     0 9.0694e+08    0  177 9.0982e+08 9.0694e+08  0.32%     -    0s
     0     0 9.0697e+08    0  173 9.0982e+08 9.0697e+08  0.31%     -    0s
     0     0 9.0698e+08    0  169 9.0982e+08 9.0698e+08  0.31%     -    0s
     0     0 9.0698e+08    0  169 9.0982e+08 9.0698e+08  0.31%     -    0s
     0     0 9.0701e+08    0  204 9.0982e+08 9.0701e+08  0.31%     -    0s
     0     0 9.0702e+08    0  206 9.0982e+08 9.0702e+08  0.31%     -    0s
     0     0 9.0703e+08    0  209 9.0982e+08 9.0703e+08  0.31%     -    0s
     0     0 9.0705e+08    0  202 9.0982e+08 9.0705e+08  0.30%     -    0s
     0     0 9.0705e+08    0  215 9.0982e+08 9.0705e+08  0.30%     -    0s
H    0     0                    9.096403e+08 9.0705e+08  0.29%     -    0s
     0     0 9.0705e+08    0  212 9.0964e+08 9.0705e+08  0.29%     -    0s
     0     0 9.0706e+08    0  215 9.0964e+08 9.0706e+08  0.28%     -    0s
     0     0 9.0706e+08    0  212 9.0964e+08 9.0706e+08  0.28%     -    0s
     0     0 9.0706e+08    0  213 9.0964e+08 9.0706e+08  0.28%     -    0s
     0     0 9.0706e+08    0  199 9.0964e+08 9.0706e+08  0.28%     -    0s
     0     0 9.0706e+08    0  199 9.0964e+08 9.0706e+08  0.28%     -    0s
     0     2 9.0706e+08    0  199 9.0964e+08 9.0706e+08  0.28%     -    1s
H   33    40                    9.093994e+08 9.0710e+08  0.25%  18.8    1s
    63    72 9.0733e+08   10  200 9.0940e+08 9.0710e+08  0.25%  16.0    2s
   143   152 9.0745e+08   19  196 9.0940e+08 9.0710e+08  0.25%  12.9    3s
H 1022  1031                    9.085891e+08 9.0710e+08  0.16%   9.9    3s
H 1023  1031                    9.084929e+08 9.0710e+08  0.15%   9.9    3s
H 1024   997                    9.081997e+08 9.0710e+08  0.12%   9.9    3s
H 1026   952                    9.081526e+08 9.0710e+08  0.12%   9.9    3s
  1236  1201 9.0736e+08   20  199 9.0815e+08 9.0713e+08  0.11%   9.9    4s
  2276  1978 9.0746e+08   34  199 9.0815e+08 9.0713e+08  0.11%   9.4    5s
  2278  1979 9.0758e+08   45  215 9.0815e+08 9.0713e+08  0.11%   9.4    6s
  2293  1989 9.0772e+08   54  223 9.0815e+08 9.0739e+08  0.08%   9.3    7s
  2304  1997 9.0809e+08   87  268 9.0815e+08 9.0745e+08  0.08%   9.3    8s
  2306  1998 9.0810e+08   99  260 9.0815e+08 9.0745e+08  0.08%   9.3    9s
  2307  1999 9.0771e+08   60  260 9.0815e+08 9.0745e+08  0.08%   9.3   10s
  2338  2028 9.0763e+08   16  238 9.0815e+08 9.0748e+08  0.07%  18.3   11s
  2386  2058 9.0771e+08   19  231 9.0815e+08 9.0750e+08  0.07%  19.8   12s
  2444  2106 9.0774e+08   22  236 9.0815e+08 9.0750e+08  0.07%  20.5   13s
  2574  2189 9.0781e+08   30  215 9.0815e+08 9.0750e+08  0.07%  23.2   14s
  2845  2431 9.0787e+08   42  212 9.0815e+08 9.0750e+08  0.07%  27.0   15s
H 3041  2316                    9.081391e+08 9.0750e+08  0.07%  28.7   15s
  3183  2383 9.0797e+08   60  204 9.0814e+08 9.0750e+08  0.07%  30.6   16s
  3711  2494     cutoff   93      9.0814e+08 9.0750e+08  0.07%  32.7   17s
  4207  2587 9.0758e+08   26  253 9.0814e+08 9.0751e+08  0.07%  33.2   18s
H 4551  2382                    9.081369e+08 9.0751e+08  0.07%  32.9   18s
  4886  2496 9.0774e+08   56  223 9.0814e+08 9.0751e+08  0.07%  32.3   20s
H 4955  1995                    9.080372e+08 9.0751e+08  0.06%  32.3   20s
  5339  2161 9.0793e+08  104  156 9.0804e+08 9.0751e+08  0.06%  32.6   21s
  5714  2147 9.0771e+08   21  250 9.0804e+08 9.0753e+08  0.06%  32.8   22s
  5748  2291 9.0774e+08   24  234 9.0804e+08 9.0753e+08  0.06%  32.8   23s
  6246  2413 9.0760e+08   22  245 9.0804e+08 9.0754e+08  0.05%  33.4   24s
  6361  2644 9.0760e+08   23  253 9.0804e+08 9.0755e+08  0.05%  33.2   25s
  6754  2520 9.0779e+08   46  216 9.0804e+08 9.0755e+08  0.05%  33.2   32s
H 6756  2432                    9.080361e+08 9.0755e+08  0.05%  33.2   32s
H 6760  2336                    9.080334e+08 9.0755e+08  0.05%  33.2   32s
H 6761  2275                    9.080329e+08 9.0755e+08  0.05%  33.2   32s
  6763  2630 9.0780e+08   47  215 9.0803e+08 9.0755e+08  0.05%  33.2   33s
  7243  3052 9.0780e+08   23  263 9.0803e+08 9.0757e+08  0.05%  33.0   34s
  7764  3231 9.0785e+08   24  245 9.0803e+08 9.0758e+08  0.05%  32.8   35s
  7960  3806 9.0785e+08   25  259 9.0803e+08 9.0758e+08  0.05%  32.7   36s
  8662  4495     cutoff   90      9.0803e+08 9.0759e+08  0.05%  32.6   37s
  9509  5245 9.0786e+08   27  237 9.0803e+08 9.0760e+08  0.05%  32.3   38s
 10378  5461 9.0795e+08   91  164 9.0803e+08 9.0760e+08  0.05%  32.4   39s
 10748  6289 9.0775e+08   30  229 9.0803e+08 9.0761e+08  0.05%  32.3   41s
 11761  6588 9.0787e+08   52  209 9.0803e+08 9.0761e+08  0.05%  32.8   43s
 12163  7318 9.0801e+08   97  197 9.0803e+08 9.0761e+08  0.05%  33.3   45s
 13211  8180 9.0777e+08   48  195 9.0803e+08 9.0762e+08  0.05%  33.2   46s
 14356  9131 9.0802e+08   60  204 9.0803e+08 9.0762e+08  0.05%  33.0   49s
 15584 10571 9.0779e+08   36  260 9.0803e+08 9.0763e+08  0.04%  32.8   52s
 17327 10988 9.0802e+08   72  196 9.0803e+08 9.0763e+08  0.04%  32.5   54s
 17945 11622 9.0793e+08   56  201 9.0803e+08 9.0764e+08  0.04%  32.4   55s
 18878 12420 9.0797e+08   57  182 9.0803e+08 9.0764e+08  0.04%  32.8   57s
 20057 13396 9.0797e+08   34  221 9.0803e+08 9.0764e+08  0.04%  32.9   59s
 21291 13426 9.0786e+08   34  238 9.0803e+08 9.0765e+08  0.04%  32.7   61s
 21334 14412 9.0787e+08   36  236 9.0803e+08 9.0765e+08  0.04%  32.8   63s
 22602 15484 9.0782e+08   44  244 9.0803e+08 9.0765e+08  0.04%  32.8   64s
 23907 16313 9.0775e+08   23  253 9.0803e+08 9.0766e+08  0.04%  32.8   66s
 25111 16739 9.0793e+08   87  184 9.0803e+08 9.0766e+08  0.04%  33.1   68s
 25850 17753 9.0778e+08   29  235 9.0803e+08 9.0766e+08  0.04%  33.0   70s
 27245 18839 9.0770e+08   22  243 9.0803e+08 9.0766e+08  0.04%  33.0   72s
 28787 19967 9.0789e+08   43  223 9.0803e+08 9.0767e+08  0.04%  32.8   74s
 30195 19968 9.0773e+08   25  199 9.0803e+08 9.0767e+08  0.04%  32.6   95s
 30198 19970 9.0793e+08   32  225 9.0803e+08 9.0767e+08  0.04%  32.6   96s
 30206 19975 9.0803e+08  107  281 9.0803e+08 9.0767e+08  0.04%  32.6   97s
 30207 19976 9.0802e+08  168  279 9.0803e+08 9.0767e+08  0.04%  32.6   98s
 30208 19977 9.0784e+08   47  273 9.0803e+08 9.0767e+08  0.04%  32.6   99s
 30210 19978 9.0769e+08   22  294 9.0803e+08 9.0767e+08  0.04%  32.6  100s
 30212 19979 9.0770e+08   16  300 9.0803e+08 9.0767e+08  0.04%  32.6  101s
 30213 19980 9.0780e+08   33  289 9.0803e+08 9.0767e+08  0.04%  32.6  102s
 30214 19981 9.0786e+08   55  298 9.0803e+08 9.0767e+08  0.04%  32.6  103s
 30216 19982 9.0783e+08   49  282 9.0803e+08 9.0767e+08  0.04%  32.6  104s
 30217 19983 9.0774e+08   29  308 9.0803e+08 9.0767e+08  0.04%  32.6  105s
 30219 19984 9.0795e+08   63  307 9.0803e+08 9.0767e+08  0.04%  32.5  106s
 30220 19985 9.0800e+08   65  292 9.0803e+08 9.0767e+08  0.04%  32.5  107s
 30222 19986 9.0795e+08   77  306 9.0803e+08 9.0767e+08  0.04%  32.5  108s
 30224 19987 9.0782e+08   26  288 9.0803e+08 9.0767e+08  0.04%  32.5  109s
 30225 19988 9.0788e+08   51  298 9.0803e+08 9.0767e+08  0.04%  32.5  110s
 30226 19989 9.0802e+08   65  295 9.0803e+08 9.0767e+08  0.04%  32.5  111s
 30228 19990 9.0784e+08   25  294 9.0803e+08 9.0767e+08  0.04%  32.5  112s
 30230 19991 9.0794e+08   51  295 9.0803e+08 9.0767e+08  0.04%  32.5  113s
 30231 19992 9.0791e+08   51  297 9.0803e+08 9.0767e+08  0.04%  32.5  114s
 30232 19993 9.0801e+08  113  304 9.0803e+08 9.0767e+08  0.04%  32.5  115s
 30234 19994 9.0783e+08   43  296 9.0803e+08 9.0767e+08  0.04%  32.5  116s
 30236 19995 9.0783e+08   58  290 9.0803e+08 9.0767e+08  0.04%  32.5  117s
 30238 19997 9.0786e+08   46  298 9.0803e+08 9.0767e+08  0.04%  32.5  118s
 30239 19997 9.0800e+08   45  304 9.0803e+08 9.0767e+08  0.04%  32.5  119s
 30241 19999 9.0787e+08   57  307 9.0803e+08 9.0767e+08  0.04%  32.5  120s
 30242 19999 9.0799e+08  119  302 9.0803e+08 9.0767e+08  0.04%  32.5  121s
 30244 20001 9.0775e+08   23  306 9.0803e+08 9.0767e+08  0.04%  32.5  122s
 30246 20002 9.0778e+08   47  300 9.0803e+08 9.0767e+08  0.04%  32.5  123s
 30248 20003 9.0781e+08   31  304 9.0803e+08 9.0767e+08  0.04%  32.5  124s
 30249 20004 9.0797e+08   53  304 9.0803e+08 9.0767e+08  0.04%  32.5  125s
 30250 20005 9.0796e+08   42  302 9.0803e+08 9.0767e+08  0.04%  32.5  126s
 30252 20006 9.0781e+08   48  296 9.0803e+08 9.0767e+08  0.04%  32.5  127s
 30253 20007 9.0775e+08   23  296 9.0803e+08 9.0767e+08  0.04%  32.5  128s
 30254 20007 9.0792e+08   46  302 9.0803e+08 9.0767e+08  0.04%  32.5  129s
 30256 20009 9.0793e+08   68  298 9.0803e+08 9.0767e+08  0.04%  32.5  130s
 30257 20009 9.0772e+08   36  300 9.0803e+08 9.0767e+08  0.04%  32.5  131s
 30258 20010 9.0798e+08   64  284 9.0803e+08 9.0767e+08  0.04%  32.5  132s
 30260 20011 9.0790e+08   73  306 9.0803e+08 9.0767e+08  0.04%  32.5  133s
 30261 20012 9.0783e+08   34  288 9.0803e+08 9.0767e+08  0.04%  32.5  134s
 30262 20013 9.0787e+08   33  302 9.0803e+08 9.0767e+08  0.04%  32.5  135s
 30264 20014 9.0781e+08   47  293 9.0803e+08 9.0767e+08  0.04%  32.5  136s
 30265 20015 9.0776e+08   23  293 9.0803e+08 9.0767e+08  0.04%  32.5  137s
 30267 20016 9.0770e+08   42  287 9.0803e+08 9.0767e+08  0.04%  32.5  138s
 30268 20017 9.0794e+08   70  301 9.0803e+08 9.0767e+08  0.04%  32.5  139s
 30270 20018 9.0774e+08   27  288 9.0803e+08 9.0767e+08  0.04%  32.5  140s
 30272 20019 9.0782e+08   24  298 9.0803e+08 9.0767e+08  0.04%  32.5  141s
 30273 20020 9.0778e+08   36  297 9.0803e+08 9.0767e+08  0.04%  32.5  142s
 30274 20021 9.0787e+08   29  294 9.0803e+08 9.0767e+08  0.04%  32.5  143s
 30276 20022 9.0778e+08   41  292 9.0803e+08 9.0767e+08  0.04%  32.5  144s
 30278 20023 9.0788e+08   62  288 9.0803e+08 9.0767e+08  0.04%  32.5  145s
 30279 20024 9.0796e+08  102  291 9.0803e+08 9.0767e+08  0.04%  32.5  146s
 30281 20025 9.0795e+08   23  287 9.0803e+08 9.0767e+08  0.04%  32.5  147s
 30282 20026 9.0768e+08   26  290 9.0803e+08 9.0767e+08  0.04%  32.5  148s
 30284 20027 9.0780e+08   42  285 9.0803e+08 9.0767e+08  0.04%  32.5  149s
 30287 20029 9.0783e+08   30  290 9.0803e+08 9.0767e+08  0.04%  32.5  150s
 30288 20030 9.0770e+08   26  293 9.0803e+08 9.0767e+08  0.04%  32.5  151s
 30289 20031 9.0779e+08   37  280 9.0803e+08 9.0767e+08  0.04%  32.5  152s
 30291 20032 9.0799e+08   81  297 9.0803e+08 9.0767e+08  0.04%  32.5  153s
 30292 20033 9.0785e+08   27  303 9.0803e+08 9.0767e+08  0.04%  32.5  154s
 30293 20033 9.0801e+08   33  300 9.0803e+08 9.0767e+08  0.04%  32.5  155s
 30295 20035 9.0773e+08   25  311 9.0803e+08 9.0767e+08  0.04%  32.5  156s
 30297 20036 9.0791e+08   62  314 9.0803e+08 9.0767e+08  0.04%  32.5  157s
 30299 20037 9.0777e+08   32  314 9.0803e+08 9.0767e+08  0.04%  32.5  158s
 30300 20038 9.0779e+08   32  309 9.0803e+08 9.0767e+08  0.04%  32.5  159s
 30301 20039 9.0796e+08  100  307 9.0803e+08 9.0767e+08  0.04%  32.5  160s
 30303 20040 9.0788e+08   43  309 9.0803e+08 9.0767e+08  0.04%  32.5  161s
 30304 20041 9.0793e+08   48  305 9.0803e+08 9.0767e+08  0.04%  32.5  162s
 30306 20042 9.0803e+08  107  307 9.0803e+08 9.0767e+08  0.04%  32.5  163s
 30307 20043 9.0802e+08  168  310 9.0803e+08 9.0767e+08  0.04%  32.5  164s
 30309 20044 9.0800e+08   89  315 9.0803e+08 9.0767e+08  0.04%  32.5  165s
 30311 20045 9.0784e+08   32  318 9.0803e+08 9.0767e+08  0.04%  32.5  166s
 30312 20046 9.0770e+08   16  308 9.0803e+08 9.0767e+08  0.04%  32.4  167s
 30313 20047 9.0780e+08   33  306 9.0803e+08 9.0767e+08  0.04%  32.4  168s
 30315 20048 9.0796e+08   37  316 9.0803e+08 9.0767e+08  0.04%  32.4  169s
 30317 20049 9.0774e+08   29  314 9.0803e+08 9.0767e+08  0.04%  32.4  170s
 30318 20050 9.0781e+08   51  314 9.0803e+08 9.0767e+08  0.04%  32.4  171s
 30320 20051 9.0800e+08   65  306 9.0803e+08 9.0767e+08  0.04%  32.4  172s
 30321 20052 9.0784e+08   42  314 9.0803e+08 9.0767e+08  0.04%  32.4  173s
 30323 20053 9.0797e+08   56  317 9.0803e+08 9.0767e+08  0.04%  32.4  174s
 30325 20055 9.0788e+08   51  309 9.0803e+08 9.0767e+08  0.04%  32.4  175s
 30326 20055 9.0802e+08   65  310 9.0803e+08 9.0767e+08  0.04%  32.4  176s
 30328 20057 9.0784e+08   25  309 9.0803e+08 9.0767e+08  0.04%  32.4  177s
 30329 20057 9.0782e+08   41  309 9.0803e+08 9.0767e+08  0.04%  32.4  178s
 30331 20059 9.0791e+08   51  306 9.0803e+08 9.0767e+08  0.04%  32.4  179s
 30333 20060 9.0784e+08   37  297 9.0803e+08 9.0767e+08  0.04%  32.4  180s
 30334 20061 9.0783e+08   43  297 9.0803e+08 9.0767e+08  0.04%  32.4  181s
 30335 20061 9.0782e+08   66  289 9.0803e+08 9.0767e+08  0.04%  32.4  182s
 30337 20063 9.0769e+08   23  300 9.0803e+08 9.0767e+08  0.04%  32.4  183s
 30339 20064 9.0800e+08   45  311 9.0803e+08 9.0767e+08  0.04%  32.4  184s
 30340 20065 9.0770e+08   28  309 9.0803e+08 9.0767e+08  0.04%  32.4  185s
 30341 20065 9.0787e+08   57  304 9.0803e+08 9.0767e+08  0.04%  32.4  186s
 30343 20067 9.0793e+08  106  303 9.0803e+08 9.0767e+08  0.04%  32.4  187s
 30344 20067 9.0775e+08   23  294 9.0803e+08 9.0767e+08  0.04%  32.4  188s
 30345 20068 9.0783e+08   29  295 9.0803e+08 9.0767e+08  0.04%  32.4  189s
 30347 20069 9.0798e+08   34  292 9.0803e+08 9.0767e+08  0.04%  32.4  190s
 30348 20070 9.0781e+08   31  277 9.0803e+08 9.0767e+08  0.04%  32.4  191s
 30349 20071 9.0797e+08   53  295 9.0803e+08 9.0767e+08  0.04%  32.4  192s
 30351 20072 9.0801e+08   63  305 9.0803e+08 9.0767e+08  0.04%  32.4  194s
 30353 20073 9.0775e+08   23  306 9.0803e+08 9.0767e+08  0.04%  32.4  195s
 30355 20075 9.0773e+08   44  309 9.0803e+08 9.0767e+08  0.04%  32.4  196s
 30356 20075 9.0793e+08   68  310 9.0803e+08 9.0767e+08  0.04%  32.4  197s
 30357 20076 9.0772e+08   36  309 9.0803e+08 9.0767e+08  0.04%  32.4  198s
 30359 20077 9.0776e+08   26  316 9.0803e+08 9.0767e+08  0.04%  32.4  199s
 30365 20081 9.0776e+08   23  304 9.0803e+08 9.0767e+08  0.04%  32.4  200s
 30369 20084 9.0793e+08   51  304 9.0803e+08 9.0767e+08  0.04%  32.4  201s
 30374 20087 9.0787e+08   29  304 9.0803e+08 9.0767e+08  0.04%  32.4  202s
 30375 20088 9.0802e+08   73  304 9.0803e+08 9.0767e+08  0.04%  32.4  203s
 30376 20089 9.0778e+08   41  304 9.0803e+08 9.0767e+08  0.04%  32.4  205s
 30379 20096 9.0767e+08   28  272 9.0803e+08 9.0767e+08  0.04%  33.3  206s
 30391 20108 9.0770e+08   30  262 9.0803e+08 9.0767e+08  0.04%  33.4  207s
 30415 20122 9.0776e+08   31  276 9.0803e+08 9.0767e+08  0.04%  33.6  208s
 30439 20138 9.0773e+08   33  277 9.0803e+08 9.0767e+08  0.04%  33.8  235s
 30447 20141 9.0788e+08   33  274 9.0803e+08 9.0767e+08  0.04%  33.8  236s
 30482 20160 9.0775e+08   36  281 9.0803e+08 9.0767e+08  0.04%  33.9  238s
 30490 20169 9.0789e+08   36  278 9.0803e+08 9.0767e+08  0.04%  33.9  239s
 30519 20179 9.0793e+08   38  272 9.0803e+08 9.0767e+08  0.04%  34.0  241s
 30527 20210 9.0776e+08   39  275 9.0803e+08 9.0767e+08  0.04%  34.0  242s
 30564 20221 9.0785e+08   41  284 9.0803e+08 9.0767e+08  0.04%  34.1  243s
 30590 20248 9.0780e+08   44  279 9.0803e+08 9.0767e+08  0.04%  34.3  244s
 30631 20270 9.0782e+08   46  258 9.0803e+08 9.0767e+08  0.04%  34.5  245s
 30675 20295     cutoff   49      9.0803e+08 9.0767e+08  0.04%  34.6  246s
 30726 20326 9.0787e+08   53  243 9.0803e+08 9.0767e+08  0.04%  34.8  247s
 30782 20342 9.0798e+08   56  234 9.0803e+08 9.0767e+08  0.04%  35.0  249s
 30832 20363 9.0792e+08   62  239 9.0803e+08 9.0767e+08  0.04%  35.3  250s
 30883 20382 9.0793e+08   66  224 9.0803e+08 9.0767e+08  0.04%  35.5  252s
 30953 20396 9.0794e+08   74  218 9.0803e+08 9.0767e+08  0.04%  35.8  253s
 31025 20404 9.0796e+08   83  186 9.0803e+08 9.0767e+08  0.04%  36.0  255s
 31105 20412 9.0799e+08   92  184 9.0803e+08 9.0767e+08  0.04%  36.2  258s
 31201 20401 9.0801e+08  103  155 9.0803e+08 9.0767e+08  0.04%  36.4  259s
 31267 20469 9.0767e+08   33  278 9.0803e+08 9.0767e+08  0.04%  36.5  261s
 31480 20565 9.0767e+08   50  266 9.0803e+08 9.0767e+08  0.04%  36.9  263s
 31769 20703 9.0784e+08   73  208 9.0803e+08 9.0767e+08  0.04%  37.6  265s
 32080 20790 9.0794e+08   96  199 9.0803e+08 9.0767e+08  0.04%  38.4  267s
 32357 20909 9.0795e+08   43  250 9.0803e+08 9.0767e+08  0.04%  39.3  270s
 32655 21063 9.0773e+08   47  265 9.0803e+08 9.0767e+08  0.04%  40.1  272s
 33020 21195 9.0784e+08   56  244 9.0803e+08 9.0767e+08  0.04%  41.1  275s
 33408 21250 9.0780e+08   49  243 9.0803e+08 9.0767e+08  0.04%  41.9  280s
H33554 20193                    9.080329e+08 9.0767e+08  0.04%  42.1  280s
 33678 20694 9.0785e+08   53  233 9.0803e+08 9.0767e+08  0.04%  42.4  284s
 34388 20990 9.0789e+08   52  252 9.0803e+08 9.0767e+08  0.04%  43.5  288s
 35109 21062     cutoff   71      9.0803e+08 9.0767e+08  0.04%  44.9  292s

Cutting planes:
  Gomory: 20
  MIR: 312
  Mixing: 23
  Flow cover: 554
  Relax-and-lift: 1

Explored 35589 nodes (1652940 simplex iterations) in 292.36 seconds (399.49 work units)
Thread count was 8 (of 8 available processors)

Solution count 10: 9.08033e+08 9.08033e+08 9.08036e+08 ... 9.09399e+08

Solve interrupted
Best objective 9.080328987168e+08, best bound 9.076679738455e+08, gap 0.0402%

Gurobi 11.0.3 (mac64[arm]) logging started Mon Dec  8 13:53:37 2025

Set parameter LogFile to value "unknown.gurobi.log"
Set parameter DisplayInterval to value 1
Gurobi Optimizer version 11.0.3 build v11.0.3rc0 (mac64[arm] - Darwin 24.6.0 24G90)

CPU model: Apple M1 Pro
Thread count: 8 physical cores, 8 logical processors, using up to 8 threads

Optimize a model with 37014 rows, 34728 columns and 93642 nonzeros
Model fingerprint: 0x8f0ed73a
Variable types: 32328 continuous, 2400 integer (2400 binary)
Coefficient statistics:
  Matrix range     [5e-03, 8e+06]
  Objective range  [2e-03, 5e+05]
  Bounds range     [1e+00, 1e+00]
  RHS range        [9e-02, 7e+07]
Found heuristic solution: objective 1.742968e+12
Presolve removed 29814 rows and 23037 columns
Presolve time: 0.06s
Presolved: 7200 rows, 11691 columns, 30741 nonzeros
Variable types: 9891 continuous, 1800 integer (1800 binary)
Root barrier log...

Ordering time: 0.00s

Barrier statistics:
 AA' NZ     : 1.268e+04
 Factor NZ  : 8.010e+04 (roughly 6 MB of memory)
 Factor Ops : 3.267e+06 (less than 1 second per iteration)
 Threads    : 8

                  Objective                Residual
Iter       Primal          Dual         Primal    Dual     Compl     Time
   0  -7.03841629e+14 -4.01252118e+15  3.74e+06 2.94e+05  5.36e+12     0s
   1  -6.79030802e+13 -1.50885409e+15  7.84e+05 2.86e+05  7.27e+11     0s
   2   8.54394550e+10 -1.76796493e+14  1.23e+04 5.96e+03  2.02e+10     0s
   3   4.68772099e+11 -3.77597571e+13  1.01e+03 8.97e+02  3.22e+09     0s
   4   4.68287845e+11 -7.65287897e+11  1.01e+02 1.76e+00  1.13e+08     0s
   5   2.65562726e+11 -2.57963802e+11  4.61e+01 8.86e-02  4.18e+07     0s
   6   7.64537219e+10 -1.26551246e+11  1.07e+01 2.33e-09  1.39e+07     0s
   7   2.70621845e+10 -1.13890098e+11  2.74e+00 2.33e-09  8.78e+06     0s
   8   8.49490414e+09 -3.59103647e+10  2.51e-01 1.40e-09  2.66e+06     0s
   9   4.49856296e+09 -5.89227504e+09  5.36e-02 1.40e-09  6.22e+05     0s
  10   2.73763181e+09 -1.10714309e+09  1.69e-02 1.67e-09  2.30e+05     0s
  11   1.33594286e+09  3.62211945e+08  2.52e-03 1.69e-09  5.76e+04     0s
  12   1.11701899e+09  7.54822842e+08  8.37e-04 1.29e-09  2.14e+04     0s
  13   9.91073273e+08  8.45838058e+08  2.15e-04 1.71e-09  8.54e+03     0s
  14   9.65349455e+08  8.75582826e+08  1.40e-04 1.86e-09  5.29e+03     0s
  15   9.44495523e+08  8.87907803e+08  8.70e-05 1.65e-09  3.34e+03     0s
  16   9.31969935e+08  8.95996914e+08  5.71e-05 1.92e-09  2.12e+03     0s
  17   9.25280269e+08  8.99282037e+08  4.12e-05 1.97e-09  1.54e+03     0s
  18   9.22854568e+08  9.00408540e+08  3.61e-05 2.15e-09  1.33e+03     0s
  19   9.18135403e+08  9.01777095e+08  2.54e-05 2.34e-09  9.67e+02     0s

Barrier solved model in 19 iterations and 0.13 seconds (0.13 work units)
Optimal objective 9.18135403e+08

Extra simplex iterations after uncrush: 528

Root relaxation: objective 9.062703e+08, 13760 iterations, 0.10 seconds (0.10 work units)

    Nodes    |    Current Node    |     Objective Bounds      |     Work
 Expl Unexpl |  Obj  Depth IntInf | Incumbent    BestBd   Gap | It/Node Time

     0     0 9.0627e+08    0  215 1.7430e+12 9.0627e+08   100%     -    0s
H    0     0                    9.098710e+08 9.0627e+08  0.40%     -    0s
     0     0 9.0686e+08    0  195 9.0987e+08 9.0686e+08  0.33%     -    0s
H    0     0                    9.098196e+08 9.0689e+08  0.32%     -    0s
     0     0 9.0693e+08    0  179 9.0982e+08 9.0693e+08  0.32%     -    0s
     0     0 9.0694e+08    0  177 9.0982e+08 9.0694e+08  0.32%     -    0s
     0     0 9.0697e+08    0  181 9.0982e+08 9.0697e+08  0.31%     -    0s
     0     0 9.0698e+08    0  177 9.0982e+08 9.0698e+08  0.31%     -    0s
     0     0 9.0698e+08    0  177 9.0982e+08 9.0698e+08  0.31%     -    0s
     0     0 9.0701e+08    0  210 9.0982e+08 9.0701e+08  0.31%     -    0s
     0     0 9.0702e+08    0  210 9.0982e+08 9.0702e+08  0.31%     -    0s
     0     0 9.0703e+08    0  206 9.0982e+08 9.0703e+08  0.31%     -    0s
     0     0 9.0705e+08    0  203 9.0982e+08 9.0705e+08  0.30%     -    0s
     0     0 9.0705e+08    0  207 9.0982e+08 9.0705e+08  0.30%     -    0s
H    0     0                    9.096403e+08 9.0705e+08  0.29%     -    0s
     0     0 9.0705e+08    0  184 9.0964e+08 9.0705e+08  0.29%     -    0s
     0     0 9.0706e+08    0  193 9.0964e+08 9.0706e+08  0.28%     -    0s
     0     0 9.0706e+08    0  193 9.0964e+08 9.0706e+08  0.28%     -    0s
     0     0 9.0706e+08    0  213 9.0964e+08 9.0706e+08  0.28%     -    0s
     0     0 9.0706e+08    0  212 9.0964e+08 9.0706e+08  0.28%     -    0s
     0     0 9.0706e+08    0  216 9.0964e+08 9.0706e+08  0.28%     -    0s
     0     0 9.0706e+08    0  216 9.0964e+08 9.0706e+08  0.28%     -    0s
     0     2 9.0706e+08    0  216 9.0964e+08 9.0706e+08  0.28%     -    1s
H   33    40                    9.093994e+08 9.0710e+08  0.25%  18.2    1s
    63    72 9.0735e+08    9  208 9.0940e+08 9.0710e+08  0.25%  15.2    2s
    71    80 9.0731e+08   10  205 9.0940e+08 9.0710e+08  0.25%  15.1    3s
   154   167 9.0747e+08   19  193 9.0940e+08 9.0710e+08  0.25%  13.8    4s
H  180   189                    9.092972e+08 9.0710e+08  0.24%  12.8    4s
   870   947 9.0805e+08   97  122 9.0930e+08 9.0710e+08  0.24%   8.9    5s
H 1224  1232                    9.089157e+08 9.0710e+08  0.20%   9.6    5s
H 1561  1459                    9.083585e+08 9.0710e+08  0.14%   9.3    5s
H 1569  1160                    9.081651e+08 9.0710e+08  0.12%   9.2    5s
  1733  1396 9.0731e+08   15  191 9.0817e+08 9.0715e+08  0.11%   9.1    6s
  2866  2298 9.0809e+08  194  216 9.0817e+08 9.0715e+08  0.11%   9.1    8s
  2879  2307 9.0790e+08   74  252 9.0817e+08 9.0731e+08  0.09%   9.1    9s
  2887  2312 9.0814e+08  140  246 9.0817e+08 9.0741e+08  0.08%   9.1   10s
  2895  2317 9.0791e+08   99  261 9.0817e+08 9.0742e+08  0.08%   9.0   11s
  2896  2318 9.0777e+08   48  261 9.0817e+08 9.0742e+08  0.08%   9.0   12s
  2898  2322 9.0746e+08   12  252 9.0817e+08 9.0742e+08  0.08%  15.0   13s
  2928  2348 9.0767e+08   16  276 9.0817e+08 9.0745e+08  0.08%  16.4   14s
  2984  2387 9.0773e+08   19  265 9.0817e+08 9.0751e+08  0.07%  17.3   15s
  3040  2436 9.0777e+08   22  254 9.0817e+08 9.0751e+08  0.07%  17.9   16s
  3094  2474 9.0778e+08   26  248 9.0817e+08 9.0751e+08  0.07%  18.5   17s
  3151  2530 9.0780e+08   30  242 9.0817e+08 9.0751e+08  0.07%  18.9   18s
  3504  2784     cutoff   55      9.0817e+08 9.0751e+08  0.07%  21.3   19s
  3832  2890     cutoff   75      9.0817e+08 9.0751e+08  0.07%  23.8   20s
  4303  2956     cutoff  105      9.0817e+08 9.0751e+08  0.07%  26.0   21s
  4996  2926     cutoff  143      9.0817e+08 9.0751e+08  0.07%  26.3   22s
  5480  3168 9.0763e+08   29  260 9.0817e+08 9.0752e+08  0.07%  26.2   23s
  6190  3397 9.0793e+08   76  215 9.0817e+08 9.0752e+08  0.07%  25.8   24s
H 6423  3059                    9.081011e+08 9.0752e+08  0.06%  25.5   24s
  6840  3244 9.0757e+08   17  271 9.0810e+08 9.0754e+08  0.06%  25.5   25s
  7110  3462 9.0767e+08   30  268 9.0810e+08 9.0754e+08  0.06%  25.6   26s
  7594  3640 9.0801e+08   42  245 9.0810e+08 9.0754e+08  0.06%  26.0   27s
  8280  4010 9.0794e+08   76  209 9.0810e+08 9.0754e+08  0.06%  26.2   28s
  8684  4191 9.0804e+08   95  158 9.0810e+08 9.0754e+08  0.06%  26.4   29s
H 8737  3838                    9.080813e+08 9.0754e+08  0.06%  26.4   29s
  9179  3689     cutoff  136      9.0808e+08 9.0754e+08  0.06%  26.2   33s
  9193  4062 9.0806e+08  140  122 9.0808e+08 9.0754e+08  0.06%  26.2   34s
  9795  4085 9.0808e+08  246   25 9.0808e+08 9.0754e+08  0.06%  25.8   36s
 10412  5070 9.0764e+08   26  266 9.0808e+08 9.0757e+08  0.06%  25.7   38s
 11196  5918 9.0798e+08   62  243 9.0808e+08 9.0758e+08  0.06%  25.7   39s
 12194  6682     cutoff   39      9.0808e+08 9.0759e+08  0.05%  25.5   40s
 13129  7022 9.0766e+08   26  271 9.0808e+08 9.0759e+08  0.05%  25.5   41s
 13598  7751 9.0797e+08   79  201 9.0808e+08 9.0759e+08  0.05%  25.7   42s
 14510  8974 9.0803e+08  107  163 9.0808e+08 9.0760e+08  0.05%  25.9   44s
 16038  9999 9.0767e+08   21  264 9.0808e+08 9.0761e+08  0.05%  25.8   47s
*16389  9596             295    9.080660e+08 9.0761e+08  0.05%  25.6   47s
 17287 10151 9.0769e+08   25  269 9.0807e+08 9.0761e+08  0.05%  25.4   48s
 18170 10540 9.0780e+08   30  261 9.0807e+08 9.0761e+08  0.05%  25.3   49s
 18635 10916 9.0780e+08   52  243 9.0807e+08 9.0761e+08  0.05%  25.4   53s
 19051 11982 9.0800e+08   97  189 9.0807e+08 9.0762e+08  0.05%  25.4   54s
 20310 12126 9.0769e+08   24  270 9.0807e+08 9.0762e+08  0.05%  25.5   56s
 20496 13084 9.0780e+08   40  249 9.0807e+08 9.0762e+08  0.05%  25.6   58s
 21867 13878 9.0795e+08   48  237 9.0807e+08 9.0762e+08  0.05%  25.8   60s
 22978 15059 9.0794e+08   68  234 9.0807e+08 9.0762e+08  0.05%  25.7   61s
 24400 16103 9.0804e+08   82  172 9.0807e+08 9.0763e+08  0.05%  25.8   63s
 25753 17159 9.0801e+08   51  243 9.0807e+08 9.0763e+08  0.05%  26.0   65s
 27118 18281 9.0804e+08   58  204 9.0807e+08 9.0763e+08  0.05%  26.1   66s
 28504 19314 9.0784e+08   22  276 9.0807e+08 9.0764e+08  0.05%  26.3   68s
 29822 19315 9.0782e+08   35  216 9.0807e+08 9.0764e+08  0.05%  26.4   86s
H29823 18350                    9.080660e+08 9.0764e+08  0.05%  26.4   87s
 29828 18353 9.0798e+08   49  254 9.0807e+08 9.0764e+08  0.05%  26.4   88s
 29832 18356 9.0774e+08   25  294 9.0807e+08 9.0764e+08  0.05%  26.4   89s
 29834 18357 9.0789e+08   44  301 9.0807e+08 9.0764e+08  0.05%  26.4   90s
 29835 18358 9.0779e+08   60  297 9.0807e+08 9.0764e+08  0.05%  26.4   91s
 29837 18359 9.0789e+08   51  259 9.0807e+08 9.0764e+08  0.05%  26.3   92s
 29839 18360 9.0798e+08   99  287 9.0807e+08 9.0764e+08  0.05%  26.3   93s
 29840 18361 9.0802e+08  136  281 9.0807e+08 9.0764e+08  0.05%  26.3   94s
 29842 18362 9.0790e+08   43  277 9.0807e+08 9.0764e+08  0.05%  26.3   95s
 29843 18363 9.0786e+08   65  289 9.0807e+08 9.0764e+08  0.05%  26.3   96s
 29844 18364 9.0805e+08  103  289 9.0807e+08 9.0764e+08  0.05%  26.3   97s
 29846 18365 9.0805e+08   78  292 9.0807e+08 9.0764e+08  0.05%  26.3   98s
 29848 18366 9.0789e+08   50  295 9.0807e+08 9.0764e+08  0.05%  26.3   99s
 29850 18368 9.0785e+08   65  291 9.0807e+08 9.0764e+08  0.05%  26.3  100s
 29851 18368 9.0774e+08   44  303 9.0807e+08 9.0764e+08  0.05%  26.3  101s
 29852 18369 9.0771e+08   43  312 9.0807e+08 9.0764e+08  0.05%  26.3  102s
H29852 17450                    9.080563e+08 9.0764e+08  0.05%  26.3  102s
 29854 17451 9.0782e+08   56  326 9.0806e+08 9.0764e+08  0.05%  26.3  103s
 29855 17452 9.0801e+08   60  324 9.0806e+08 9.0764e+08  0.05%  26.3  104s
 29857 17453 9.0773e+08   35  324 9.0806e+08 9.0764e+08  0.05%  26.3  105s
 29858 17454 9.0803e+08   84  317 9.0806e+08 9.0764e+08  0.05%  26.3  106s
 29860 17455 9.0777e+08   25  309 9.0806e+08 9.0764e+08  0.05%  26.3  107s
 29862 17457 9.0781e+08   28  311 9.0806e+08 9.0764e+08  0.05%  26.3  108s
 29864 17458 9.0784e+08   61  312 9.0806e+08 9.0764e+08  0.05%  26.3  109s
 29866 17459 9.0801e+08   84  320 9.0806e+08 9.0764e+08  0.05%  26.3  110s
 29867 17460 9.0786e+08   46  309 9.0806e+08 9.0764e+08  0.05%  26.3  111s
 29868 17461 9.0804e+08  114  308 9.0806e+08 9.0764e+08  0.05%  26.3  112s
 29870 17462 9.0765e+08   21  309 9.0806e+08 9.0764e+08  0.05%  26.3  113s
 29872 17463 9.0804e+08   81  303 9.0806e+08 9.0764e+08  0.05%  26.3  114s
 29874 17465 9.0804e+08   96  302 9.0806e+08 9.0764e+08  0.05%  26.3  115s
 29875 17465 9.0799e+08   82  300 9.0806e+08 9.0764e+08  0.05%  26.3  116s
 29877 17467 9.0792e+08   43  299 9.0806e+08 9.0764e+08  0.05%  26.3  117s
 29879 17468 9.0806e+08  242  309 9.0806e+08 9.0764e+08  0.05%  26.3  118s
 29880 17469 9.0776e+08   45  313 9.0806e+08 9.0764e+08  0.05%  26.3  119s
 29882 17470 9.0774e+08   31  307 9.0806e+08 9.0764e+08  0.05%  26.3  120s
H29882 16595                    9.080490e+08 9.0764e+08  0.05%  26.3  120s
 29884 16596 9.0779e+08   47  281 9.0805e+08 9.0764e+08  0.05%  26.3  121s
 29885 16597 9.0804e+08  111  289 9.0805e+08 9.0764e+08  0.05%  26.3  122s
 29886 16598 9.0788e+08   44  304 9.0805e+08 9.0764e+08  0.05%  26.3  123s
 29888 16599 9.0780e+08   47  288 9.0805e+08 9.0764e+08  0.05%  26.3  124s
 29890 16600 9.0773e+08   21  288 9.0805e+08 9.0764e+08  0.05%  26.3  125s
 29892 16602 9.0802e+08   66  283 9.0805e+08 9.0764e+08  0.05%  26.3  126s
 29893 16602 9.0796e+08   83  292 9.0805e+08 9.0764e+08  0.05%  26.3  127s
 29894 16603 9.0791e+08   41  280 9.0805e+08 9.0764e+08  0.05%  26.3  128s
 29896 16604 9.0782e+08   30  284 9.0805e+08 9.0764e+08  0.05%  26.3  129s
 29897 16605 9.0805e+08   43  281 9.0805e+08 9.0764e+08  0.05%  26.3  130s
 29898 16606 9.0796e+08   64  286 9.0805e+08 9.0764e+08  0.05%  26.3  131s
 29900 16607 9.0782e+08   22  292 9.0805e+08 9.0764e+08  0.05%  26.3  132s
 29902 16608 9.0786e+08   52  294 9.0805e+08 9.0764e+08  0.05%  26.3  133s
 29904 16610 9.0784e+08   35  311 9.0805e+08 9.0764e+08  0.05%  26.3  134s
 29905 16610 9.0791e+08   51  304 9.0805e+08 9.0764e+08  0.05%  26.3  135s
 29907 16612 9.0785e+08   65  302 9.0805e+08 9.0764e+08  0.05%  26.3  136s
 29908 16612 9.0784e+08   41  303 9.0805e+08 9.0764e+08  0.05%  26.3  137s
 29910 16614 9.0782e+08   66  299 9.0805e+08 9.0764e+08  0.05%  26.3  138s
 29912 16615 9.0768e+08   26  295 9.0805e+08 9.0764e+08  0.05%  26.3  139s
 29913 16616 9.0790e+08   36  295 9.0805e+08 9.0764e+08  0.05%  26.3  140s
 29914 16616 9.0805e+08  106  285 9.0805e+08 9.0764e+08  0.05%  26.3  141s
 29916 16618 9.0791e+08   47  294 9.0805e+08 9.0764e+08  0.05%  26.3  142s
 29918 16619 9.0792e+08   26  301 9.0805e+08 9.0764e+08  0.05%  26.3  143s
 29920 16620 9.0792e+08   58  307 9.0805e+08 9.0764e+08  0.05%  26.3  144s
 29921 16621 9.0776e+08   24  315 9.0805e+08 9.0764e+08  0.05%  26.3  145s
 29923 16622 9.0803e+08  163  307 9.0805e+08 9.0764e+08  0.05%  26.3  146s
 29924 16623 9.0775e+08   32  296 9.0805e+08 9.0764e+08  0.05%  26.3  147s
 29926 16624 9.0766e+08   36  297 9.0805e+08 9.0764e+08  0.05%  26.3  148s
 29928 16626 9.0798e+08   49  298 9.0805e+08 9.0764e+08  0.05%  26.3  149s
 29930 16627 9.0796e+08   99  300 9.0805e+08 9.0764e+08  0.05%  26.3  150s
 29931 16628 9.0789e+08   68  293 9.0805e+08 9.0764e+08  0.05%  26.3  151s
 29933 16629 9.0794e+08   49  309 9.0805e+08 9.0764e+08  0.05%  26.3  152s
 29934 16630 9.0789e+08   44  302 9.0805e+08 9.0764e+08  0.05%  26.3  153s
 29936 16631 9.0798e+08   38  299 9.0805e+08 9.0764e+08  0.05%  26.3  154s
 29938 16632 9.0778e+08   53  299 9.0805e+08 9.0764e+08  0.05%  26.3  155s
 29939 16633 9.0798e+08   99  292 9.0805e+08 9.0764e+08  0.05%  26.3  156s
 29941 16634 9.0789e+08   39  292 9.0805e+08 9.0764e+08  0.05%  26.3  157s
 29942 16635 9.0790e+08   43  298 9.0805e+08 9.0764e+08  0.05%  26.3  158s
 29944 16636 9.0805e+08  103  301 9.0805e+08 9.0764e+08  0.05%  26.3  159s
 29946 16638 9.0805e+08   78  295 9.0805e+08 9.0764e+08  0.05%  26.3  160s
 29948 16639 9.0789e+08   50  295 9.0805e+08 9.0764e+08  0.05%  26.3  161s
 29949 16640 9.0790e+08   74  294 9.0805e+08 9.0764e+08  0.05%  26.3  162s
 29951 16641 9.0774e+08   44  297 9.0805e+08 9.0764e+08  0.05%  26.2  163s
 29952 16642 9.0771e+08   43  298 9.0805e+08 9.0764e+08  0.05%  26.2  164s
 29954 16643 9.0782e+08   56  305 9.0805e+08 9.0764e+08  0.05%  26.2  165s
 29956 16644 9.0793e+08   63  302 9.0805e+08 9.0764e+08  0.05%  26.2  166s
 29958 16646 9.0803e+08   84  301 9.0805e+08 9.0764e+08  0.05%  26.2  167s
 29960 16647 9.0777e+08   25  311 9.0805e+08 9.0764e+08  0.05%  26.2  168s
 29961 16648 9.0800e+08   44  315 9.0805e+08 9.0764e+08  0.05%  26.2  169s
 29963 16649 9.0800e+08   85  308 9.0805e+08 9.0764e+08  0.05%  26.2  170s
 29964 16650 9.0784e+08   61  321 9.0805e+08 9.0764e+08  0.05%  26.2  171s
 29966 16651 9.0801e+08   84  329 9.0805e+08 9.0764e+08  0.05%  26.2  172s
 29967 16652 9.0786e+08   46  321 9.0805e+08 9.0764e+08  0.05%  26.2  173s
 29968 16652 9.0804e+08  114  306 9.0805e+08 9.0764e+08  0.05%  26.2  174s
 29970 16654 9.0765e+08   21  316 9.0805e+08 9.0764e+08  0.05%  26.2  175s
 29972 16655 9.0804e+08   81  319 9.0805e+08 9.0764e+08  0.05%  26.2  176s
 29976 16658 9.0778e+08   53  319 9.0805e+08 9.0764e+08  0.05%  26.2  177s
 29981 16661 9.0775e+08   37  317 9.0805e+08 9.0764e+08  0.05%  26.2  178s
 29983 16662 9.0780e+08   40  317 9.0805e+08 9.0764e+08  0.05%  26.2  179s
 29984 16663 9.0779e+08   47  317 9.0805e+08 9.0764e+08  0.05%  26.2  182s
 29985 16667 9.0764e+08   25  291 9.0805e+08 9.0764e+08  0.05%  27.1  183s
 29998 16672 9.0786e+08   27  295 9.0805e+08 9.0764e+08  0.05%  27.2  184s
 30023 16693 9.0792e+08   30  303 9.0805e+08 9.0764e+08  0.05%  27.4  185s
 30039 16702 9.0792e+08   31  306 9.0805e+08 9.0764e+08  0.05%  27.5  186s
 30056 16707 9.0795e+08   32  286 9.0805e+08 9.0764e+08  0.05%  27.7  187s
 30072 16713 9.0794e+08   33  282 9.0805e+08 9.0764e+08  0.05%  27.8  188s
 30088 16718     cutoff   34      9.0805e+08 9.0764e+08  0.05%  27.8  189s
 30097 16721 9.0799e+08   35  269 9.0805e+08 9.0764e+08  0.05%  27.9  190s
 30105 16724 9.0795e+08   36  268 9.0805e+08 9.0764e+08  0.05%  27.9  191s
 30138 16733     cutoff   39      9.0805e+08 9.0764e+08  0.05%  28.1  192s
 30159 16738 9.0803e+08   42  254 9.0805e+08 9.0764e+08  0.05%  28.2  193s
 30186 16744 9.0798e+08   45  260 9.0805e+08 9.0764e+08  0.05%  28.3  194s
 30217 16750 9.0804e+08   48  261 9.0805e+08 9.0764e+08  0.05%  28.5  195s
 30244 16757 9.0799e+08   50  266 9.0805e+08 9.0764e+08  0.05%  28.6  196s
 30258 16761 9.0799e+08   52  270 9.0805e+08 9.0764e+08  0.05%  28.7  197s
 30292 16768 9.0803e+08   57  252 9.0805e+08 9.0764e+08  0.05%  29.0  198s
 30325 16780 9.0804e+08   59  195 9.0805e+08 9.0764e+08  0.05%  29.3  199s
 30344 16784     cutoff   60      9.0805e+08 9.0764e+08  0.05%  29.4  200s
 30365 16781 9.0764e+08   31  312 9.0805e+08 9.0764e+08  0.05%  29.5  202s
 30374 16798 9.0764e+08   32  295 9.0805e+08 9.0764e+08  0.05%  29.6  203s
 30418 16818 9.0764e+08   36  307 9.0805e+08 9.0764e+08  0.05%  29.8  205s
 30464 16846 9.0766e+08   40  282 9.0805e+08 9.0764e+08  0.05%  30.1  206s
 30511 16881 9.0766e+08   47  289 9.0805e+08 9.0764e+08  0.05%  30.3  208s
 30590 16882 9.0774e+08   55  276 9.0805e+08 9.0764e+08  0.05%  30.7  210s
H30599 16043                    9.080361e+08 9.0764e+08  0.04%  30.7  210s
 30619 16124 9.0775e+08   60  262 9.0804e+08 9.0764e+08  0.04%  30.8  212s
 30726 16253 9.0781e+08   70  212 9.0804e+08 9.0764e+08  0.04%  31.1  214s
 30938 16361 9.0790e+08   84  238 9.0804e+08 9.0764e+08  0.04%  31.9  217s
 31195 16434 9.0764e+08   38  305 9.0804e+08 9.0764e+08  0.04%  32.8  219s
 31424 16570 9.0775e+08   52  291 9.0804e+08 9.0764e+08  0.04%  33.8  221s
 31661 16722 9.0787e+08   76  210 9.0804e+08 9.0764e+08  0.04%  34.7  224s
 31972 16872 9.0799e+08   99  228 9.0804e+08 9.0764e+08  0.04%  35.7  226s
 32275 16978     cutoff   41      9.0804e+08 9.0764e+08  0.04%  36.7  228s
 32639 17124 9.0775e+08   47  270 9.0804e+08 9.0764e+08  0.04%  37.5  231s
 33054 17206 9.0775e+08   56  242 9.0804e+08 9.0764e+08  0.04%  38.7  235s
 33294 17490 9.0786e+08   70  242 9.0804e+08 9.0764e+08  0.04%  39.4  238s
 33762 17664 9.0771e+08   37  286 9.0804e+08 9.0764e+08  0.04%  40.8  242s
H34143 16705                    9.080313e+08 9.0764e+08  0.04%  41.9  242s
 34201 17225 9.0801e+08   80  218 9.0803e+08 9.0764e+08  0.04%  42.0  246s
 34970 17332 9.0799e+08  111  176 9.0803e+08 9.0765e+08  0.04%  43.7  250s
 35522 17552 9.0788e+08   57  237 9.0803e+08 9.0765e+08  0.04%  45.6  255s
 36265 18072 9.0790e+08   65  237 9.0803e+08 9.0766e+08  0.04%  46.9  260s
 37277 18360 9.0792e+08   50  263 9.0803e+08 9.0767e+08  0.04%  48.7  265s
 38110 18795 9.0783e+08   46  309 9.0803e+08 9.0767e+08  0.04%  50.6  271s
 39094 19124 9.0785e+08   68  230 9.0803e+08 9.0767e+08  0.04%  52.4  276s
 40066 18804 9.0784e+08   64  253 9.0803e+08 9.0768e+08  0.04%  54.1  300s
 40075 19257 9.0784e+08   65  260 9.0803e+08 9.0768e+08  0.04%  54.1  306s
 40670 19793 9.0784e+08   67  232 9.0803e+08 9.0768e+08  0.04%  55.4  312s
H41209 18755                    9.080256e+08 9.0768e+08  0.04%  56.2  312s
 41635 19245 9.0789e+08   47  274 9.0803e+08 9.0769e+08  0.04%  56.9  318s
 42627 19620 9.0792e+08   49  248 9.0803e+08 9.0769e+08  0.04%  58.6  324s
 43739 19998 9.0789e+08   60  258 9.0803e+08 9.0769e+08  0.04%  60.3  331s
 44850 20384 9.0777e+08   39  292 9.0803e+08 9.0770e+08  0.04%  61.7  340s
 46093 20827 9.0798e+08   72  221 9.0803e+08 9.0770e+08  0.04%  63.7  350s
 47378 21217 9.0802e+08   68  215 9.0803e+08 9.0771e+08  0.04%  65.5  357s
 48555 21665 9.0794e+08   54  246 9.0803e+08 9.0771e+08  0.03%  67.0  364s
 49810 21930 9.0777e+08   43  263 9.0803e+08 9.0772e+08  0.03%  68.4  372s
 50790 22323 9.0799e+08   68  232 9.0803e+08 9.0772e+08  0.03%  69.7  381s
 51938 22648 9.0788e+08   61  222 9.0803e+08 9.0772e+08  0.03%  71.0  389s
 53242 23142 9.0783e+08   69  238 9.0803e+08 9.0772e+08  0.03%  72.5  397s
 54564 23528 9.0795e+08   42  279 9.0803e+08 9.0773e+08  0.03%  73.8  404s
 55902 23694 9.0779e+08   51  261 9.0803e+08 9.0773e+08  0.03%  75.0  412s
 56878 23477 9.0794e+08   46  266 9.0803e+08 9.0773e+08  0.03%  76.1  423s
 57016 24188 9.0793e+08   38  293 9.0803e+08 9.0773e+08  0.03%  76.2  431s
 58222 24659 9.0781e+08   51  268 9.0803e+08 9.0774e+08  0.03%  77.3  439s
 59610 25017 9.0798e+08   61  249 9.0803e+08 9.0774e+08  0.03%  78.3  452s
 61171 25204 9.0779e+08   63  254 9.0803e+08 9.0774e+08  0.03%  79.6  461s
 62362 25676 9.0799e+08  107  193 9.0803e+08 9.0775e+08  0.03%  80.4  472s
 63675 25826 9.0791e+08   48  251 9.0803e+08 9.0775e+08  0.03%  81.2  483s
 64855 26231 9.0781e+08   65  274 9.0803e+08 9.0775e+08  0.03%  81.9  495s
 66023 26709 9.0794e+08   54  244 9.0803e+08 9.0775e+08  0.03%  82.8  504s
 67284 26849 9.0789e+08   69  247 9.0803e+08 9.0775e+08  0.03%  83.6  512s
 68360 27202 9.0780e+08   44  288 9.0803e+08 9.0775e+08  0.03%  84.5  520s
 69489 27479 9.0798e+08   55  244 9.0803e+08 9.0776e+08  0.03%  85.3  529s
 70690 27729 9.0798e+08   52  264 9.0803e+08 9.0776e+08  0.03%  86.0  538s
 71789 28039 9.0784e+08   56  265 9.0803e+08 9.0776e+08  0.03%  86.7  547s
 73025 28300 9.0780e+08   57  261 9.0803e+08 9.0776e+08  0.03%  87.4  555s
 74050 29370 9.0789e+08   53  255 9.0803e+08 9.0776e+08  0.03%  87.9  565s
 75636 29930 9.0802e+08   68  217 9.0803e+08 9.0776e+08  0.03%  88.6  573s
 76517 30760     cutoff   55      9.0803e+08 9.0776e+08  0.03%  88.9  581s
 77822 31593 9.0779e+08   58  241 9.0803e+08 9.0776e+08  0.03%  89.6  588s
 79164 32238 9.0795e+08   53  247 9.0803e+08 9.0777e+08  0.03%  90.1  595s
 80378 33109 9.0785e+08   58  217 9.0803e+08 9.0777e+08  0.03%  90.6  604s
 81661 33840 9.0798e+08   40  313 9.0803e+08 9.0777e+08  0.03%  91.1  611s
 82812 34535 9.0787e+08   64  244 9.0803e+08 9.0777e+08  0.03%  91.7  618s
 83929 35323 9.0787e+08   53  232 9.0803e+08 9.0777e+08  0.03%  92.3  626s
 85201 36100 9.0788e+08   74  233 9.0803e+08 9.0777e+08  0.03%  92.8  635s
 86481 36775 9.0798e+08   88  191 9.0803e+08 9.0777e+08  0.03%  93.2  642s
 87668 37597 9.0800e+08   82  215 9.0803e+08 9.0778e+08  0.03%  93.7  650s
 89070 38467 9.0796e+08   63  259 9.0803e+08 9.0778e+08  0.03%  93.9  659s
 90379 39074 9.0783e+08   37  300 9.0803e+08 9.0778e+08  0.03%  94.5  667s
 91535 39791 9.0784e+08   57  256 9.0803e+08 9.0778e+08  0.03%  95.1  675s
 92903 40725 9.0793e+08   48  246 9.0803e+08 9.0778e+08  0.03%  95.5  682s
 94350 41525 9.0785e+08   74  235 9.0803e+08 9.0778e+08  0.03%  95.8  690s
 95597 42309 9.0797e+08   82  205 9.0803e+08 9.0778e+08  0.03%  96.1  697s
 96863 43230 9.0800e+08   48  270 9.0803e+08 9.0778e+08  0.03%  96.5  705s
 98222 43835 9.0801e+08   91  223 9.0803e+08 9.0778e+08  0.03%  96.7  713s
 99324 44573 9.0788e+08   58  258 9.0803e+08 9.0778e+08  0.03%  97.1  721s
 100456 45237 9.0800e+08   76  223 9.0803e+08 9.0778e+08  0.03%  97.5  729s
 101644 45889 9.0785e+08   54  243 9.0803e+08 9.0779e+08  0.03%  97.8  736s
 102660 46678 9.0799e+08   75  196 9.0803e+08 9.0779e+08  0.03%  98.2  743s
 103981 47416 9.0791e+08   76  247 9.0803e+08 9.0779e+08  0.03%  98.4  752s
 105464 48031 9.0794e+08   48  264 9.0803e+08 9.0779e+08  0.03%  98.7  759s
 106561 48721 9.0784e+08   61  244 9.0803e+08 9.0779e+08  0.03%  99.0  768s
 107799 49447     cutoff   57      9.0803e+08 9.0779e+08  0.03%  99.2  775s
 108941 50266 9.0792e+08   53  295 9.0803e+08 9.0779e+08  0.03%  99.5  782s
 110162 50987     cutoff   61      9.0803e+08 9.0779e+08  0.03%   100  788s
 111456 51636 9.0796e+08   56  272 9.0803e+08 9.0779e+08  0.03%   100  796s
 112466 52175 9.0787e+08   55  276 9.0803e+08 9.0779e+08  0.03%   100  802s
 113615 52685     cutoff   71      9.0803e+08 9.0779e+08  0.03%   100  809s
 114632 53436 9.0781e+08   50  258 9.0803e+08 9.0779e+08  0.03%   101  815s
 115947 54223 9.0792e+08   64  273 9.0803e+08 9.0779e+08  0.03%   101  822s
 117272 54915 9.0792e+08   72  221 9.0803e+08 9.0779e+08  0.03%   101  828s
 118512 55691 9.0801e+08   81  198 9.0803e+08 9.0780e+08  0.03%   101  836s
 119855 56537 9.0787e+08   36  284 9.0803e+08 9.0780e+08  0.03%   102  843s
 121114 57261 9.0801e+08   52  254 9.0803e+08 9.0780e+08  0.03%   102  850s
 122198 58011     cutoff   74      9.0803e+08 9.0780e+08  0.03%   102  857s
 123461 58668 9.0802e+08   77  231 9.0803e+08 9.0780e+08  0.03%   102  864s
 124660 59470 9.0787e+08   54  255 9.0803e+08 9.0780e+08  0.03%   103  871s
 125927 60153 9.0802e+08  100  190 9.0803e+08 9.0780e+08  0.02%   103  878s
 127143 60749 9.0782e+08   55  276 9.0803e+08 9.0780e+08  0.02%   103  885s
 128164 61597 9.0789e+08   47  268 9.0803e+08 9.0780e+08  0.02%   103  892s
 129525 62284     cutoff   82      9.0803e+08 9.0780e+08  0.02%   104  900s
 130622 63076 9.0799e+08   82  196 9.0803e+08 9.0780e+08  0.02%   104  907s
 131942 63790 9.0785e+08   56  264 9.0803e+08 9.0780e+08  0.02%   104  914s
 133179 64545     cutoff   80      9.0803e+08 9.0780e+08  0.02%   104  923s
 134489 65239 9.0786e+08   53  222 9.0803e+08 9.0780e+08  0.02%   104  930s
 135815 66000 9.0788e+08   60  256 9.0803e+08 9.0780e+08  0.02%   104  938s
 136444 66000 9.0788e+08   52  238 9.0803e+08 9.0780e+08  0.02%   104  939s
 137059 66694 9.0793e+08   60  243 9.0803e+08 9.0780e+08  0.02%   105  945s
 138249 67236 9.0791e+08   65  238 9.0803e+08 9.0781e+08  0.02%   105  952s
 139264 68054 9.0798e+08   62  203 9.0803e+08 9.0781e+08  0.02%   105  960s
 139726 68054 9.0790e+08   56  234 9.0803e+08 9.0781e+08  0.02%   105  961s
 140520 68755 9.0786e+08   60  230 9.0803e+08 9.0781e+08  0.02%   105  968s
 141722 69564 9.0795e+08   63  236 9.0803e+08 9.0781e+08  0.02%   105  975s
 143015 70370 9.0802e+08   70  219 9.0803e+08 9.0781e+08  0.02%   105  982s
 144280 71157 9.0794e+08   76  233 9.0803e+08 9.0781e+08  0.02%   105  990s
 145530 71790 9.0800e+08   87  181 9.0803e+08 9.0781e+08  0.02%   106  998s
 146652 72429 9.0793e+08   42  272 9.0803e+08 9.0781e+08  0.02%   106 1005s
 147904 72849 9.0793e+08   74  236 9.0803e+08 9.0781e+08  0.02%   106 1008s

Cutting planes:
  Gomory: 27
  MIR: 442
  Mixing: 21
  Flow cover: 786

Explored 148612 nodes (15756566 simplex iterations) in 1008.73 seconds (1981.37 work units)
Thread count was 8 (of 8 available processors)

Solution count 10: 9.08026e+08 9.08026e+08 9.08031e+08 ... 9.08359e+08

Solve interrupted
Best objective 9.080256362252e+08, best bound 9.078093827792e+08, gap 0.0238%

Gurobi 11.0.3 (mac64[arm]) logging started Mon Dec  8 14:10:40 2025

Set parameter LogFile to value "unknown.gurobi.log"
Set parameter DisplayInterval to value 1
Gurobi Optimizer version 11.0.3 build v11.0.3rc0 (mac64[arm] - Darwin 24.6.0 24G90)

CPU model: Apple M1 Pro
Thread count: 8 physical cores, 8 logical processors, using up to 8 threads

Optimize a model with 14437 rows, 13554 columns and 36551 nonzeros
Model fingerprint: 0x97978f3d
Variable types: 12594 continuous, 960 integer (960 binary)
Coefficient statistics:
  Matrix range     [5e-03, 8e+06]
  Objective range  [1e-02, 5e+05]
  Bounds range     [1e+00, 1e+00]
  RHS range        [1e+00, 2e+08]
Found heuristic solution: objective 1.742968e+12
Presolve removed 11557 rows and 8939 columns
Presolve time: 0.02s
Presolved: 2880 rows, 4615 columns, 12135 nonzeros
Variable types: 3895 continuous, 720 integer (720 binary)
Root barrier log...

Ordering time: 0.00s

Barrier statistics:
 AA' NZ     : 5.020e+03
 Factor NZ  : 2.556e+04 (roughly 2 MB of memory)
 Factor Ops : 6.350e+05 (less than 1 second per iteration)
 Threads    : 1

                  Objective                Residual
Iter       Primal          Dual         Primal    Dual     Compl     Time
   0  -1.32061949e+15 -3.87800040e+15  1.03e+07 3.30e+05  1.44e+13     0s
   1  -1.45570657e+14 -1.45732709e+15  2.16e+06 2.52e+05  1.85e+12     0s
   2  -1.07648424e+12 -1.49758173e+14  3.81e+04 3.01e+03  4.85e+10     0s
   3   8.25309993e+11 -1.78563193e+13  4.84e+03 8.10e+01  5.08e+09     0s
   4   5.09690914e+11 -6.80382545e+12  5.16e+02 8.98e+00  1.32e+09     0s
   5   2.84931307e+11 -8.47059015e+11  1.42e+02 3.26e-09  2.17e+08     0s
   6   1.27914307e+11 -3.04042229e+11  5.45e+01 1.86e-09  8.71e+07     0s
   7   2.96099291e+10 -6.01024645e+10  6.09e+00 1.86e-09  1.47e+07     0s
   8   1.32046532e+10 -3.18556976e+10  1.68e+00 9.31e-10  7.02e+06     0s
   9   7.45992153e+09 -9.13281740e+09  6.66e-01 5.43e-10  2.58e+06     0s
  10   3.00987189e+09 -2.68371318e+09  1.79e-01 1.40e-09  8.68e+05     0s
  11   1.81321613e+09  5.05763695e+07  5.76e-02 1.40e-09  2.69e+05     0s
  12   1.29583933e+09  7.40861653e+08  1.75e-02 7.57e-10  8.48e+04     0s
  13   1.07841682e+09  8.90737397e+08  3.65e-03 9.31e-10  2.83e+04     0s
  14   1.00197041e+09  9.60681834e+08  4.40e-04 1.06e-09  6.16e+03     0s
  15   9.90237914e+08  9.70168554e+08  1.64e-04 8.01e-10  2.98e+03     0s
  16   9.86247745e+08  9.76181727e+08  9.17e-05 7.56e-10  1.50e+03     0s

Barrier solved model in 16 iterations and 0.06 seconds (0.05 work units)
Optimal objective 9.86247745e+08

Extra simplex iterations after uncrush: 161

Root relaxation: objective 9.806603e+08, 5539 iterations, 0.04 seconds (0.04 work units)

    Nodes    |    Current Node    |     Objective Bounds      |     Work
 Expl Unexpl |  Obj  Depth IntInf | Incumbent    BestBd   Gap | It/Node Time

     0     0 9.8066e+08    0  116 1.7430e+12 9.8066e+08   100%     -    0s
H    0     0                    9.838932e+08 9.8066e+08  0.33%     -    0s
     0     0 9.8126e+08    0   88 9.8389e+08 9.8126e+08  0.27%     -    0s
     0     0 9.8128e+08    0   88 9.8389e+08 9.8128e+08  0.27%     -    0s
     0     0 9.8128e+08    0   88 9.8389e+08 9.8128e+08  0.27%     -    0s
     0     0 9.8131e+08    0   88 9.8389e+08 9.8131e+08  0.26%     -    0s
     0     0 9.8131e+08    0   87 9.8389e+08 9.8131e+08  0.26%     -    0s
     0     0 9.8131e+08    0   87 9.8389e+08 9.8131e+08  0.26%     -    0s
H    0     0                    9.837117e+08 9.8131e+08  0.24%     -    0s
     0     2 9.8131e+08    0   87 9.8371e+08 9.8131e+08  0.24%     -    0s
H   31    40                    9.836137e+08 9.8140e+08  0.22%   7.5    0s
H   32    40                    9.835710e+08 9.8140e+08  0.22%   7.3    0s
H   33    40                    9.835359e+08 9.8140e+08  0.22%   7.2    0s
H   34    40                    9.833449e+08 9.8140e+08  0.20%   7.0    0s
H   57    65                    9.833444e+08 9.8142e+08  0.20%   6.5    0s
H   58    65                    9.833022e+08 9.8142e+08  0.19%   6.5    0s
H   59    65                    9.831200e+08 9.8142e+08  0.17%   6.5    0s
H   71    73                    9.831200e+08 9.8142e+08  0.17%   6.2    0s
H 1117   932                    9.824133e+08 9.8142e+08  0.10%   4.8    0s
H 1121   559                    9.821517e+08 9.8142e+08  0.07%   4.8    0s
  1526   864 9.8191e+08   36   87 9.8215e+08 9.8145e+08  0.07%   4.6    1s
  1549   879 9.8189e+08   31   92 9.8215e+08 9.8163e+08  0.05%   4.5    2s
H 2379  1138                    9.821149e+08 9.8173e+08  0.04%  10.3    2s
  2832  1263 9.8190e+08   40   64 9.8211e+08 9.8174e+08  0.04%  10.7    3s
  4282  1781 9.8193e+08   36   63 9.8211e+08 9.8180e+08  0.03%  10.5    4s
H 4284  1736                    9.821039e+08 9.8180e+08  0.03%  10.5    4s
H 4290  1635                    9.820856e+08 9.8180e+08  0.03%  10.5    4s
  5359  2160     cutoff   69      9.8209e+08 9.8182e+08  0.03%  10.2    5s
  7144  3693 9.8204e+08   57   44 9.8209e+08 9.8184e+08  0.02%   9.9    6s
 11462  5890 9.8205e+08   60   45 9.8209e+08 9.8187e+08  0.02%   9.9    7s
 14479  7437 9.8201e+08   59   43 9.8209e+08 9.8189e+08  0.02%   9.9    8s
 18137  8409 9.8206e+08   30   68 9.8209e+08 9.8190e+08  0.02%   9.9    9s
 19127  9323 9.8208e+08   60   46 9.8209e+08 9.8191e+08  0.02%   9.8   10s
 21634  9863 9.8203e+08   37   54 9.8209e+08 9.8192e+08  0.02%   9.8   11s
 24510 11510 9.8208e+08   53   43 9.8209e+08 9.8192e+08  0.02%   9.9   12s
 28656 12951 9.8200e+08   36   63 9.8209e+08 9.8194e+08  0.02%   9.9   13s
 30080 13576 9.8200e+08   26   65 9.8209e+08 9.8194e+08  0.01%   9.9   17s
 32502 13945 9.8206e+08   33   73 9.8209e+08 9.8195e+08  0.01%  10.0   18s
 34973 14674 9.8206e+08   31   61 9.8209e+08 9.8195e+08  0.01%  10.8   19s
 36685 15058 9.8203e+08   49   62 9.8209e+08 9.8196e+08  0.01%  11.5   20s
 38989 15513 9.8201e+08   53   66 9.8209e+08 9.8196e+08  0.01%  12.5   21s
 41006 15874 9.8203e+08   53   58 9.8209e+08 9.8197e+08  0.01%  13.2   22s
 43165 16248 9.8205e+08   30   63 9.8209e+08 9.8197e+08  0.01%  13.9   23s
 45447 16421 9.8208e+08   49   47 9.8209e+08 9.8198e+08  0.01%  14.6   24s
 47478 16758 9.8208e+08   53   63 9.8209e+08 9.8198e+08  0.01%  15.2   25s
 48806 16802 9.8208e+08   59   37 9.8209e+08 9.8198e+08  0.01%  15.5   26s
 49991 16853 9.8202e+08   54   58 9.8209e+08 9.8199e+08  0.01%  15.9   27s

Cutting planes:
  Gomory: 2
  MIR: 113
  Mixing: 12
  Flow cover: 304

Explored 51360 nodes (834900 simplex iterations) in 27.15 seconds (40.17 work units)
Thread count was 8 (of 8 available processors)

Solution count 10: 9.82086e+08 9.82086e+08 9.82104e+08 ... 9.83344e+08

Optimal solution found (tolerance 1.00e-04)
Best objective 9.820855812224e+08, best bound 9.819888430830e+08, gap 0.0099%

Gurobi 11.0.3 (mac64[arm]) logging started Mon Dec  8 14:13:08 2025

Set parameter LogFile to value "unknown.gurobi.log"
Set parameter DisplayInterval to value 1
Gurobi Optimizer version 11.0.3 build v11.0.3rc0 (mac64[arm] - Darwin 24.6.0 24G90)

CPU model: Apple M1 Pro
Thread count: 8 physical cores, 8 logical processors, using up to 8 threads

Optimize a model with 37014 rows, 34728 columns and 93642 nonzeros
Model fingerprint: 0x2532b0ff
Variable types: 32328 continuous, 2400 integer (2400 binary)
Coefficient statistics:
  Matrix range     [5e-03, 8e+06]
  Objective range  [2e-03, 5e+05]
  Bounds range     [1e+00, 1e+00]
  RHS range        [9e-02, 7e+07]
Found heuristic solution: objective 1.742968e+12
Presolve removed 29814 rows and 23037 columns
Presolve time: 0.06s
Presolved: 7200 rows, 11691 columns, 30741 nonzeros
Variable types: 9891 continuous, 1800 integer (1800 binary)
Root barrier log...

Ordering time: 0.00s

Barrier statistics:
 AA' NZ     : 1.268e+04
 Factor NZ  : 7.944e+04 (roughly 6 MB of memory)
 Factor Ops : 3.190e+06 (less than 1 second per iteration)
 Threads    : 8

                  Objective                Residual
Iter       Primal          Dual         Primal    Dual     Compl     Time
   0  -7.03841629e+14 -4.01252118e+15  3.74e+06 2.94e+05  5.36e+12     0s
   1  -6.79030802e+13 -1.50885409e+15  7.84e+05 2.86e+05  7.27e+11     0s
   2   8.54394550e+10 -1.76796493e+14  1.23e+04 5.96e+03  2.02e+10     0s
   3   4.68772099e+11 -3.77597571e+13  1.01e+03 8.97e+02  3.22e+09     0s
   4   4.68287845e+11 -7.65287897e+11  1.01e+02 1.76e+00  1.13e+08     0s
   5   2.65562726e+11 -2.57963802e+11  4.61e+01 8.86e-02  4.18e+07     0s
   6   7.64537219e+10 -1.26551246e+11  1.07e+01 1.40e-09  1.39e+07     0s
   7   2.70621845e+10 -1.13890098e+11  2.74e+00 1.86e-09  8.78e+06     0s
   8   8.49490414e+09 -3.59103647e+10  2.51e-01 2.79e-09  2.66e+06     0s
   9   4.49856296e+09 -5.89227504e+09  5.36e-02 1.86e-09  6.22e+05     0s
  10   2.73763181e+09 -1.10714309e+09  1.69e-02 2.33e-09  2.30e+05     0s
  11   1.33594286e+09  3.62211944e+08  2.52e-03 1.40e-09  5.76e+04     0s
  12   1.11701899e+09  7.54822841e+08  8.37e-04 1.59e-09  2.14e+04     0s
  13   9.91073273e+08  8.45838058e+08  2.15e-04 1.53e-09  8.54e+03     0s
  14   9.65349455e+08  8.75582826e+08  1.40e-04 1.65e-09  5.29e+03     0s
  15   9.44495523e+08  8.87907803e+08  8.70e-05 1.48e-09  3.34e+03     0s
  16   9.31969935e+08  8.95996914e+08  5.71e-05 1.72e-09  2.12e+03     0s
  17   9.25280269e+08  8.99282036e+08  4.12e-05 2.09e-09  1.54e+03     0s
  18   9.22854569e+08  9.00408539e+08  3.61e-05 2.24e-09  1.33e+03     0s
  19   9.18135405e+08  9.01777094e+08  2.54e-05 2.51e-09  9.67e+02     0s

Barrier solved model in 19 iterations and 0.16 seconds (0.13 work units)
Optimal objective 9.18135405e+08

Extra simplex iterations after uncrush: 530

Root relaxation: objective 9.062703e+08, 13845 iterations, 0.12 seconds (0.10 work units)

    Nodes    |    Current Node    |     Objective Bounds      |     Work
 Expl Unexpl |  Obj  Depth IntInf | Incumbent    BestBd   Gap | It/Node Time

     0     0 9.0627e+08    0  215 1.7430e+12 9.0627e+08   100%     -    0s
H    0     0                    9.098710e+08 9.0627e+08  0.40%     -    0s
     0     0 9.0686e+08    0  195 9.0987e+08 9.0686e+08  0.33%     -    0s
     0     0 9.0693e+08    0  179 9.0987e+08 9.0693e+08  0.32%     -    0s
     0     0 9.0694e+08    0  177 9.0987e+08 9.0694e+08  0.32%     -    0s
H    0     0                    9.098196e+08 9.0697e+08  0.31%     -    0s
     0     0 9.0697e+08    0  177 9.0982e+08 9.0697e+08  0.31%     -    0s
     0     0 9.0698e+08    0  173 9.0982e+08 9.0698e+08  0.31%     -    0s
     0     0 9.0698e+08    0  173 9.0982e+08 9.0698e+08  0.31%     -    0s
     0     0 9.0700e+08    0  206 9.0982e+08 9.0700e+08  0.31%     -    0s
H    0     0                    9.095978e+08 9.0702e+08  0.28%     -    0s
     0     0 9.0702e+08    0  208 9.0960e+08 9.0702e+08  0.28%     -    0s
H    0     0                    9.092843e+08 9.0703e+08  0.25%     -    0s
     0     0 9.0703e+08    0  199 9.0928e+08 9.0703e+08  0.25%     -    0s
     0     0 9.0704e+08    0  194 9.0928e+08 9.0704e+08  0.25%     -    0s
     0     0 9.0704e+08    0  199 9.0928e+08 9.0704e+08  0.25%     -    0s
     0     0 9.0705e+08    0  205 9.0928e+08 9.0705e+08  0.25%     -    0s
     0     0 9.0705e+08    0  205 9.0928e+08 9.0705e+08  0.25%     -    0s
     0     0 9.0705e+08    0  211 9.0928e+08 9.0705e+08  0.25%     -    0s
     0     0 9.0706e+08    0  206 9.0928e+08 9.0706e+08  0.24%     -    0s
     0     0 9.0706e+08    0  193 9.0928e+08 9.0706e+08  0.24%     -    0s
     0     0 9.0706e+08    0  193 9.0928e+08 9.0706e+08  0.24%     -    0s
     0     2 9.0706e+08    0  193 9.0928e+08 9.0706e+08  0.24%     -    1s
    63    72 9.0731e+08   10  181 9.0928e+08 9.0713e+08  0.24%  17.6    2s
   138   172 9.0748e+08   18  175 9.0928e+08 9.0713e+08  0.24%  14.8    3s
   955  1041 9.0802e+08  104  117 9.0928e+08 9.0713e+08  0.24%   9.1    4s
H 1129  1132                    9.084165e+08 9.0713e+08  0.14%   9.0    4s
H 1131  1131                    9.084063e+08 9.0713e+08  0.14%   9.0    4s
H 1133  1052                    9.081973e+08 9.0713e+08  0.12%   9.0    4s
  2498  2148 9.0780e+08   82  193 9.0820e+08 9.0714e+08  0.12%   8.2    6s
  2506  2153 9.0817e+08  118  247 9.0820e+08 9.0720e+08  0.11%   8.1    7s
  2519  2162 9.0794e+08  100  225 9.0820e+08 9.0744e+08  0.08%   8.1    8s
  2524  2165 9.0794e+08   93  262 9.0820e+08 9.0744e+08  0.08%   8.1   10s
  2528  2173 9.0755e+08   11  265 9.0820e+08 9.0744e+08  0.08%  14.9   11s
  2572  2206 9.0771e+08   15  256 9.0820e+08 9.0746e+08  0.08%  16.9   12s
  2620  2238 9.0773e+08   18  259 9.0820e+08 9.0751e+08  0.08%  18.0   13s
  2694  2305 9.0779e+08   23  240 9.0820e+08 9.0751e+08  0.08%  19.9   14s
  2759  2446 9.0781e+08   27  226 9.0820e+08 9.0751e+08  0.08%  21.1   15s
  3126  2667 9.0793e+08   47  184 9.0820e+08 9.0751e+08  0.08%  25.8   16s
H 3398  2578                    9.081833e+08 9.0751e+08  0.07%  29.1   16s
  3567  2667 9.0800e+08   70  199 9.0818e+08 9.0751e+08  0.07%  31.5   17s
H 3984  2569                    9.081527e+08 9.0751e+08  0.07%  34.1   17s
  3996  2622 9.0809e+08   96  165 9.0815e+08 9.0751e+08  0.07%  34.2   18s
  4106  2620     cutoff  102      9.0815e+08 9.0751e+08  0.07%  34.4   19s
  4606  2949 9.0763e+08   29  272 9.0815e+08 9.0752e+08  0.07%  34.4   20s
  5114  3023 9.0782e+08   71  209 9.0815e+08 9.0752e+08  0.07%  33.3   21s
  6090  3421 9.0810e+08  201  103 9.0815e+08 9.0752e+08  0.07%  32.1   22s
  6841  3901 9.0761e+08   26  246 9.0815e+08 9.0756e+08  0.07%  31.0   23s
H 7759  3216                    9.080854e+08 9.0756e+08  0.06%  30.6   23s
  7872  3056     cutoff   31      9.0809e+08 9.0756e+08  0.06%  30.4   27s
H 7873  2561                    9.080426e+08 9.0756e+08  0.05%  30.4   27s
H 7884  2499                    9.080329e+08 9.0756e+08  0.05%  30.4   27s
  7885  2798     cutoff   30      9.0803e+08 9.0757e+08  0.05%  30.4   28s
  8897  3219 9.0798e+08   54  214 9.0803e+08 9.0759e+08  0.05%  30.7   30s
  9724  3843 9.0765e+08   25  265 9.0803e+08 9.0759e+08  0.05%  30.6   33s
  9773  4530 9.0800e+08   46  212 9.0803e+08 9.0759e+08  0.05%  30.7   34s
 10569  5053 9.0789e+08   29  237 9.0803e+08 9.0760e+08  0.05%  30.5   35s
 11267  5643 9.0786e+08   45  240 9.0803e+08 9.0760e+08  0.05%  30.7   36s
 12049  6449 9.0764e+08   31  290 9.0803e+08 9.0761e+08  0.05%  30.5   37s
 13085  7128 9.0769e+08   15  247 9.0803e+08 9.0761e+08  0.05%  30.7   38s
 13993  7758 9.0798e+08   54  226 9.0803e+08 9.0762e+08  0.05%  30.8   40s
 14987  8904 9.0769e+08   34  259 9.0803e+08 9.0762e+08  0.05%  31.0   42s
 16425  9745 9.0797e+08   66  204 9.0803e+08 9.0763e+08  0.04%  30.7   43s
 17541  9917 9.0794e+08   44  246 9.0803e+08 9.0763e+08  0.04%  30.8   45s
 18053 10904 9.0795e+08   56  232 9.0803e+08 9.0763e+08  0.04%  30.9   46s
 19422 11679 9.0784e+08   46  230 9.0803e+08 9.0764e+08  0.04%  30.8   48s
 20610 12692 9.0792e+08   36  234 9.0803e+08 9.0764e+08  0.04%  30.8   49s
 21860 12700 9.0786e+08   35  247 9.0803e+08 9.0764e+08  0.04%  30.8   53s
 21868 13606 9.0787e+08   36  240 9.0803e+08 9.0764e+08  0.04%  30.8   54s
 23106 14705 9.0787e+08   31  235 9.0803e+08 9.0765e+08  0.04%  30.9   56s
 24568 15662 9.0788e+08   65  212 9.0803e+08 9.0765e+08  0.04%  30.8   59s
 25862 16365 9.0789e+08   55  223 9.0803e+08 9.0766e+08  0.04%  30.8   61s
 27141 16778 9.0785e+08   32  225 9.0803e+08 9.0766e+08  0.04%  30.9   63s
 27953 17785 9.0787e+08   84  216 9.0803e+08 9.0766e+08  0.04%  30.6   65s
 29267 18467 9.0792e+08   26  247 9.0803e+08 9.0766e+08  0.04%  30.7   66s
 30525 18468 9.0792e+08   41  193 9.0803e+08 9.0767e+08  0.04%  30.7   86s
 30528 18470 9.0790e+08   58  235 9.0803e+08 9.0767e+08  0.04%  30.7   87s
 30535 18475 9.0800e+08   68  310 9.0803e+08 9.0767e+08  0.04%  30.7   88s
 30537 18476 9.0781e+08   51  317 9.0803e+08 9.0767e+08  0.04%  30.7   89s
 30538 18477 9.0787e+08   28  317 9.0803e+08 9.0767e+08  0.04%  30.7   90s
 30540 18478 9.0794e+08   71  315 9.0803e+08 9.0767e+08  0.04%  30.7   91s
 30541 18479 9.0781e+08   51  304 9.0803e+08 9.0767e+08  0.04%  30.7   92s
 30543 18480 9.0788e+08   33  270 9.0803e+08 9.0767e+08  0.04%  30.7   93s
 30545 18481 9.0780e+08   49  300 9.0803e+08 9.0767e+08  0.04%  30.7   94s
 30546 18482 9.0796e+08   85  302 9.0803e+08 9.0767e+08  0.04%  30.7   95s
 30548 18483 9.0780e+08   33  290 9.0803e+08 9.0767e+08  0.04%  30.7   96s
 30549 18484 9.0803e+08   50  302 9.0803e+08 9.0767e+08  0.04%  30.7   97s
 30551 18485 9.0781e+08   23  289 9.0803e+08 9.0767e+08  0.04%  30.7   98s
 30553 18487 9.0793e+08   46  303 9.0803e+08 9.0767e+08  0.04%  30.7   99s
 30554 18487 9.0783e+08   32  293 9.0803e+08 9.0767e+08  0.04%  30.7  100s
 30555 18488 9.0798e+08   53  298 9.0803e+08 9.0767e+08  0.04%  30.7  101s
 30557 18489 9.0787e+08   46  297 9.0803e+08 9.0767e+08  0.04%  30.7  102s
 30558 18490 9.0801e+08   71  286 9.0803e+08 9.0767e+08  0.04%  30.7  103s
 30559 18491 9.0785e+08   36  292 9.0803e+08 9.0767e+08  0.04%  30.7  104s
 30561 18492 9.0799e+08   69  301 9.0803e+08 9.0767e+08  0.04%  30.7  105s
 30562 18493 9.0772e+08   23  294 9.0803e+08 9.0767e+08  0.04%  30.7  106s
 30563 18493 9.0799e+08   56  288 9.0803e+08 9.0767e+08  0.04%  30.7  107s
 30565 18495 9.0787e+08   28  283 9.0803e+08 9.0767e+08  0.04%  30.7  108s
 30566 18495 9.0785e+08   52  300 9.0803e+08 9.0767e+08  0.04%  30.7  109s
 30568 18497 9.0772e+08   31  292 9.0803e+08 9.0767e+08  0.04%  30.7  110s
 30569 18497 9.0777e+08   56  286 9.0803e+08 9.0767e+08  0.04%  30.7  111s
 30571 18499 9.0769e+08   34  293 9.0803e+08 9.0767e+08  0.04%  30.7  112s
 30573 18500 9.0795e+08   61  286 9.0803e+08 9.0767e+08  0.04%  30.7  113s
 30574 18501 9.0790e+08   49  298 9.0803e+08 9.0767e+08  0.04%  30.7  114s
 30575 18501 9.0780e+08   31  283 9.0803e+08 9.0767e+08  0.04%  30.7  115s
 30577 18503 9.0795e+08   47  288 9.0803e+08 9.0767e+08  0.04%  30.7  116s
 30579 18504 9.0788e+08   32  279 9.0803e+08 9.0767e+08  0.04%  30.7  117s
 30580 18505 9.0777e+08   51  281 9.0803e+08 9.0767e+08  0.04%  30.7  118s
 30581 18505 9.0792e+08   51  291 9.0803e+08 9.0767e+08  0.04%  30.7  119s
 30583 18507 9.0773e+08   48  289 9.0803e+08 9.0767e+08  0.04%  30.7  120s
 30584 18507 9.0796e+08   50  272 9.0803e+08 9.0767e+08  0.04%  30.7  121s
 30585 18508 9.0780e+08   61  288 9.0803e+08 9.0767e+08  0.04%  30.7  122s
 30587 18509 9.0799e+08   50  294 9.0803e+08 9.0767e+08  0.04%  30.7  123s
 30589 18511 9.0801e+08   62  297 9.0803e+08 9.0767e+08  0.04%  30.7  124s
 30591 18512 9.0790e+08   73  292 9.0803e+08 9.0767e+08  0.04%  30.7  125s
 30592 18513 9.0783e+08   40  275 9.0803e+08 9.0767e+08  0.04%  30.7  126s
 30593 18513 9.0781e+08   52  262 9.0803e+08 9.0767e+08  0.04%  30.7  127s
 30595 18515 9.0784e+08   54  270 9.0803e+08 9.0767e+08  0.04%  30.7  128s
 30597 18516 9.0783e+08   34  278 9.0803e+08 9.0767e+08  0.04%  30.7  129s
 30598 18517 9.0799e+08   52  287 9.0803e+08 9.0767e+08  0.04%  30.7  130s
 30599 18517 9.0781e+08   65  293 9.0803e+08 9.0767e+08  0.04%  30.7  131s
 30601 18519 9.0801e+08   47  291 9.0803e+08 9.0767e+08  0.04%  30.7  132s
 30603 18520 9.0797e+08   54  289 9.0803e+08 9.0767e+08  0.04%  30.7  133s
 30604 18521 9.0795e+08   57  292 9.0803e+08 9.0767e+08  0.04%  30.7  134s
 30606 18522 9.0785e+08   35  285 9.0803e+08 9.0767e+08  0.04%  30.7  135s
 30607 18523 9.0770e+08   20  299 9.0803e+08 9.0767e+08  0.04%  30.7  136s
 30609 18524 9.0780e+08   30  285 9.0803e+08 9.0767e+08  0.04%  30.7  137s
 30611 18525 9.0790e+08   50  294 9.0803e+08 9.0767e+08  0.04%  30.7  138s
 30612 18526 9.0799e+08   52  307 9.0803e+08 9.0767e+08  0.04%  30.7  139s
 30613 18527 9.0799e+08   69  290 9.0803e+08 9.0767e+08  0.04%  30.7  140s
 30615 18528 9.0789e+08   64  298 9.0803e+08 9.0767e+08  0.04%  30.7  141s
 30617 18529 9.0790e+08   47  284 9.0803e+08 9.0767e+08  0.04%  30.6  142s
 30619 18531 9.0792e+08   35  283 9.0803e+08 9.0767e+08  0.04%  30.6  143s
 30621 18532 9.0787e+08   31  288 9.0803e+08 9.0767e+08  0.04%  30.6  144s
 30622 18533 9.0787e+08   50  284 9.0803e+08 9.0767e+08  0.04%  30.6  145s
 30624 18534 9.0774e+08   37  274 9.0803e+08 9.0767e+08  0.04%  30.6  146s
 30625 18535 9.0792e+08   41  268 9.0803e+08 9.0767e+08  0.04%  30.6  147s
 30627 18536 9.0767e+08   30  296 9.0803e+08 9.0767e+08  0.04%  30.6  148s
 30629 18537 9.0796e+08   46  270 9.0803e+08 9.0767e+08  0.04%  30.6  149s
 30631 18539 9.0787e+08   50  275 9.0803e+08 9.0767e+08  0.04%  30.6  151s
 30633 18540 9.0802e+08   64  279 9.0803e+08 9.0767e+08  0.04%  30.6  152s
 30635 18541 9.0800e+08   68  288 9.0803e+08 9.0767e+08  0.04%  30.6  153s
 30637 18543 9.0781e+08   51  278 9.0803e+08 9.0767e+08  0.04%  30.6  154s
 30639 18544 9.0799e+08   62  279 9.0803e+08 9.0767e+08  0.04%  30.6  155s
 30640 18545 9.0794e+08   71  281 9.0803e+08 9.0767e+08  0.04%  30.6  156s
 30641 18545 9.0781e+08   51  278 9.0803e+08 9.0767e+08  0.04%  30.6  157s
 30643 18547 9.0788e+08   33  286 9.0803e+08 9.0767e+08  0.04%  30.6  158s
 30645 18548 9.0780e+08   49  274 9.0803e+08 9.0767e+08  0.04%  30.6  159s
 30646 18549 9.0796e+08   85  287 9.0803e+08 9.0767e+08  0.04%  30.6  160s
 30647 18549 9.0797e+08   52  283 9.0803e+08 9.0767e+08  0.04%  30.6  161s
 30649 18551 9.0803e+08   50  283 9.0803e+08 9.0767e+08  0.04%  30.6  162s
 30650 18551 9.0775e+08   38  282 9.0803e+08 9.0767e+08  0.04%  30.6  163s
 30651 18552 9.0781e+08   23  290 9.0803e+08 9.0767e+08  0.04%  30.6  164s
 30653 18553 9.0793e+08   46  283 9.0803e+08 9.0767e+08  0.04%  30.6  165s
 30655 18555 9.0798e+08   53  287 9.0803e+08 9.0767e+08  0.04%  30.6  166s
 30657 18556 9.0787e+08   46  292 9.0803e+08 9.0767e+08  0.04%  30.6  167s
 30658 18557 9.0801e+08   71  287 9.0803e+08 9.0767e+08  0.04%  30.6  168s
 30659 18557 9.0785e+08   36  284 9.0803e+08 9.0767e+08  0.04%  30.6  169s
 30661 18559 9.0799e+08   69  286 9.0803e+08 9.0767e+08  0.04%  30.6  170s
 30662 18559 9.0772e+08   23  286 9.0803e+08 9.0767e+08  0.04%  30.6  171s
 30664 18561 9.0792e+08   56  290 9.0803e+08 9.0767e+08  0.04%  30.6  172s
 30665 18561 9.0787e+08   28  270 9.0803e+08 9.0767e+08  0.04%  30.6  173s
 30667 18563 9.0796e+08   32  278 9.0803e+08 9.0767e+08  0.04%  30.6  174s
 30669 18564 9.0777e+08   56  287 9.0803e+08 9.0767e+08  0.04%  30.6  175s
 30670 18565 9.0803e+08   53  281 9.0803e+08 9.0767e+08  0.04%  30.6  176s
 30671 18565 9.0769e+08   34  283 9.0803e+08 9.0767e+08  0.04%  30.6  177s
 30673 18567 9.0795e+08   61  279 9.0803e+08 9.0767e+08  0.04%  30.6  178s
 30675 18568 9.0780e+08   31  282 9.0803e+08 9.0767e+08  0.04%  30.6  179s
 30676 18569 9.0800e+08   55  280 9.0803e+08 9.0767e+08  0.04%  30.6  180s
 30678 18570 9.0784e+08   63  281 9.0803e+08 9.0767e+08  0.04%  30.6  181s
 30679 18571 9.0788e+08   32  277 9.0803e+08 9.0767e+08  0.04%  30.6  182s
 30681 18572 9.0792e+08   51  279 9.0803e+08 9.0767e+08  0.04%  30.6  183s
 30683 18573 9.0773e+08   48  278 9.0803e+08 9.0767e+08  0.04%  30.6  184s
 30685 18575 9.0780e+08   61  280 9.0803e+08 9.0767e+08  0.04%  30.6  185s
 30687 18576 9.0799e+08   50  279 9.0803e+08 9.0767e+08  0.04%  30.6  186s
 30688 18577 9.0801e+08   58  278 9.0803e+08 9.0767e+08  0.04%  30.6  187s
 30690 18578 9.0788e+08   27  281 9.0803e+08 9.0767e+08  0.04%  30.6  188s
 30692 18579 9.0783e+08   40  279 9.0803e+08 9.0767e+08  0.04%  30.6  189s
 30693 18580 9.0781e+08   52  279 9.0803e+08 9.0767e+08  0.04%  30.6  190s
 30695 18581 9.0784e+08   54  283 9.0803e+08 9.0767e+08  0.04%  30.6  191s
 30697 18583 9.0783e+08   34  277 9.0803e+08 9.0767e+08  0.04%  30.6  192s
 30699 18584 9.0781e+08   65  274 9.0803e+08 9.0767e+08  0.04%  30.6  193s
 30701 18585 9.0801e+08   47  276 9.0803e+08 9.0767e+08  0.04%  30.6  194s
 30702 18586 9.0772e+08   15  277 9.0803e+08 9.0767e+08  0.04%  30.6  195s
 30704 18587 9.0795e+08   57  285 9.0803e+08 9.0767e+08  0.04%  30.6  196s
 30705 18588 9.0775e+08   32  287 9.0803e+08 9.0767e+08  0.04%  30.6  197s
 30710 18591 9.0801e+08   58  281 9.0803e+08 9.0767e+08  0.04%  30.6  198s
 30715 18595 9.0789e+08   64  280 9.0803e+08 9.0767e+08  0.04%  30.6  199s
 30721 18599 9.0787e+08   31  279 9.0803e+08 9.0767e+08  0.04%  30.5  201s
 30725 18601 9.0792e+08   41  282 9.0803e+08 9.0767e+08  0.04%  30.5  204s
 30726 18602 9.0768e+08   32  282 9.0803e+08 9.0767e+08  0.04%  30.5  206s
 30729 18609 9.0779e+08   22  264 9.0803e+08 9.0767e+08  0.04%  31.5  207s
 30733 18616 9.0785e+08   23  266 9.0803e+08 9.0767e+08  0.04%  31.5  208s
 30757 18630 9.0786e+08   25  284 9.0803e+08 9.0767e+08  0.04%  31.9  209s
 30765 18634 9.0787e+08   26  284 9.0803e+08 9.0767e+08  0.04%  31.9  210s
 30789 18644 9.0799e+08   27  273 9.0803e+08 9.0767e+08  0.04%  32.1  212s
 30797 18647 9.0787e+08   28  274 9.0803e+08 9.0767e+08  0.04%  32.1  213s
 30816 18653 9.0801e+08   29  273 9.0803e+08 9.0767e+08  0.04%  32.2  214s
 30837 18656 9.0791e+08   30  267 9.0803e+08 9.0767e+08  0.04%  32.3  216s
 30845 18665 9.0788e+08   31  272 9.0803e+08 9.0767e+08  0.04%  32.4  217s
 30874 18676 9.0794e+08   33  261 9.0803e+08 9.0767e+08  0.04%  32.5  218s
 30901 18691 9.0795e+08   35  264 9.0803e+08 9.0767e+08  0.04%  32.6  219s
 30938 18698 9.0797e+08   38  257 9.0803e+08 9.0767e+08  0.04%  32.8  220s
 30967 18704     cutoff   41      9.0803e+08 9.0767e+08  0.04%  32.9  221s
 30986 18717 9.0798e+08   43  249 9.0803e+08 9.0767e+08  0.04%  33.0  222s
 31041 18736 9.0798e+08   46  234 9.0803e+08 9.0767e+08  0.04%  33.2  223s
 31066 18752 9.0798e+08   50  231 9.0803e+08 9.0767e+08  0.04%  33.4  224s
 31103 18765 9.0801e+08   52  240 9.0803e+08 9.0767e+08  0.04%  33.5  226s
 31146 18778 9.0803e+08   54  142 9.0803e+08 9.0767e+08  0.04%  33.7  228s
 31188 18774 9.0767e+08   26  296 9.0803e+08 9.0767e+08  0.04%  33.9  229s
H31196 17837                    9.080329e+08 9.0767e+08  0.04%  33.9  229s
 31201 17873 9.0767e+08   27  289 9.0803e+08 9.0767e+08  0.04%  34.0  231s
 31247 17901 9.0767e+08   33  262 9.0803e+08 9.0767e+08  0.04%  34.2  232s
 31310 17928 9.0769e+08   40  264 9.0803e+08 9.0767e+08  0.04%  34.5  234s
 31379 17956 9.0771e+08   46  259 9.0803e+08 9.0767e+08  0.04%  34.7  236s
 31468 17968 9.0774e+08   53  233 9.0803e+08 9.0767e+08  0.04%  34.8  237s
 31577 18052 9.0780e+08   61  226 9.0803e+08 9.0767e+08  0.04%  35.0  240s
 31776 18163 9.0790e+08   77  207 9.0803e+08 9.0767e+08  0.04%  35.4  242s
 32010 18289 9.0801e+08   94  218 9.0803e+08 9.0767e+08  0.04%  36.1  243s
 32262 18304 9.0767e+08   37  271 9.0803e+08 9.0767e+08  0.04%  36.7  246s
 32398 18464 9.0777e+08   53  243 9.0803e+08 9.0767e+08  0.04%  37.1  247s
 32700 18538 9.0784e+08   65  234 9.0803e+08 9.0767e+08  0.04%  37.7  249s
 32905 18645 9.0795e+08   87  207 9.0803e+08 9.0767e+08  0.04%  38.5  251s
 33139 18814 9.0781e+08   31  278 9.0803e+08 9.0767e+08  0.04%  39.1  253s
 33604 18932 9.0785e+08   41  243 9.0803e+08 9.0767e+08  0.04%  39.9  256s
 34042 19011     cutoff   53      9.0803e+08 9.0767e+08  0.04%  40.8  260s
 34336 19372 9.0789e+08   54  249 9.0803e+08 9.0767e+08  0.04%  41.5  263s
 34931 19583 9.0783e+08   51  206 9.0803e+08 9.0767e+08  0.04%  42.7  269s
 35489 20176 9.0769e+08   27  245 9.0803e+08 9.0767e+08  0.04%  43.8  273s
 36493 20425 9.0776e+08   40  254 9.0803e+08 9.0767e+08  0.04%  45.4  279s
 37242 20831 9.0791e+08   75  208 9.0803e+08 9.0768e+08  0.04%  46.7  283s
 38066 21140 9.0785e+08   63  245 9.0803e+08 9.0768e+08  0.04%  48.3  289s
 38910 21516 9.0798e+08   41  260 9.0803e+08 9.0769e+08  0.04%  49.9  294s
 39807 21986 9.0791e+08   44  229 9.0803e+08 9.0769e+08  0.04%  51.4  299s
 40834 22083 9.0792e+08   64  213 9.0803e+08 9.0770e+08  0.04%  52.7  305s
 41427 22535 9.0786e+08   54  218 9.0803e+08 9.0770e+08  0.04%  53.7  311s
 42353 22911 9.0785e+08   39  246 9.0803e+08 9.0771e+08  0.04%  55.2  318s
 43553 23200     cutoff   66      9.0803e+08 9.0771e+08  0.04%  56.4  326s
 44718 23723 9.0784e+08   52  226 9.0803e+08 9.0771e+08  0.04%  57.6  332s
 45912 24004 9.0797e+08   78  220 9.0803e+08 9.0772e+08  0.03%  58.9  339s
 46932 24478 9.0786e+08   41  250 9.0803e+08 9.0772e+08  0.03%  60.1  348s
 48207 24914 9.0782e+08   49  226 9.0803e+08 9.0773e+08  0.03%  61.4  355s
 49463 25392 9.0781e+08   27  258 9.0803e+08 9.0773e+08  0.03%  62.6  362s
 50706 25756 9.0789e+08   53  253 9.0803e+08 9.0773e+08  0.03%  63.9  370s
 51980 25336 9.0800e+08   57  226 9.0803e+08 9.0774e+08  0.03%  64.9  402s
H51985 23913                    9.080199e+08 9.0774e+08  0.03%  64.9  402s
 51988 24535 9.0800e+08   58  218 9.0802e+08 9.0774e+08  0.03%  64.9  411s
 53001 24898 9.0793e+08   43  241 9.0802e+08 9.0774e+08  0.03%  65.8  419s
 54110 25212 9.0778e+08   37  245 9.0802e+08 9.0774e+08  0.03%  66.9  428s
 55357 25650 9.0791e+08   67  230 9.0802e+08 9.0774e+08  0.03%  68.1  437s
 56694 25835 9.0800e+08   61  256 9.0802e+08 9.0775e+08  0.03%  69.2  446s
H57676 24464                    9.080167e+08 9.0775e+08  0.03%  69.9  446s
 57815 25095 9.0796e+08   59  233 9.0802e+08 9.0775e+08  0.03%  70.0  454s
 58895 25392     cutoff   70      9.0802e+08 9.0775e+08  0.03%  70.8  461s
 60088 25860 9.0791e+08   64  235 9.0802e+08 9.0775e+08  0.03%  71.9  468s
 61395 26306 9.0780e+08   44  248 9.0802e+08 9.0775e+08  0.03%  72.8  479s
 63023 26333 9.0787e+08   58  238 9.0802e+08 9.0775e+08  0.03%  73.8  488s
 63901 27024 9.0785e+08   67  230 9.0802e+08 9.0776e+08  0.03%  74.3  497s
 65391 27048     cutoff   59      9.0802e+08 9.0776e+08  0.03%  75.0  504s
 66418 27475 9.0786e+08   58  235 9.0802e+08 9.0776e+08  0.03%  75.7  511s
 67668 27775 9.0790e+08   55  253 9.0802e+08 9.0776e+08  0.03%  76.5  518s
 68999 28121 9.0783e+08   33  278 9.0802e+08 9.0776e+08  0.03%  77.2  525s
 70238 28451     cutoff   48      9.0802e+08 9.0776e+08  0.03%  77.9  535s
 71455 28737 9.0792e+08   60  236 9.0802e+08 9.0777e+08  0.03%  78.6  548s
 72619 29020 9.0789e+08   55  243 9.0802e+08 9.0777e+08  0.03%  79.3  558s
 73807 29496 9.0791e+08   39  268 9.0802e+08 9.0777e+08  0.03%  79.9  566s
 75192 29651 9.0793e+08   63  203 9.0802e+08 9.0777e+08  0.03%  80.3  573s
 76251 30138 9.0797e+08   62  209 9.0802e+08 9.0777e+08  0.03%  80.7  582s
 77688 30334 9.0797e+08   38  248 9.0802e+08 9.0777e+08  0.03%  81.4  589s
 78860 30749 9.0786e+08   45  251 9.0802e+08 9.0777e+08  0.03%  81.8  597s
 80117 31332 9.0800e+08   77  227 9.0802e+08 9.0778e+08  0.03%  82.4  604s
 81214 32082 9.0802e+08   61  249 9.0802e+08 9.0778e+08  0.03%  82.7  611s
 82495 32752 9.0796e+08   40  264 9.0802e+08 9.0778e+08  0.03%  83.2  618s
 83742 33437 9.0793e+08   48  265 9.0802e+08 9.0778e+08  0.03%  83.6  625s
 84985 34127 9.0782e+08   44  246 9.0802e+08 9.0778e+08  0.03%  84.1  632s
 86257 34872 9.0796e+08   52  228 9.0802e+08 9.0778e+08  0.03%  84.5  640s
 87605 35539 9.0781e+08   53  248 9.0802e+08 9.0778e+08  0.03%  84.8  647s
 88787 36248 9.0796e+08   64  246 9.0802e+08 9.0778e+08  0.03%  85.1  654s
 90094 37014 9.0796e+08   43  259 9.0802e+08 9.0778e+08  0.03%  85.5  660s
 91327 37888 9.0796e+08   64  249 9.0802e+08 9.0779e+08  0.03%  85.8  668s
 92835 38408 9.0789e+08   53  232 9.0802e+08 9.0779e+08  0.03%  86.2  675s
 93939 39172 9.0788e+08   61  244 9.0802e+08 9.0779e+08  0.03%  86.5  682s
 95251 39847 9.0801e+08   41  241 9.0802e+08 9.0779e+08  0.03%  86.8  689s
 96424 40463 9.0798e+08   66  210 9.0802e+08 9.0779e+08  0.03%  87.0  696s
 97550 41097 9.0796e+08   64  251 9.0802e+08 9.0779e+08  0.02%  87.3  703s
 98717 41762 9.0794e+08   61  218 9.0802e+08 9.0779e+08  0.02%  87.6  711s
 99477 41762 9.0801e+08   64  237 9.0802e+08 9.0779e+08  0.02%  87.8  712s
 99905 42485 9.0794e+08   93  201 9.0802e+08 9.0779e+08  0.02%  87.9  718s
 101175 43073 9.0790e+08   34  294 9.0802e+08 9.0779e+08  0.02%  88.1  725s
 102100 43858 9.0798e+08   97  187 9.0802e+08 9.0779e+08  0.02%  88.3  731s
 103410 44376 9.0793e+08   57  239 9.0802e+08 9.0779e+08  0.02%  88.5  737s
 104742 44975 9.0784e+08   46  263 9.0802e+08 9.0779e+08  0.02%  88.7  745s
 105911 45662 9.0796e+08   47  275 9.0802e+08 9.0780e+08  0.02%  88.9  752s
 107412 46351 9.0801e+08   60  226 9.0802e+08 9.0780e+08  0.02%  89.1  759s
 108596 47033 9.0792e+08   68  230 9.0802e+08 9.0780e+08  0.02%  89.3  765s
 109708 47554 9.0799e+08   88  214 9.0802e+08 9.0780e+08  0.02%  89.6  771s
H110811 48127                    9.080167e+08 9.0780e+08  0.02%  89.9  778s
 111761 48829 9.0785e+08   53  246 9.0802e+08 9.0780e+08  0.02%  90.0  784s
 112964 49535 9.0781e+08   41  283 9.0802e+08 9.0780e+08  0.02%  90.3  791s
 114123 50122 9.0789e+08   39  264 9.0802e+08 9.0780e+08  0.02%  90.5  799s
 115163 50701 9.0800e+08   49  248 9.0802e+08 9.0780e+08  0.02%  90.7  806s
 116426 51466 9.0787e+08   47  267 9.0802e+08 9.0780e+08  0.02%  90.9  812s
 117696 52203 9.0801e+08   72  220 9.0802e+08 9.0780e+08  0.02%  91.1  820s
 118996 52860 9.0800e+08   66  233 9.0802e+08 9.0780e+08  0.02%  91.3  828s
 120187 53644 9.0790e+08   49  253 9.0802e+08 9.0780e+08  0.02%  91.6  835s
 121414 54409 9.0801e+08   93  217 9.0802e+08 9.0780e+08  0.02%  91.8  843s
 122762 55041 9.0794e+08   60  243 9.0802e+08 9.0780e+08  0.02%  92.0  850s
 123997 55638     cutoff   65      9.0802e+08 9.0781e+08  0.02%  92.2  857s
 125160 56108 9.0789e+08   52  260 9.0802e+08 9.0781e+08  0.02%  92.4  864s
 126097 56615     cutoff   59      9.0802e+08 9.0781e+08  0.02%  92.6  872s
 127085 57261 9.0801e+08   46  243 9.0802e+08 9.0781e+08  0.02%  92.8  879s
 128316 58022 9.0789e+08   54  253 9.0802e+08 9.0781e+08  0.02%  93.1  886s
 129680 58743 9.0785e+08   47  252 9.0802e+08 9.0781e+08  0.02%  93.2  894s
 131021 59432 9.0785e+08   50  267 9.0802e+08 9.0781e+08  0.02%  93.4  900s
 132351 60077 9.0786e+08   54  222 9.0802e+08 9.0781e+08  0.02%  93.5  908s
 133669 60654 9.0801e+08   41  263 9.0802e+08 9.0781e+08  0.02%  93.6  915s
 134858 61433 9.0796e+08   61  240 9.0802e+08 9.0781e+08  0.02%  93.8  921s
 136205 62162 9.0800e+08   52  253 9.0802e+08 9.0781e+08  0.02%  93.9  929s
 137478 62884     cutoff   42      9.0802e+08 9.0781e+08  0.02%  94.0  937s
 138847 63503 9.0797e+08   66  211 9.0802e+08 9.0781e+08  0.02%  94.1  943s
 140114 64032 9.0799e+08   53  235 9.0802e+08 9.0781e+08  0.02%  94.3  950s
 141212 64613 9.0786e+08   58  258 9.0802e+08 9.0781e+08  0.02%  94.5  958s
 142343 65378 9.0799e+08   45  253 9.0802e+08 9.0781e+08  0.02%  94.6  964s
 143638 66126 9.0785e+08   59  219 9.0802e+08 9.0781e+08  0.02%  94.6  972s
 144891 66784 9.0787e+08   48  263 9.0802e+08 9.0781e+08  0.02%  94.8  978s
 146085 67401     cutoff   66      9.0802e+08 9.0781e+08  0.02%  94.9  985s
 147319 67885 9.0793e+08   55  279 9.0802e+08 9.0781e+08  0.02%  95.1  993s
 148328 68570 9.0788e+08   58  222 9.0802e+08 9.0782e+08  0.02%  95.1  999s
 149525 69193 9.0801e+08   41  279 9.0802e+08 9.0782e+08  0.02%  95.3 1005s
 150731 69896 9.0796e+08   59  239 9.0802e+08 9.0782e+08  0.02%  95.4 1013s
 152073 70578     cutoff   53      9.0802e+08 9.0782e+08  0.02%  95.5 1019s
 153333 71130 9.0801e+08   77  206 9.0802e+08 9.0782e+08  0.02%  95.7 1026s
 154532 71762 9.0792e+08   49  252 9.0802e+08 9.0782e+08  0.02%  95.8 1034s
 155761 72502 9.0789e+08   63  218 9.0802e+08 9.0782e+08  0.02%  95.9 1041s
 157034 73152 9.0791e+08   52  238 9.0802e+08 9.0782e+08  0.02%  96.0 1047s
 158306 73676 9.0783e+08   55  253 9.0802e+08 9.0782e+08  0.02%  96.1 1054s
 159369 74336 9.0801e+08   54  223 9.0802e+08 9.0782e+08  0.02%  96.2 1061s
 160685 74987 9.0787e+08   60  250 9.0802e+08 9.0782e+08  0.02%  96.2 1068s
 161829 75616 9.0785e+08   35  258 9.0802e+08 9.0782e+08  0.02%  96.4 1075s
 163116 76283     cutoff   58      9.0802e+08 9.0782e+08  0.02%  96.5 1083s
 164308 76971 9.0795e+08   42  249 9.0802e+08 9.0782e+08  0.02%  96.6 1090s
 165557 77557 9.0797e+08   64  193 9.0802e+08 9.0782e+08  0.02%  96.7 1097s
 166852 78177     cutoff   61      9.0802e+08 9.0782e+08  0.02%  96.8 1104s
 168112 78903 9.0785e+08   40  248 9.0802e+08 9.0782e+08  0.02%  97.0 1110s
 169371 79525 9.0795e+08   69  226 9.0802e+08 9.0782e+08  0.02%  97.1 1116s
 170562 80280 9.0787e+08   62  235 9.0802e+08 9.0782e+08  0.02%  97.2 1124s
 171800 80822 9.0796e+08   48  241 9.0802e+08 9.0782e+08  0.02%  97.3 1131s
 172960 81276 9.0785e+08   56  244 9.0802e+08 9.0782e+08  0.02%  97.4 1139s
 173843 81922 9.0789e+08   56  213 9.0802e+08 9.0782e+08  0.02%  97.5 1147s
 174936 82558 9.0799e+08   77  202 9.0802e+08 9.0782e+08  0.02%  97.6 1155s
 176207 83320 9.0801e+08   67  223 9.0802e+08 9.0782e+08  0.02%  97.7 1163s
 177559 84033 9.0793e+08   69  248 9.0802e+08 9.0782e+08  0.02%  97.8 1169s
 178946 84741 9.0801e+08   45  258 9.0802e+08 9.0782e+08  0.02%  97.8 1176s
 180248 85459 9.0789e+08   40  269 9.0802e+08 9.0782e+08  0.02%  97.9 1183s
 181599 85932     cutoff   48      9.0802e+08 9.0783e+08  0.02%  98.0 1191s
 182573 86718     cutoff   60      9.0802e+08 9.0783e+08  0.02%  98.0 1197s
 183984 87396 9.0783e+08   51  231 9.0802e+08 9.0783e+08  0.02%  98.1 1204s
 185240 88007 9.0798e+08  101  194 9.0802e+08 9.0783e+08  0.02%  98.2 1210s
 186367 88673 9.0788e+08   57  270 9.0802e+08 9.0783e+08  0.02%  98.3 1218s
 187666 89272     cutoff   76      9.0802e+08 9.0783e+08  0.02%  98.4 1225s
 188956 89979 9.0795e+08   66  224 9.0802e+08 9.0783e+08  0.02%  98.4 1232s
 190224 90562 9.0784e+08   47  268 9.0802e+08 9.0783e+08  0.02%  98.5 1241s
 191462 91272 9.0789e+08   62  247 9.0802e+08 9.0783e+08  0.02%  98.6 1248s
 192723 91962 9.0801e+08   70  237 9.0802e+08 9.0783e+08  0.02%  98.7 1255s
 194029 92612 9.0789e+08   46  255 9.0802e+08 9.0783e+08  0.02%  98.7 1261s
 195150 93320     cutoff   63      9.0802e+08 9.0783e+08  0.02%  98.9 1268s
 196458 94005 9.0790e+08   57  235 9.0802e+08 9.0783e+08  0.02%  99.0 1273s
 197644 94659 9.0800e+08   76  234 9.0802e+08 9.0783e+08  0.02%  99.1 1280s
 198956 95229 9.0792e+08   62  247 9.0802e+08 9.0783e+08  0.02%  99.2 1285s
 200090 95803 9.0787e+08   63  250 9.0802e+08 9.0783e+08  0.02%  99.3 1292s
 201174 96561 9.0789e+08   42  244 9.0802e+08 9.0783e+08  0.02%  99.4 1300s
 202501 97230 9.0784e+08   55  247 9.0802e+08 9.0783e+08  0.02%  99.5 1307s
 203708 97868 9.0785e+08   48  244 9.0802e+08 9.0783e+08  0.02%   100 1315s
 204872 98506 9.0785e+08   54  238 9.0802e+08 9.0783e+08  0.02%   100 1323s
 206212 99088     cutoff   44      9.0802e+08 9.0783e+08  0.02%   100 1332s
 207359 99680 9.0791e+08   52  277 9.0802e+08 9.0783e+08  0.02%   100 1339s
 208399 100262 9.0801e+08   34  278 9.0802e+08 9.0783e+08  0.02%   100 1347s
 209673 100901 9.0795e+08   60  205 9.0802e+08 9.0783e+08  0.02%   100 1353s
 211014 101505     cutoff   75      9.0802e+08 9.0783e+08  0.02%   100 1359s
 212242 101987 9.0799e+08   71  215 9.0802e+08 9.0783e+08  0.02%   100 1366s
 213391 102696 9.0789e+08   46  237 9.0802e+08 9.0783e+08  0.02%   100 1372s
 214636 103250 9.0794e+08   52  256 9.0802e+08 9.0783e+08  0.02%   100 1379s
 215797 103804 9.0796e+08   61  260 9.0802e+08 9.0783e+08  0.02%   100 1387s
 216895 104317     cutoff   64      9.0802e+08 9.0783e+08  0.02%   100 1394s
 217924 104979 9.0788e+08   54  259 9.0802e+08 9.0783e+08  0.02%   100 1402s
 219199 105557 9.0798e+08   41  230 9.0802e+08 9.0783e+08  0.02%   100 1409s
 220308 106215 9.0793e+08   64  223 9.0802e+08 9.0783e+08  0.02%   101 1417s
 221591 106781 9.0801e+08   68  218 9.0802e+08 9.0783e+08  0.02%   101 1425s
 222769 107390 9.0801e+08   67  221 9.0802e+08 9.0784e+08  0.02%   101 1433s
 223942 108133 9.0792e+08   56  270 9.0802e+08 9.0784e+08  0.02%   101 1440s
 225169 108773 9.0787e+08   58  232 9.0802e+08 9.0784e+08  0.02%   101 1449s
 226386 109297 9.0801e+08   47  238 9.0802e+08 9.0784e+08  0.02%   101 1456s
 227327 110024     cutoff   80      9.0802e+08 9.0784e+08  0.02%   101 1465s
 228933 110771 9.0795e+08   67  198 9.0802e+08 9.0784e+08  0.02%   101 1472s
 230314 111424 9.0787e+08   63  245 9.0802e+08 9.0784e+08  0.02%   101 1479s
 231573 112129     cutoff   34      9.0802e+08 9.0784e+08  0.02%   101 1486s
 232866 112838 9.0795e+08   70  228 9.0802e+08 9.0784e+08  0.02%   101 1493s
 234118 113567 9.0800e+08   69  228 9.0802e+08 9.0784e+08  0.02%   101 1501s
 235459 114234 9.0790e+08   64  226 9.0802e+08 9.0784e+08  0.02%   101 1509s
 236635 114818 9.0792e+08   65  242 9.0802e+08 9.0784e+08  0.02%   101 1516s
 237900 114969 9.0801e+08   78  206 9.0802e+08 9.0784e+08  0.02%   101 1529s
 238269 115652 9.0794e+08   58  238 9.0802e+08 9.0784e+08  0.02%   101 1536s
 239592 116353 9.0794e+08   62  241 9.0802e+08 9.0784e+08  0.02%   101 1544s
 240933 117055 9.0787e+08   65  214 9.0802e+08 9.0784e+08  0.02%   102 1553s
 242325 117563 9.0801e+08   58  263 9.0802e+08 9.0784e+08  0.02%   102 1559s
 243411 118063 9.0788e+08   40  269 9.0802e+08 9.0784e+08  0.02%   102 1566s
 244409 118711 9.0801e+08   63  201 9.0802e+08 9.0784e+08  0.02%   102 1574s
 245711 119296 9.0791e+08   48  260 9.0802e+08 9.0784e+08  0.02%   102 1582s
 246941 119975 9.0798e+08   53  263 9.0802e+08 9.0784e+08  0.02%   102 1589s
 248186 120589     cutoff   48      9.0802e+08 9.0784e+08  0.02%   102 1595s
 249321 121290 9.0800e+08   82  195 9.0802e+08 9.0784e+08  0.02%   102 1602s
 250554 121830 9.0799e+08   58  199 9.0802e+08 9.0784e+08  0.02%   102 1609s
 251734 122458 9.0799e+08   61  256 9.0802e+08 9.0784e+08  0.02%   102 1616s
 253060 123030 9.0798e+08   72  196 9.0802e+08 9.0784e+08  0.02%   102 1623s
 254277 123703 9.0790e+08   58  240 9.0802e+08 9.0784e+08  0.02%   102 1632s
 255539 124292 9.0796e+08   69  234 9.0802e+08 9.0784e+08  0.02%   102 1640s
 256738 124946 9.0800e+08   79  197 9.0802e+08 9.0784e+08  0.02%   102 1648s
 258042 125618 9.0791e+08   45  269 9.0802e+08 9.0784e+08  0.02%   102 1656s
 259376 126238 9.0793e+08   37  265 9.0802e+08 9.0784e+08  0.02%   102 1665s
 260526 126807 9.0793e+08   77  225 9.0802e+08 9.0784e+08  0.02%   102 1673s
 261874 127496 9.0800e+08   66  216 9.0802e+08 9.0784e+08  0.02%   103 1680s
 263134 128107 9.0797e+08   58  244 9.0802e+08 9.0784e+08  0.02%   103 1688s
 264376 128751 9.0789e+08   53  243 9.0802e+08 9.0784e+08  0.02%   103 1697s
 265576 129418 9.0798e+08   72  216 9.0802e+08 9.0784e+08  0.02%   103 1705s
 266940 130080 9.0798e+08   78  244 9.0802e+08 9.0784e+08  0.02%   103 1712s
 268158 130671 9.0792e+08   43  255 9.0802e+08 9.0784e+08  0.02%   103 1720s
 269325 131330 9.0797e+08   62  246 9.0802e+08 9.0784e+08  0.02%   103 1727s
 270533 131882     cutoff   46      9.0802e+08 9.0784e+08  0.02%   103 1735s
 271816 132536 9.0790e+08   65  232 9.0802e+08 9.0784e+08  0.02%   103 1742s
 273055 133090 9.0797e+08   54  228 9.0802e+08 9.0784e+08  0.02%   103 1749s
 274165 133708 9.0793e+08   55  225 9.0802e+08 9.0784e+08  0.02%   103 1757s
 275476 134361     cutoff   57      9.0802e+08 9.0784e+08  0.02%   103 1764s
 276740 134983 9.0794e+08   71  220 9.0802e+08 9.0784e+08  0.02%   103 1772s
 278014 135565 9.0801e+08   62  246 9.0802e+08 9.0785e+08  0.02%   103 1779s
 279229 136252 9.0791e+08   57  249 9.0802e+08 9.0785e+08  0.02%   103 1786s
 280441 136760 9.0797e+08   71  241 9.0802e+08 9.0785e+08  0.02%   103 1794s
 281515 136765     cutoff   69      9.0802e+08 9.0785e+08  0.02%   103 1827s
 281526 137373     cutoff   69      9.0802e+08 9.0785e+08  0.02%   103 1835s
 282710 138137 9.0795e+08   63  233 9.0802e+08 9.0785e+08  0.02%   103 1842s
 284033 138771 9.0797e+08   62  233 9.0802e+08 9.0785e+08  0.02%   103 1849s
 285157 139438 9.0797e+08   72  215 9.0802e+08 9.0785e+08  0.02%   103 1857s
 286521 140072 9.0800e+08   88  172 9.0802e+08 9.0785e+08  0.02%   103 1865s
 287654 140631 9.0794e+08   66  221 9.0802e+08 9.0785e+08  0.02%   103 1873s
 288879 141319 9.0800e+08   70  217 9.0802e+08 9.0785e+08  0.02%   103 1881s
 290157 141945 9.0789e+08   54  271 9.0802e+08 9.0785e+08  0.02%   103 1888s
 291411 142516 9.0794e+08   67  230 9.0802e+08 9.0785e+08  0.02%   104 1896s
 292582 143026     cutoff   50      9.0802e+08 9.0785e+08  0.02%   104 1904s
 293665 143583 9.0788e+08   58  252 9.0802e+08 9.0785e+08  0.02%   104 1911s
 294805 144203 9.0797e+08   69  210 9.0802e+08 9.0785e+08  0.02%   104 1918s
 296024 144742 9.0792e+08   68  232 9.0802e+08 9.0785e+08  0.02%   104 1927s
 297177 145369 9.0799e+08   64  223 9.0802e+08 9.0785e+08  0.02%   104 1934s
 298400 146101 9.0797e+08   53  251 9.0802e+08 9.0785e+08  0.02%   104 1940s
 299712 146785     cutoff   54      9.0802e+08 9.0785e+08  0.02%   104 1947s
 301082 147244 9.0799e+08   57  243 9.0802e+08 9.0785e+08  0.02%   104 1959s
 302142 147884 9.0792e+08   73  248 9.0802e+08 9.0785e+08  0.02%   104 1970s
 303466 148494 9.0800e+08   62  232 9.0802e+08 9.0785e+08  0.02%   104 1977s
 304718 149163     cutoff   53      9.0802e+08 9.0785e+08  0.02%   104 1983s
 305937 149705     cutoff   59      9.0802e+08 9.0785e+08  0.02%   104 1990s
 307073 150321 9.0800e+08   76  249 9.0802e+08 9.0785e+08  0.02%   104 1996s
 308283 150882 9.0798e+08   74  195 9.0802e+08 9.0785e+08  0.02%   104 2003s
 309497 151382 9.0798e+08   75  214 9.0802e+08 9.0785e+08  0.02%   104 2011s
 310425 152059 9.0787e+08   66  262 9.0802e+08 9.0785e+08  0.02%   104 2019s
 311658 152653 9.0795e+08   58  216 9.0802e+08 9.0785e+08  0.02%   104 2027s
 312907 153235     cutoff   63      9.0802e+08 9.0785e+08  0.02%   104 2035s
 314097 153882 9.0791e+08   56  249 9.0802e+08 9.0785e+08  0.02%   104 2045s
 315343 154581     cutoff   29      9.0802e+08 9.0785e+08  0.02%   104 2052s
 316629 155173 9.0797e+08   66  225 9.0802e+08 9.0785e+08  0.02%   104 2059s
 317703 155805     cutoff   68      9.0802e+08 9.0785e+08  0.02%   104 2066s
 319013 156491 9.0796e+08   66  230 9.0802e+08 9.0785e+08  0.02%   104 2073s
 320383 157115 9.0799e+08   59  223 9.0802e+08 9.0785e+08  0.02%   104 2079s
 321737 157750 9.0801e+08   76  226 9.0802e+08 9.0785e+08  0.02%   104 2086s
 323015 157758 9.0801e+08   82  215 9.0802e+08 9.0785e+08  0.02%   104 2117s
 323023 158246 9.0800e+08   83  220 9.0802e+08 9.0785e+08  0.02%   104 2124s
 324054 158848 9.0796e+08   61  243 9.0802e+08 9.0785e+08  0.02%   104 2130s
 325203 159333 9.0801e+08   50  229 9.0802e+08 9.0785e+08  0.02%   104 2137s
 326458 159979 9.0800e+08   58  259 9.0802e+08 9.0785e+08  0.02%   104 2143s
 327662 160582     cutoff   66      9.0802e+08 9.0785e+08  0.02%   105 2150s
 328855 161128 9.0796e+08   62  265 9.0802e+08 9.0785e+08  0.02%   105 2159s
 330059 161836 9.0789e+08   63  277 9.0802e+08 9.0785e+08  0.02%   105 2166s
 331470 162447 9.0790e+08   50  242 9.0802e+08 9.0785e+08  0.02%   105 2173s
 332683 162995 9.0795e+08   77  226 9.0802e+08 9.0785e+08  0.02%   105 2179s
 333857 163503 9.0794e+08   70  251 9.0802e+08 9.0785e+08  0.02%   105 2185s
 334958 164199 9.0787e+08   66  246 9.0802e+08 9.0785e+08  0.02%   105 2192s
 336121 164789 9.0794e+08   57  254 9.0802e+08 9.0785e+08  0.02%   105 2199s
 337382 165322 9.0793e+08   62  223 9.0802e+08 9.0785e+08  0.02%   105 2205s
 338672 165810 9.0797e+08   36  271 9.0802e+08 9.0785e+08  0.02%   105 2212s
 339740 166420 9.0794e+08   67  234 9.0802e+08 9.0785e+08  0.02%   105 2221s
 340957 167031     cutoff   64      9.0802e+08 9.0785e+08  0.02%   105 2228s
 342181 167614     cutoff   74      9.0802e+08 9.0785e+08  0.02%   105 2236s
 343459 168196 9.0799e+08   57  238 9.0802e+08 9.0785e+08  0.02%   105 2242s
 344664 168781 9.0787e+08   62  239 9.0802e+08 9.0785e+08  0.02%   105 2249s
 345832 169391 9.0790e+08   61  247 9.0802e+08 9.0785e+08  0.02%   105 2257s
 347170 170077 9.0801e+08   78  238 9.0802e+08 9.0785e+08  0.02%   105 2263s
 348494 170713 9.0793e+08   66  224 9.0802e+08 9.0785e+08  0.02%   105 2270s
 349739 171362 9.0790e+08   47  273 9.0802e+08 9.0785e+08  0.02%   105 2276s
 351023 172043 9.0801e+08   49  245 9.0802e+08 9.0786e+08  0.02%   105 2283s
 352363 172700 9.0798e+08   85  210 9.0802e+08 9.0786e+08  0.02%   105 2291s
 353607 173271 9.0796e+08   53  235 9.0802e+08 9.0786e+08  0.02%   105 2298s
 354653 173864 9.0794e+08   64  197 9.0802e+08 9.0786e+08  0.02%   105 2305s
 356000 174103 9.0795e+08   51  250 9.0802e+08 9.0786e+08  0.02%   105 2318s
 356432 174682 9.0788e+08   58  256 9.0802e+08 9.0786e+08  0.02%   105 2325s
 357674 175316 9.0786e+08   48  283 9.0802e+08 9.0786e+08  0.02%   105 2333s
 358948 175973 9.0790e+08   59  263 9.0802e+08 9.0786e+08  0.02%   105 2340s
 360210 176528     cutoff   73      9.0802e+08 9.0786e+08  0.02%   105 2348s
 361461 177211 9.0799e+08   79  241 9.0802e+08 9.0786e+08  0.02%   105 2355s
 362768 177739 9.0799e+08   57  222 9.0802e+08 9.0786e+08  0.02%   105 2362s
 363982 178341 9.0793e+08   62  221 9.0802e+08 9.0786e+08  0.02%   105 2369s
 365263 178848 9.0796e+08   62  234 9.0802e+08 9.0786e+08  0.02%   105 2376s
 366509 179374 9.0793e+08   38  255 9.0802e+08 9.0786e+08  0.02%   105 2383s
 367703 179817 9.0801e+08   75  249 9.0802e+08 9.0786e+08  0.02%   105 2391s
 368824 180458 9.0801e+08   77  229 9.0802e+08 9.0786e+08  0.02%   105 2397s
 370043 181090 9.0794e+08   61  232 9.0802e+08 9.0786e+08  0.02%   105 2403s
 371402 181599     cutoff   85      9.0802e+08 9.0786e+08  0.02%   105 2410s
 372662 182064 9.0790e+08   55  237 9.0802e+08 9.0786e+08  0.02%   105 2417s
 373725 182603 9.0793e+08   64  227 9.0802e+08 9.0786e+08  0.02%   106 2425s
 374995 183255 9.0798e+08   45  222 9.0802e+08 9.0786e+08  0.02%   106 2433s
 376288 183772 9.0800e+08   45  235 9.0802e+08 9.0786e+08  0.02%   106 2439s
 377520 184491 9.0795e+08   77  227 9.0802e+08 9.0786e+08  0.02%   106 2446s
 378776 185081 9.0798e+08   80  211 9.0802e+08 9.0786e+08  0.02%   106 2453s
 379876 185580 9.0791e+08   58  221 9.0802e+08 9.0786e+08  0.02%   106 2461s
 381188 186112 9.0799e+08   68  225 9.0802e+08 9.0786e+08  0.02%   106 2469s
 382456 186686 9.0796e+08   47  237 9.0802e+08 9.0786e+08  0.02%   106 2475s
 383720 187200 9.0798e+08   74  225 9.0802e+08 9.0786e+08  0.02%   106 2481s
 384849 187742 9.0793e+08   73  215 9.0802e+08 9.0786e+08  0.02%   106 2489s
 386050 188224     cutoff   67      9.0802e+08 9.0786e+08  0.02%   106 2495s
 387257 188810 9.0793e+08   61  260 9.0802e+08 9.0786e+08  0.02%   106 2501s
 388495 189397 9.0797e+08   48  214 9.0802e+08 9.0786e+08  0.02%   106 2508s
 389695 189818 9.0799e+08   79  244 9.0802e+08 9.0786e+08  0.02%   106 2515s
 390861 190569 9.0790e+08   60  256 9.0802e+08 9.0786e+08  0.02%   106 2523s
 392189 191086 9.0801e+08   52  227 9.0802e+08 9.0786e+08  0.02%   106 2530s
 393479 191664 9.0796e+08   39  262 9.0802e+08 9.0786e+08  0.02%   106 2537s
 394842 192273 9.0798e+08   50  244 9.0802e+08 9.0786e+08  0.02%   106 2544s
 396113 192879     cutoff   54      9.0802e+08 9.0786e+08  0.02%   106 2551s
 397323 193483 9.0800e+08   73  250 9.0802e+08 9.0786e+08  0.02%   106 2557s
 398601 194025     cutoff   57      9.0802e+08 9.0786e+08  0.02%   106 2565s
 399873 194619 9.0799e+08   63  253 9.0802e+08 9.0786e+08  0.02%   106 2572s
 401148 195215 9.0799e+08   63  214 9.0802e+08 9.0786e+08  0.02%   106 2579s
 402369 195761 9.0798e+08   79  217 9.0802e+08 9.0786e+08  0.02%   106 2586s
 403555 196307 9.0794e+08   65  232 9.0802e+08 9.0786e+08  0.02%   106 2593s
 404765 196841 9.0799e+08   69  220 9.0802e+08 9.0786e+08  0.02%   106 2600s
 405993 197427 9.0799e+08   56  245 9.0802e+08 9.0786e+08  0.02%   106 2607s
 407317 197828 9.0795e+08   48  264 9.0802e+08 9.0786e+08  0.02%   106 2613s
 407607 197828 9.0792e+08   57  246 9.0802e+08 9.0786e+08  0.02%   106 2614s
 408448 198492 9.0800e+08   43  264 9.0802e+08 9.0786e+08  0.02%   106 2621s
 409727 199029 9.0797e+08   71  249 9.0802e+08 9.0786e+08  0.02%   106 2629s
 410780 199564 9.0800e+08   64  226 9.0802e+08 9.0786e+08  0.02%   106 2636s
 412148 200142 9.0801e+08   54  235 9.0802e+08 9.0786e+08  0.02%   106 2642s
 413409 200729 9.0800e+08   39  259 9.0802e+08 9.0786e+08  0.02%   106 2649s
 414669 201292     cutoff   51      9.0802e+08 9.0786e+08  0.02%   106 2655s
 415907 201885 9.0790e+08   50  252 9.0802e+08 9.0786e+08  0.02%   106 2662s
 417135 202408 9.0792e+08   47  248 9.0802e+08 9.0786e+08  0.02%   106 2670s
 418367 202952 9.0790e+08   71  214 9.0802e+08 9.0786e+08  0.02%   106 2676s
 419582 203537 9.0799e+08   62  250 9.0802e+08 9.0786e+08  0.02%   106 2684s
 420852 204114     cutoff   76      9.0802e+08 9.0786e+08  0.02%   106 2691s
 422152 204700 9.0789e+08   50  234 9.0802e+08 9.0786e+08  0.02%   106 2698s
 423405 205214 9.0789e+08   70  249 9.0802e+08 9.0786e+08  0.02%   106 2705s
 424595 205792     cutoff   79      9.0802e+08 9.0786e+08  0.02%   106 2713s
 425830 206294 9.0799e+08   67  230 9.0802e+08 9.0786e+08  0.02%   106 2720s
 426850 206831 9.0788e+08   67  244 9.0802e+08 9.0786e+08  0.02%   106 2727s
 428026 207374 9.0796e+08   68  229 9.0802e+08 9.0786e+08  0.02%   106 2734s
 429247 208077 9.0792e+08   47  223 9.0802e+08 9.0786e+08  0.02%   106 2741s
 430531 208595 9.0791e+08   48  243 9.0802e+08 9.0786e+08  0.02%   106 2747s
 431775 209200 9.0795e+08   75  211 9.0802e+08 9.0786e+08  0.02%   106 2756s
 433012 209701 9.0800e+08   29  285 9.0802e+08 9.0786e+08  0.02%   106 2764s
 434243 210287 9.0790e+08   48  243 9.0802e+08 9.0786e+08  0.02%   107 2770s
 435547 210750 9.0797e+08   64  226 9.0802e+08 9.0786e+08  0.02%   107 2777s
 436727 211175 9.0799e+08   44  262 9.0802e+08 9.0786e+08  0.02%   107 2784s
 437852 211730 9.0801e+08   62  234 9.0802e+08 9.0786e+08  0.02%   107 2792s
 439271 212256 9.0801e+08   51  255 9.0802e+08 9.0786e+08  0.02%   107 2799s
 440478 212798 9.0795e+08   84  225 9.0802e+08 9.0786e+08  0.02%   107 2806s
 441811 213343     cutoff   47      9.0802e+08 9.0786e+08  0.02%   107 2816s
 442976 213970 9.0788e+08   62  236 9.0802e+08 9.0786e+08  0.02%   107 2824s
 444254 214537 9.0800e+08   75  219 9.0802e+08 9.0786e+08  0.02%   107 2831s
 445455 215062 9.0793e+08   68  219 9.0802e+08 9.0786e+08  0.02%   107 2838s
 446663 215557     cutoff   62      9.0802e+08 9.0786e+08  0.02%   107 2845s
 447853 216085 9.0800e+08   64  251 9.0802e+08 9.0786e+08  0.02%   107 2851s
 448919 216743     cutoff   53      9.0802e+08 9.0786e+08  0.02%   107 2860s
 450232 217357 9.0802e+08  107  138 9.0802e+08 9.0787e+08  0.02%   107 2870s
 451504 217907 9.0797e+08   72  240 9.0802e+08 9.0787e+08  0.02%   107 2877s
 452730 218311 9.0799e+08   67  226 9.0802e+08 9.0787e+08  0.02%   107 2883s
 454082 218865 9.0789e+08   61  253 9.0802e+08 9.0787e+08  0.02%   107 2890s
 455313 219359 9.0797e+08   75  237 9.0802e+08 9.0787e+08  0.02%   107 2896s
 456549 219789 9.0798e+08   50  241 9.0802e+08 9.0787e+08  0.02%   107 2902s
 457604 220243     cutoff   61      9.0802e+08 9.0787e+08  0.02%   107 2908s
 458741 220790 9.0799e+08   81  216 9.0802e+08 9.0787e+08  0.02%   107 2915s
 459964 221295 9.0795e+08   59  243 9.0802e+08 9.0787e+08  0.02%   107 2921s
 461148 221805 9.0796e+08   70  244 9.0802e+08 9.0787e+08  0.02%   107 2928s
 462321 222338 9.0790e+08   46  235 9.0802e+08 9.0787e+08  0.02%   107 2936s
 463540 222847 9.0798e+08   39  267 9.0802e+08 9.0787e+08  0.02%   107 2943s
 464703 223463 9.0798e+08   64  223 9.0802e+08 9.0787e+08  0.02%   107 2952s
 466117 223972 9.0798e+08   79  238 9.0802e+08 9.0787e+08  0.02%   107 2958s
 467310 224462 9.0801e+08   64  224 9.0802e+08 9.0787e+08  0.02%   107 2965s
 468515 224937 9.0797e+08   65  232 9.0802e+08 9.0787e+08  0.02%   107 2972s
 469699 225448 9.0790e+08   45  249 9.0802e+08 9.0787e+08  0.02%   107 2978s

Cutting planes:
  Gomory: 27
  MIR: 541
  Mixing: 17
  Flow cover: 964
  Relax-and-lift: 2

Explored 470722 nodes (50357107 simplex iterations) in 2978.52 seconds (6121.17 work units)
Thread count was 8 (of 8 available processors)

Solution count 10: 9.08017e+08 9.0802e+08 9.08033e+08 ... 9.08416e+08

Solve interrupted
Best objective 9.080166903929e+08, best bound 9.078667640399e+08, gap 0.0165%

Gurobi 11.0.3 (mac64[arm]) logging started Mon Dec  8 15:03:00 2025

Set parameter LogFile to value "unknown.gurobi.log"
Set parameter DisplayInterval to value 1
Gurobi Optimizer version 11.0.3 build v11.0.3rc0 (mac64[arm] - Darwin 24.6.0 24G90)

CPU model: Apple M1 Pro
Thread count: 8 physical cores, 8 logical processors, using up to 8 threads

Optimize a model with 37014 rows, 34728 columns and 93642 nonzeros
Model fingerprint: 0x2aa9cd72
Variable types: 32328 continuous, 2400 integer (2400 binary)
Coefficient statistics:
  Matrix range     [5e-03, 5e+07]
  Objective range  [2e-03, 5e+05]
  Bounds range     [1e+00, 1e+00]
  RHS range        [9e-02, 7e+07]
Found heuristic solution: objective 1.742968e+12
Presolve removed 29814 rows and 23037 columns
Presolve time: 0.05s
Presolved: 7200 rows, 11691 columns, 30741 nonzeros
Variable types: 9891 continuous, 1800 integer (1800 binary)
Root barrier log...

Ordering time: 0.00s

Barrier statistics:
 AA' NZ     : 1.268e+04
 Factor NZ  : 8.082e+04 (roughly 6 MB of memory)
 Factor Ops : 3.351e+06 (less than 1 second per iteration)
 Threads    : 8

                  Objective                Residual
Iter       Primal          Dual         Primal    Dual     Compl     Time
   0  -7.09186210e+14 -5.29256884e+15  4.84e+06 2.94e+05  5.52e+12     0s
   1  -4.09632513e+13 -2.56326874e+15  5.81e+05 3.04e+05  6.56e+11     0s
   2  -1.11349459e+13 -3.23251168e+14  1.29e+05 7.65e+03  7.49e+10     0s
   3   5.04901473e+11 -5.31351460e+13  1.25e+03 1.27e+02  3.74e+09     0s
   4   3.85491601e+11 -2.73175543e+12  6.90e+00 1.17e+00  1.91e+08     0s
   5   1.21318120e+11 -4.24442391e+11  1.19e+00 1.40e-09  3.25e+07     0s
   6   3.89829364e+10 -4.32248783e+10  1.96e-01 6.57e-02  4.85e+06     0s
   7   2.53982803e+10 -1.61770845e+10  3.97e-02 3.24e-02  2.43e+06     0s
   8   2.18011427e+10 -1.40993644e+10  1.72e-02 1.86e-09  2.09e+06     0s
   9   1.40865559e+10 -6.23852618e+09  2.70e-03 1.50e-09  1.18e+06     0s
  10   1.20789103e+10 -5.13104963e+09  2.25e-03 2.09e-09  1.00e+06     0s
  11   8.95988939e+09 -4.11013960e+09  1.62e-03 2.55e-09  7.60e+05     0s
  12   6.83533260e+09 -3.25746891e+09  1.19e-03 2.65e-09  5.87e+05     0s
  13   5.16548337e+09 -2.70078017e+09  8.57e-04 3.07e-09  4.57e+05     0s
  14   3.83440714e+09 -1.90773241e+09  5.81e-04 3.31e-09  3.34e+05     0s
  15   2.69697149e+09 -1.37328903e+09  3.57e-04 4.57e-09  2.37e+05     0s
  16   1.77855454e+09 -8.96916044e+08  1.84e-04 4.92e-09  1.55e+05     0s
  17   1.40220971e+09 -5.39820441e+08  1.08e-04 4.34e-09  1.13e+05     0s
  18   1.14999705e+09  4.53197090e+08  4.62e-05 5.58e-09  4.05e+04     0s
  19   1.08966525e+09  5.08889172e+08  3.67e-05 7.23e-09  3.38e+04     0s
  20   1.00787828e+09  5.76657305e+08  2.49e-05 8.10e-09  2.51e+04     0s
  21   9.79652732e+08  6.16946831e+08  2.14e-05 8.78e-09  2.11e+04     0s
  22   9.38274215e+08  6.46883956e+08  1.66e-05 1.08e-08  1.70e+04     0s
  23   9.04747869e+08  6.92613441e+08  1.31e-05 1.07e-08  1.24e+04     0s
  24   8.76921519e+08  7.17686399e+08  9.57e-06 1.18e-08  9.28e+03     0s
  25   8.63001818e+08  7.22059928e+08  8.03e-06 1.37e-08  8.21e+03     0s
  26   8.45619695e+08  7.36243731e+08  9.02e-06 1.42e-08  6.37e+03     0s
  27   8.32307193e+08  7.51538932e+08  9.04e-06 1.59e-08  4.71e+03     0s
  28   8.25541890e+08  7.63713435e+08  8.11e-06 2.11e-08  3.61e+03     0s
  29   8.16724132e+08  7.72703327e+08  6.01e-06 1.50e-08  2.57e+03     0s
  30   8.13682761e+08  7.74275687e+08  5.51e-06 2.05e-08  2.30e+03     0s
  31   8.09924476e+08  7.75903719e+08  4.79e-06 2.12e-08  1.99e+03     0s
  32   8.05800157e+08  7.78936722e+08  3.74e-06 2.72e-08  1.57e+03     0s
  33   8.00546573e+08  7.81341199e+08  3.42e-06 2.51e-08  1.12e+03     0s
  34   7.98599356e+08  7.84174685e+08  2.56e-06 2.40e-08  8.45e+02     0s

Barrier solved model in 34 iterations and 0.17 seconds (0.17 work units)
Optimal objective 7.98599356e+08

Extra simplex iterations after uncrush: 599

Root relaxation: objective 7.887134e+08, 14026 iterations, 0.16 seconds (0.14 work units)

    Nodes    |    Current Node    |     Objective Bounds      |     Work
 Expl Unexpl |  Obj  Depth IntInf | Incumbent    BestBd   Gap | It/Node Time

     0     0 7.8871e+08    0  195 1.7430e+12 7.8871e+08   100%     -    0s
H    0     0                    8.194732e+08 7.8871e+08  3.75%     -    0s
H    0     0                    8.194732e+08 7.8899e+08  3.72%     -    0s
     0     0 7.9674e+08    0  173 8.1947e+08 7.9674e+08  2.77%     -    0s
H    0     0                    8.181878e+08 7.9685e+08  2.61%     -    0s
     0     0 7.9831e+08    0  187 8.1819e+08 7.9831e+08  2.43%     -    0s
H    0     0                    8.134790e+08 7.9872e+08  1.81%     -    0s
     0     0 7.9876e+08    0  190 8.1348e+08 7.9876e+08  1.81%     -    0s
     0     0 7.9951e+08    0  235 8.1348e+08 7.9951e+08  1.72%     -    0s
     0     0 7.9974e+08    0  224 8.1348e+08 7.9974e+08  1.69%     -    0s
     0     0 7.9975e+08    0  224 8.1348e+08 7.9975e+08  1.69%     -    0s
H    0     0                    8.131030e+08 7.9975e+08  1.64%     -    0s
     0     0 8.0019e+08    0  201 8.1310e+08 8.0019e+08  1.59%     -    0s
     0     0 8.0023e+08    0  204 8.1310e+08 8.0023e+08  1.58%     -    0s
     0     0 8.0053e+08    0  178 8.1310e+08 8.0053e+08  1.55%     -    0s
H    0     0                    8.119570e+08 8.0056e+08  1.40%     -    0s
     0     0 8.0056e+08    0  195 8.1196e+08 8.0056e+08  1.40%     -    0s
     0     0 8.0056e+08    0  196 8.1196e+08 8.0056e+08  1.40%     -    0s
     0     0 8.0069e+08    0  197 8.1196e+08 8.0069e+08  1.39%     -    0s
     0     0 8.0073e+08    0  195 8.1196e+08 8.0073e+08  1.38%     -    0s
     0     0 8.0112e+08    0  202 8.1196e+08 8.0112e+08  1.33%     -    0s
     0     0 8.0122e+08    0  202 8.1196e+08 8.0122e+08  1.32%     -    0s
H    0     0                    8.064118e+08 8.0122e+08  0.64%     -    0s
     0     0 8.0122e+08    0  208 8.0641e+08 8.0122e+08  0.64%     -    0s
     0     0 8.0127e+08    0  212 8.0641e+08 8.0127e+08  0.64%     -    0s
     0     0 8.0130e+08    0  224 8.0641e+08 8.0130e+08  0.63%     -    0s
     0     0 8.0131e+08    0  222 8.0641e+08 8.0131e+08  0.63%     -    0s
     0     0 8.0133e+08    0  209 8.0641e+08 8.0133e+08  0.63%     -    0s
     0     0 8.0133e+08    0  213 8.0641e+08 8.0133e+08  0.63%     -    0s
     0     0 8.0133e+08    0  219 8.0641e+08 8.0133e+08  0.63%     -    0s
     0     0 8.0134e+08    0  229 8.0641e+08 8.0134e+08  0.63%     -    1s
     0     0 8.0143e+08    0  220 8.0641e+08 8.0143e+08  0.62%     -    1s
     0     0 8.0144e+08    0  219 8.0641e+08 8.0144e+08  0.62%     -    1s
     0     0 8.0144e+08    0  218 8.0641e+08 8.0144e+08  0.62%     -    1s
     0     0 8.0144e+08    0  206 8.0641e+08 8.0144e+08  0.62%     -    1s
     0     0 8.0144e+08    0  202 8.0641e+08 8.0144e+08  0.62%     -    1s
     0     0 8.0144e+08    0  203 8.0641e+08 8.0144e+08  0.62%     -    1s
     0     0 8.0149e+08    0  203 8.0641e+08 8.0149e+08  0.61%     -    1s
     0     2 8.0149e+08    0  203 8.0641e+08 8.0149e+08  0.61%     -    1s
H   30    16                    8.057531e+08 8.0165e+08  0.51%  57.5    1s
    86    15 8.0445e+08   11  144 8.0575e+08 8.0166e+08  0.51%  94.3    2s
H  249    66                    8.056912e+08 8.0166e+08  0.50%  45.8    2s
  1032   680     cutoff   67      8.0569e+08 8.0198e+08  0.46%  19.5    3s
H 1186   740                    8.056833e+08 8.0198e+08  0.46%  18.0    3s
  1564  1103 8.0339e+08   59  183 8.0568e+08 8.0232e+08  0.42%  16.0    4s
H 1577  1103                    8.056743e+08 8.0232e+08  0.42%  15.9    4s
H 1631  1078                    8.055971e+08 8.0232e+08  0.41%  15.8    4s
H 1645  1075                    8.055865e+08 8.0232e+08  0.41%  15.7    4s
  1789  1143 8.0383e+08   72  203 8.0559e+08 8.0232e+08  0.41%  15.5    5s
  1791  1144 8.0407e+08   32  195 8.0559e+08 8.0232e+08  0.41%  15.5    6s
  1805  1154 8.0550e+08   33  274 8.0559e+08 8.0232e+08  0.41%  15.4    7s
  1815  1160 8.0461e+08   96  308 8.0559e+08 8.0302e+08  0.32%  15.3    8s
H 1815  1101                    8.054434e+08 8.0303e+08  0.30%  15.3    8s
  1820  1105 8.0355e+08   86  302 8.0544e+08 8.0314e+08  0.29%  15.3    9s
H 1824  1051                    8.053741e+08 8.0322e+08  0.27%  15.2    9s
H 1824   998                    8.053740e+08 8.0322e+08  0.27%  15.2    9s
  1828  1001 8.0411e+08   52  287 8.0537e+08 8.0328e+08  0.26%  15.2   10s
  1835  1006 8.0422e+08  118  307 8.0537e+08 8.0338e+08  0.25%  15.1   11s
  1841  1010 8.0387e+08  121  306 8.0537e+08 8.0350e+08  0.23%  15.1   12s
  1842  1010 8.0441e+08  145  306 8.0537e+08 8.0350e+08  0.23%  15.1   13s
  1844  1015 8.0350e+08   13  296 8.0537e+08 8.0350e+08  0.23%  28.1   14s
H 1851   961                    8.052919e+08 8.0350e+08  0.22%  28.8   14s
  1864   956 8.0362e+08   18  264 8.0529e+08 8.0362e+08  0.21%  29.8   15s
  1890   946 8.0370e+08   25  267 8.0529e+08 8.0370e+08  0.20%  31.1   16s
  1916   938 8.0371e+08   33  227 8.0529e+08 8.0371e+08  0.20%  31.5   17s
  1953   926 8.0385e+08   46  243 8.0529e+08 8.0372e+08  0.20%  31.9   18s
  2109   959 8.0413e+08   59  221 8.0529e+08 8.0393e+08  0.17%  34.9   19s
  2440  1029 8.0461e+08   80  197 8.0529e+08 8.0393e+08  0.17%  38.2   20s
  2693  1037 8.0497e+08  102  169 8.0529e+08 8.0393e+08  0.17%  40.6   21s
H 2775   966                    8.050550e+08 8.0393e+08  0.14%  40.7   23s
  2887   959 8.0446e+08   60  188 8.0505e+08 8.0403e+08  0.13%  42.2   24s
  3362   817 8.0492e+08   96  157 8.0505e+08 8.0415e+08  0.11%  42.9   25s
  3675   834 8.0482e+08   81  154 8.0505e+08 8.0426e+08  0.10%  43.9   26s
H 3849   726                    8.050548e+08 8.0426e+08  0.10%  43.2   27s
H 3859   679                    8.050548e+08 8.0426e+08  0.10%  43.4   27s
  4328   687 8.0471e+08   93  162 8.0505e+08 8.0427e+08  0.10%  43.1   28s
  5059   954     cutoff   57      8.0505e+08 8.0455e+08  0.06%  42.5   29s
  5832  1030 8.0468e+08   67  182 8.0505e+08 8.0459e+08  0.06%  42.3   30s
  6375  1107 8.0475e+08   72  183 8.0505e+08 8.0468e+08  0.05%  42.0   31s
  7358  1143 8.0500e+08   90  151 8.0505e+08 8.0474e+08  0.04%  40.8   32s
  8456   592 8.0501e+08  103  151 8.0505e+08 8.0488e+08  0.02%  39.9   33s

Cutting planes:
  Gomory: 14
  MIR: 75
  Mixing: 28
  Flow cover: 772

Explored 9636 nodes (382366 simplex iterations) in 34.06 seconds (55.76 work units)
Thread count was 8 (of 8 available processors)

Solution count 10: 8.05055e+08 8.05055e+08 8.05292e+08 ... 8.05691e+08

Optimal solution found (tolerance 1.00e-04)
Warning: max bound violation (4.4385e-05) exceeds tolerance
Best objective 8.050547794070e+08, best bound 8.050283219387e+08, gap 0.0033%

Gurobi 11.0.3 (mac64[arm]) logging started Mon Dec  8 16:16:00 2025

Set parameter LogFile to value "unknown.gurobi.log"
Set parameter DisplayInterval to value 1
Gurobi Optimizer version 11.0.3 build v11.0.3rc0 (mac64[arm] - Darwin 24.6.0 24G90)

CPU model: Apple M1 Pro
Thread count: 8 physical cores, 8 logical processors, using up to 8 threads

Optimize a model with 286294 rows, 268345 columns and 723703 nonzeros
Model fingerprint: 0x824181b0
Variable types: 250273 continuous, 18072 integer (18072 binary)
Coefficient statistics:
  Matrix range     [5e-03, 5e+07]
  Objective range  [3e-04, 5e+05]
  Bounds range     [1e+00, 1e+00]
  RHS range        [9e-02, 1e+07]
Found heuristic solution: objective 1.742968e+12
Presolve removed 232158 rows and 179324 columns
Presolve time: 0.53s
Presolved: 54136 rows, 89021 columns, 234386 nonzeros
Variable types: 75467 continuous, 13554 integer (13554 binary)
Root barrier log...

Ordering time: 0.16s

Barrier statistics:
 AA' NZ     : 9.632e+04
 Factor NZ  : 9.503e+05 (roughly 50 MB of memory)
 Factor Ops : 1.059e+08 (less than 1 second per iteration)
 Threads    : 8

                  Objective                Residual
Iter       Primal          Dual         Primal    Dual     Compl     Time
   0  -1.42454747e+14 -1.44436661e+16  4.88e+06 3.29e+05  1.25e+12     1s
   1  -1.46835427e+13 -7.20714715e+15  1.01e+06 5.03e+05  2.50e+11     1s
   2  -5.85991063e+12 -1.63602240e+15  3.93e+05 7.87e+04  7.05e+10     1s
   3   5.69160167e+11 -1.96385390e+14  6.41e+03 3.50e+03  3.25e+09     1s
   4   4.45110474e+11 -3.22195876e+13  2.32e+02 1.43e+02  3.16e+08     1s
   5   3.67269584e+11 -4.16006695e+12  3.40e+00 6.52e+00  3.80e+07     1s
   6   2.14850619e+11 -1.10403177e+12  1.11e+00 1.77e+00  1.09e+07     1s
   7   9.28226980e+10 -2.70324810e+11  2.58e-01 1.79e-01  2.93e+06     1s
   8   3.52600637e+10 -2.42208812e+10  1.88e-02 1.70e-01  4.68e+05     1s
   9   2.52807759e+10 -9.76636926e+09  5.77e-03 8.78e-02  2.73e+05     1s
  10   2.05284890e+10 -1.04023799e+10  3.87e-03 7.56e-02  2.41e+05     1s
  11   1.90941544e+10 -7.80796345e+09  3.50e-03 8.34e-02  2.09e+05     1s
  12   1.71500122e+10 -6.85808313e+09  3.04e-03 5.91e-02  1.87e+05     1s
  13   1.42635151e+10 -5.48320850e+09  2.44e-03 4.52e-02  1.54e+05     1s
  14   1.12317147e+10 -4.85713073e+09  1.87e-03 9.48e-03  1.25e+05     1s
  15   9.25938068e+09 -2.95026800e+09  1.49e-03 2.79e-02  9.49e+04     1s
  16   7.01946336e+09 -1.71558147e+09  1.09e-03 3.51e-03  6.79e+04     1s
  17   4.29420710e+09 -6.74531335e+08  6.49e-04 1.56e-03  3.87e+04     1s
  18   2.40347588e+09 -1.33137574e+08  3.02e-04 6.29e-04  1.97e+04     1s
  19   1.52312106e+09  2.26658919e+08  1.40e-04 1.83e-04  1.01e+04     1s
  20   1.17958549e+09  5.58806622e+08  6.24e-05 2.10e-09  4.83e+03     1s
  21   1.10390022e+09  5.82808568e+08  4.92e-05 2.63e-09  4.05e+03     1s
  22   1.06472480e+09  6.19132858e+08  4.26e-05 2.57e-09  3.47e+03     1s
  23   1.03748186e+09  6.34567249e+08  3.81e-05 3.13e-09  3.13e+03     1s
  24   1.00979898e+09  6.47174666e+08  3.36e-05 3.36e-09  2.82e+03     1s
  25   9.60074562e+08  6.66394576e+08  2.56e-05 3.49e-09  2.28e+03     1s
  26   9.26823566e+08  6.80618346e+08  2.03e-05 3.87e-09  1.91e+03     1s
  27   9.01875666e+08  6.93574736e+08  1.63e-05 4.28e-09  1.62e+03     1s
  28   8.92326501e+08  7.06887689e+08  1.47e-05 4.02e-09  1.44e+03     1s
  29   8.84889353e+08  7.22121739e+08  1.36e-05 3.45e-09  1.27e+03     1s
  30   8.71141963e+08  7.32057734e+08  1.13e-05 3.50e-09  1.08e+03     1s
  31   8.62398738e+08  7.37909223e+08  9.94e-06 4.46e-09  9.68e+02     1s
  32   8.52564259e+08  7.48665180e+08  8.51e-06 3.48e-09  8.08e+02     1s
  33   8.48113892e+08  7.51479837e+08  7.87e-06 3.72e-09  7.51e+02     1s
  34   8.43823673e+08  7.57128390e+08  7.28e-06 3.90e-09  6.74e+02     1s
  35   8.39157379e+08  7.61943351e+08  6.65e-06 3.62e-09  6.01e+02     1s
  36   8.37581356e+08  7.63772964e+08  6.44e-06 3.82e-09  5.74e+02     1s
  37   8.30412782e+08  7.67278798e+08  5.50e-06 3.77e-09  4.91e+02     1s
  38   8.26746763e+08  7.69390737e+08  5.00e-06 3.70e-09  4.46e+02     2s
  39   8.19415797e+08  7.70682042e+08  4.03e-06 3.99e-09  3.79e+02     2s
  40   8.16957506e+08  7.74544883e+08  3.69e-06 4.25e-09  3.30e+02     2s
  41   8.13191560e+08  7.75477670e+08  3.21e-06 4.83e-09  2.93e+02     2s
  42   8.08343493e+08  7.77002171e+08  2.59e-06 4.43e-09  2.44e+02     2s
  43   8.04813756e+08  7.77962695e+08  2.13e-06 4.07e-09  2.09e+02     2s
  44   8.02738674e+08  7.79270302e+08  1.86e-06 4.16e-09  1.83e+02     2s
  45   8.00681066e+08  7.79790087e+08  1.59e-06 4.24e-09  1.63e+02     2s
  46   8.00022581e+08  7.80553373e+08  1.50e-06 4.55e-09  1.51e+02     2s
  47   7.98173764e+08  7.81929123e+08  1.25e-06 4.66e-09  1.26e+02     2s

Barrier solved model in 47 iterations and 1.70 seconds (1.96 work units)
Optimal objective 7.98173764e+08


Root crossover log...

       0 DPushes remaining with DInf 0.0000000e+00                 2s

   73208 PPushes remaining with PInf 6.5716161e-03                 2s
   37768 PPushes remaining with PInf 0.0000000e+00                 2s
       0 PPushes remaining with PInf 0.0000000e+00                 2s

  Push phase complete: Pinf 0.0000000e+00, Dinf 1.5964298e+07      2s


Root simplex log...

Iteration    Objective       Primal Inf.    Dual Inf.      Time
   92088    7.8908576e+08   0.000000e+00   1.596430e+07      2s
  105978    7.8895140e+08   0.000000e+00   0.000000e+00      3s
  110496    7.8895140e+08   0.000000e+00   0.000000e+00      3s
Extra simplex iterations after uncrush: 4518

Root relaxation: objective 7.889514e+08, 110496 iterations, 2.20 seconds (2.77 work units)

    Nodes    |    Current Node    |     Objective Bounds      |     Work
 Expl Unexpl |  Obj  Depth IntInf | Incumbent    BestBd   Gap | It/Node Time

     0     0 7.8895e+08    0  208 1.7430e+12 7.8895e+08   100%     -    3s
H    0     0                    1.342437e+09 7.8895e+08  41.2%     -    4s
H    0     0                    1.332233e+09 7.8895e+08  40.8%     -    4s
     0     0 7.9205e+08    0  210 1.3322e+09 7.9205e+08  40.5%     -    4s
H    0     0                    8.283542e+08 7.9218e+08  4.37%     -    6s
H    0     0                    8.156550e+08 7.9218e+08  2.88%     -    6s
     0     0 7.9285e+08    0  231 8.1566e+08 7.9285e+08  2.80%     -    7s
     0     0 7.9301e+08    0  230 8.1566e+08 7.9301e+08  2.78%     -    7s
     0     0 7.9349e+08    0  272 8.1566e+08 7.9349e+08  2.72%     -    7s
     0     0 7.9368e+08    0  268 8.1566e+08 7.9368e+08  2.69%     -    8s
     0     0 7.9372e+08    0  261 8.1566e+08 7.9372e+08  2.69%     -    8s
     0     0 7.9381e+08    0  256 8.1566e+08 7.9381e+08  2.68%     -    8s
     0     0 7.9381e+08    0  263 8.1566e+08 7.9381e+08  2.68%     -    8s
     0     0 7.9397e+08    0  300 8.1566e+08 7.9397e+08  2.66%     -    8s
     0     0 7.9401e+08    0  308 8.1566e+08 7.9401e+08  2.65%     -    9s
     0     0 7.9413e+08    0  329 8.1566e+08 7.9413e+08  2.64%     -    9s
     0     0 7.9415e+08    0  329 8.1566e+08 7.9415e+08  2.64%     -    9s
     0     0 7.9415e+08    0  329 8.1566e+08 7.9415e+08  2.64%     -    9s
     0     0 7.9434e+08    0  294 8.1566e+08 7.9434e+08  2.61%     -    9s
     0     0 7.9438e+08    0  288 8.1566e+08 7.9438e+08  2.61%     -   10s
     0     0 7.9456e+08    0  250 8.1566e+08 7.9456e+08  2.59%     -   10s
     0     0 7.9458e+08    0  239 8.1566e+08 7.9458e+08  2.58%     -   10s
     0     0 7.9463e+08    0  245 8.1566e+08 7.9463e+08  2.58%     -   10s
     0     0 7.9467e+08    0  227 8.1566e+08 7.9467e+08  2.57%     -   10s
     0     0 7.9467e+08    0  231 8.1566e+08 7.9467e+08  2.57%     -   10s
     0     0 7.9470e+08    0  230 8.1566e+08 7.9470e+08  2.57%     -   11s
     0     0 7.9475e+08    0  251 8.1566e+08 7.9475e+08  2.56%     -   11s
     0     0 7.9476e+08    0  249 8.1566e+08 7.9476e+08  2.56%     -   11s
     0     0 7.9483e+08    0  262 8.1566e+08 7.9483e+08  2.55%     -   11s
     0     0 7.9486e+08    0  256 8.1566e+08 7.9486e+08  2.55%     -   12s
     0     0 7.9486e+08    0  242 8.1566e+08 7.9486e+08  2.55%     -   12s
     0     0 7.9488e+08    0  245 8.1566e+08 7.9488e+08  2.55%     -   12s
     0     0 7.9488e+08    0  249 8.1566e+08 7.9488e+08  2.55%     -   12s
     0     0 7.9489e+08    0  237 8.1566e+08 7.9489e+08  2.55%     -   12s
     0     0 7.9490e+08    0  245 8.1566e+08 7.9490e+08  2.54%     -   12s
     0     0 7.9490e+08    0  243 8.1566e+08 7.9490e+08  2.54%     -   13s
     0     0 7.9491e+08    0  239 8.1566e+08 7.9491e+08  2.54%     -   13s
     0     0 7.9491e+08    0  239 8.1566e+08 7.9491e+08  2.54%     -   13s
     0     0 7.9497e+08    0  239 8.1566e+08 7.9497e+08  2.54%     -   14s
     0     2 7.9497e+08    0  239 8.1566e+08 7.9497e+08  2.54%     -   14s
     3     8 7.9499e+08    2  245 8.1566e+08 7.9499e+08  2.53%  38.0   15s
    31    40 7.9527e+08    6  253 8.1566e+08 7.9503e+08  2.53%  26.7   22s
H   32    40                    8.095824e+08 7.9503e+08  1.80%  25.9   22s
    79    88 7.9553e+08   12  255 8.0958e+08 7.9504e+08  1.80%  14.5   23s
   129   139 7.9581e+08   19  254 8.0958e+08 7.9504e+08  1.80%  11.1   24s
   184   201 7.9610e+08   27  262 8.0958e+08 7.9504e+08  1.80%   9.5   25s
   226   243 7.9623e+08   32  254 8.0958e+08 7.9504e+08  1.80%   8.8   26s
   366   418 7.9675e+08   56  263 8.0958e+08 7.9504e+08  1.80%   7.3   27s
   534   580 7.9720e+08   76  269 8.0958e+08 7.9504e+08  1.80%   6.6   28s
   733   759 7.9751e+08  104  257 8.0958e+08 7.9504e+08  1.80%   6.3   29s
   903   963 7.9776e+08  121  260 8.0958e+08 7.9504e+08  1.80%   6.1   30s
  1075  1119 7.9865e+08  157  268 8.0958e+08 7.9504e+08  1.80%   6.0   37s
H 1084  1119                    8.085490e+08 7.9504e+08  1.67%   6.0   37s
H 1104  1118                    8.074115e+08 7.9504e+08  1.53%   6.0   37s
  1177  1260 7.9895e+08  171  280 8.0741e+08 7.9504e+08  1.53%   5.9   38s
  1436  1514 7.9940e+08  195  280 8.0741e+08 7.9504e+08  1.53%   5.8   39s
  1623  1729 7.9959e+08  219  268 8.0741e+08 7.9504e+08  1.53%   5.7   40s
  1815  1890 7.9989e+08  253  252 8.0741e+08 7.9504e+08  1.53%   5.5   41s
  2050  2147 8.0010e+08  282  238 8.0741e+08 7.9504e+08  1.53%   5.4   42s
  2316  2375 8.0055e+08  318  247 8.0741e+08 7.9504e+08  1.53%   5.3   43s
  2537  2666 8.0086e+08  340  244 8.0741e+08 7.9504e+08  1.53%   5.5   44s
  2714  2804 8.0109e+08  362  250 8.0741e+08 7.9504e+08  1.53%   5.6   45s
  3050  3189 8.0146e+08  406  261 8.0741e+08 7.9504e+08  1.53%   5.5   46s
  3256  3385 8.0168e+08  434  237 8.0741e+08 7.9504e+08  1.53%   5.4   47s
  3624  3729 8.0214e+08  465  248 8.0741e+08 7.9504e+08  1.53%   5.4   48s
  3833  3950 8.0259e+08  497  244 8.0741e+08 7.9504e+08  1.53%   5.4   49s
  4061  4129 8.0286e+08  523  258 8.0741e+08 7.9504e+08  1.53%   5.3   50s
  4251  4332 8.0309e+08  538  257 8.0741e+08 7.9504e+08  1.53%   5.3   51s
  4465  4568 8.0339e+08  562  264 8.0741e+08 7.9504e+08  1.53%   5.3   52s
  4725  4771 8.0399e+08  607  260 8.0741e+08 7.9504e+08  1.53%   5.2   53s
  4956  4979 8.0444e+08  632  241 8.0741e+08 7.9504e+08  1.53%   5.2   54s
  5207  5180 8.0479e+08  666  237 8.0741e+08 7.9504e+08  1.53%   5.2   55s
  5441  5454 8.0513e+08  706  235 8.0741e+08 7.9504e+08  1.53%   5.2   56s
  5773  5755 8.0576e+08  757  229 8.0741e+08 7.9504e+08  1.53%   5.1   57s
  6122  6081 8.0629e+08  803  233 8.0741e+08 7.9504e+08  1.53%   5.1   59s
  6506  6465 8.0658e+08  861  233 8.0741e+08 7.9504e+08  1.53%   5.1   60s
  6943  6752 8.0707e+08  925  220 8.0741e+08 7.9504e+08  1.53%   5.1   62s
  7280  6753 8.0063e+08  320  239 8.0741e+08 7.9504e+08  1.53%   5.2   92s
  7282  6754 8.0701e+08  765  208 8.0741e+08 7.9504e+08  1.53%   5.1   95s
  7283  6755 8.0298e+08  655  212 8.0741e+08 7.9504e+08  1.53%   5.1   97s
  7290  6760 8.0685e+08  548  255 8.0741e+08 7.9504e+08  1.53%   5.1   98s
  7292  6761 8.0577e+08  485  342 8.0741e+08 7.9524e+08  1.51%   5.1   99s
  7296  6764 7.9863e+08   53  358 8.0741e+08 7.9561e+08  1.46%   5.1  100s
  7301  6767 8.0235e+08   38  381 8.0741e+08 7.9573e+08  1.45%   5.1  101s
  7302  6768 8.0384e+08  767  447 8.0741e+08 7.9591e+08  1.42%   5.1  102s
  7309  6772 8.0526e+08  395  465 8.0741e+08 7.9626e+08  1.38%   5.1  103s
  7313  6775 8.0101e+08  280  423 8.0741e+08 7.9630e+08  1.38%   5.1  104s
  7314  6776 8.0517e+08  224  548 8.0741e+08 7.9643e+08  1.36%   5.1  105s
  7319  6779 8.0555e+08  428  591 8.0741e+08 7.9664e+08  1.33%   5.1  106s
  7320  6780 8.0036e+08  303  510 8.0741e+08 7.9667e+08  1.33%   5.1  107s
  7324  6782 8.0326e+08  678  569 8.0741e+08 7.9683e+08  1.31%   5.1  108s
  7330  6786 8.0212e+08   87  687 8.0741e+08 7.9702e+08  1.29%   5.1  109s
  7331  6787 8.0487e+08  309  690 8.0741e+08 7.9705e+08  1.28%   5.1  110s
  7335  6790 7.9847e+08  149  614 8.0741e+08 7.9718e+08  1.27%   5.1  111s
  7339  6792 8.0322e+08  280  611 8.0741e+08 7.9719e+08  1.27%   5.1  112s
  7342  6794 8.0182e+08  154  667 8.0741e+08 7.9725e+08  1.26%   5.1  113s
  7348  6798 8.0033e+08  366  713 8.0741e+08 7.9728e+08  1.25%   5.1  114s
  7349  6799 8.0573e+08  320  665 8.0741e+08 7.9734e+08  1.25%   5.1  115s
  7354  6802 8.0660e+08  866  607 8.0741e+08 7.9739e+08  1.24%   5.1  116s
  7355  6803 8.0217e+08  589  650 8.0741e+08 7.9740e+08  1.24%   5.1  117s
H 7358  6463                    8.074114e+08 7.9744e+08  1.23%   5.1  118s
  7361  6465 8.0563e+08  398  688 8.0741e+08 7.9745e+08  1.23%   5.1  119s
  7363  6466 8.0660e+08  529  674 8.0741e+08 7.9747e+08  1.23%   5.1  120s
  7367  6469 8.0063e+08  227  675 8.0741e+08 7.9752e+08  1.23%   5.1  121s
  7369  6470 8.0675e+08  173  623 8.0741e+08 7.9752e+08  1.23%   5.1  122s
  7371  6472 8.0653e+08  538  679 8.0741e+08 7.9754e+08  1.22%   5.1  123s
  7374  6474 8.0166e+08  539  685 8.0741e+08 7.9756e+08  1.22%   5.1  124s
  7378  6476 8.0031e+08  297  659 8.0741e+08 7.9757e+08  1.22%   5.1  125s
  7379  6477 8.0655e+08  267  672 8.0741e+08 7.9759e+08  1.22%   5.1  126s
  7387  6482 8.0553e+08  740  625 8.0741e+08 7.9763e+08  1.21%   5.1  129s
  7392  6486 8.0577e+08  485  633 8.0741e+08 7.9773e+08  1.20%   5.1  130s
  7395  6488 7.9779e+08   64  647 8.0741e+08 7.9779e+08  1.19%   5.1  131s
  7397  6489 8.0295e+08  111  682 8.0741e+08 7.9782e+08  1.19%   5.1  132s
  7400  6491 8.0342e+08  740  667 8.0741e+08 7.9786e+08  1.18%   5.1  133s
  7404  6494 8.0580e+08  467  751 8.0741e+08 7.9796e+08  1.17%   5.1  134s
  7407  6496 8.0643e+08  827  720 8.0741e+08 7.9800e+08  1.17%   5.1  136s
  7410  6498 8.0703e+08  763  711 8.0741e+08 7.9809e+08  1.15%   5.1  137s
  7414  6500 8.0517e+08  224  722 8.0741e+08 7.9819e+08  1.14%   5.1  138s
  7416  6502 8.0729e+08  478  707 8.0741e+08 7.9822e+08  1.14%   5.1  139s
  7419  6504 8.0555e+08  428  717 8.0741e+08 7.9823e+08  1.14%   5.1  140s
  7420  6504 8.0036e+08  303  710 8.0741e+08 7.9823e+08  1.14%   5.1  141s
  7423  6506 8.0063e+08  227  731 8.0741e+08 7.9823e+08  1.14%   5.1  142s
  7426  6508 8.0612e+08  445  719 8.0741e+08 7.9823e+08  1.14%   5.0  143s
  7428  6510 7.9939e+08  106  707 8.0741e+08 7.9831e+08  1.13%   5.0  144s
  7432  6514 8.0270e+08  634  239 8.0741e+08 7.9835e+08  1.12%  22.8  145s
  7434  6515 8.0469e+08  312  208 8.0741e+08 7.9835e+08  1.12%  22.8  148s
  7435  6516 7.9847e+08  149  262 8.0741e+08 7.9835e+08  1.12%  22.8  149s
  7436  6517 8.0327e+08  122  301 8.0741e+08 7.9835e+08  1.12%  22.8  150s
  7441  6520 8.0232e+08  478  599 8.0741e+08 7.9835e+08  1.12%  22.8  151s
  7447  6524 8.0328e+08  691  721 8.0741e+08 7.9835e+08  1.12%  22.8  155s
  7449  6525 8.0573e+08  320  710 8.0741e+08 7.9835e+08  1.12%  22.8  156s
  7451  6527 7.9951e+08  104  741 8.0741e+08 7.9835e+08  1.12%  22.8  157s
  7452  6527 8.0281e+08   88  746 8.0741e+08 7.9835e+08  1.12%  22.8  158s
  7453  6528 8.0257e+08  113  738 8.0741e+08 7.9835e+08  1.12%  22.8  159s
  7456  6530 8.0256e+08  491  699 8.0741e+08 7.9835e+08  1.12%  22.8  160s
  7457  6531 8.0567e+08  379  699 8.0741e+08 7.9835e+08  1.12%  22.8  164s
  7458  6531 7.9962e+08  235  699 8.0741e+08 7.9835e+08  1.12%  22.8  166s
  7459  6535 7.9835e+08   25  692 8.0741e+08 7.9835e+08  1.12%  38.9  167s
  7461  6538 7.9835e+08   26  732 8.0741e+08 7.9835e+08  1.12%  39.0  168s
  7481  6556 7.9958e+08   28  609 8.0741e+08 7.9835e+08  1.12%  39.7  169s
  7489  6561 7.9835e+08   29  738 8.0741e+08 7.9835e+08  1.12%  40.3  172s
  7505  6572 7.9835e+08   30  726 8.0741e+08 7.9835e+08  1.12%  40.6  173s
  7521  6582 7.9835e+08   31  723 8.0741e+08 7.9835e+08  1.12%  41.1  174s
  7537  6594 7.9835e+08   32  722 8.0741e+08 7.9835e+08  1.12%  41.6  175s
  7554  6608 7.9835e+08   33  713 8.0741e+08 7.9835e+08  1.12%  42.3  176s
  7585  6630 8.0192e+08   35  679 8.0741e+08 7.9835e+08  1.12%  42.8  177s
  7610  6643 7.9835e+08   37  708 8.0741e+08 7.9835e+08  1.12%  43.3  178s
  7622  6651 7.9835e+08   38  693 8.0741e+08 7.9835e+08  1.12%  43.8  179s
  7637  6661 7.9835e+08   39  686 8.0741e+08 7.9835e+08  1.12%  44.5  180s
  7668  6680 7.9835e+08   41  687 8.0741e+08 7.9835e+08  1.12%  45.6  183s
  7685  6695 7.9835e+08   42  682 8.0741e+08 7.9835e+08  1.12%  46.3  184s
  7724  6715 7.9915e+08   44  647 8.0741e+08 7.9835e+08  1.12%  46.9  185s
  7759  6730 8.0100e+08   46  658 8.0741e+08 7.9835e+08  1.12%  47.6  186s
  7776  6740 7.9835e+08   48  682 8.0741e+08 7.9835e+08  1.12%  48.0  187s
  7795  6750 7.9997e+08   49  635 8.0741e+08 7.9835e+08  1.12%  48.4  188s
  7816  6758 7.9835e+08   51  668 8.0741e+08 7.9835e+08  1.12%  48.9  189s
  7855  6788 7.9835e+08   54  663 8.0741e+08 7.9835e+08  1.12%  50.0  190s
  7878  6800 8.0136e+08   55  573 8.0741e+08 7.9835e+08  1.12%  50.6  191s
  7902  6814 7.9835e+08   56  653 8.0741e+08 7.9835e+08  1.12%  51.0  192s
  7927  6825 7.9835e+08   57  653 8.0741e+08 7.9835e+08  1.12%  51.4  194s
  7949  6844 7.9835e+08   59  658 8.0741e+08 7.9835e+08  1.12%  52.5  195s
  7977  6856 7.9835e+08   60  651 8.0741e+08 7.9835e+08  1.12%  53.7  198s
  7999  6881 8.0060e+08   61  639 8.0741e+08 7.9835e+08  1.12%  54.2  200s
  8032  6903 8.0042e+08   63  595 8.0741e+08 7.9835e+08  1.12%  55.3  201s
  8067  6919 7.9994e+08   65  619 8.0741e+08 7.9835e+08  1.12%  56.1  202s
  8099  6938 7.9835e+08   68  642 8.0741e+08 7.9835e+08  1.12%  56.7  204s
H 8111  6607                    8.074114e+08 7.9835e+08  1.12%  56.8  204s
  8131  6631 7.9835e+08   70  626 8.0741e+08 7.9835e+08  1.12%  57.2  205s
  8165  6651 7.9835e+08   72  616 8.0741e+08 7.9835e+08  1.12%  58.1  207s
  8199  6669 7.9835e+08   74  616 8.0741e+08 7.9835e+08  1.12%  58.9  208s
  8234  6680 7.9967e+08   76  578 8.0741e+08 7.9835e+08  1.12%  59.8  210s
  8258  6713 8.0009e+08   77  576 8.0741e+08 7.9835e+08  1.12%  60.5  211s
  8305  6737 7.9843e+08   81  591 8.0741e+08 7.9835e+08  1.12%  61.2  213s
  8352  6822 7.9846e+08   84  586 8.0741e+08 7.9835e+08  1.12%  62.1  215s
  8454  6879 7.9855e+08   91  594 8.0741e+08 7.9835e+08  1.12%  64.1  216s
  8545  6908 8.0212e+08   98  471 8.0741e+08 7.9835e+08  1.12%  65.8  218s
  8613  7001 7.9876e+08  102  580 8.0741e+08 7.9835e+08  1.12%  66.6  220s
  8729  7059 7.9880e+08  110  559 8.0741e+08 7.9835e+08  1.12%  68.5  221s
  8830  7119 8.0120e+08  116  539 8.0741e+08 7.9835e+08  1.12%  70.1  223s
  8926  7201 8.0150e+08  121  550 8.0741e+08 7.9835e+08  1.12%  72.1  225s
  9044  7291 7.9891e+08  126  563 8.0741e+08 7.9835e+08  1.12%  73.7  227s
  9174  7389 7.9895e+08  134  562 8.0741e+08 7.9835e+08  1.12%  75.4  229s
  9317  7445 8.0165e+08  141  528 8.0741e+08 7.9835e+08  1.12%  77.2  232s
  9428  7556 7.9901e+08  144  564 8.0741e+08 7.9835e+08  1.12%  78.9  234s
  9577  7657 7.9906e+08  150  562 8.0741e+08 7.9835e+08  1.12%  80.6  237s
  9731  7665 8.0254e+08  158  522 8.0741e+08 7.9835e+08  1.12%  82.4  240s
  9791  7810 7.9911e+08  159  551 8.0741e+08 7.9835e+08  1.12%  83.0  242s
  9961  7924 7.9917e+08  169  552 8.0741e+08 7.9835e+08  1.12%  84.5  244s
 10134  8070 7.9924e+08  179  545 8.0741e+08 7.9835e+08  1.12%  86.2  247s
 10339  8211 7.9934e+08  193  544 8.0741e+08 7.9835e+08  1.12%  87.3  249s
H10550  7852                    8.071250e+08 7.9835e+08  1.09%  88.5  258s
 10574  7879 8.0012e+08  209  530 8.0712e+08 7.9835e+08  1.09%  88.7  261s
 10609  8021 8.0298e+08  211  536 8.0712e+08 7.9835e+08  1.09%  89.0  264s
 10782  8129 7.9948e+08  221  560 8.0712e+08 7.9835e+08  1.09%  90.8  267s
 10961  8258 7.9955e+08  230  554 8.0712e+08 7.9835e+08  1.09%  92.8  270s
 11157  8440 7.9966e+08  247  558 8.0712e+08 7.9835e+08  1.09%  94.6  274s
 11406  8576 7.9979e+08  264  539 8.0712e+08 7.9835e+08  1.09%  95.9  277s
 11632  8727 7.9987e+08  281  539 8.0712e+08 7.9835e+08  1.09%  97.8  280s
 11875  8887 7.9995e+08  297  558 8.0712e+08 7.9835e+08  1.09%  99.4  284s
 12127  9097 8.0304e+08  315  493 8.0712e+08 7.9835e+08  1.09%   101  287s
 12437  9116 8.0385e+08  332  502 8.0712e+08 7.9835e+08  1.09%   102  291s
 12596  9318 8.0023e+08  343  547 8.0712e+08 7.9835e+08  1.09%   103  295s
 12869  9501 8.0036e+08  361  521 8.0712e+08 7.9835e+08  1.09%   105  299s
 13175  9687 8.0147e+08  385  540 8.0712e+08 7.9835e+08  1.09%   106  303s
 13501  9698 8.0063e+08  403  532 8.0712e+08 7.9835e+08  1.09%   107  307s
 13666  9892 8.0150e+08  414  533 8.0712e+08 7.9835e+08  1.09%   108  311s
 13961  9937 8.0079e+08  436  525 8.0712e+08 7.9835e+08  1.09%   110  316s
 14133 10136 8.0081e+08  442  526 8.0712e+08 7.9835e+08  1.09%   111  321s
 14434 10208 8.0327e+08  463  498 8.0712e+08 7.9835e+08  1.09%   113  326s
 14633 10401 8.0102e+08  477  529 8.0712e+08 7.9835e+08  1.09%   114  332s
 14959 10766 8.0113e+08  499  502 8.0712e+08 7.9835e+08  1.09%   116  340s
 15477 10872 8.0127e+08  532  494 8.0712e+08 7.9835e+08  1.09%   116  344s
 15807 11071 8.0137e+08  552  486 8.0712e+08 7.9835e+08  1.09%   116  348s
 16167 11271 8.0156e+08  579  478 8.0712e+08 7.9835e+08  1.09%   117  352s
 16550 11615 8.0302e+08  605  472 8.0712e+08 7.9835e+08  1.09%   117  358s
H17059 10287                    8.062439e+08 7.9835e+08  0.98%   115  395s
 17067 10380 8.0315e+08  641  476 8.0624e+08 7.9835e+08  0.98%   115  400s
 17193 10556 8.0241e+08  652  478 8.0624e+08 7.9835e+08  0.98%   115  405s
 17668 10643 8.0249e+08  678  471 8.0624e+08 7.9835e+08  0.98%   115  410s
 18202 10795 8.0270e+08  709  482 8.0624e+08 7.9835e+08  0.98%   114  416s
 18664 11142 8.0292e+08  737  515 8.0624e+08 7.9835e+08  0.98%   114  421s
 19294 11516 8.0365e+08  758  501 8.0624e+08 7.9835e+08  0.98%   112  427s
 19963 11937 8.0313e+08  783  492 8.0624e+08 7.9835e+08  0.98%   111  432s
 20739 12093 8.0330e+08  817  475 8.0624e+08 7.9835e+08  0.98%   109  437s
 21320 12437 8.0390e+08  846  459 8.0624e+08 7.9835e+08  0.98%   108  443s
 21958 12948 8.0357e+08  874  452 8.0624e+08 7.9835e+08  0.98%   107  448s
 22754 13539 8.0368e+08  905  470 8.0624e+08 7.9835e+08  0.98%   105  454s
 23681 14057 8.0382e+08  944  459 8.0624e+08 7.9835e+08  0.98%   103  460s
 24580 14442 8.0387e+08  967  452 8.0624e+08 7.9835e+08  0.98%   101  466s
 25229 15077     cutoff  988      8.0624e+08 7.9835e+08  0.98%  99.2  472s
 25997 15849 8.0444e+08 1015  458 8.0624e+08 7.9835e+08  0.98%  97.9  479s
 26933 16462 8.0533e+08 1057  454 8.0624e+08 7.9835e+08  0.98%  96.1  486s
 27829 17094 8.0477e+08 1095  442 8.0624e+08 7.9835e+08  0.98%  95.0  493s
 28713 17381 8.0497e+08 1138  456 8.0624e+08 7.9835e+08  0.98%  94.4  499s
 29141 18030 8.0501e+08 1150  470 8.0624e+08 7.9835e+08  0.98%  94.1  507s
H30095 15998                    8.057766e+08 7.9835e+08  0.92%  93.6  641s
 30096 15987 8.0572e+08  752  239 8.0578e+08 7.9835e+08  0.92%  93.6  724s
 30098 15988 8.0292e+08  367  208 8.0578e+08 7.9835e+08  0.92%  93.6  728s
 30099 15989 8.0331e+08  112  267 8.0578e+08 7.9835e+08  0.92%  93.6  731s
 30101 15990 8.0536e+08  520  427 8.0578e+08 7.9835e+08  0.92%  93.5  732s
 30103 15992 8.0087e+08  310  499 8.0578e+08 7.9835e+08  0.92%  93.5  733s
 30106 15994 8.0507e+08  362  613 8.0578e+08 7.9835e+08  0.92%  93.5  734s
 30112 15998 8.0530e+08  199  647 8.0578e+08 7.9835e+08  0.92%  93.5  745s
 30113 15998 8.0038e+08  212  679 8.0578e+08 7.9835e+08  0.92%  93.5  747s
 30116 16000 8.0408e+08  128  735 8.0578e+08 7.9835e+08  0.92%  93.5  752s
 30117 16001 8.0347e+08  815  781 8.0578e+08 7.9835e+08  0.92%  93.5  764s
 30118 16002 8.0022e+08  239  716 8.0578e+08 7.9835e+08  0.92%  93.5  766s
 30121 16004 8.0179e+08  253  759 8.0578e+08 7.9835e+08  0.92%  93.5  770s
 30122 16004 8.0517e+08  645  783 8.0578e+08 7.9835e+08  0.92%  93.5  781s
 30123 16005 8.0385e+08  604  729 8.0578e+08 7.9835e+08  0.92%  93.5  783s
 30126 16007 8.0554e+08  727  755 8.0578e+08 7.9835e+08  0.92%  93.5  790s
 30127 16008 8.0561e+08  867  800 8.0578e+08 7.9835e+08  0.92%  93.5  801s
 30128 16008 8.0188e+08  223  771 8.0578e+08 7.9835e+08  0.92%  93.5  803s
 30129 16009 8.0491e+08  889  794 8.0578e+08 7.9835e+08  0.92%  93.5  804s
 30132 16011 8.0430e+08  723  795 8.0578e+08 7.9839e+08  0.92%  93.4  809s
H30132 15209                    8.057766e+08 7.9845e+08  0.91%  93.4  821s
 30134 15210 8.0456e+08  469  807 8.0578e+08 7.9852e+08  0.90%  93.4  823s
 30136 15212 8.0289e+08  576  786 8.0578e+08 7.9857e+08  0.89%  93.4  829s
 30137 15212 8.0316e+08  270  789 8.0578e+08 7.9863e+08  0.89%  93.4  841s
 30138 15213 8.0477e+08  511  843 8.0578e+08 7.9868e+08  0.88%  93.4  843s
 30139 15214 8.0204e+08   85  833 8.0578e+08 7.9870e+08  0.88%  93.4  849s
 30140 15214 8.0496e+08  928  785 8.0578e+08 7.9874e+08  0.87%  93.4  860s
 30141 15215 8.0308e+08  446  796 8.0578e+08 7.9877e+08  0.87%  93.4  862s
 30142 15216 8.0418e+08  361  814 8.0578e+08 7.9883e+08  0.86%  93.4  869s
 30143 15216 8.0526e+08 1175  774 8.0578e+08 7.9886e+08  0.86%  93.4  881s
 30144 15217 8.0113e+08  257  815 8.0578e+08 7.9889e+08  0.85%  93.4  883s
 30145 15218 8.0185e+08   46  810 8.0578e+08 7.9890e+08  0.85%  93.4  889s
 30146 15218 8.0435e+08  975  827 8.0578e+08 7.9892e+08  0.85%  93.4  900s
 30147 15219 8.0240e+08  512  814 8.0578e+08 7.9893e+08  0.85%  93.4  901s
 30149 15220 8.0410e+08  757  858 8.0578e+08 7.9895e+08  0.85%  93.4  909s
 30150 15221 8.0143e+08  399  808 8.0578e+08 7.9896e+08  0.85%  93.4  920s
 30151 15222 8.0054e+08  180  809 8.0578e+08 7.9898e+08  0.84%  93.4  922s
 30152 15222 8.0453e+08  547  825 8.0578e+08 7.9900e+08  0.84%  93.4  927s
 30153 15223 8.0263e+08  311  815 8.0578e+08 7.9901e+08  0.84%  93.4  942s
 30154 15224 8.0151e+08  299  796 8.0578e+08 7.9905e+08  0.84%  93.4  950s
 30155 15224 8.0537e+08 1027  804 8.0578e+08 7.9907e+08  0.83%  93.4  963s
 30156 15225 8.0531e+08  477  773 8.0578e+08 7.9911e+08  0.83%  93.4  972s
 30157 15226 7.9988e+08  149  818 8.0578e+08 7.9913e+08  0.83%  93.4  983s
 30158 15226 8.0148e+08  522  841 8.0578e+08 7.9914e+08  0.82%  93.4  985s
 30160 15228 8.0296e+08  631  848 8.0578e+08 7.9915e+08  0.82%  93.4  990s
 30161 15228 8.0429e+08  316  786 8.0578e+08 7.9916e+08  0.82%  93.4 1001s
 30162 15229 8.0468e+08  513  781 8.0578e+08 7.9919e+08  0.82%  93.4 1009s
 30163 15230 8.0069e+08  356  779 8.0578e+08 7.9920e+08  0.82%  93.4 1019s
 30164 15230 8.0467e+08  500  784 8.0578e+08 7.9922e+08  0.81%  93.3 1027s
 30165 15231 8.0283e+08  441  782 8.0578e+08 7.9923e+08  0.81%  93.3 1036s
 30166 15232 7.9930e+08  119  762 8.0578e+08 7.9924e+08  0.81%  93.3 1044s
H30166 14470                    8.057129e+08 7.9925e+08  0.80%  93.3 1050s
 30167 14470 8.0306e+08  560  768 8.0571e+08 7.9925e+08  0.80%  93.3 1054s
 30168 14471 8.0497e+08  121  783 8.0571e+08 7.9927e+08  0.80%  93.3 1057s
 30169 14472 7.9947e+08  142  772 8.0571e+08 7.9927e+08  0.80%  93.3 1063s
 30170 14472 8.0341e+08  294  796 8.0571e+08 7.9928e+08  0.80%  93.3 1073s
 30171 14473 8.0444e+08  468  812 8.0571e+08 7.9929e+08  0.80%  93.3 1076s
 30172 14474 8.0501e+08  219  804 8.0571e+08 7.9929e+08  0.80%  93.3 1081s
 30173 14474 8.0402e+08  197  799 8.0571e+08 7.9930e+08  0.80%  93.3 1092s
 30174 14475 7.9954e+08  186  829 8.0571e+08 7.9931e+08  0.79%  93.3 1094s
 30175 14476 8.0566e+08 1175  829 8.0571e+08 7.9931e+08  0.79%  93.3 1100s
 30176 14476 8.0411e+08  412  811 8.0571e+08 7.9932e+08  0.79%  93.3 1112s
 30177 14477 8.0493e+08  303  835 8.0571e+08 7.9933e+08  0.79%  93.3 1114s
 30178 14478 7.9967e+08  110  826 8.0571e+08 7.9934e+08  0.79%  93.3 1120s
 30179 14478 8.0263e+08  130  810 8.0571e+08 7.9935e+08  0.79%  93.3 1131s
 30180 14479 8.0481e+08  335  831 8.0571e+08 7.9935e+08  0.79%  93.3 1132s
 30181 14480 8.0546e+08 1069  824 8.0571e+08 7.9936e+08  0.79%  93.3 1138s
 30182 14480 8.0329e+08  199  780 8.0571e+08 7.9936e+08  0.79%  93.3 1147s
 30183 14481 8.0525e+08  699  783 8.0571e+08 7.9937e+08  0.79%  93.3 1155s
 30184 14482 8.0388e+08  178  781 8.0571e+08 7.9938e+08  0.79%  93.3 1167s
 30185 14482 8.0041e+08   70  775 8.0571e+08 7.9939e+08  0.78%  93.3 1175s
 30186 14483 8.0163e+08  333  808 8.0571e+08 7.9940e+08  0.78%  93.3 1185s
 30187 14484 8.0309e+08   53  829 8.0571e+08 7.9940e+08  0.78%  93.3 1187s
 30188 14484 8.0284e+08  476  805 8.0571e+08 7.9941e+08  0.78%  93.3 1193s
 30189 14485 8.0546e+08 1069  827 8.0571e+08 7.9941e+08  0.78%  93.3 1203s
 30190 14486 8.0389e+08  356  836 8.0571e+08 7.9942e+08  0.78%  93.3 1211s
 30191 14486 8.0360e+08  559  804 8.0571e+08 7.9943e+08  0.78%  93.3 1221s
 30192 14487 8.0484e+08  502  823 8.0571e+08 7.9944e+08  0.78%  93.3 1228s
 30193 14488 8.0129e+08  372  823 8.0571e+08 7.9944e+08  0.78%  93.3 1238s
 30194 14488 8.0517e+08  420  822 8.0571e+08 7.9945e+08  0.78%  93.3 1247s
 30195 14489 8.0358e+08  764  819 8.0571e+08 7.9945e+08  0.78%  93.3 1257s
 30196 14490 8.0571e+08  752  815 8.0571e+08 7.9946e+08  0.78%  93.3 1265s
 30197 14490 8.0262e+08  209  830 8.0571e+08 7.9947e+08  0.78%  93.2 1276s
 30198 14491 8.0292e+08  367  830 8.0571e+08 7.9948e+08  0.77%  93.2 1283s
 30199 14492 8.0331e+08  112  818 8.0571e+08 7.9948e+08  0.77%  93.2 1294s
 30200 14492 8.0369e+08  530  824 8.0571e+08 7.9949e+08  0.77%  93.2 1300s
 30201 14493 8.0536e+08  520  828 8.0571e+08 7.9949e+08  0.77%  93.2 1302s
 30203 14494 8.0087e+08  310  832 8.0571e+08 7.9949e+08  0.77%  93.2 1303s
 30205 14496 8.0345e+08  471  825 8.0571e+08 7.9949e+08  0.77%  93.2 1305s
 30207 14497 8.0258e+08  278  826 8.0571e+08 7.9949e+08  0.77%  93.2 1306s
 30209 14498 7.9963e+08  109  823 8.0571e+08 7.9949e+08  0.77%  93.2 1308s
 30211 14500 8.0532e+08  645  824 8.0571e+08 7.9949e+08  0.77%  93.2 1309s
 30212 14500 8.0530e+08  199  825 8.0571e+08 7.9949e+08  0.77%  93.2 1310s
 30213 14501 8.0038e+08  212  820 8.0571e+08 7.9949e+08  0.77%  93.2 1312s
 30215 14502 8.0549e+08  721  809 8.0571e+08 7.9949e+08  0.77%  93.2 1324s
 30216 14503 8.0408e+08  128  818 8.0571e+08 7.9950e+08  0.77%  93.2 1325s
 30217 14504 8.0347e+08  815  813 8.0571e+08 7.9950e+08  0.77%  93.2 1326s
 30219 14505 8.0455e+08  483  822 8.0571e+08 7.9950e+08  0.77%  93.2 1327s
 30220 14506 8.0204e+08  140  816 8.0571e+08 7.9950e+08  0.77%  93.2 1328s
 30221 14506 8.0179e+08  253  807 8.0571e+08 7.9950e+08  0.77%  93.2 1329s
 30223 14508 8.0385e+08  604  819 8.0571e+08 7.9950e+08  0.77%  93.2 1331s
 30225 14509 8.0491e+08  380  820 8.0571e+08 7.9950e+08  0.77%  93.2 1332s
 30226 14510 8.0554e+08  727  820 8.0571e+08 7.9951e+08  0.77%  93.2 1333s
 30227 14510 8.0561e+08  867  820 8.0571e+08 7.9951e+08  0.77%  93.2 1337s
 30228 14511 8.0188e+08  223  820 8.0571e+08 7.9951e+08  0.77%  93.2 1361s
 30229 14515 7.9951e+08   37  810 8.0571e+08 7.9951e+08  0.77%  97.6 1363s
 30235 14525 7.9951e+08   39  804 8.0571e+08 7.9951e+08  0.77%  97.6 1365s
 30243 14530 7.9951e+08   40  829 8.0571e+08 7.9951e+08  0.77%  97.7 1366s
 30251 14534 7.9951e+08   40  786 8.0571e+08 7.9951e+08  0.77%  97.8 1368s
 30259 14540 7.9951e+08   41  830 8.0571e+08 7.9951e+08  0.77%  98.0 1375s
 30267 14544 7.9976e+08   41  786 8.0571e+08 7.9951e+08  0.77%  98.0 1376s
 30275 14550 7.9951e+08   42  838 8.0571e+08 7.9951e+08  0.77%  98.2 1378s
 30284 14554 8.0032e+08   42  682 8.0571e+08 7.9951e+08  0.77%  98.3 1380s
 30293 14558 7.9951e+08   43  796 8.0571e+08 7.9951e+08  0.77%  98.5 1381s
 30301 14563 7.9997e+08   43  727 8.0571e+08 7.9951e+08  0.77%  98.6 1383s
 30309 14571 7.9951e+08   44  798 8.0571e+08 7.9951e+08  0.77%  98.8 1384s
 30320 14577 7.9951e+08   45  794 8.0571e+08 7.9951e+08  0.77%  98.8 1385s
 30331 14584 7.9951e+08   45  770 8.0571e+08 7.9951e+08  0.77%  99.0 1387s
 30344 14590 7.9951e+08   46  800 8.0571e+08 7.9951e+08  0.77%  99.2 1389s
 30357 14598 8.0030e+08   46  746 8.0571e+08 7.9951e+08  0.77%  99.4 1390s
 30371 14607 7.9951e+08   47  789 8.0571e+08 7.9951e+08  0.77%   100 1391s
 30387 14618 7.9951e+08   48  769 8.0571e+08 7.9951e+08  0.77%   100 1394s
 30404 14630 7.9951e+08   49  766 8.0571e+08 7.9951e+08  0.77%   100 1395s
 30423 14640 7.9951e+08   50  766 8.0571e+08 7.9951e+08  0.77%   100 1397s
 30441 14653 7.9951e+08   51  750 8.0571e+08 7.9951e+08  0.77%   100 1399s
 30460 14664 7.9951e+08   52  747 8.0571e+08 7.9951e+08  0.77%   101 1400s
 30480 14672 8.0173e+08   53  681 8.0571e+08 7.9951e+08  0.77%   101 1402s
 30499 14685 8.0168e+08   54  714 8.0571e+08 7.9951e+08  0.77%   101 1403s
 30522 14695 7.9951e+08   56  746 8.0571e+08 7.9951e+08  0.77%   101 1405s
 30543 14707 7.9951e+08   57  757 8.0571e+08 7.9951e+08  0.77%   101 1406s
 30564 14720 8.0198e+08   58  735 8.0571e+08 7.9951e+08  0.77%   101 1408s
 30589 14732 7.9951e+08   60  752 8.0571e+08 7.9951e+08  0.77%   102 1410s
 30611 14745 7.9951e+08   61  742 8.0571e+08 7.9951e+08  0.77%   102 1411s
 30634 14762 8.0196e+08   62  711 8.0571e+08 7.9951e+08  0.77%   102 1414s
 30664 14776 7.9951e+08   64  734 8.0571e+08 7.9951e+08  0.77%   102 1416s
 30694 14791 7.9951e+08   66  726 8.0571e+08 7.9951e+08  0.77%   102 1417s
 30728 14800 8.0159e+08   67  717 8.0571e+08 7.9951e+08  0.77%   103 1420s
 30756 14815 8.0039e+08   69  688 8.0571e+08 7.9951e+08  0.77%   103 1422s
 30784 14826 7.9951e+08   71  735 8.0571e+08 7.9951e+08  0.77%   103 1425s
 30810 14840 7.9951e+08   72  734 8.0571e+08 7.9951e+08  0.77%   103 1427s
 30836 14859 8.0210e+08   74  640 8.0571e+08 7.9951e+08  0.77%   103 1429s
 30867 14876 8.0073e+08   76  688 8.0571e+08 7.9951e+08  0.77%   104 1432s
 30900 14891 7.9951e+08   78  694 8.0571e+08 7.9951e+08  0.77%   104 1435s
 30933 14911 7.9951e+08   80  716 8.0571e+08 7.9951e+08  0.77%   104 1437s
 30971 14925 7.9951e+08   82  716 8.0571e+08 7.9951e+08  0.77%   104 1440s
 31011 14946 8.0006e+08   84  658 8.0571e+08 7.9951e+08  0.77%   105 1443s
 31052 14966 7.9951e+08   87  717 8.0571e+08 7.9951e+08  0.77%   105 1446s
 31092 14981 8.0189e+08   89  712 8.0571e+08 7.9951e+08  0.77%   105 1449s
 31131 14993 7.9951e+08   92  728 8.0571e+08 7.9951e+08  0.77%   106 1454s
 31171 15016 8.0205e+08   94  706 8.0571e+08 7.9951e+08  0.77%   106 1464s
 31214 15039 7.9951e+08   97  729 8.0571e+08 7.9951e+08  0.77%   106 1467s
 31271 15057 8.0039e+08   99  697 8.0571e+08 7.9951e+08  0.77%   107 1471s
 31319 15081 8.0131e+08  102  662 8.0571e+08 7.9951e+08  0.77%   107 1475s
 31376 15104 8.0048e+08  105  671 8.0571e+08 7.9951e+08  0.77%   107 1479s
 31431 15110 7.9951e+08  109  720 8.0571e+08 7.9951e+08  0.77%   108 1485s
 31457 15146 8.0137e+08  112  678 8.0571e+08 7.9951e+08  0.77%   108 1489s
 31523 15173 7.9964e+08  116  699 8.0571e+08 7.9951e+08  0.77%   108 1493s
 31584 15197 8.0284e+08  120  688 8.0571e+08 7.9951e+08  0.77%   109 1497s
 31645 15222 7.9951e+08  125  729 8.0571e+08 7.9951e+08  0.77%   109 1502s
 31702 15254 7.9951e+08  129  706 8.0571e+08 7.9951e+08  0.77%   110 1508s
 31764 15286 7.9951e+08  133  728 8.0571e+08 7.9951e+08  0.77%   111 1513s
 31836 15325 7.9951e+08  137  723 8.0571e+08 7.9951e+08  0.77%   111 1519s
 31910 15361 8.0009e+08  141  692 8.0571e+08 7.9951e+08  0.77%   112 1525s
 31990 15400 7.9959e+08  146  703 8.0571e+08 7.9951e+08  0.77%   113 1530s
 32073 15446 7.9960e+08  149  711 8.0571e+08 7.9951e+08  0.77%   113 1536s
 32179 15495 8.0158e+08  155  646 8.0571e+08 7.9951e+08  0.77%   114 1542s
 32281 15540 7.9974e+08  162  686 8.0571e+08 7.9951e+08  0.77%   115 1549s
 32389 15575 7.9980e+08  168  663 8.0571e+08 7.9951e+08  0.77%   116 1562s
 32488 15626 7.9986e+08  175  679 8.0571e+08 7.9951e+08  0.77%   116 1569s
 32609 15648 7.9993e+08  184  665 8.0571e+08 7.9951e+08  0.77%   117 1581s
H32639 14903                    8.056730e+08 7.9951e+08  0.77%   118 1581s
 32684 15025 8.0005e+08  192  684 8.0567e+08 7.9951e+08  0.77%   118 1589s
 32849 15137 8.0017e+08  207  717 8.0567e+08 7.9951e+08  0.77%   119 1597s
 33059 15276 8.0025e+08  218  682 8.0567e+08 7.9951e+08  0.77%   121 1605s
 33305 15402 8.0030e+08  226  709 8.0567e+08 7.9951e+08  0.77%   123 1614s
 33550 15483 8.0220e+08  238  593 8.0567e+08 7.9951e+08  0.77%   124 1623s
 33754 15570 8.0050e+08  247  659 8.0567e+08 7.9951e+08  0.77%   126 1633s
 33943 15704 8.0057e+08  260  638 8.0567e+08 7.9951e+08  0.77%   127 1642s
 34193 15759 8.0072e+08  274  651 8.0567e+08 7.9951e+08  0.77%   129 1652s
 34414 15899 8.0397e+08  288  571 8.0567e+08 7.9951e+08  0.77%   130 1662s
 34738 15960 8.0087e+08  302  654 8.0567e+08 7.9951e+08  0.77%   132 1671s
 35009 16015 8.0146e+08  302  640 8.0567e+08 7.9951e+08  0.77%   133 1680s
 35241 16155 8.0309e+08  311  610 8.0567e+08 7.9951e+08  0.77%   134 1693s
 35601 16273 8.0207e+08  339  656 8.0567e+08 7.9951e+08  0.77%   136 2161s
 35991 16386 8.0127e+08  362  655 8.0567e+08 7.9951e+08  0.77%   138 2275s
 36442 16241 8.0139e+08  377  651 8.0567e+08 7.9951e+08  0.77%   139 4779s
H36443 15442                    8.055059e+08 7.9951e+08  0.74%   139 4779s
H36444 14463                    8.051266e+08 7.9951e+08  0.70%   139 4779s
H36448 13468                    8.047990e+08 7.9951e+08  0.66%   139 4779s
 36452 13674 8.0476e+08  377  590 8.0480e+08 7.9951e+08  0.66%   139 5809s
 37028 13624 infeasible  403      8.0480e+08 7.9951e+08  0.66%   141 7795s
 37327 13958 8.0455e+08  420  557 8.0480e+08 7.9951e+08  0.66%   142 8950s
 38027 14314 8.0198e+08  447  620 8.0480e+08 7.9951e+08  0.66%   142 9206s
 38839 14821 8.0207e+08  471  551 8.0480e+08 7.9951e+08  0.66%   142 9266s
 39765 15262 8.0219e+08  499  554 8.0480e+08 7.9951e+08  0.66%   141 9287s
 40680 15722 8.0372e+08  535  514 8.0480e+08 7.9951e+08  0.66%   141 9318s
 41666 15889 8.0265e+08  572  544 8.0480e+08 7.9951e+08  0.66%   140 9363s
 42443 16294 8.0444e+08  606  502 8.0480e+08 7.9951e+08  0.66%   140 9390s
 43359 16986 8.0354e+08  651  527 8.0480e+08 7.9951e+08  0.66%   140 9403s
 44501 17700 8.0372e+08  694  549 8.0480e+08 7.9951e+08  0.66%   138 9416s
 45846 18211 8.0396e+08  733  527 8.0480e+08 7.9951e+08  0.66%   137 9625s
 46638 17947 8.0433e+08  781  508 8.0480e+08 7.9951e+08  0.66%   136 9626s
 47359 18119 8.0438e+08  830  501 8.0480e+08 7.9951e+08  0.66%   136 9708s
 47976 17913 8.0328e+08  132  622 8.0480e+08 7.9951e+08  0.66%   135 9709s
 48010 18383 8.0456e+08  870  499 8.0480e+08 7.9951e+08  0.66%   135 9755s
 48677 18723 8.0476e+08  911  481 8.0480e+08 7.9951e+08  0.66%   135 10829s
 49352 19224 8.0157e+08  101  669 8.0480e+08 7.9951e+08  0.66%   135 12192s
 50141 19424 8.0322e+08  167  625 8.0480e+08 7.9951e+08  0.66%   134 12617s
 50742 19482 8.0358e+08  233  573 8.0480e+08 7.9951e+08  0.66%   134 13201s
 51222 19577 8.0389e+08  295  519 8.0480e+08 7.9951e+08  0.66%   134 13213s
 51554 20168 8.0418e+08  339  535 8.0480e+08 7.9951e+08  0.66%   134 13422s
 52357 20739     cutoff  454      8.0480e+08 7.9951e+08  0.66%   134 13436s
 53231 20451 8.0146e+08  184  575 8.0480e+08 7.9951e+08  0.66%   133 14804s
H53232 19858                    8.047989e+08 7.9951e+08  0.66%   133 14804s
H53233 19295                    8.047989e+08 7.9951e+08  0.66%   133 14804s
H53234 18759                    8.047989e+08 7.9951e+08  0.66%   133 14804s
 53239 19520 8.0147e+08  185  573 8.0480e+08 7.9951e+08  0.66%   133 14817s
 54115 19965 8.0232e+08  348  495 8.0480e+08 7.9951e+08  0.66%   132 15919s
 54939 19693 8.0308e+08  566  499 8.0480e+08 7.9951e+08  0.66%   132 17752s
H54940 19185                    8.047989e+08 7.9951e+08  0.66%   132 17752s
 54950 20010 8.0308e+08  567  499 8.0480e+08 7.9951e+08  0.66%   132 18010s
 55894 20287 8.0360e+08  727  416 8.0480e+08 7.9951e+08  0.66%   131 18026s
 56590 20914 8.0385e+08  855  364 8.0480e+08 7.9951e+08  0.66%   131 18043s
 57560 20597 8.0411e+08  980  365 8.0480e+08 7.9951e+08  0.66%   130 18080s
H57566 20112                    8.047989e+08 7.9951e+08  0.66%   130 18080s
 57568 21014 8.0411e+08  981  363 8.0480e+08 7.9951e+08  0.66%   130 18092s
 58476 20998 8.0398e+08  635  509 8.0480e+08 7.9951e+08  0.66%   129 18093s
 58648 21990 8.0428e+08 1133  287 8.0480e+08 7.9951e+08  0.66%   129 18104s
 59783 22910 8.0439e+08 1303  245 8.0480e+08 7.9951e+08  0.66%   128 18121s
 60841 24137 8.0457e+08 1440  228 8.0480e+08 7.9951e+08  0.66%   127 18145s
 62347 24503 8.0470e+08 1659  162 8.0480e+08 7.9951e+08  0.66%   126 18156s
 62838 25342 8.0473e+08 1753  142 8.0480e+08 7.9951e+08  0.66%   125 18168s
 63882 25985 8.0477e+08 1857  106 8.0480e+08 7.9951e+08  0.66%   125 18185s
 64783 26226 8.0459e+08  103  683 8.0480e+08 7.9951e+08  0.66%   124 18199s
 65131 26545 8.0469e+08  113  648 8.0480e+08 7.9951e+08  0.66%   124 18213s
 65562 26545 8.0411e+08  134  623 8.0480e+08 7.9951e+08  0.66%   125 18214s
 65619 27027 8.0431e+08  114  592 8.0480e+08 7.9951e+08  0.66%   125 18228s
 66274 27522 8.0423e+08   92  652 8.0480e+08 7.9951e+08  0.66%   126 18244s
 66938 28064 8.0156e+08  109  665 8.0480e+08 7.9951e+08  0.66%   126 18259s
 67636 28474 8.0170e+08  128  673 8.0480e+08 7.9951e+08  0.66%   127 18276s
 68249 28891     cutoff  144      8.0480e+08 7.9951e+08  0.66%   127 18292s
 68862 29254 8.0190e+08  160  621 8.0480e+08 7.9951e+08  0.66%   128 18306s
 69469 29850 8.0204e+08  172  604 8.0480e+08 7.9951e+08  0.66%   129 18321s
 70345 30400 8.0219e+08  192  580 8.0480e+08 7.9951e+08  0.66%   129 18335s
 71063 31359 8.0242e+08  220  589 8.0480e+08 7.9951e+08  0.66%   130 18350s
 72077 32134 8.0253e+08  247  588 8.0480e+08 7.9951e+08  0.66%   129 18363s
 72888 33172     cutoff  268      8.0480e+08 7.9951e+08  0.66%   129 18377s
 74049 34011 8.0280e+08  298  528 8.0480e+08 7.9951e+08  0.66%   128 18390s
 75027 35064     cutoff  329      8.0480e+08 7.9951e+08  0.66%   128 18404s
 76166 36078 8.0304e+08  350  566 8.0480e+08 7.9951e+08  0.66%   127 18426s
 77435 36728 8.0340e+08  410  517 8.0480e+08 7.9951e+08  0.66%   127 18439s
 78316 37442 8.0356e+08  441  530 8.0480e+08 7.9951e+08  0.66%   127 18450s
 79126 38282 8.0373e+08  472  515 8.0480e+08 7.9951e+08  0.66%   127 18459s
 80134 38943 8.0392e+08  516  532 8.0480e+08 7.9951e+08  0.66%   127 18471s
 80944 39621 8.0405e+08  545  470 8.0480e+08 7.9951e+08  0.66%   126 18482s
 81901 39844 8.0421e+08  583  484 8.0480e+08 7.9951e+08  0.66%   126 18491s
 82331 40511 8.0428e+08  628  352 8.0480e+08 7.9951e+08  0.66%   126 18503s
 83121 41298 8.0128e+08  146  656 8.0480e+08 7.9951e+08  0.66%   126 18514s
 83998 42157 8.0207e+08  272  553 8.0480e+08 7.9951e+08  0.66%   125 18527s
 84981 42903 8.0306e+08  456  499 8.0480e+08 7.9951e+08  0.66%   125 18540s
 85815 43350 8.0444e+08  656  454 8.0480e+08 7.9951e+08  0.66%   124 18552s
 86341 44256 8.0229e+08   96  709 8.0480e+08 7.9951e+08  0.66%   124 18563s
 87337 45128 8.0301e+08  197  623 8.0480e+08 7.9951e+08  0.66%   124 18575s
 88309 46040 8.0397e+08  347  513 8.0480e+08 7.9951e+08  0.66%   123 18585s
 89303 46762 8.0155e+08  133  688 8.0480e+08 7.9951e+08  0.66%   123 18596s
 90175 47521 8.0265e+08  257  546 8.0480e+08 7.9951e+08  0.66%   122 18607s
 91094 48292 8.0370e+08  440  494 8.0480e+08 7.9951e+08  0.66%   122 18627s
 92011 49650 8.0157e+08  121  655 8.0480e+08 7.9951e+08  0.66%   122 18645s
 93460 50816 8.0301e+08  340  579 8.0480e+08 7.9951e+08  0.66%   122 18657s
 94669 51775 8.0456e+08  550  475 8.0480e+08 7.9951e+08  0.66%   121 18667s
 95685 52671 8.0001e+08  123  648 8.0480e+08 7.9951e+08  0.66%   120 18678s
 96693 53638 8.0094e+08  250  596 8.0480e+08 7.9951e+08  0.66%   120 18687s
 97733 54601 8.0192e+08  422  548 8.0480e+08 7.9951e+08  0.66%   119 18696s
 98733 55562 8.0340e+08  595  489 8.0480e+08 7.9951e+08  0.66%   119 18705s
 99762 56167 8.0425e+08  749  510 8.0480e+08 7.9951e+08  0.66%   118 18714s
 100546 56432 8.0251e+08  105  713 8.0480e+08 7.9951e+08  0.66%   118 18724s
 100979 56644 8.0271e+08  118  661 8.0480e+08 7.9951e+08  0.66%   118 18735s
 101394 56827 8.0285e+08  137  678 8.0480e+08 7.9951e+08  0.66%   119 18747s
 101786 57052 8.0299e+08  153  689 8.0480e+08 7.9951e+08  0.66%   119 18757s
 102219 57333 8.0304e+08  161  658 8.0480e+08 7.9951e+08  0.66%   120 18772s
 102580 57333     cutoff  188      8.0480e+08 7.9951e+08  0.66%   120 18773s
 102623 57421 8.0316e+08  171  635 8.0480e+08 7.9951e+08  0.66%   120 18784s
 102805 57710 8.0326e+08  179  652 8.0480e+08 7.9951e+08  0.66%   121 18796s
 103285 57991 8.0334e+08  197  646 8.0480e+08 7.9951e+08  0.66%   121 18808s
 103810 58449 8.0347e+08  215  635 8.0480e+08 7.9951e+08  0.66%   122 18822s
 104461 58845 8.0472e+08  250  606 8.0480e+08 7.9951e+08  0.66%   122 18829s

Cutting planes:
  Gomory: 55
  Lift-and-project: 3
  MIR: 173
  Mixing: 21
  Flow cover: 1992
  Relax-and-lift: 2

Explored 104935 nodes (12925143 simplex iterations) in 18829.37 seconds (4077.33 work units)
Thread count was 8 (of 8 available processors)

Solution count 10: 8.04799e+08 8.05127e+08 8.05506e+08 ... 8.08549e+08

Solve interrupted
Best objective 8.047988838324e+08, best bound 7.995051790160e+08, gap 0.6578%

Gurobi 11.0.3 (mac64[arm]) logging started Mon Dec  8 21:31:17 2025

Set parameter LogFile to value "unknown.gurobi.log"
Set parameter DisplayInterval to value 1
Gurobi Optimizer version 11.0.3 build v11.0.3rc0 (mac64[arm] - Darwin 24.6.0 24G90)

CPU model: Apple M1 Pro
Thread count: 8 physical cores, 8 logical processors, using up to 8 threads

Optimize a model with 286294 rows, 268345 columns and 723703 nonzeros
Model fingerprint: 0xe13bf02b
Variable types: 250273 continuous, 18072 integer (18072 binary)
Coefficient statistics:
  Matrix range     [5e-03, 5e+07]
  Objective range  [3e-04, 5e+05]
  Bounds range     [1e+00, 1e+00]
  RHS range        [9e-02, 1e+07]
Found heuristic solution: objective 1.742968e+12
Presolve removed 232158 rows and 179324 columns
Presolve time: 0.56s
Presolved: 54136 rows, 89021 columns, 234386 nonzeros
Variable types: 75467 continuous, 13554 integer (13554 binary)
Root barrier log...

Ordering time: 0.17s

Barrier statistics:
 AA' NZ     : 9.632e+04
 Factor NZ  : 9.413e+05 (roughly 50 MB of memory)
 Factor Ops : 1.024e+08 (less than 1 second per iteration)
 Threads    : 8

                  Objective                Residual
Iter       Primal          Dual         Primal    Dual     Compl     Time
   0  -1.42454747e+14 -1.44436661e+16  4.88e+06 3.29e+05  1.25e+12     1s
   1  -1.46835427e+13 -7.20714715e+15  1.01e+06 5.03e+05  2.50e+11     1s
   2  -5.85991063e+12 -1.63602240e+15  3.93e+05 7.87e+04  7.05e+10     1s
   3   5.69160167e+11 -1.96385390e+14  6.41e+03 3.50e+03  3.25e+09     1s
   4   4.45110474e+11 -3.22195876e+13  2.32e+02 1.43e+02  3.16e+08     1s
   5   3.67269584e+11 -4.16006695e+12  3.40e+00 6.52e+00  3.80e+07     1s
   6   2.14850619e+11 -1.10403177e+12  1.11e+00 1.77e+00  1.09e+07     1s
   7   9.28226980e+10 -2.70324810e+11  2.58e-01 1.79e-01  2.93e+06     1s
   8   3.52600637e+10 -2.42208812e+10  1.88e-02 1.70e-01  4.68e+05     1s
   9   2.52807759e+10 -9.76636926e+09  5.77e-03 8.78e-02  2.73e+05     1s
  10   2.05284890e+10 -1.04023799e+10  3.87e-03 7.56e-02  2.41e+05     1s
  11   1.90941544e+10 -7.80796345e+09  3.50e-03 8.34e-02  2.09e+05     1s
  12   1.71500122e+10 -6.85808313e+09  3.04e-03 5.91e-02  1.87e+05     1s
  13   1.42635151e+10 -5.48320850e+09  2.44e-03 4.52e-02  1.54e+05     1s
  14   1.12317147e+10 -4.85713073e+09  1.87e-03 9.48e-03  1.25e+05     1s
  15   9.25938069e+09 -2.95026801e+09  1.49e-03 2.79e-02  9.49e+04     1s
  16   7.01946337e+09 -1.71558147e+09  1.09e-03 3.51e-03  6.79e+04     1s
  17   4.29420714e+09 -6.74531339e+08  6.49e-04 1.56e-03  3.87e+04     1s
  18   2.40347626e+09 -1.33137577e+08  3.02e-04 6.29e-04  1.97e+04     1s
  19   1.52312104e+09  2.26658907e+08  1.40e-04 1.83e-04  1.01e+04     1s
  20   1.17958549e+09  5.58806626e+08  6.24e-05 2.02e-09  4.83e+03     1s
  21   1.10390022e+09  5.82808574e+08  4.92e-05 2.46e-09  4.05e+03     1s
  22   1.06472480e+09  6.19132867e+08  4.26e-05 2.76e-09  3.47e+03     1s
  23   1.03748187e+09  6.34567237e+08  3.81e-05 3.24e-09  3.13e+03     1s
  24   1.00979898e+09  6.47174664e+08  3.36e-05 3.28e-09  2.82e+03     1s
  25   9.60074578e+08  6.66394546e+08  2.56e-05 3.87e-09  2.28e+03     1s
  26   9.26823584e+08  6.80618296e+08  2.03e-05 4.09e-09  1.91e+03     1s
  27   9.01875682e+08  6.93574750e+08  1.63e-05 3.80e-09  1.62e+03     1s
  28   8.92326568e+08  7.06887698e+08  1.47e-05 3.92e-09  1.44e+03     1s
  29   8.84889387e+08  7.22121636e+08  1.36e-05 3.71e-09  1.27e+03     1s
  30   8.71141998e+08  7.32057664e+08  1.13e-05 4.00e-09  1.08e+03     1s
  31   8.62398612e+08  7.37909205e+08  9.94e-06 3.88e-09  9.68e+02     1s
  32   8.52562210e+08  7.48665691e+08  8.51e-06 3.46e-09  8.08e+02     1s
  33   8.48112142e+08  7.51479846e+08  7.87e-06 3.75e-09  7.51e+02     1s
  34   8.43782682e+08  7.57134279e+08  7.27e-06 3.95e-09  6.74e+02     1s
  35   8.39146148e+08  7.61926109e+08  6.65e-06 3.92e-09  6.01e+02     1s
  36   8.37583542e+08  7.63765876e+08  6.44e-06 4.78e-09  5.74e+02     2s
  37   8.30401665e+08  7.67281612e+08  5.50e-06 5.22e-09  4.91e+02     2s
  38   8.26672943e+08  7.69403031e+08  4.99e-06 4.40e-09  4.46e+02     2s
  39   8.19338818e+08  7.70757194e+08  4.02e-06 4.16e-09  3.78e+02     2s
  40   8.16881525e+08  7.74553520e+08  3.68e-06 4.67e-09  3.29e+02     2s
  41   8.13123012e+08  7.75582476e+08  3.20e-06 4.70e-09  2.92e+02     2s
  42   8.08270789e+08  7.77052957e+08  2.58e-06 4.37e-09  2.43e+02     2s
  43   8.06178120e+08  7.78636064e+08  2.29e-06 3.72e-09  2.14e+02     2s
  44   8.02341568e+08  7.79909021e+08  1.80e-06 4.82e-09  1.75e+02     2s
  45   8.00712559e+08  7.80735747e+08  1.59e-06 5.14e-09  1.55e+02     2s
  46   7.99936771e+08  7.81893178e+08  1.49e-06 4.41e-09  1.40e+02     2s
  47   7.99105161e+08  7.82303682e+08  1.37e-06 4.37e-09  1.31e+02     2s

Barrier solved model in 47 iterations and 1.68 seconds (1.96 work units)
Optimal objective 7.99105161e+08


Root crossover log...

       0 DPushes remaining with DInf 0.0000000e+00                 2s

   73208 PPushes remaining with PInf 7.1709252e-03                 2s
   39761 PPushes remaining with PInf 0.0000000e+00                 2s
       0 PPushes remaining with PInf 0.0000000e+00                 2s

  Push phase complete: Pinf 0.0000000e+00, Dinf 1.5771227e+07      2s


Root simplex log...

Iteration    Objective       Primal Inf.    Dual Inf.      Time
   92055    7.8907325e+08   0.000000e+00   1.577123e+07      2s
  105812    7.8895140e+08   0.000000e+00   0.000000e+00      3s
  110330    7.8895140e+08   0.000000e+00   0.000000e+00      3s
Extra simplex iterations after uncrush: 4518

Root relaxation: objective 7.889514e+08, 110330 iterations, 2.16 seconds (2.98 work units)

    Nodes    |    Current Node    |     Objective Bounds      |     Work
 Expl Unexpl |  Obj  Depth IntInf | Incumbent    BestBd   Gap | It/Node Time

     0     0 7.8895e+08    0  208 1.7430e+12 7.8895e+08   100%     -    3s
H    0     0                    1.342437e+09 7.8895e+08  41.2%     -    4s
H    0     0                    1.332028e+09 7.8895e+08  40.8%     -    4s
     0     0 7.9199e+08    0  208 1.3320e+09 7.9199e+08  40.5%     -    4s
H    0     0                    8.156550e+08 7.9212e+08  2.88%     -    6s
     0     0 7.9267e+08    0  232 8.1566e+08 7.9267e+08  2.82%     -    7s
     0     0 7.9284e+08    0  227 8.1566e+08 7.9284e+08  2.80%     -    7s
     0     0 7.9335e+08    0  261 8.1566e+08 7.9335e+08  2.73%     -    7s
     0     0 7.9354e+08    0  257 8.1566e+08 7.9354e+08  2.71%     -    8s
     0     0 7.9365e+08    0  264 8.1566e+08 7.9365e+08  2.70%     -    8s
     0     0 7.9369e+08    0  268 8.1566e+08 7.9369e+08  2.69%     -    8s
     0     0 7.9369e+08    0  266 8.1566e+08 7.9369e+08  2.69%     -    8s
     0     0 7.9392e+08    0  308 8.1566e+08 7.9392e+08  2.66%     -    9s
     0     0 7.9396e+08    0  310 8.1566e+08 7.9396e+08  2.66%     -    9s
     0     0 7.9396e+08    0  312 8.1566e+08 7.9396e+08  2.66%     -    9s
     0     0 7.9396e+08    0  312 8.1566e+08 7.9396e+08  2.66%     -    9s
     0     0 7.9416e+08    0  277 8.1566e+08 7.9416e+08  2.64%     -    9s
     0     0 7.9430e+08    0  280 8.1566e+08 7.9430e+08  2.62%     -    9s
     0     0 7.9436e+08    0  263 8.1566e+08 7.9436e+08  2.61%     -   10s
     0     0 7.9440e+08    0  258 8.1566e+08 7.9440e+08  2.61%     -   10s
     0     0 7.9440e+08    0  267 8.1566e+08 7.9440e+08  2.61%     -   10s
     0     0 7.9450e+08    0  225 8.1566e+08 7.9450e+08  2.59%     -   10s
     0     0 7.9459e+08    0  235 8.1566e+08 7.9459e+08  2.58%     -   10s
     0     0 7.9460e+08    0  243 8.1566e+08 7.9460e+08  2.58%     -   10s
     0     0 7.9463e+08    0  223 8.1566e+08 7.9463e+08  2.58%     -   10s
     0     0 7.9463e+08    0  216 8.1566e+08 7.9463e+08  2.58%     -   11s
     0     0 7.9463e+08    0  220 8.1566e+08 7.9463e+08  2.58%     -   11s
     0     0 7.9467e+08    0  227 8.1566e+08 7.9467e+08  2.57%     -   11s
     0     0 7.9475e+08    0  227 8.1566e+08 7.9475e+08  2.56%     -   11s
     0     0 7.9475e+08    0  227 8.1566e+08 7.9475e+08  2.56%     -   12s
     0     0 7.9481e+08    0  227 8.1566e+08 7.9481e+08  2.56%     -   12s
     0     0 7.9483e+08    0  225 8.1566e+08 7.9483e+08  2.55%     -   12s
     0     0 7.9483e+08    0  227 8.1566e+08 7.9483e+08  2.55%     -   12s
     0     0 7.9483e+08    0  229 8.1566e+08 7.9483e+08  2.55%     -   12s
     0     0 7.9488e+08    0  220 8.1566e+08 7.9488e+08  2.55%     -   12s
     0     0 7.9488e+08    0  218 8.1566e+08 7.9488e+08  2.55%     -   13s
     0     0 7.9488e+08    0  214 8.1566e+08 7.9488e+08  2.55%     -   23s
     0     0 7.9488e+08    0  218 8.1566e+08 7.9488e+08  2.55%     -   23s
     0     0 7.9488e+08    0  218 8.1566e+08 7.9488e+08  2.55%     -   23s
     0     2 7.9488e+08    0  218 8.1566e+08 7.9488e+08  2.55%     -   25s
     1     4 7.9488e+08    1  218 8.1566e+08 7.9488e+08  2.55%   1.0   26s
    31    40 7.9511e+08    6  228 8.1566e+08 7.9500e+08  2.53%  56.6   28s
H   32    40                    8.136349e+08 7.9500e+08  2.29%  54.8   28s
H   33    40                    8.114674e+08 7.9500e+08  2.03%  53.2   28s
    63    72 7.9525e+08   10  242 8.1147e+08 7.9500e+08  2.03%  32.1   29s
   132   141 7.9539e+08   20  246 8.1147e+08 7.9500e+08  2.03%  18.6   30s
   201   218 7.9553e+08   28  245 8.1147e+08 7.9500e+08  2.03%  14.4   31s
   300   345 7.9603e+08   42  239 8.1147e+08 7.9500e+08  2.03%  11.3   32s
   486   532 7.9669e+08   76  239 8.1147e+08 7.9500e+08  2.03%   8.8   33s
   710   775 7.9711e+08   99  241 8.1147e+08 7.9500e+08  2.03%   8.1   34s
   936   992 7.9772e+08  142  243 8.1147e+08 7.9500e+08  2.03%   7.6   35s
  1043  1078 7.9793e+08  157  243 8.1147e+08 7.9500e+08  2.03%   7.5   41s
  1077  1094 7.9799e+08  161  249 8.1147e+08 7.9500e+08  2.03%   7.6   44s
H 1078  1094                    8.114024e+08 7.9500e+08  2.02%   7.6   44s
H 1079  1094                    8.096726e+08 7.9500e+08  1.81%   7.6   44s
H 1080  1094                    8.087881e+08 7.9500e+08  1.71%   7.6   44s
  1172  1231 7.9812e+08  174  245 8.0879e+08 7.9500e+08  1.71%   7.4   45s
  1354  1439 7.9848e+08  195  246 8.0879e+08 7.9500e+08  1.71%   7.3   46s
  1525  1630 7.9865e+08  210  249 8.0879e+08 7.9500e+08  1.71%   7.2   47s
  1731  1840 7.9898e+08  234  250 8.0879e+08 7.9500e+08  1.71%   7.1   48s
  1840  1938 7.9912e+08  247  249 8.0879e+08 7.9500e+08  1.71%   7.0   49s
  2036  2168 7.9939e+08  262  261 8.0879e+08 7.9500e+08  1.71%   6.9   50s
  2310  2466 7.9988e+08  306  255 8.0879e+08 7.9500e+08  1.71%   6.8   51s
  2467  2652 8.0007e+08  328  257 8.0879e+08 7.9500e+08  1.71%   6.6   52s
  2848  3019 8.0071e+08  389  251 8.0879e+08 7.9500e+08  1.71%   6.3   53s
  3023  3168 8.0086e+08  412  254 8.0879e+08 7.9500e+08  1.71%   6.1   54s
  3359  3533 8.0132e+08  457  255 8.0879e+08 7.9500e+08  1.71%   6.4   55s
  3540  3711 8.0160e+08  485  253 8.0879e+08 7.9500e+08  1.71%   6.7   56s
  3720  3929 8.0175e+08  513  248 8.0879e+08 7.9500e+08  1.71%   6.8   57s
  3940  3945 8.0195e+08  550  234 8.0879e+08 7.9500e+08  1.71%   6.7   73s
H 3941  3841                    8.064953e+08 7.9500e+08  1.43%   6.7   73s
  3956  4064 8.0196e+08  552  235 8.0650e+08 7.9500e+08  1.43%   6.7   74s
H 4197  4068                    8.060733e+08 7.9500e+08  1.37%   6.7   79s
  4293  4276 8.0239e+08  586  236 8.0607e+08 7.9500e+08  1.37%   6.6   80s
  4529  4514 8.0261e+08  612  238 8.0607e+08 7.9500e+08  1.37%   6.6   81s
  4785  4796 8.0278e+08  633  242 8.0607e+08 7.9500e+08  1.37%   6.6   82s
  5081  5103 8.0299e+08  662  242 8.0607e+08 7.9500e+08  1.37%   6.5   83s
  5399  5414 8.0326e+08  691  233 8.0607e+08 7.9500e+08  1.37%   6.4   84s
  5721  5727 8.0371e+08  729  237 8.0607e+08 7.9500e+08  1.37%   6.4   85s
  6068  6090 8.0408e+08  767  232 8.0607e+08 7.9500e+08  1.37%   6.3   86s
  6457  6443 8.0436e+08  809  232 8.0607e+08 7.9500e+08  1.37%   6.2   88s
  6837  6851 8.0476e+08  871  221 8.0607e+08 7.9500e+08  1.37%   6.3   89s
  7269  6852 8.0150e+08  453  218 8.0607e+08 7.9500e+08  1.37%   6.2  127s
  7271  6853 8.0455e+08  146  208 8.0607e+08 7.9500e+08  1.37%   6.2  131s
  7272  6854 8.0046e+08   72  216 8.0607e+08 7.9500e+08  1.37%   6.2  132s
  7274  6855 8.0364e+08  194  275 8.0607e+08 7.9500e+08  1.37%   6.2  133s
  7279  6859 8.0181e+08  216  436 8.0607e+08 7.9503e+08  1.37%   6.2  134s
  7283  6861 8.0315e+08  398  393 8.0607e+08 7.9522e+08  1.35%   6.2  135s
  7284  6862 8.0455e+08  113  364 8.0607e+08 7.9557e+08  1.30%   6.2  136s
  7289  6865 7.9906e+08   96  439 8.0607e+08 7.9586e+08  1.27%   6.2  137s
  7293  6868 8.0342e+08  677  404 8.0607e+08 7.9602e+08  1.25%   6.2  138s
  7296  6870 7.9922e+08   32  510 8.0607e+08 7.9622e+08  1.22%   6.2  139s
  7299  6872 8.0096e+08  304  462 8.0607e+08 7.9636e+08  1.20%   6.2  140s
  7303  6875 7.9997e+08   57  524 8.0607e+08 7.9653e+08  1.18%   6.2  141s
  7308  6878 8.0231e+08  579  525 8.0607e+08 7.9664e+08  1.17%   6.2  142s
  7309  6879 8.0102e+08  264  536 8.0607e+08 7.9677e+08  1.15%   6.2  143s
  7315  6883 8.0191e+08  399  648 8.0607e+08 7.9691e+08  1.14%   6.2  144s
H 7315  6538                    8.060733e+08 7.9696e+08  1.13%   6.2  144s
  7317  6539 8.0034e+08  281  658 8.0607e+08 7.9699e+08  1.13%   6.2  145s
  7321  6542 8.0042e+08  282  656 8.0607e+08 7.9707e+08  1.12%   6.2  148s
  7327  6546 7.9716e+08   11  668 8.0607e+08 7.9716e+08  1.11%   6.2  150s
  7333  6550 8.0411e+08  829  675 8.0607e+08 7.9725e+08  1.09%   6.2  151s
  7335  6551 8.0429e+08  377  686 8.0607e+08 7.9727e+08  1.09%   6.2  152s
  7339  6554 8.0247e+08  539  700 8.0607e+08 7.9733e+08  1.08%   6.2  153s
  7343  6556 8.0452e+08  821  710 8.0607e+08 7.9737e+08  1.08%   6.2  154s
  7344  6557 8.0084e+08  373  748 8.0607e+08 7.9743e+08  1.07%   6.2  155s
  7350  6561 8.0015e+08  268  691 8.0607e+08 7.9749e+08  1.06%   6.2  157s
  7356  6565 7.9916e+08   77  716 8.0607e+08 7.9753e+08  1.06%   6.2  158s
  7357  6566 8.0016e+08  202  758 8.0607e+08 7.9753e+08  1.06%   6.2  159s
  7360  6568 8.0390e+08  753  780 8.0607e+08 7.9757e+08  1.06%   6.1  160s
  7364  6570 8.0389e+08  345  715 8.0607e+08 7.9759e+08  1.05%   6.1  161s
  7367  6572 8.0051e+08  186  785 8.0607e+08 7.9759e+08  1.05%   6.1  162s
  7368  6573 7.9876e+08   13  812 8.0607e+08 7.9763e+08  1.05%   6.1  163s
  7372  6576 8.0046e+08   72  741 8.0607e+08 7.9763e+08  1.05%   6.1  164s
  7374  6577 8.0364e+08  194  758 8.0607e+08 7.9763e+08  1.05%   6.1  165s
  7376  6578 8.0245e+08  214  754 8.0607e+08 7.9763e+08  1.05%   6.1  166s
  7378  6580 8.0518e+08  621  715 8.0607e+08 7.9764e+08  1.05%   6.1  167s
  7382  6582 8.0572e+08  489  731 8.0607e+08 7.9766e+08  1.04%   6.1  168s
  7387  6586 8.0483e+08  932  761 8.0607e+08 7.9768e+08  1.04%   6.1  169s
  7389  6587 7.9906e+08   96  795 8.0607e+08 7.9768e+08  1.04%   6.1  170s
  7392  6589 8.0451e+08  898  698 8.0607e+08 7.9772e+08  1.04%   6.1  171s
  7393  6590 8.0342e+08  677  703 8.0607e+08 7.9772e+08  1.04%   6.1  172s
  7396  6592 7.9922e+08   32  737 8.0607e+08 7.9773e+08  1.03%   6.1  173s
  7399  6594 8.0096e+08  304  737 8.0607e+08 7.9775e+08  1.03%   6.1  174s
  7401  6595 8.0500e+08  443  748 8.0607e+08 7.9778e+08  1.03%   6.1  175s
  7402  6596 8.0452e+08  821  718 8.0607e+08 7.9779e+08  1.03%   6.1  176s
  7405  6598 8.0191e+08  542  718 8.0607e+08 7.9783e+08  1.02%   6.1  177s
  7408  6600 8.0231e+08  579  760 8.0607e+08 7.9790e+08  1.01%   6.1  178s
  7409  6600 8.0102e+08  264  754 8.0607e+08 7.9790e+08  1.01%   6.1  179s
  7412  6602 8.0018e+08   20  776 8.0607e+08 7.9793e+08  1.01%   6.1  180s
  7415  6604 8.0191e+08  399  767 8.0607e+08 7.9793e+08  1.01%   6.1  182s
  7417  6606 8.0034e+08  281  757 8.0607e+08 7.9800e+08  1.00%   6.1  183s
  7422  6610 8.0170e+08  173  208 8.0607e+08 7.9800e+08  1.00%  23.5  186s
  7423  6611 7.9800e+08   67  243 8.0607e+08 7.9800e+08  1.00%  23.5  188s
  7427  6614 7.9800e+08   11  606 8.0607e+08 7.9800e+08  1.00%  23.5  189s
  7433  6618 8.0411e+08  829  760 8.0607e+08 7.9800e+08  1.00%  23.5  190s
  7434  6618 7.9800e+08    9  751 8.0607e+08 7.9800e+08  1.00%  23.5  193s
  7438  6621 8.0297e+08   86  754 8.0607e+08 7.9800e+08  1.00%  23.5  194s
  7439  6622 8.0247e+08  539  744 8.0607e+08 7.9800e+08  1.00%  23.5  195s
  7440  6622 8.0040e+08   76  749 8.0607e+08 7.9800e+08  1.00%  23.5  196s
  7442  6624 7.9886e+08  160  741 8.0607e+08 7.9800e+08  1.00%  23.5  197s
  7444  6625 8.0084e+08  373  724 8.0607e+08 7.9800e+08  1.00%  23.5  198s
  7447  6627 8.0136e+08  459  719 8.0607e+08 7.9800e+08  1.00%  23.4  199s
  7448  6628 8.0321e+08  110  711 8.0607e+08 7.9800e+08  1.00%  23.4  200s
  7450  6629 8.0015e+08  268  727 8.0607e+08 7.9800e+08  1.00%  23.4  205s
  7451  6630 8.0298e+08  249  727 8.0607e+08 7.9800e+08  1.00%  23.4  208s
  7454  6637 7.9800e+08   26  723 8.0607e+08 7.9800e+08  1.00%  39.6  209s
  7458  6643 7.9800e+08   27  714 8.0607e+08 7.9800e+08  1.00%  39.7  210s
  7474  6654 7.9995e+08   28  585 8.0607e+08 7.9800e+08  1.00%  40.7  211s
  7482  6659 7.9800e+08   29  702 8.0607e+08 7.9800e+08  1.00%  40.9  214s
  7498  6670 7.9800e+08   30  691 8.0607e+08 7.9800e+08  1.00%  41.1  215s
  7523  6687 8.0016e+08   31  618 8.0607e+08 7.9800e+08  1.00%  41.6  216s
  7531  6692 7.9800e+08   32  684 8.0607e+08 7.9800e+08  1.00%  42.3  217s
  7539  6697 7.9992e+08   32  616 8.0607e+08 7.9800e+08  1.00%  42.4  218s
  7559  6714 8.0090e+08   33  637 8.0607e+08 7.9800e+08  1.00%  44.2  219s
  7571  6720 7.9800e+08   34  698 8.0607e+08 7.9800e+08  1.00%  44.7  220s
  7584  6725 7.9800e+08   35  687 8.0607e+08 7.9800e+08  1.00%  45.0  221s
  7611  6742 7.9800e+08   37  682 8.0607e+08 7.9800e+08  1.00%  46.1  222s
  7625  6750 7.9800e+08   38  669 8.0607e+08 7.9800e+08  1.00%  46.5  223s
  7640  6762 7.9800e+08   39  675 8.0607e+08 7.9800e+08  1.00%  46.9  224s
  7658  6770 7.9800e+08   40  656 8.0607e+08 7.9800e+08  1.00%  47.3  225s
  7673  6777 7.9800e+08   41  658 8.0607e+08 7.9800e+08  1.00%  47.9  226s
  7702  6797 7.9800e+08   43  662 8.0607e+08 7.9800e+08  1.00%  48.7  227s
  7718  6810 7.9801e+08   44  666 8.0607e+08 7.9801e+08  1.00%  49.1  228s
  7736  6822 7.9802e+08   45  660 8.0607e+08 7.9802e+08  1.00%  49.9  229s
  7756  6834 7.9803e+08   46  657 8.0607e+08 7.9803e+08  1.00%  50.5  230s
  7776  6843 7.9836e+08   47  640 8.0607e+08 7.9803e+08  1.00%  51.1  231s
  7795  6845 7.9803e+08   49  632 8.0607e+08 7.9803e+08  1.00%  51.6  233s
  7803  6863 8.0130e+08   49  585 8.0607e+08 7.9804e+08  1.00%  51.8  234s
  7826  6878 8.0168e+08   50  579 8.0607e+08 7.9804e+08  1.00%  52.4  235s
  7850  6891 7.9805e+08   52  632 8.0607e+08 7.9805e+08  1.00%  52.9  236s
  7874  6911 7.9805e+08   54  638 8.0607e+08 7.9805e+08  1.00%  53.7  237s
  7904  6927 8.0209e+08   55  598 8.0607e+08 7.9805e+08  0.99%  54.4  238s
  7932  6947 7.9806e+08   57  615 8.0607e+08 7.9806e+08  0.99%  54.7  239s
  7963  6968 7.9808e+08   59  608 8.0607e+08 7.9808e+08  0.99%  55.5  240s
  7995  6985 8.0150e+08   60  580 8.0607e+08 7.9809e+08  0.99%  56.1  241s
  8023  7004 8.0114e+08   62  572 8.0607e+08 7.9810e+08  0.99%  56.8  242s
  8051  7025 8.0105e+08   64  583 8.0607e+08 7.9811e+08  0.99%  57.5  245s
  8082  7048 7.9812e+08   67  589 8.0607e+08 7.9812e+08  0.99%  58.3  246s
  8116  7074 7.9933e+08   69  545 8.0607e+08 7.9815e+08  0.98%  59.2  248s
  8154  7084 8.0126e+08   72  555 8.0607e+08 7.9816e+08  0.98%  60.0  251s
  8181  7112 8.0137e+08   75  556 8.0607e+08 7.9819e+08  0.98%  60.6  254s
  8224  7138 7.9822e+08   78  591 8.0607e+08 7.9822e+08  0.97%  61.3  256s
  8269  7167 7.9824e+08   81  577 8.0607e+08 7.9824e+08  0.97%  62.3  257s
  8321  7265 7.9831e+08   84  555 8.0607e+08 7.9831e+08  0.96%  63.1  259s
  8436  7327 7.9843e+08   92  563 8.0607e+08 7.9837e+08  0.96%  64.9  261s
  8538  7346 8.0120e+08   97  533 8.0607e+08 7.9837e+08  0.96%  66.3  262s
  8593  7449 7.9853e+08  101  571 8.0607e+08 7.9837e+08  0.96%  67.0  264s
  8718  7492 7.9863e+08  108  578 8.0607e+08 7.9837e+08  0.96%  68.6  266s
  8810  7576 8.0117e+08  114  543 8.0607e+08 7.9837e+08  0.96%  69.6  268s
  8926  7648 7.9875e+08  123  545 8.0607e+08 7.9837e+08  0.96%  71.4  270s
  9040  7734 8.0021e+08  133  492 8.0607e+08 7.9837e+08  0.96%  72.7  272s
  9174  7784 7.9891e+08  142  527 8.0607e+08 7.9837e+08  0.96%  74.3  274s
  9275  7885 7.9892e+08  147  507 8.0607e+08 7.9837e+08  0.96%  76.1  276s
  9413  7858 7.9910e+08  159  489 8.0607e+08 7.9837e+08  0.96%  78.1  280s
  9433  7982 7.9982e+08  159  488 8.0607e+08 7.9837e+08  0.96%  78.3  282s
  9567  8083 8.0238e+08  169  469 8.0607e+08 7.9837e+08  0.96%  80.4  285s
  9715  8198 7.9919e+08  177  506 8.0607e+08 7.9837e+08  0.96%  82.3  287s
  9883  8297 7.9930e+08  191  498 8.0607e+08 7.9837e+08  0.96%  83.9  290s
 10040  8349 8.0310e+08  199  470 8.0607e+08 7.9837e+08  0.96%  85.8  292s
 10151  8462 7.9938e+08  208  498 8.0607e+08 7.9837e+08  0.96%  87.9  295s
 10319  8599 7.9941e+08  218  503 8.0607e+08 7.9837e+08  0.96%  89.8  298s
 10523  8705 7.9957e+08  235  503 8.0607e+08 7.9837e+08  0.96%  91.2  302s
 10712  8784 7.9973e+08  250  501 8.0607e+08 7.9837e+08  0.96%  93.0  305s
 10870  8891 7.9976e+08  261  505 8.0607e+08 7.9837e+08  0.96%  95.7  309s
 11052  9009 7.9983e+08  276  509 8.0607e+08 7.9837e+08  0.96%  98.1  313s
 11247  9190 7.9987e+08  287  509 8.0607e+08 7.9837e+08  0.96%   100  316s
 11500  9368 8.0100e+08  302  502 8.0607e+08 7.9837e+08  0.96%   101  320s
 11779  9502 8.0011e+08  319  517 8.0607e+08 7.9837e+08  0.96%   102  324s
 12026  9673 8.0044e+08  332  488 8.0607e+08 7.9837e+08  0.96%   104  328s
 12306  9670 8.0030e+08  356  477 8.0607e+08 7.9837e+08  0.96%   105  331s
 12429  9893 8.0379e+08  363  438 8.0607e+08 7.9837e+08  0.96%   106  335s
 12718  9805 8.0049e+08  381  484 8.0607e+08 7.9837e+08  0.96%   108  359s
 12726 10072 8.0439e+08  381  461 8.0607e+08 7.9837e+08  0.96%   108  364s
 13029 10002 8.0216e+08  403  464 8.0607e+08 7.9837e+08  0.96%   109  374s
H13030  9670                    8.060733e+08 7.9837e+08  0.96%   109  374s
H13070  9341                    8.060732e+08 7.9837e+08  0.96%   110  374s
 13073  9523 8.0064e+08  404  482 8.0607e+08 7.9837e+08  0.96%   110  382s
 13301  9602 8.0077e+08  419  474 8.0607e+08 7.9837e+08  0.96%   112  386s
 13495  9845 8.0195e+08  432  477 8.0607e+08 7.9837e+08  0.96%   113  390s
 13847 10027 8.0090e+08  453  488 8.0607e+08 7.9837e+08  0.96%   114  395s
 14199 10061 8.0101e+08  480  489 8.0607e+08 7.9837e+08  0.96%   116  401s
 14376 10142 8.0104e+08  490  487 8.0607e+08 7.9837e+08  0.96%   117  406s
 14610 10301 8.0107e+08  500  469 8.0607e+08 7.9837e+08  0.96%   119  413s
 14935 10555 8.0320e+08  518  441 8.0607e+08 7.9837e+08  0.96%   121  422s
 15459 10695 8.0286e+08  546  436 8.0607e+08 7.9837e+08  0.96%   123  428s
 15866 10876 8.0211e+08  572  460 8.0607e+08 7.9837e+08  0.96%   124  433s
 16256 11033 8.0193e+08  605  472 8.0607e+08 7.9837e+08  0.96%   125  440s
 16622 11198 8.0202e+08  629  455 8.0607e+08 7.9837e+08  0.96%   126  446s
 17044 11375 8.0220e+08  657  466 8.0607e+08 7.9837e+08  0.96%   127  453s
 17472 11549 8.0234e+08  689  447 8.0607e+08 7.9837e+08  0.96%   129  459s
 17904 11739 8.0250e+08  716  461 8.0607e+08 7.9837e+08  0.96%   130  465s
 18393 11935 8.0262e+08  749  451 8.0607e+08 7.9837e+08  0.96%   130  472s
 18959 12002 8.0438e+08  791  393 8.0607e+08 7.9837e+08  0.96%   131  479s
 19349 12210 8.0407e+08  815  436 8.0607e+08 7.9837e+08  0.96%   132  487s
 19818 12521 8.0310e+08  845  429 8.0607e+08 7.9837e+08  0.96%   132  495s
 20448 12587 8.0583e+08  894  388 8.0607e+08 7.9837e+08  0.96%   132  502s
 20969 12779 8.0336e+08  927  420 8.0607e+08 7.9837e+08  0.96%   133  510s
 21603 12881 8.0345e+08  969  407 8.0607e+08 7.9837e+08  0.96%   133  518s
 22275 12982 8.0358e+08 1015  397 8.0607e+08 7.9837e+08  0.96%   133  529s
 22783 13317 8.0433e+08 1046  399 8.0607e+08 7.9837e+08  0.96%   133  538s
 23569 13543 8.0381e+08 1084  384 8.0607e+08 7.9837e+08  0.96%   134  547s
 24242 13319 8.0400e+08 1029  380 8.0607e+08 7.9837e+08  0.96%   133  548s
 24377 13940 8.0397e+08 1126  411 8.0607e+08 7.9837e+08  0.96%   134  556s
 25385 14193 8.0435e+08 1185  405 8.0607e+08 7.9837e+08  0.96%   132  566s
 26341 14506 8.0455e+08 1233  404 8.0607e+08 7.9837e+08  0.96%   131  577s
 26884 15200 8.0555e+08 1258  391 8.0607e+08 7.9837e+08  0.96%   131  592s
 28002 15900     cutoff 1312      8.0607e+08 7.9837e+08  0.96%   129  605s
 29008 17136 8.0563e+08 1343  391 8.0607e+08 7.9837e+08  0.96%   127  618s
 30437 17137 8.0044e+08  197  218 8.0607e+08 7.9837e+08  0.96%   123  846s
 30439 17138 8.0559e+08  300  208 8.0607e+08 7.9837e+08  0.96%   123  850s
 30440 17139 8.0301e+08  403  287 8.0607e+08 7.9837e+08  0.96%   123  852s
 30441 17140 8.0473e+08  995  329 8.0607e+08 7.9837e+08  0.96%   123  853s
 30443 17141 8.0227e+08  389  538 8.0607e+08 7.9837e+08  0.96%   123  854s
 30445 17142 8.0022e+08  167  610 8.0607e+08 7.9837e+08  0.96%   123  855s
 30450 17146 8.0139e+08  295  684 8.0607e+08 7.9837e+08  0.96%   123  856s
 30451 17146 8.0462e+08  794  702 8.0607e+08 7.9837e+08  0.96%   123  868s
 30452 17147 8.0605e+08 1439  710 8.0607e+08 7.9837e+08  0.96%   123  872s
 30453 17148 8.0142e+08   81  718 8.0607e+08 7.9837e+08  0.96%   123  877s
 30454 17148 8.0471e+08  942  747 8.0607e+08 7.9837e+08  0.96%   123  889s
 30455 17149 8.0544e+08  176  690 8.0607e+08 7.9837e+08  0.96%   123  892s
 30457 17150 8.0100e+08  296  757 8.0607e+08 7.9837e+08  0.96%   123  898s
 30458 17151 8.0316e+08  554  775 8.0607e+08 7.9837e+08  0.96%   123  908s
 30459 17152 8.0444e+08  418  750 8.0607e+08 7.9837e+08  0.96%   123  910s
 30461 17153 8.0269e+08  587  777 8.0607e+08 7.9837e+08  0.96%   123  915s
 30462 17154 8.0491e+08  413  772 8.0607e+08 7.9837e+08  0.96%   123  926s
 30463 17154 8.0136e+08  223  746 8.0607e+08 7.9837e+08  0.96%   123  928s
 30465 17156 8.0351e+08  518  790 8.0607e+08 7.9841e+08  0.95%   123  934s
 30466 17156 8.0502e+08 1002  732 8.0607e+08 7.9846e+08  0.94%   123  945s
 30467 17157 8.0486e+08 1073  744 8.0607e+08 7.9851e+08  0.94%   123  947s
 30469 17158 8.0556e+08  945  707 8.0607e+08 7.9854e+08  0.93%   123  953s
 30470 17159 8.0526e+08 1246  768 8.0607e+08 7.9858e+08  0.93%   123  965s
 30471 17160 8.0387e+08  898  808 8.0607e+08 7.9861e+08  0.93%   123  968s
 30473 17161 8.0185e+08  271  827 8.0607e+08 7.9865e+08  0.92%   123  974s
 30474 17162 8.0556e+08  947  801 8.0607e+08 7.9867e+08  0.92%   123  985s
 30475 17162 8.0373e+08  363  762 8.0607e+08 7.9869e+08  0.92%   123  988s
 30476 17163 8.0401e+08  252  770 8.0607e+08 7.9872e+08  0.91%   123  993s
 30477 17164 8.0306e+08  620  785 8.0607e+08 7.9874e+08  0.91%   123 1004s
 30478 17164 8.0564e+08  792  803 8.0607e+08 7.9877e+08  0.91%   123 1005s
 30479 17165 8.0459e+08  645  837 8.0607e+08 7.9879e+08  0.90%   123 1012s
 30480 17166 8.0474e+08 1021  821 8.0607e+08 7.9880e+08  0.90%   123 1022s
 30481 17166 8.0147e+08  223  796 8.0607e+08 7.9882e+08  0.90%   123 1023s
 30482 17167 8.0487e+08  873  823 8.0607e+08 7.9883e+08  0.90%   123 1029s
 30483 17168 8.0486e+08 1003  818 8.0607e+08 7.9884e+08  0.90%   123 1039s
 30484 17168 8.0264e+08  375  806 8.0607e+08 7.9887e+08  0.89%   123 1046s
 30485 17169 8.0434e+08  794  791 8.0607e+08 7.9889e+08  0.89%   123 1057s
 30486 17170 8.0337e+08  409  809 8.0607e+08 7.9890e+08  0.89%   123 1058s
 30487 17170 8.0410e+08  540  791 8.0607e+08 7.9892e+08  0.89%   123 1064s
 30488 17171 8.0240e+08  361  803 8.0607e+08 7.9893e+08  0.89%   123 1074s
 30489 17172 8.0568e+08  675  806 8.0607e+08 7.9895e+08  0.88%   123 1076s
 30490 17172 8.0377e+08  788  824 8.0607e+08 7.9896e+08  0.88%   123 1082s
 30491 17173 8.0590e+08  601  794 8.0607e+08 7.9897e+08  0.88%   123 1092s
 30492 17174 8.0042e+08  325  783 8.0607e+08 7.9898e+08  0.88%   123 1098s
 30493 17174 8.0599e+08 1429  751 8.0607e+08 7.9899e+08  0.88%   123 1108s
 30494 17175 8.0298e+08  565  760 8.0607e+08 7.9902e+08  0.88%   123 1115s
 30495 17176 8.0471e+08  775  794 8.0607e+08 7.9903e+08  0.87%   123 1125s
 30496 17176 8.0300e+08  534  788 8.0607e+08 7.9905e+08  0.87%   123 1132s
 30497 17177 8.0270e+08  400  761 8.0607e+08 7.9906e+08  0.87%   123 1143s
 30498 17178 8.0567e+08 1140  772 8.0607e+08 7.9907e+08  0.87%   123 1144s
 30501 17180 8.0430e+08  660  792 8.0607e+08 7.9908e+08  0.87%   123 1149s
 30502 17180 8.0129e+08   92  777 8.0607e+08 7.9909e+08  0.87%   123 1159s
 30503 17181 8.0477e+08  951  809 8.0607e+08 7.9910e+08  0.87%   123 1161s
 30505 17182 8.0566e+08  768  801 8.0607e+08 7.9911e+08  0.86%   123 1167s
 30506 17183 8.0576e+08  155  781 8.0607e+08 7.9912e+08  0.86%   123 1177s
 30507 17184 8.0156e+08  170  732 8.0607e+08 7.9913e+08  0.86%   123 1179s
 30510 17186 8.0598e+08  948  762 8.0607e+08 7.9913e+08  0.86%   123 1183s
 30511 17186 8.0503e+08 1168  751 8.0607e+08 7.9914e+08  0.86%   123 1193s
 30512 17187 8.0434e+08   33  757 8.0607e+08 7.9915e+08  0.86%   123 1195s
 30513 17188 8.0567e+08  497  730 8.0607e+08 7.9915e+08  0.86%   123 1201s
 30514 17188 8.0405e+08  469  773 8.0607e+08 7.9916e+08  0.86%   123 1212s
 30515 17189 8.0357e+08  214  795 8.0607e+08 7.9918e+08  0.86%   123 1218s
 30516 17190 8.0545e+08  676  818 8.0607e+08 7.9919e+08  0.85%   123 1228s
 30517 17190 8.0494e+08  304  804 8.0607e+08 7.9920e+08  0.85%   123 1234s
 30518 17191 8.0353e+08  802  761 8.0607e+08 7.9921e+08  0.85%   123 1245s
 30519 17192 8.0452e+08  569  756 8.0607e+08 7.9922e+08  0.85%   123 1251s
 30520 17192 8.0538e+08  425  753 8.0607e+08 7.9923e+08  0.85%   123 1262s
 30521 17193 8.0402e+08 1021  792 8.0607e+08 7.9924e+08  0.85%   123 1268s
H30521 16331                    8.060433e+08 7.9925e+08  0.84%   123 1274s
 30522 16332 8.0308e+08  522  778 8.0604e+08 7.9925e+08  0.84%   123 1279s
 30523 16332 8.0314e+08  483  776 8.0604e+08 7.9927e+08  0.84%   123 1286s
 30524 16333 8.0594e+08  859  757 8.0604e+08 7.9927e+08  0.84%   123 1296s
 30525 16334 8.0590e+08  833  799 8.0604e+08 7.9928e+08  0.84%   123 1302s
 30526 16334 8.0373e+08  402  800 8.0604e+08 7.9928e+08  0.84%   123 1313s
 30527 16335 8.0508e+08 1194  801 8.0604e+08 7.9929e+08  0.84%   123 1319s
H30527 15517                    8.060433e+08 7.9930e+08  0.84%   123 1329s
 30529 15518 8.0487e+08  592  800 8.0604e+08 7.9931e+08  0.84%   123 1335s
 30530 15519 8.0437e+08  696  797 8.0604e+08 7.9931e+08  0.84%   123 1344s
 30531 15520 8.0440e+08   65  802 8.0604e+08 7.9932e+08  0.83%   123 1350s
 30532 15520 8.0551e+08  936  803 8.0604e+08 7.9932e+08  0.83%   123 1360s
 30533 15521 8.0334e+08  604  798 8.0604e+08 7.9933e+08  0.83%   123 1367s
 30534 15522 8.0198e+08  292  769 8.0604e+08 7.9934e+08  0.83%   123 1379s
 30535 15522 8.0500e+08  380  783 8.0604e+08 7.9935e+08  0.83%   123 1386s
H30535 14744                    8.059127e+08 7.9935e+08  0.81%   123 1392s
 30536 14745 8.0557e+08 1299  781 8.0591e+08 7.9935e+08  0.81%   123 1396s
 30537 14746 8.0044e+08  197  775 8.0591e+08 7.9936e+08  0.81%   123 1401s
 30538 14746 8.0517e+08 1223  779 8.0591e+08 7.9936e+08  0.81%   123 1412s
 30539 14747 8.0559e+08  300  776 8.0591e+08 7.9938e+08  0.81%   123 1420s
 30540 14748 8.0301e+08  403  785 8.0591e+08 7.9938e+08  0.81%   123 1432s
 30541 14748 8.0473e+08  995  785 8.0591e+08 7.9940e+08  0.81%   123 1441s
 30542 14749 8.0539e+08 1191  760 8.0591e+08 7.9940e+08  0.81%   123 1452s
 30543 14750 8.0227e+08  389  763 8.0591e+08 7.9941e+08  0.81%   123 1457s
 30544 14750 8.0415e+08  188  750 8.0591e+08 7.9942e+08  0.81%   123 1468s
H30544 14011                    8.053015e+08 7.9942e+08  0.73%   123 1469s
 30546 14013 8.0530e+08  983  766 8.0530e+08 7.9943e+08  0.73%   123 1475s
 30547 14013 8.0507e+08 1167  765 8.0530e+08 7.9943e+08  0.73%   123 1476s
 30549 14015 8.0530e+08  681  764 8.0530e+08 7.9943e+08  0.73%   123 1477s
 30551 14016 8.0462e+08  794  740 8.0530e+08 7.9943e+08  0.73%   123 1479s
 30553 14017 8.0142e+08   81  774 8.0530e+08 7.9943e+08  0.73%   123 1480s
 30555 14019 8.0530e+08  176  779 8.0530e+08 7.9943e+08  0.73%   123 1481s
 30556 14019 8.0530e+08  670  749 8.0530e+08 7.9943e+08  0.73%   123 1482s
 30557 14020 8.0100e+08  296  773 8.0530e+08 7.9943e+08  0.73%   123 1491s
 30558 14021 8.0316e+08  554  774 8.0530e+08 7.9944e+08  0.73%   123 1492s
 30559 14021 8.0444e+08  418  775 8.0530e+08 7.9944e+08  0.73%   123 1494s
 30561 14023 8.0269e+08  587  775 8.0530e+08 7.9944e+08  0.73%   123 1495s
 30562 14023 8.0491e+08  413  769 8.0530e+08 7.9945e+08  0.73%   123 1496s
 30564 14025 8.0405e+08  424  763 8.0530e+08 7.9945e+08  0.73%   123 1498s
 30566 14026 8.0502e+08 1002  767 8.0530e+08 7.9945e+08  0.73%   123 1499s
 30568 14027 8.0530e+08  201  773 8.0530e+08 7.9945e+08  0.73%   123 1501s
 30570 14029 8.0526e+08 1246  756 8.0530e+08 7.9945e+08  0.73%   123 1502s
 30572 14030 8.0282e+08  233  753 8.0530e+08 7.9945e+08  0.73%   123 1504s
 30574 14031 8.0530e+08  947  756 8.0530e+08 7.9945e+08  0.73%   123 1505s
 30575 14032 8.0373e+08  363  771 8.0530e+08 7.9945e+08  0.73%   123 1507s
 30577 14033 8.0306e+08  620  747 8.0530e+08 7.9945e+08  0.73%   123 1508s
H30577 13329                    8.051929e+08 7.9945e+08  0.71%   123 1510s
 30580 13331 8.0474e+08 1021  771 8.0519e+08 7.9946e+08  0.71%   123 1511s
 30582 13333 8.0487e+08  873  773 8.0519e+08 7.9946e+08  0.71%   123 1513s
 30584 13334 8.0264e+08  375  773 8.0519e+08 7.9946e+08  0.71%   123 1515s
 30585 13335 8.0434e+08  794  773 8.0519e+08 7.9947e+08  0.71%   123 1525s
 30586 13335 8.0337e+08  409  771 8.0519e+08 7.9947e+08  0.71%   123 1527s
 30587 13336 8.0410e+08  540  771 8.0519e+08 7.9947e+08  0.71%   123 1528s
 30589 13337 8.0519e+08  675  773 8.0519e+08 7.9947e+08  0.71%   123 1529s
 30590 13338 8.0377e+08  788  773 8.0519e+08 7.9947e+08  0.71%   123 1531s
 30592 13339 8.0042e+08  325  775 8.0519e+08 7.9948e+08  0.71%   123 1532s
 30593 13340 8.0519e+08 1429  775 8.0519e+08 7.9948e+08  0.71%   123 1534s
 30595 13341 8.0471e+08  775  777 8.0519e+08 7.9948e+08  0.71%   123 1535s
 30597 13343 8.0270e+08  400  771 8.0519e+08 7.9948e+08  0.71%   123 1536s
 30598 13343 8.0519e+08 1140  743 8.0519e+08 7.9948e+08  0.71%   123 1537s
 30599 13344 8.0423e+08  537  770 8.0519e+08 7.9948e+08  0.71%   123 1539s
 30600 13345 8.0373e+08  386  770 8.0519e+08 7.9948e+08  0.71%   123 1543s
 30601 13345 8.0430e+08  660  770 8.0519e+08 7.9948e+08  0.71%   123 1565s
 30602 13349 7.9948e+08   37  763 8.0519e+08 7.9948e+08  0.71%   127 1566s
 30608 13358 7.9948e+08   39  795 8.0519e+08 7.9948e+08  0.71%   127 1568s
 30624 13362 7.9948e+08   40  755 8.0519e+08 7.9948e+08  0.71%   127 1569s
 30632 13366 7.9948e+08   41  772 8.0519e+08 7.9948e+08  0.71%   127 1574s
 30640 13366 7.9964e+08   41  755 8.0519e+08 7.9948e+08  0.71%   127 1576s
 30656 13372 8.0150e+08   42  671 8.0519e+08 7.9948e+08  0.71%   127 1578s
 30664 13376 7.9948e+08   43  757 8.0519e+08 7.9948e+08  0.71%   128 1625s
H30666 12706                    8.051929e+08 7.9948e+08  0.71%   127 1625s
 30672 12712 8.0179e+08   43  641 8.0519e+08 7.9948e+08  0.71%   128 1629s
 30673 12711 8.0182e+08   43  645 8.0519e+08 7.9948e+08  0.71%   128 1630s
 30681 12722 7.9948e+08   44  757 8.0519e+08 7.9948e+08  0.71%   128 1631s
 30698 12723 7.9948e+08   45  756 8.0519e+08 7.9948e+08  0.71%   128 1632s
 30713 12728 7.9948e+08   46  766 8.0519e+08 7.9948e+08  0.71%   128 1634s
 30727 12729 7.9948e+08   47  765 8.0519e+08 7.9948e+08  0.71%   128 1635s
 30743 12729 8.0194e+08   48  659 8.0519e+08 7.9948e+08  0.71%   128 1637s
 30759 12731 7.9948e+08   49  759 8.0519e+08 7.9948e+08  0.71%   128 1638s
 30774 12735 7.9948e+08   50  756 8.0519e+08 7.9948e+08  0.71%   128 1640s
 30791 12741 7.9948e+08   51  747 8.0519e+08 7.9948e+08  0.71%   129 1641s
 30812 12746 7.9948e+08   52  725 8.0519e+08 7.9948e+08  0.71%   129 1643s
 30830 12750 7.9948e+08   54  751 8.0519e+08 7.9948e+08  0.71%   129 1644s
 30853 12754 8.0047e+08   55  734 8.0519e+08 7.9948e+08  0.71%   129 1645s
 30873 12762 7.9948e+08   57  764 8.0519e+08 7.9948e+08  0.71%   129 1647s
 30896 12766 8.0175e+08   58  663 8.0519e+08 7.9948e+08  0.71%   129 1649s
 30917 12771 7.9948e+08   60  783 8.0519e+08 7.9948e+08  0.71%   129 1650s
 30941 12771 7.9948e+08   61  779 8.0519e+08 7.9948e+08  0.71%   129 1652s
 30964 12776 7.9948e+08   62  797 8.0519e+08 7.9948e+08  0.71%   130 1653s
 30988 12779 7.9948e+08   63  778 8.0519e+08 7.9948e+08  0.71%   130 1655s
 31014 12781 7.9948e+08   64  775 8.0519e+08 7.9948e+08  0.71%   130 1657s
 31037 12784 7.9948e+08   65  773 8.0519e+08 7.9948e+08  0.71%   130 1658s
 31059 12791 8.0027e+08   66  701 8.0519e+08 7.9948e+08  0.71%   130 1660s
 31081 12802 7.9948e+08   68  756 8.0519e+08 7.9948e+08  0.71%   131 1662s
 31109 12811 8.0184e+08   70  675 8.0519e+08 7.9948e+08  0.71%   131 1664s
 31140 12811 7.9948e+08   72  780 8.0519e+08 7.9948e+08  0.71%   131 1668s
 31162 12823 7.9948e+08   73  778 8.0519e+08 7.9948e+08  0.71%   131 1670s
 31196 12836 8.0026e+08   75  699 8.0519e+08 7.9948e+08  0.71%   131 1673s
 31225 12849 7.9990e+08   77  728 8.0519e+08 7.9948e+08  0.71%   131 1675s
 31261 12863 7.9948e+08   80  779 8.0519e+08 7.9948e+08  0.71%   132 1677s
 31301 12870 7.9948e+08   83  745 8.0519e+08 7.9948e+08  0.71%   132 1680s
 31336 12882 7.9948e+08   85  738 8.0519e+08 7.9948e+08  0.71%   132 1683s
 31370 12894 7.9948e+08   88  735 8.0519e+08 7.9948e+08  0.71%   132 1686s
 31406 12901 7.9948e+08   91  727 8.0519e+08 7.9948e+08  0.71%   133 1689s
 31440 12909 8.0262e+08   93  695 8.0519e+08 7.9948e+08  0.71%   133 1692s
 31474 12923 8.0139e+08   95  584 8.0519e+08 7.9948e+08  0.71%   134 1695s
 31510 12934 8.0209e+08   96  661 8.0519e+08 7.9948e+08  0.71%   134 1700s
 31548 12946 8.0180e+08   98  662 8.0519e+08 7.9948e+08  0.71%   134 1703s
 31589 12940 7.9948e+08  101  709 8.0519e+08 7.9948e+08  0.71%   135 1747s
H31594 12301                    8.051883e+08 7.9948e+08  0.71%   135 1747s
 31597 12340 8.0108e+08  101  673 8.0519e+08 7.9948e+08  0.71%   135 1751s
 31654 12352 7.9948e+08  107  729 8.0519e+08 7.9948e+08  0.71%   135 1754s
 31714 12367 7.9948e+08  111  689 8.0519e+08 7.9948e+08  0.71%   136 1758s
 31773 12388 7.9948e+08  114  737 8.0519e+08 7.9948e+08  0.71%   136 1761s
 31831 12409 7.9948e+08  117  683 8.0519e+08 7.9948e+08  0.71%   136 1766s
 31896 12432 7.9948e+08  121  677 8.0519e+08 7.9948e+08  0.71%   137 1772s
 31965 12459 8.0157e+08  125  646 8.0519e+08 7.9948e+08  0.71%   137 1776s
 32043 12482 7.9948e+08  130  672 8.0519e+08 7.9948e+08  0.71%   138 1781s
 32119 12516 7.9948e+08  134  635 8.0519e+08 7.9948e+08  0.71%   138 1785s
 32201 12549 7.9948e+08  139  616 8.0519e+08 7.9948e+08  0.71%   139 1790s
 32288 12568 8.0255e+08  144  571 8.0519e+08 7.9948e+08  0.71%   139 1795s
 32363 12607 7.9948e+08  147  632 8.0519e+08 7.9948e+08  0.71%   140 1800s
 32454 12657 7.9951e+08  152  611 8.0519e+08 7.9948e+08  0.71%   140 1805s
 32563 12692 8.0185e+08  157  554 8.0519e+08 7.9948e+08  0.71%   141 1810s
H32674 12069                    8.051881e+08 7.9948e+08  0.71%   141 1844s
H32699 11481                    8.051313e+08 7.9948e+08  0.70%   141 1844s
 32704 11544 8.0279e+08  163  567 8.0513e+08 7.9948e+08  0.70%   142 1850s
 32824 11590 7.9968e+08  167  634 8.0513e+08 7.9948e+08  0.70%   142 1856s
 32969 11631 7.9972e+08  174  648 8.0513e+08 7.9948e+08  0.70%   143 1862s
 33116 11673 8.0261e+08  180  638 8.0513e+08 7.9948e+08  0.70%   143 1868s
 33284 11719 7.9982e+08  188  658 8.0513e+08 7.9948e+08  0.70%   144 1874s
 33465 11750 8.0135e+08  198  578 8.0513e+08 7.9948e+08  0.70%   144 1881s
 33632 11860 8.0026e+08  202  638 8.0513e+08 7.9948e+08  0.70%   144 1888s
 33885 11933 8.0007e+08  214  624 8.0513e+08 7.9948e+08  0.70%   145 1900s
H33985 11354                    8.051313e+08 7.9948e+08  0.70%   145 1900s
 34114 11481 8.0021e+08  231  644 8.0513e+08 7.9948e+08  0.70%   145 1908s
 34435 11536 8.0027e+08  244  663 8.0513e+08 7.9948e+08  0.70%   147 1916s
 34770 11649 8.0031e+08  257  680 8.0513e+08 7.9948e+08  0.70%   148 1924s
 35139 11746 8.0037e+08  273  659 8.0513e+08 7.9948e+08  0.70%   149 1932s
 35581 11858 8.0056e+08  297  657 8.0513e+08 7.9948e+08  0.70%   150 1941s
 36050 11938 8.0066e+08  321  612 8.0513e+08 7.9948e+08  0.70%   151 1949s
 36551 11928 8.0186e+08  341  533 8.0513e+08 7.9948e+08  0.70%   152 1958s
 36832 12203 8.0095e+08  353  598 8.0513e+08 7.9948e+08  0.70%   153 1967s
 37391 12466 8.0111e+08  378  586 8.0513e+08 7.9948e+08  0.70%   153 1977s
 38050 12854 8.0125e+08  404  600 8.0513e+08 7.9948e+08  0.70%   153 1986s
 38776 13299 8.0138e+08  432  586 8.0513e+08 7.9948e+08  0.70%   153 1995s
 39572 13720 8.0171e+08  465  561 8.0513e+08 7.9948e+08  0.70%   152 2004s
 40444 14049 8.0195e+08  494  556 8.0513e+08 7.9948e+08  0.70%   151 2014s
 41300 14283 8.0213e+08  529  557 8.0513e+08 7.9948e+08  0.70%   150 2024s
 42046 14751 8.0490e+08  565  500 8.0513e+08 7.9948e+08  0.70%   150 2034s
 42928 15366 8.0277e+08  604  464 8.0513e+08 7.9948e+08  0.70%   149 2046s
 44055 15686 8.0277e+08  641  446 8.0513e+08 7.9948e+08  0.70%   147 2059s
 44974 16598 8.0294e+08  687  423 8.0513e+08 7.9948e+08  0.70%   147 2084s
 46515 16280 8.0376e+08  786  423 8.0513e+08 7.9948e+08  0.70%   145 2107s
 46742 16735     cutoff  786      8.0513e+08 7.9948e+08  0.70%   145 2120s
 47468 16901     cutoff  817      8.0513e+08 7.9948e+08  0.70%   144 2133s
 47970 17542     cutoff  840      8.0513e+08 7.9948e+08  0.70%   144 2144s
 48963 17794 8.0427e+08  890  400 8.0513e+08 7.9948e+08  0.70%   142 2157s
 49731 18456 8.0501e+08  935  391 8.0513e+08 7.9948e+08  0.70%   142 2168s
 50785 18957 8.0481e+08  984  389 8.0513e+08 7.9948e+08  0.70%   141 2180s
 51787 19641 8.0503e+08 1027  388 8.0513e+08 7.9948e+08  0.70%   139 2193s
 52921 19564 7.9948e+08  102  698 8.0513e+08 7.9948e+08  0.70%   138 2206s
 53351 19650 7.9948e+08  115  687 8.0513e+08 7.9948e+08  0.70%   138 2220s
 53709 20142 8.0040e+08  127  669 8.0513e+08 7.9948e+08  0.70%   139 2233s
 54381 20648 7.9964e+08  144  661 8.0513e+08 7.9948e+08  0.70%   139 2245s
 55197 21023 8.0169e+08  159  587 8.0513e+08 7.9948e+08  0.70%   138 2258s
 56014 21451 7.9982e+08  170  625 8.0513e+08 7.9948e+08  0.70%   138 2270s
 56865 21821 7.9998e+08  184  603 8.0513e+08 7.9948e+08  0.70%   137 2283s
 57720 21891 8.0023e+08  213  610 8.0513e+08 7.9948e+08  0.70%   137 2297s
 58319 22147 8.0032e+08  230  601 8.0513e+08 7.9948e+08  0.70%   137 2315s
 58899 22819 8.0051e+08  255  576 8.0513e+08 7.9948e+08  0.70%   138 2328s
 59893 23722 8.0069e+08  277  566 8.0513e+08 7.9948e+08  0.70%   137 2351s
 61364 24288 8.0102e+08  319  593 8.0513e+08 7.9948e+08  0.70%   136 2363s
 62438 25091 8.0115e+08  344  586 8.0513e+08 7.9948e+08  0.70%   135 2375s
 63377 25909 8.0123e+08  367  583 8.0513e+08 7.9948e+08  0.70%   134 2387s
 64234 26914 8.0133e+08  390  583 8.0513e+08 7.9948e+08  0.70%   133 2396s
 65283 27395 8.0152e+08  415  573 8.0513e+08 7.9948e+08  0.70%   132 2410s
 65895 27837 8.0171e+08  442  480 8.0513e+08 7.9948e+08  0.70%   132 2421s
 66447 28262 8.0197e+08  481  531 8.0513e+08 7.9948e+08  0.70%   132 2431s
 67001 28709 8.0220e+08  511  511 8.0513e+08 7.9948e+08  0.70%   132 2440s
 67619 29158 8.0302e+08  553  491 8.0513e+08 7.9948e+08  0.70%   132 2452s
 68236 29468 8.0391e+08  599  448 8.0513e+08 7.9948e+08  0.70%   132 2463s
 68755 29843 8.0316e+08  629  444 8.0513e+08 7.9948e+08  0.70%   132 2474s
 69259 30544 8.0390e+08  669  421 8.0513e+08 7.9948e+08  0.70%   133 2484s
 69664 30544 8.0396e+08  152  537 8.0513e+08 7.9948e+08  0.70%   133 2485s
 70081 31341 8.0349e+08  709  428 8.0513e+08 7.9948e+08  0.70%   132 2495s
 70965 32026 8.0374e+08  745  427 8.0513e+08 7.9948e+08  0.70%   132 2506s
 71814 32345 8.0392e+08  790  445 8.0513e+08 7.9948e+08  0.70%   131 2518s
 72321 32440 8.0410e+08  840  439 8.0513e+08 7.9948e+08  0.70%   132 2531s
 72661 32924 8.0411e+08  882  328 8.0513e+08 7.9948e+08  0.70%   132 2543s
 73358 33425 8.0435e+08  934  325 8.0513e+08 7.9948e+08  0.70%   132 2554s
 74119 33983 8.0463e+08  990  329 8.0513e+08 7.9948e+08  0.70%   132 2566s
 74925 34717 8.0481e+08 1053  301 8.0513e+08 7.9954e+08  0.69%   132 2585s
 75998 35478 8.0357e+08  157  599 8.0513e+08 7.9955e+08  0.69%   132 2598s
 77006 35880 8.0493e+08  356  505 8.0513e+08 7.9955e+08  0.69%   132 2612s
 77652 36473 8.0497e+08   91  514 8.0513e+08 7.9955e+08  0.69%   132 2625s
 78503 37255 8.0284e+08  120  596 8.0513e+08 7.9955e+08  0.69%   132 2639s
 79468 37861 8.0302e+08  145  579 8.0513e+08 7.9955e+08  0.69%   132 2652s
 80389 38576 8.0321e+08  181  554 8.0513e+08 7.9955e+08  0.69%   132 2665s
 81275 39663 8.0338e+08  206  557 8.0513e+08 7.9955e+08  0.69%   132 2677s
 82412 40455 8.0357e+08  232  543 8.0513e+08 7.9955e+08  0.69%   131 2689s
 83283 41278 8.0377e+08  249  541 8.0513e+08 7.9955e+08  0.69%   130 2700s
 84250 42005 8.0398e+08  286  539 8.0513e+08 7.9955e+08  0.69%   130 2711s
 85208 42659 8.0426e+08  328  502 8.0513e+08 7.9955e+08  0.69%   129 2723s
 86045 43551     cutoff  382      8.0513e+08 7.9961e+08  0.69%   129 2735s
 87063 44620 8.0302e+08   66  608 8.0513e+08 7.9961e+08  0.69%   129 2746s
 88257 45933     cutoff  155      8.0513e+08 7.9961e+08  0.69%   128 2756s
 89607 47360 8.0464e+08  292  466 8.0513e+08 7.9962e+08  0.68%   126 2773s
 91163 48395 8.0361e+08  212  533 8.0513e+08 7.9962e+08  0.68%   126 2782s
 92247 49139 8.0471e+08  376  487 8.0513e+08 7.9964e+08  0.68%   125 2789s
 93025 50095 8.0370e+08  141  585 8.0513e+08 7.9964e+08  0.68%   124 2798s
 94014 50624 8.0457e+08  257  508 8.0513e+08 7.9964e+08  0.68%   123 2807s
 94645 51141 8.0322e+08  135  614 8.0513e+08 7.9964e+08  0.68%   123 2816s
 95254 51751 8.0473e+08  200  521 8.0513e+08 7.9965e+08  0.68%   123 2825s
 95987 52315 8.0102e+08  145  584 8.0513e+08 7.9965e+08  0.68%   123 2836s
 96680 52795 8.0193e+08  277  556 8.0513e+08 7.9965e+08  0.68%   123 2846s
 97317 53243 8.0344e+08  460  446 8.0513e+08 7.9965e+08  0.68%   123 2856s
 97941 53711 8.0456e+08  645  419 8.0513e+08 7.9966e+08  0.68%   123 2866s
 98608 54315 8.0298e+08  103  616 8.0513e+08 7.9966e+08  0.68%   123 2876s
 99401 55200 8.0384e+08  230  596 8.0513e+08 7.9966e+08  0.68%   123 2886s
 100464 55865     cutoff  387      8.0513e+08 7.9967e+08  0.68%   122 2896s
 101279 56169 8.0431e+08  113  570 8.0513e+08 7.9968e+08  0.68%   122 2907s
 101775 56398 8.0441e+08  126  535 8.0513e+08 7.9968e+08  0.68%   122 2916s
 102229 57049 8.0444e+08  153  440 8.0513e+08 7.9968e+08  0.68%   122 2928s
 103048 57825     cutoff  174      8.0513e+08 7.9968e+08  0.68%   122 2939s
 103947 57832     cutoff  193      8.0513e+08 7.9970e+08  0.67%   122 2949s
 103984 58777     cutoff   60      8.0513e+08 7.9970e+08  0.67%   122 2960s
 105061 60125 8.0380e+08   76  590 8.0513e+08 7.9970e+08  0.67%   121 2976s
 106521 60963 8.0495e+08   99  568 8.0513e+08 7.9970e+08  0.67%   121 2984s
 107421 61845 8.0505e+08  113  571 8.0513e+08 7.9970e+08  0.67%   120 2993s
 108377 62247 8.0350e+08  127  654 8.0513e+08 7.9970e+08  0.67%   120 3003s
 108863 62773 8.0425e+08  201  597 8.0513e+08 7.9970e+08  0.67%   120 3013s
 109537 63312 8.0281e+08   87  599 8.0513e+08 7.9970e+08  0.67%   119 3023s
 110229 63910 8.0404e+08  217  491 8.0513e+08 7.9973e+08  0.67%   119 3034s
 110965 64647 8.0067e+08   77  630 8.0513e+08 7.9973e+08  0.67%   119 3045s
 111333 64647     cutoff  151      8.0513e+08 7.9973e+08  0.67%   119 3046s
 111762 65590 8.0169e+08  169  615 8.0513e+08 7.9973e+08  0.67%   119 3057s
 112829 66299 8.0264e+08  336  544 8.0513e+08 7.9973e+08  0.67%   119 3067s
 113672 67013 8.0406e+08  528  483 8.0513e+08 7.9973e+08  0.67%   119 3077s
 114596 67599 8.0316e+08   62  657 8.0513e+08 7.9974e+08  0.67%   118 3089s
 115297 68427 8.0447e+08  117  628 8.0513e+08 7.9974e+08  0.67%   118 3100s
 116296 69400 8.0262e+08   67  605 8.0513e+08 7.9974e+08  0.67%   118 3110s
 116710 69400 8.0356e+08  236  509 8.0513e+08 7.9974e+08  0.67%   118 3111s
 117377 70586 8.0359e+08  218  504 8.0513e+08 7.9974e+08  0.67%   118 3120s
 118605 71228     cutoff  413      8.0513e+08 7.9974e+08  0.67%   117 3130s
 119264 72246 8.0353e+08  139  607 8.0513e+08 7.9975e+08  0.67%   117 3141s
 120382 73040 8.0453e+08  289  516 8.0513e+08 7.9975e+08  0.67%   116 3157s
 121419 73910 8.0346e+08  232  526 8.0513e+08 7.9976e+08  0.67%   116 3170s
 122518 75020 8.0316e+08   93  725 8.0513e+08 7.9976e+08  0.67%   116 3183s
 123768 76051 8.0433e+08  273  579 8.0513e+08 7.9976e+08  0.67%   116 3194s
 124888 76836 8.0259e+08  114  603 8.0513e+08 7.9976e+08  0.67%   115 3204s
 125784 77625 8.0349e+08  265  519 8.0513e+08 7.9977e+08  0.67%   115 3215s
 126660 78633 8.0266e+08   82  558 8.0513e+08 7.9977e+08  0.67%   115 3225s
 127736 79597 8.0358e+08  221  503 8.0513e+08 7.9977e+08  0.67%   114 3235s
 128778 80722 8.0463e+08  402  466 8.0513e+08 7.9978e+08  0.67%   114 3244s
 129969 81915 8.0343e+08   91  633 8.0513e+08 7.9978e+08  0.67%   113 3253s
 131188 82880 8.0429e+08  257  545 8.0513e+08 7.9978e+08  0.66%   113 3262s
 132233 83370     cutoff  155      8.0513e+08 7.9978e+08  0.66%   112 3272s
 132877 83811 8.0489e+08  168  519 8.0513e+08 7.9978e+08  0.66%   112 3282s
 133513 84186 8.0486e+08   67  544 8.0513e+08 7.9979e+08  0.66%   112 3293s
 134044 84556 8.0246e+08  104  604 8.0513e+08 7.9979e+08  0.66%   113 3303s
 134618 85113 8.0443e+08  119  497 8.0513e+08 7.9979e+08  0.66%   113 3313s
 135313 86061 8.0450e+08  130  553 8.0513e+08 7.9979e+08  0.66%   113 3327s
 136328 87079 8.0456e+08  141  515 8.0513e+08 7.9979e+08  0.66%   113 3341s
 137483 87819 8.0469e+08  162  461 8.0513e+08 7.9979e+08  0.66%   112 3353s
 138345 89114     cutoff  174      8.0513e+08 7.9979e+08  0.66%   112 3364s
 139703 90012 8.0490e+08  186  474 8.0513e+08 7.9979e+08  0.66%   112 3374s
 140711 90791 8.0504e+08  195  462 8.0513e+08 7.9981e+08  0.66%   112 3385s
 141674 91563 8.0262e+08  175  614 8.0513e+08 7.9981e+08  0.66%   111 3395s
 142561 92277 8.0349e+08  319  517 8.0513e+08 7.9981e+08  0.66%   111 3406s
 143407 92508 8.0496e+08  491  492 8.0513e+08 7.9982e+08  0.66%   111 3417s
 143877 92870 8.0329e+08   98  531 8.0513e+08 7.9982e+08  0.66%   111 3428s
 144470 93237     cutoff   72      8.0513e+08 7.9982e+08  0.66%   111 3444s
 145065 93952 8.0082e+08   66  656 8.0513e+08 7.9982e+08  0.66%   112 3455s
 145943 94716 8.0190e+08  209  608 8.0513e+08 7.9982e+08  0.66%   112 3467s
 146861 95451 8.0308e+08  428  497 8.0513e+08 7.9982e+08  0.66%   112 3480s
 147692 96338 8.0425e+08  629  464 8.0513e+08 7.9983e+08  0.66%   112 3491s
 148693 97271 8.0293e+08   61  619 8.0513e+08 7.9983e+08  0.66%   112 3504s
 149743 98117 8.0397e+08  251  510 8.0513e+08 7.9984e+08  0.66%   111 3521s
 150768 98979 8.0472e+08  171  595 8.0513e+08 7.9984e+08  0.66%   111 3537s
 151813 99749 8.0372e+08  219  572 8.0513e+08 7.9984e+08  0.66%   112 3552s
 152844 100500 8.0380e+08   88  672 8.0513e+08 7.9984e+08  0.66%   112 3565s
 153809 101423 8.0452e+08  221  627 8.0513e+08 7.9985e+08  0.66%   112 3579s
 154962 102558 8.0338e+08  111  642 8.0513e+08 7.9985e+08  0.66%   112 3591s
 156212 103202 8.0493e+08  330  502 8.0513e+08 7.9985e+08  0.66%   112 3603s
 157082 103945 8.0016e+08   85  699 8.0513e+08 7.9985e+08  0.66%   112 3617s
 158023 104667 8.0259e+08  149  605 8.0513e+08 7.9985e+08  0.66%   112 3631s
 158917 105738 8.0444e+08  237  521 8.0513e+08 7.9986e+08  0.66%   112 3644s
 160210 106918 8.0349e+08  215  602 8.0513e+08 7.9986e+08  0.65%   111 3655s
 161544 107917 8.0333e+08  148  665 8.0513e+08 7.9986e+08  0.65%   111 3667s
 162654 108763 8.0458e+08  342  561 8.0513e+08 7.9986e+08  0.65%   110 3682s
 162731 108763 8.0450e+08  455  400 8.0513e+08 7.9986e+08  0.65%   111 3683s
 163692 109224 8.0398e+08  116  586 8.0513e+08 7.9987e+08  0.65%   110 3695s
 164391 110053 8.0413e+08  128  554 8.0513e+08 7.9987e+08  0.65%   111 3710s
 165393 110928     cutoff  153      8.0513e+08 7.9987e+08  0.65%   111 3724s
 166428 111787     cutoff  165      8.0513e+08 7.9987e+08  0.65%   110 3737s
 167437 112679     cutoff  182      8.0513e+08 7.9987e+08  0.65%   110 3749s
 168465 113406 8.0468e+08  200  520 8.0513e+08 7.9987e+08  0.65%   110 3763s
 169413 114213     cutoff  230      8.0513e+08 7.9987e+08  0.65%   110 3779s
 170372 115380 8.0403e+08  154  549 8.0513e+08 7.9988e+08  0.65%   110 3791s
 171656 116469 8.0211e+08  141  622 8.0513e+08 7.9988e+08  0.65%   110 3804s
 172827 117465 8.0341e+08  349  465 8.0513e+08 7.9988e+08  0.65%   110 3819s
 173901 118340 8.0352e+08  182  588 8.0513e+08 7.9988e+08  0.65%   110 3830s
 174799 119207 8.0445e+08  290  578 8.0513e+08 7.9989e+08  0.65%   109 3843s
 175789 119724 8.0339e+08   73  721 8.0513e+08 7.9989e+08  0.65%   109 3856s
 176461 119987 8.0353e+08   91  716 8.0513e+08 7.9989e+08  0.65%   109 3871s
 176895 120252 8.0371e+08  113  697 8.0513e+08 7.9989e+08  0.65%   110 3885s
 177294 120643 8.0385e+08  133  665 8.0513e+08 7.9989e+08  0.65%   110 3899s
 177834 120887 8.0461e+08  155  601 8.0513e+08 7.9989e+08  0.65%   111 3913s
 178358 121360     cutoff  197      8.0513e+08 7.9989e+08  0.65%   111 3928s
 179073 122262 8.0435e+08  238  530 8.0513e+08 7.9989e+08  0.65%   111 3943s
 180133 123156 8.0472e+08  284  507 8.0513e+08 7.9989e+08  0.65%   111 3957s
 181208 124101 8.0395e+08  193  497 8.0513e+08 7.9990e+08  0.65%   111 3969s
 182195 124101 8.0339e+08  296  558 8.0513e+08 7.9990e+08  0.65%   111 3970s
 182263 124834 8.0352e+08   58  591 8.0513e+08 7.9990e+08  0.65%   111 3982s
 183139 125400 8.0460e+08  179  574 8.0513e+08 7.9990e+08  0.65%   111 3995s
 183907 126080 8.0029e+08  124  659 8.0513e+08 7.9990e+08  0.65%   112 4008s
 184841 126744 8.0162e+08  305  577 8.0513e+08 7.9990e+08  0.65%   112 4022s
 185765 127529 8.0446e+08  524  435 8.0513e+08 7.9990e+08  0.65%   112 4035s
 186768 128043 8.0288e+08  113  603 8.0513e+08 7.9990e+08  0.65%   112 4049s
 187482 128867 8.0336e+08  210  545 8.0513e+08 7.9990e+08  0.65%   112 4062s
 188562 129846     cutoff  398      8.0513e+08 7.9990e+08  0.65%   112 4075s
 189686 130832 8.0409e+08  252  531 8.0513e+08 7.9991e+08  0.65%   112 4087s
 190855 131905 8.0358e+08  159  508 8.0513e+08 7.9991e+08  0.65%   111 4099s
 192110 132476 8.0513e+08  143  550 8.0513e+08 7.9991e+08  0.65%   111 4111s
 192884 133432 8.0091e+08  171  681 8.0513e+08 7.9991e+08  0.65%   111 4124s
 194042 134762 8.0223e+08  339  586 8.0513e+08 7.9991e+08  0.65%   111 4139s
 195493 135506 8.0364e+08  551  489 8.0513e+08 7.9991e+08  0.65%   111 4149s
 196369 136201     cutoff  715      8.0513e+08 7.9991e+08  0.65%   111 4159s
 197231 137017 8.0386e+08  120  619 8.0513e+08 7.9992e+08  0.65%   111 4170s
 198183 137699 8.0491e+08  266  511 8.0513e+08 7.9992e+08  0.65%   111 4181s
 198991 138169 8.0404e+08  214  557 8.0513e+08 7.9992e+08  0.65%   111 4195s
 199608 138534 8.0490e+08  337  515 8.0513e+08 7.9992e+08  0.65%   111 4211s
 200191 138901 8.0359e+08  201  589 8.0513e+08 7.9992e+08  0.65%   111 4224s
 200822 139397 8.0439e+08  293  553 8.0513e+08 7.9992e+08  0.65%   111 4238s
 201569 139727 8.0466e+08  164  528 8.0513e+08 7.9993e+08  0.65%   111 4253s
 202173 139976 8.0297e+08   74  577 8.0513e+08 7.9993e+08  0.65%   112 4268s
 202722 140145 8.0273e+08   91  587 8.0513e+08 7.9993e+08  0.65%   112 4285s
 202770 140145 8.0477e+08  161  553 8.0513e+08 7.9993e+08  0.65%   112 4286s
 203241 140295 8.0291e+08  115  582 8.0513e+08 7.9993e+08  0.65%   113 4303s
 203712 140486 8.0302e+08  131  561 8.0513e+08 7.9993e+08  0.65%   113 4319s
 204198 140686 8.0315e+08  142  540 8.0513e+08 7.9993e+08  0.65%   114 4334s
 204837 140985 8.0325e+08  167  510 8.0513e+08 7.9993e+08  0.65%   114 4350s
 205764 141216 8.0349e+08  212  469 8.0513e+08 7.9993e+08  0.65%   115 4366s
 206780 141472 8.0380e+08  267  433 8.0513e+08 7.9993e+08  0.65%   115 4382s
 207595 142645 8.0511e+08  314  406 8.0513e+08 7.9993e+08  0.65%   115 4397s
 209113 142887 8.0460e+08  375  422 8.0513e+08 7.9994e+08  0.65%   115 4422s
 209431 144010 8.0381e+08  117  586 8.0513e+08 7.9994e+08  0.65%   115 4466s
 211183 144393     cutoff  132      8.0513e+08 7.9994e+08  0.64%   116 4491s
 212286 144778 8.0412e+08  198  550 8.0513e+08 7.9994e+08  0.64%   117 4516s
 213406 145787 8.0467e+08  280  464 8.0513e+08 7.9994e+08  0.64%   117 4537s
 214830 146636 8.0384e+08  146  645 8.0513e+08 7.9995e+08  0.64%   117 4558s
 216065 146805     cutoff  119      8.0513e+08 7.9995e+08  0.64%   118 4580s
 216575 147129 8.0299e+08  160  459 8.0513e+08 7.9995e+08  0.64%   118 4601s
 217390 147473 8.0332e+08  205  473 8.0513e+08 7.9995e+08  0.64%   119 4622s
 218253 147781 8.0364e+08  262  436 8.0513e+08 7.9995e+08  0.64%   120 4644s
 219459 148257 8.0396e+08  331  471 8.0513e+08 7.9995e+08  0.64%   121 4664s
 220820 148967 8.0420e+08  401  436 8.0513e+08 7.9995e+08  0.64%   121 4684s
 222062 149570     cutoff  471      8.0513e+08 7.9995e+08  0.64%   121 4703s
 223239 150162 8.0468e+08  537  402 8.0513e+08 7.9995e+08  0.64%   121 4721s
 223447 150162 8.0394e+08  215  568 8.0513e+08 7.9995e+08  0.64%   122 4722s
 224166 150812 8.0498e+08  598  388 8.0513e+08 7.9996e+08  0.64%   122 4737s
 225016 151547 8.0458e+08  251  504 8.0513e+08 7.9996e+08  0.64%   122 4755s
 225962 152168 8.0483e+08  150  505 8.0513e+08 7.9996e+08  0.64%   122 4773s
 226875 152669 8.0406e+08  170  587 8.0513e+08 7.9996e+08  0.64%   122 4791s
 227893 153697 8.0487e+08  296  501 8.0513e+08 7.9996e+08  0.64%   122 4809s
 229182 154584 8.0117e+08  383  557 8.0513e+08 7.9996e+08  0.64%   122 4825s
 230312 155477 8.0297e+08  602  462 8.0513e+08 7.9996e+08  0.64%   123 4841s
 231439 156781 8.0386e+08  821  444 8.0513e+08 7.9996e+08  0.64%   123 4856s
 232821 157837 8.0480e+08 1040  383 8.0513e+08 7.9997e+08  0.64%   122 4870s
 233997 159029 8.0418e+08  183  582 8.0513e+08 7.9997e+08  0.64%   122 4884s
 235329 160059 8.0330e+08  155  588 8.0513e+08 7.9997e+08  0.64%   122 4897s
 236516 160763 8.0355e+08  181  527 8.0513e+08 7.9997e+08  0.64%   122 4911s
 237394 161216     cutoff  218      8.0513e+08 7.9997e+08  0.64%   122 4925s
 238135 161320 8.0412e+08  268  514 8.0513e+08 7.9997e+08  0.64%   122 4940s
 238653 161402 8.0456e+08  326  526 8.0513e+08 7.9997e+08  0.64%   123 4957s
 239182 162716 8.0486e+08  385  479 8.0513e+08 7.9998e+08  0.64%   123 4982s
 240863 163776 8.0505e+08  295  532 8.0513e+08 7.9998e+08  0.64%   123 4998s
 242132 165068     cutoff  251      8.0513e+08 7.9998e+08  0.64%   123 5012s
 243584 166435 8.0457e+08  259  477 8.0513e+08 7.9999e+08  0.64%   123 5025s
 245151 167640 8.0231e+08  274  518 8.0513e+08 7.9999e+08  0.64%   122 5036s
 246502 168355 8.0416e+08  493  440 8.0513e+08 7.9999e+08  0.64%   122 5050s
 247415 169039 8.0377e+08  183  545 8.0513e+08 7.9999e+08  0.64%   122 5062s
 248247 169379 8.0248e+08  120  589 8.0513e+08 7.9999e+08  0.64%   122 5073s
 248710 170028 8.0489e+08  150  497 8.0513e+08 7.9999e+08  0.64%   122 5085s
 249595 170634 8.0273e+08  335  522 8.0513e+08 7.9999e+08  0.64%   122 5098s
 250389 170958 8.0387e+08  554  475 8.0513e+08 7.9999e+08  0.64%   122 5111s
 251029 171400 8.0470e+08  773  420 8.0513e+08 7.9999e+08  0.64%   122 5124s
 251766 172107 8.0214e+08  259  538 8.0513e+08 7.9999e+08  0.64%   122 5137s
 252687 173300     cutoff  405      8.0513e+08 7.9999e+08  0.64%   122 5150s
 254015 174581 8.0216e+08  239  575 8.0513e+08 7.9999e+08  0.64%   122 5164s
 255408 175411 8.0351e+08  458  442 8.0513e+08 7.9999e+08  0.64%   122 5174s
 256323 176345 8.0493e+08  677  413 8.0513e+08 8.0000e+08  0.64%   122 5184s
 257399 176443 8.0317e+08   63  615 8.0513e+08 8.0000e+08  0.64%   122 5195s
 257700 176629 8.0330e+08   82  618 8.0513e+08 8.0000e+08  0.64%   122 5207s
 258163 176903 8.0344e+08  108  601 8.0513e+08 8.0000e+08  0.64%   122 5220s
 258688 177277 8.0362e+08  139  542 8.0513e+08 8.0000e+08  0.64%   122 5233s
 259427 177649     cutoff  180      8.0513e+08 8.0000e+08  0.64%   123 5247s
 260218 177971 8.0401e+08  226  488 8.0513e+08 8.0000e+08  0.64%   123 5260s
 260808 178570 8.0463e+08  256  461 8.0513e+08 8.0000e+08  0.64%   123 5275s
 261688 179297 8.0443e+08  277  469 8.0513e+08 8.0000e+08  0.64%   123 5291s
 262766 179886 8.0476e+08  325  472 8.0513e+08 8.0000e+08  0.64%   123 5306s
 263856 180876 8.0389e+08  227  591 8.0513e+08 8.0001e+08  0.64%   123 5321s
 265085 182033 8.0191e+08   93  661 8.0513e+08 8.0001e+08  0.64%   123 5335s
 266407 183121 8.0334e+08  297  519 8.0513e+08 8.0001e+08  0.64%   123 5349s
 267676 183868 8.0462e+08  516  451 8.0513e+08 8.0002e+08  0.64%   123 5362s
 268651 185227 8.0505e+08  171  486 8.0513e+08 8.0002e+08  0.63%   123 5377s
 270164 186264 8.0277e+08  391  526 8.0513e+08 8.0002e+08  0.63%   123 5387s
 271323 186832 8.0442e+08  599  444 8.0513e+08 8.0002e+08  0.63%   122 5397s
 271988 187395 8.0373e+08  139  684 8.0513e+08 8.0003e+08  0.63%   122 5407s
 272655 187830 8.0382e+08  151  668 8.0513e+08 8.0003e+08  0.63%   122 5419s
 273227 188270 8.0406e+08  166  611 8.0513e+08 8.0003e+08  0.63%   123 5432s
 273818 188882     cutoff  189      8.0513e+08 8.0003e+08  0.63%   123 5445s
 274619 189515     cutoff  214      8.0513e+08 8.0003e+08  0.63%   123 5460s
 275454 190314 8.0461e+08  247  555 8.0513e+08 8.0003e+08  0.63%   123 5474s
 276492 191189 8.0505e+08  297  542 8.0513e+08 8.0003e+08  0.63%   123 5488s
 277491 192260 8.0361e+08  220  586 8.0513e+08 8.0004e+08  0.63%   123 5501s
 278656 193388 8.0478e+08  423  448 8.0513e+08 8.0004e+08  0.63%   123 5514s
 279940 194291 8.0468e+08  199  573 8.0513e+08 8.0004e+08  0.63%   123 5527s
 281058 195141 8.0324e+08  163  598 8.0513e+08 8.0004e+08  0.63%   123 5540s
 282146 195806 8.0465e+08  382  484 8.0513e+08 8.0004e+08  0.63%   123 5553s
 283150 196711 8.0433e+08  296  558 8.0513e+08 8.0004e+08  0.63%   123 5568s
 284434 197170 8.0420e+08  212  636 8.0513e+08 8.0004e+08  0.63%   122 5581s
 285166 197425 8.0281e+08  149  564 8.0513e+08 8.0004e+08  0.63%   123 5596s
 285580 197883 8.0289e+08  166  626 8.0513e+08 8.0004e+08  0.63%   123 5612s
 286375 198520 8.0317e+08  202  601 8.0513e+08 8.0004e+08  0.63%   123 5629s
 287264 199230 8.0338e+08  240  582 8.0513e+08 8.0004e+08  0.63%   123 5647s
 288396 199238 8.0360e+08  287  532 8.0513e+08 8.0004e+08  0.63%   123 5690s
 288404 199994     cutoff  287      8.0513e+08 8.0004e+08  0.63%   123 5707s
 289499 201030 8.0390e+08  343  497 8.0513e+08 8.0004e+08  0.63%   123 5724s
 290769 202153 8.0427e+08  396  491 8.0513e+08 8.0004e+08  0.63%   123 5740s
 292159 203436 8.0504e+08  455  449 8.0513e+08 8.0005e+08  0.63%   123 5755s
 293672 204325 8.0486e+08  266  477 8.0513e+08 8.0005e+08  0.63%   123 5769s
 294764 205585 8.0437e+08  251  491 8.0513e+08 8.0005e+08  0.63%   123 5783s
 296200 206652 8.0258e+08  195  563 8.0513e+08 8.0005e+08  0.63%   123 5796s
 297477 207148 8.0375e+08  408  492 8.0513e+08 8.0006e+08  0.63%   122 5810s
 298268 207820 8.0379e+08   99  594 8.0513e+08 8.0006e+08  0.63%   123 5826s
 299234 208665 8.0489e+08  211  534 8.0513e+08 8.0006e+08  0.63%   123 5843s
 300422 209475 8.0504e+08  275  475 8.0513e+08 8.0006e+08  0.63%   123 5858s
 301517 210326 8.0208e+08  345  471 8.0513e+08 8.0006e+08  0.63%   123 5873s
 302700 211384 8.0324e+08  564  439 8.0513e+08 8.0006e+08  0.63%   123 5888s
 303988 212181 8.0509e+08  783  313 8.0513e+08 8.0006e+08  0.63%   123 5902s
 305059 213080     cutoff  193      8.0513e+08 8.0007e+08  0.63%   123 5915s
 306108 214383 8.0354e+08   88  625 8.0513e+08 8.0007e+08  0.63%   123 5928s
 307483 214906     cutoff  299      8.0513e+08 8.0007e+08  0.63%   122 5941s
 308122 215294 8.0365e+08  228  555 8.0513e+08 8.0007e+08  0.63%   122 5954s
 308863 215702     cutoff  269      8.0513e+08 8.0007e+08  0.63%   122 5969s
 309611 216190 8.0471e+08  305  468 8.0513e+08 8.0007e+08  0.63%   123 5983s
 310411 216816 8.0497e+08  330  452 8.0513e+08 8.0007e+08  0.63%   123 5997s
 311347 217249 8.0403e+08  107  654 8.0513e+08 8.0007e+08  0.63%   123 6012s
 312130 217804 8.0457e+08  187  562 8.0513e+08 8.0007e+08  0.63%   123 6027s
 312775 217804 8.0416e+08  171  531 8.0513e+08 8.0008e+08  0.63%   123 6028s
 313080 218913 8.0484e+08  174  606 8.0513e+08 8.0008e+08  0.63%   123 6044s
 314419 220130 8.0484e+08  308  491 8.0513e+08 8.0008e+08  0.63%   123 6056s
 315852 221344 8.0278e+08  361  531 8.0513e+08 8.0008e+08  0.63%   123 6067s
 317129 222108 8.0440e+08  556  470 8.0513e+08 8.0008e+08  0.63%   123 6077s
 318023 222672 8.0323e+08  105  702 8.0513e+08 8.0008e+08  0.63%   122 6088s
 318698 223659 8.0479e+08  165  608 8.0513e+08 8.0009e+08  0.63%   123 6099s
 319804 224989 8.0427e+08  186  582 8.0513e+08 8.0009e+08  0.63%   122 6109s
 321169 225991 8.0306e+08  154  607 8.0513e+08 8.0009e+08  0.63%   122 6120s
 322312 226406 8.0388e+08  288  531 8.0513e+08 8.0009e+08  0.63%   122 6131s
 322801 227232 8.0470e+08  417  503 8.0513e+08 8.0009e+08  0.63%   122 6143s
 323757 227858 8.0301e+08  165  601 8.0513e+08 8.0009e+08  0.63%   122 6155s
 324546 228550 8.0392e+08  314  516 8.0513e+08 8.0010e+08  0.63%   122 6168s
 325350 229113 8.0313e+08   75  567 8.0513e+08 8.0010e+08  0.63%   122 6182s
 326101 229923 8.0334e+08  103  581 8.0513e+08 8.0010e+08  0.63%   122 6194s
 327037 230842 8.0352e+08  129  564 8.0513e+08 8.0010e+08  0.63%   122 6206s
 328084 231654 8.0367e+08  157  549 8.0513e+08 8.0010e+08  0.63%   122 6222s
 329125 232167 8.0394e+08  187  524 8.0513e+08 8.0010e+08  0.63%   122 6238s
 329805 233437 8.0488e+08  200  483 8.0513e+08 8.0010e+08  0.63%   122 6255s
 331377 234490     cutoff  267      8.0513e+08 8.0010e+08  0.63%   122 6270s
 332654 235787 8.0506e+08  335  451 8.0513e+08 8.0010e+08  0.62%   122 6284s
 334055 236900 8.0296e+08  107  604 8.0513e+08 8.0010e+08  0.62%   121 6296s
 335281 238156 8.0436e+08  326  478 8.0513e+08 8.0011e+08  0.62%   121 6309s
 336634 239514 8.0265e+08  203  504 8.0513e+08 8.0011e+08  0.62%   121 6321s
 338125 240692 8.0396e+08  402  451 8.0513e+08 8.0011e+08  0.62%   121 6332s
 339444 241689 8.0048e+08   90  663 8.0513e+08 8.0011e+08  0.62%   121 6345s
 340561 242345 8.0154e+08  237  604 8.0513e+08 8.0011e+08  0.62%   120 6356s
 341396 242830 8.0283e+08  419  538 8.0513e+08 8.0011e+08  0.62%   120 6368s
 342104 243540 8.0449e+08  611  473 8.0513e+08 8.0011e+08  0.62%   120 6380s
 342989 244328 8.0451e+08  355  517 8.0513e+08 8.0012e+08  0.62%   120 6397s
 344071 244930 8.0373e+08  141  593 8.0513e+08 8.0012e+08  0.62%   121 6413s
 345013 245334 8.0319e+08   92  645 8.0513e+08 8.0012e+08  0.62%   121 6429s
 345728 246241 8.0350e+08  143  605 8.0513e+08 8.0012e+08  0.62%   121 6446s
 347063 247728 8.0311e+08  296  497 8.0513e+08 8.0012e+08  0.62%   121 6462s
 348677 248534 8.0485e+08  515  401 8.0513e+08 8.0012e+08  0.62%   121 6476s
 349685 249617 8.0499e+08  181  564 8.0513e+08 8.0012e+08  0.62%   121 6490s
 350993 250854 8.0481e+08  289  473 8.0513e+08 8.0013e+08  0.62%   120 6504s
 352442 252220 8.0176e+08  169  658 8.0513e+08 8.0013e+08  0.62%   120 6517s
 353956 253555 8.0324e+08  388  489 8.0513e+08 8.0013e+08  0.62%   120 6528s
 354613 253555 8.0450e+08  241  499 8.0513e+08 8.0013e+08  0.62%   120 6529s
 355404 254658 8.0502e+08  607  470 8.0513e+08 8.0013e+08  0.62%   120 6541s
 356624 255139     cutoff  149      8.0513e+08 8.0013e+08  0.62%   120 6554s
 357288 255728     cutoff  157      8.0513e+08 8.0013e+08  0.62%   120 6566s
 358132 256622     cutoff  172      8.0513e+08 8.0013e+08  0.62%   120 6582s
 359246 257371 8.0495e+08  198  543 8.0513e+08 8.0013e+08  0.62%   120 6597s
 360268 258253 8.0334e+08  152  675 8.0513e+08 8.0014e+08  0.62%   120 6611s
 361399 259307 8.0498e+08  231  515 8.0513e+08 8.0014e+08  0.62%   120 6626s
 362678 259892 8.0485e+08  365  480 8.0513e+08 8.0014e+08  0.62%   120 6640s
 363429 260537 8.0495e+08   99  591 8.0513e+08 8.0014e+08  0.62%   120 6655s
 364393 261010 8.0487e+08   96  600 8.0513e+08 8.0014e+08  0.62%   120 6670s
 365136 261948 8.0502e+08  201  459 8.0513e+08 8.0014e+08  0.62%   120 6685s
 366284 262633 8.0503e+08  224  492 8.0513e+08 8.0014e+08  0.62%   120 6701s
 367211 263894 8.0482e+08  213  535 8.0513e+08 8.0014e+08  0.62%   120 6716s
 368622 265401 8.0341e+08  285  489 8.0513e+08 8.0014e+08  0.62%   120 6730s
 370221 266181 8.0491e+08  504  461 8.0513e+08 8.0015e+08  0.62%   120 6745s
 371277 266502 8.0384e+08  138  662 8.0513e+08 8.0015e+08  0.62%   120 6760s
 371865 267027 8.0394e+08  147  661 8.0513e+08 8.0015e+08  0.62%   120 6776s
 372702 267558 8.0412e+08  161  613 8.0513e+08 8.0015e+08  0.62%   120 6793s
 373578 268035 8.0436e+08  193  569 8.0513e+08 8.0015e+08  0.62%   120 6813s
 374632 268884 8.0472e+08  246  524 8.0513e+08 8.0015e+08  0.62%   120 6831s
 375842 268892 8.0070e+08   81  713 8.0513e+08 8.0015e+08  0.62%   121 6932s
 375850 269096 8.0071e+08   82  741 8.0513e+08 8.0015e+08  0.62%   121 6951s
 376199 270286 8.0089e+08  108  676 8.0513e+08 8.0015e+08  0.62%   121 6971s
 377715 271706 8.0227e+08  327  524 8.0513e+08 8.0015e+08  0.62%   121 6988s
 379288 273358 8.0387e+08  546  484 8.0513e+08 8.0015e+08  0.62%   120 7002s
 381005 274088 8.0503e+08  765  433 8.0513e+08 8.0015e+08  0.62%   120 7016s
 381978 274498 8.0244e+08  111  612 8.0513e+08 8.0015e+08  0.62%   120 7031s
 382649 274917 8.0254e+08  125  596 8.0513e+08 8.0015e+08  0.62%   120 7047s
 383407 275378 8.0269e+08  139  625 8.0513e+08 8.0015e+08  0.62%   120 7063s
 384191 275875 8.0279e+08  155  618 8.0513e+08 8.0015e+08  0.62%   121 7079s
 385083 276407 8.0298e+08  186  601 8.0513e+08 8.0015e+08  0.62%   121 7095s
 385905 277136     cutoff  225      8.0513e+08 8.0015e+08  0.62%   121 7112s
 386923 278368 8.0355e+08  267  580 8.0513e+08 8.0015e+08  0.62%   121 7128s
 388339 279407     cutoff  300      8.0513e+08 8.0015e+08  0.62%   121 7143s
 389596 280400     cutoff  343      8.0513e+08 8.0015e+08  0.62%   121 7156s
 390751 281419 8.0421e+08  385  545 8.0513e+08 8.0015e+08  0.62%   121 7168s
 391963 282162 8.0443e+08  421  493 8.0513e+08 8.0017e+08  0.62%   121 7179s
 392876 283282 8.0409e+08  151  653 8.0513e+08 8.0017e+08  0.62%   120 7191s
 394139 284464 8.0147e+08  234  583 8.0513e+08 8.0017e+08  0.62%   120 7202s
 395481 285752 8.0308e+08  450  468 8.0513e+08 8.0017e+08  0.62%   120 7214s
 396914 286933 8.0442e+08  659  461 8.0513e+08 8.0017e+08  0.62%   120 7225s
 398176 288146 8.0440e+08  207  600 8.0513e+08 8.0017e+08  0.62%   120 7235s
 399128 288146 8.0413e+08  187  598 8.0513e+08 8.0018e+08  0.62%   119 7236s
 399434 289365 8.0342e+08  109  566 8.0513e+08 8.0018e+08  0.62%   119 7246s
 400718 290446 8.0475e+08  302  480 8.0513e+08 8.0018e+08  0.62%   119 7257s
 401880 291336 8.0371e+08  148  615 8.0513e+08 8.0018e+08  0.62%   119 7269s
 402854 292126 8.0282e+08  242  589 8.0513e+08 8.0018e+08  0.62%   119 7285s
 403928 293105 8.0458e+08  460  500 8.0513e+08 8.0018e+08  0.61%   119 7301s
 405071 294074 8.0442e+08  240  493 8.0513e+08 8.0018e+08  0.61%   119 7317s
 406240 294948 8.0485e+08  192  463 8.0513e+08 8.0018e+08  0.61%   119 7333s
 407295 295914 8.0451e+08  193  580 8.0513e+08 8.0019e+08  0.61%   119 7350s
 408476 296717 8.0505e+08  148  611 8.0513e+08 8.0019e+08  0.61%   119 7366s
 409563 297283 8.0439e+08  225  495 8.0513e+08 8.0019e+08  0.61%   119 7383s
 410397 298271 8.0408e+08  261  545 8.0513e+08 8.0019e+08  0.61%   119 7400s
 411635 299299     cutoff  320      8.0513e+08 8.0019e+08  0.61%   119 7416s
 412907 300647 8.0381e+08  134  680 8.0513e+08 8.0020e+08  0.61%   119 7432s
 414440 301854 8.0504e+08  189  557 8.0513e+08 8.0020e+08  0.61%   119 7447s
 415832 303161 8.0386e+08  152  693 8.0513e+08 8.0020e+08  0.61%   119 7461s
 417262 304466 8.0281e+08  123  681 8.0513e+08 8.0020e+08  0.61%   119 7476s
 418759 305954 8.0437e+08  342  543 8.0513e+08 8.0020e+08  0.61%   119 7491s
 420417 306618 8.0209e+08  233  557 8.0513e+08 8.0020e+08  0.61%   118 7502s
 421190 307926 8.0261e+08  316  553 8.0513e+08 8.0020e+08  0.61%   118 7513s
 422607 309215 8.0389e+08  517  483 8.0513e+08 8.0020e+08  0.61%   118 7523s
 423925 310553 8.0295e+08  101  610 8.0513e+08 8.0020e+08  0.61%   118 7533s
 425291 311938 8.0406e+08  279  497 8.0513e+08 8.0020e+08  0.61%   118 7543s
 426718 312821 8.0501e+08  486  420 8.0513e+08 8.0021e+08  0.61%   117 7553s
 427706 313534 8.0432e+08  155  577 8.0513e+08 8.0021e+08  0.61%   117 7563s
 428538 313957 8.0490e+08  232  529 8.0513e+08 8.0021e+08  0.61%   117 7574s
 429193 314141 8.0347e+08  103  578 8.0513e+08 8.0021e+08  0.61%   117 7585s
 429582 314364     cutoff  117      8.0513e+08 8.0021e+08  0.61%   117 7597s
 430039 314610 8.0339e+08  134  547 8.0513e+08 8.0021e+08  0.61%   118 7609s
 430599 314822 8.0355e+08  147  541 8.0513e+08 8.0021e+08  0.61%   118 7623s
 431171 315274 8.0377e+08  182  554 8.0513e+08 8.0021e+08  0.61%   118 7635s
 431962 315461 8.0394e+08  209  546 8.0513e+08 8.0021e+08  0.61%   118 7649s
 432590 315695 8.0415e+08  241  515 8.0513e+08 8.0021e+08  0.61%   118 7662s
 433279 316227     cutoff  277      8.0513e+08 8.0021e+08  0.61%   118 7679s
 434225 317662 8.0475e+08  341  432 8.0513e+08 8.0021e+08  0.61%   118 7697s
 435846 318326 8.0441e+08  221  545 8.0513e+08 8.0021e+08  0.61%   118 7711s
 436791 318543 8.0451e+08   91  588 8.0513e+08 8.0021e+08  0.61%   118 7726s
 437417 318987 8.0474e+08  122  590 8.0513e+08 8.0021e+08  0.61%   119 7743s
 438040 318987 8.0503e+08  266  505 8.0513e+08 8.0021e+08  0.61%   119 7744s
 438162 319482 8.0512e+08  152  569 8.0513e+08 8.0021e+08  0.61%   119 7762s
 438996 319726 8.0236e+08  156  524 8.0513e+08 8.0022e+08  0.61%   119 7781s
 439655 319971 8.0265e+08  203  507 8.0513e+08 8.0022e+08  0.61%   119 7811s
 440427 320525 8.0290e+08  246  489 8.0513e+08 8.0022e+08  0.61%   120 7831s
 441550 321487 8.0320e+08  317  444 8.0513e+08 8.0022e+08  0.61%   120 7851s
 442992 322136 8.0342e+08  384  411 8.0513e+08 8.0022e+08  0.61%   120 7871s
 444082 322659 8.0370e+08  452  427 8.0513e+08 8.0022e+08  0.61%   120 7891s
 445202 323457 8.0391e+08  511  425 8.0513e+08 8.0022e+08  0.61%   120 7910s
 446473 324493 8.0408e+08  589  400 8.0513e+08 8.0022e+08  0.61%   120 7927s
 447804 325539 8.0437e+08  662  401 8.0513e+08 8.0022e+08  0.61%   120 7944s
 449186 326698 8.0458e+08  724  400 8.0513e+08 8.0022e+08  0.61%   120 7956s
 450519 327244 8.0508e+08  779  375 8.0513e+08 8.0022e+08  0.61%   120 7968s
 451346 327755 8.0487e+08  828  367 8.0513e+08 8.0023e+08  0.61%   120 7987s
 452115 328545 8.0359e+08   83  602 8.0513e+08 8.0023e+08  0.61%   120 8000s
 453074 329041     cutoff  158      8.0513e+08 8.0023e+08  0.61%   120 8015s
 453830 329453 8.0426e+08  220  569 8.0513e+08 8.0023e+08  0.61%   120 8031s
 454430 329983 8.0224e+08  231  581 8.0513e+08 8.0024e+08  0.61%   121 8047s
 455169 330652 8.0378e+08  450  521 8.0513e+08 8.0024e+08  0.61%   121 8064s
 456023 331581 8.0396e+08  273  536 8.0513e+08 8.0024e+08  0.61%   121 8082s
 457124 332740 8.0433e+08  259  547 8.0513e+08 8.0024e+08  0.61%   121 8098s
 458513 333662 8.0285e+08  136  554 8.0513e+08 8.0024e+08  0.61%   121 8114s
 459272 333662 8.0202e+08  101  658 8.0513e+08 8.0024e+08  0.61%   121 8115s
 459634 334678 8.0405e+08  355  509 8.0513e+08 8.0024e+08  0.61%   121 8130s
 460914 335549 8.0511e+08  574  367 8.0513e+08 8.0024e+08  0.61%   121 8146s
 462072 336333     cutoff  120      8.0513e+08 8.0024e+08  0.61%   121 8162s
 463129 337338 8.0471e+08  139  534 8.0513e+08 8.0024e+08  0.61%   121 8181s
 464383 338679 8.0488e+08  168  496 8.0513e+08 8.0025e+08  0.61%   121 8195s
 465877 339146 8.0431e+08  276  573 8.0513e+08 8.0025e+08  0.61%   120 8208s
 466461 339650     cutoff  360      8.0513e+08 8.0025e+08  0.61%   120 8223s
 467225 340529 8.0302e+08  130  609 8.0513e+08 8.0025e+08  0.61%   121 8238s
 468372 341740 8.0449e+08  349  493 8.0513e+08 8.0025e+08  0.61%   121 8252s
 469741 342736 8.0421e+08  201  584 8.0513e+08 8.0025e+08  0.61%   120 8266s
 470990 343413     cutoff  196      8.0513e+08 8.0025e+08  0.61%   120 8281s
 471905 343889 8.0481e+08  270  464 8.0513e+08 8.0025e+08  0.61%   120 8296s
 472661 344755 8.0410e+08  128  652 8.0513e+08 8.0026e+08  0.61%   120 8311s
 473820 346061 8.0172e+08  135  701 8.0513e+08 8.0026e+08  0.61%   120 8325s
 475236 346910 8.0320e+08  354  502 8.0513e+08 8.0026e+08  0.61%   120 8341s
 476264 348144 8.0505e+08  573  470 8.0513e+08 8.0026e+08  0.61%   120 8356s
 477642 349792 8.0316e+08   87  604 8.0513e+08 8.0026e+08  0.61%   120 8370s
 479376 350835 8.0487e+08  306  464 8.0513e+08 8.0026e+08  0.61%   120 8379s
 480480 352070 8.0444e+08  155  601 8.0513e+08 8.0026e+08  0.60%   120 8389s
 481754 352713 8.0321e+08  157  567 8.0513e+08 8.0026e+08  0.60%   120 8399s
 482459 353519 8.0489e+08  202  493 8.0513e+08 8.0026e+08  0.60%   119 8409s
 483435 354172 8.0411e+08  190  576 8.0513e+08 8.0026e+08  0.60%   119 8420s
 484315 355272 8.0461e+08  245  533 8.0513e+08 8.0026e+08  0.60%   119 8431s
 484423 355272 8.0377e+08   97  664 8.0513e+08 8.0027e+08  0.60%   119 8432s
 485528 356252 8.0495e+08  152  577 8.0513e+08 8.0027e+08  0.60%   119 8443s
 486609 357260 8.0459e+08  294  508 8.0513e+08 8.0027e+08  0.60%   119 8454s
 487777 358365 8.0405e+08  201  596 8.0513e+08 8.0027e+08  0.60%   119 8466s
 488977 359002 8.0367e+08   89  677 8.0513e+08 8.0027e+08  0.60%   119 8477s
 489760 359422 8.0505e+08  143  646 8.0513e+08 8.0027e+08  0.60%   119 8490s
 490328 359627     cutoff  154      8.0513e+08 8.0027e+08  0.60%   119 8503s
 490784 359969 8.0486e+08  166  560 8.0513e+08 8.0027e+08  0.60%   119 8518s
 491362 360715 8.0502e+08  182  549 8.0513e+08 8.0027e+08  0.60%   119 8531s
 492321 361991 8.0313e+08  319  533 8.0513e+08 8.0028e+08  0.60%   119 8547s
 493031 361991 8.0502e+08  201  540 8.0513e+08 8.0028e+08  0.60%   119 8548s
 493725 362796 8.0474e+08  538  422 8.0513e+08 8.0028e+08  0.60%   119 8561s
 493954 362796 8.0454e+08  565  461 8.0513e+08 8.0028e+08  0.60%   119 8562s
 494651 363973 8.0266e+08  237  538 8.0513e+08 8.0028e+08  0.60%   119 8576s
 495984 364821 8.0380e+08  456  474 8.0513e+08 8.0028e+08  0.60%   119 8590s
 497029 365841     cutoff  175      8.0513e+08 8.0028e+08  0.60%   119 8605s
 498186 366542 8.0470e+08  188  589 8.0513e+08 8.0028e+08  0.60%   119 8622s
 499091 366812     cutoff  200      8.0513e+08 8.0028e+08  0.60%   119 8637s
 499723 367007     cutoff  215      8.0513e+08 8.0028e+08  0.60%   119 8654s
 500286 367890 8.0411e+08  221  607 8.0513e+08 8.0028e+08  0.60%   119 8671s
 501454 368955 8.0459e+08  210  579 8.0513e+08 8.0029e+08  0.60%   119 8686s
 502605 368955 8.0435e+08  164  595 8.0513e+08 8.0029e+08  0.60%   119 8687s
 502778 370183 8.0458e+08  242  562 8.0513e+08 8.0029e+08  0.60%   119 8701s
 504174 371613 8.0424e+08  243  528 8.0513e+08 8.0029e+08  0.60%   119 8715s
 505566 371613 8.0406e+08  258  516 8.0513e+08 8.0029e+08  0.60%   119 8716s
 505767 373184 8.0363e+08  163  511 8.0513e+08 8.0029e+08  0.60%   119 8729s
 507430 374536 8.0321e+08  178  527 8.0513e+08 8.0029e+08  0.60%   119 8746s
 508867 375753 8.0443e+08  397  475 8.0513e+08 8.0029e+08  0.60%   119 8760s
 510239 376783 8.0379e+08   89  638 8.0513e+08 8.0029e+08  0.60%   119 8772s
 511376 378230 8.0329e+08  109  667 8.0513e+08 8.0030e+08  0.60%   118 8784s
 512911 379363 8.0477e+08  276  501 8.0513e+08 8.0030e+08  0.60%   118 8796s
 514111 380352 8.0292e+08  140  674 8.0513e+08 8.0030e+08  0.60%   118 8809s
 515191 381717 8.0396e+08  291  615 8.0513e+08 8.0030e+08  0.60%   118 8820s
 516626 383017     cutoff  471      8.0513e+08 8.0030e+08  0.60%   118 8832s
 518009 384155 8.0426e+08  231  547 8.0513e+08 8.0030e+08  0.60%   118 8844s
 519229 385283 8.0462e+08   94  612 8.0513e+08 8.0030e+08  0.60%   118 8856s
 520448 386603 8.0428e+08  204  576 8.0513e+08 8.0031e+08  0.60%   117 8866s
 521862 388166 8.0391e+08  134  614 8.0513e+08 8.0031e+08  0.60%   117 8882s
 523544 389108 8.0373e+08  196  585 8.0513e+08 8.0031e+08  0.60%   117 8894s
 524587 390227 8.0465e+08  315  496 8.0513e+08 8.0031e+08  0.60%   117 8907s
 525801 391554 8.0371e+08  153  582 8.0513e+08 8.0031e+08  0.60%   117 8919s
 527221 392782 8.0108e+08  119  678 8.0513e+08 8.0031e+08  0.60%   117 8933s
 528501 394013 8.0235e+08  254  606 8.0513e+08 8.0031e+08  0.60%   117 8944s
 529810 394960 8.0379e+08  428  523 8.0513e+08 8.0031e+08  0.60%   116 8958s
 530911 395842 8.0347e+08  124  654 8.0513e+08 8.0031e+08  0.60%   116 8970s
 531893 396945 8.0507e+08  203  539 8.0513e+08 8.0031e+08  0.60%   116 8982s
 533128 397958 8.0506e+08  200  622 8.0513e+08 8.0032e+08  0.60%   116 8993s
 534184 397958 8.0358e+08  135  640 8.0513e+08 8.0032e+08  0.60%   116 8994s
 534285 399234 8.0266e+08  309  542 8.0513e+08 8.0032e+08  0.60%   116 9005s
 535634 400119 8.0439e+08  528  495 8.0513e+08 8.0032e+08  0.60%   116 9019s
 536699 400760 8.0443e+08  273  567 8.0513e+08 8.0032e+08  0.60%   116 9039s
 537466 400767 8.0388e+08  147  613 8.0513e+08 8.0032e+08  0.60%   116 9084s
 537475 401324 8.0389e+08  148  617 8.0513e+08 8.0032e+08  0.60%   116 9113s
 538465 402117 8.0428e+08  160  557 8.0513e+08 8.0032e+08  0.60%   116 9140s
 538684 402117 8.0461e+08  121  494 8.0513e+08 8.0032e+08  0.60%   116 9141s
 539653 403444 8.0435e+08  172  522 8.0513e+08 8.0032e+08  0.60%   116 9163s
 541216 404926 8.0485e+08  246  519 8.0513e+08 8.0032e+08  0.60%   116 9183s
 542825 406587 8.0258e+08  373  504 8.0513e+08 8.0033e+08  0.60%   116 9198s
 544577 408157 8.0411e+08  592  424 8.0513e+08 8.0033e+08  0.60%   116 9213s
 546246 409143 8.0506e+08  811  395 8.0513e+08 8.0033e+08  0.60%   116 9229s
 547328 410107 8.0489e+08  238  565 8.0513e+08 8.0033e+08  0.60%   116 9246s
 548467 410869 8.0422e+08   88  690 8.0513e+08 8.0033e+08  0.60%   116 9262s
 549437 411654 8.0475e+08  175  573 8.0513e+08 8.0033e+08  0.60%   116 9279s
 550408 412477 8.0385e+08  372  521 8.0513e+08 8.0033e+08  0.60%   116 9295s
 551432 413226 8.0470e+08  587  400 8.0513e+08 8.0033e+08  0.60%   116 9315s
 552468 413890 8.0510e+08  173  555 8.0513e+08 8.0033e+08  0.60%   116 9336s
 553548 414786     cutoff  251      8.0513e+08 8.0033e+08  0.60%   116 9357s
 554856 415434 8.0495e+08  272  489 8.0513e+08 8.0033e+08  0.60%   116 9379s
 556015 416246 8.0298e+08  161  654 8.0513e+08 8.0033e+08  0.60%   116 9400s
 557155 416958 8.0437e+08  380  502 8.0513e+08 8.0034e+08  0.60%   116 9420s
 558319 417611 8.0489e+08  120  541 8.0513e+08 8.0034e+08  0.60%   116 9439s
 559402 418266 8.0167e+08  140  680 8.0513e+08 8.0034e+08  0.60%   117 9460s
 560060 418266 8.0495e+08  280  562 8.0513e+08 8.0034e+08  0.60%   117 9461s
 560433 418584 8.0307e+08  359  530 8.0513e+08 8.0034e+08  0.60%   117 9481s
 561235 419234 8.0480e+08  578  463 8.0513e+08 8.0034e+08  0.60%   117 9502s
 562283 420257 8.0387e+08  175  585 8.0513e+08 8.0034e+08  0.59%   117 9522s
 563616 420945 8.0417e+08  114  650 8.0513e+08 8.0034e+08  0.59%   117 9545s
 564715 421591     cutoff  201      8.0513e+08 8.0034e+08  0.59%   117 9565s
 565811 422737 8.0413e+08  133  574 8.0513e+08 8.0034e+08  0.59%   117 9584s
 566370 422737 8.0505e+08  192  523 8.0513e+08 8.0034e+08  0.59%   117 9585s
 567210 424094 8.0506e+08  233  468 8.0513e+08 8.0035e+08  0.59%   117 9601s
 568750 424872 8.0425e+08  396  478 8.0513e+08 8.0035e+08  0.59%   117 9615s
 569652 426046 8.0444e+08  163  575 8.0513e+08 8.0035e+08  0.59%   117 9628s
 570946 427302 8.0104e+08  188  659 8.0513e+08 8.0035e+08  0.59%   117 9642s
 572280 428506 8.0241e+08  390  546 8.0513e+08 8.0035e+08  0.59%   117 9655s
 573580 429319 8.0407e+08  608  485 8.0513e+08 8.0035e+08  0.59%   117 9668s
 574556 430418 8.0509e+08  272  534 8.0513e+08 8.0035e+08  0.59%   117 9682s
 575810 431010 8.0476e+08  186  539 8.0513e+08 8.0035e+08  0.59%   117 9696s
 576680 431265 8.0309e+08   88  634 8.0513e+08 8.0035e+08  0.59%   117 9711s
 577147 431646 8.0318e+08  100  597 8.0513e+08 8.0035e+08  0.59%   117 9726s
 577801 431818     cutoff  122      8.0513e+08 8.0035e+08  0.59%   117 9741s
 578340 432144 8.0466e+08  187  621 8.0513e+08 8.0035e+08  0.59%   117 9757s
 579001 432803 8.0477e+08  201  578 8.0513e+08 8.0035e+08  0.59%   117 9774s
 579916 433365     cutoff  219      8.0513e+08 8.0035e+08  0.59%   117 9792s
 580729 433643 8.0353e+08  109  669 8.0513e+08 8.0036e+08  0.59%   117 9810s
 581382 433987 8.0387e+08  210  611 8.0513e+08 8.0036e+08  0.59%   118 9828s
 582166 434373 8.0494e+08  159  602 8.0513e+08 8.0036e+08  0.59%   118 9847s
 582945 434728 8.0395e+08  119  613 8.0513e+08 8.0036e+08  0.59%   118 9876s
 583954 435662 8.0442e+08  176  489 8.0513e+08 8.0036e+08  0.59%   118 9903s
 585325 436886 8.0503e+08  249  474 8.0513e+08 8.0036e+08  0.59%   118 9926s
 586799 437937 8.0475e+08  315  496 8.0513e+08 8.0036e+08  0.59%   119 9948s
 587619 437937 8.0470e+08  404  463 8.0513e+08 8.0036e+08  0.59%   119 9949s
 588212 438775     cutoff  321      8.0513e+08 8.0036e+08  0.59%   119 9971s
 589313 440028 8.0470e+08  240  564 8.0513e+08 8.0036e+08  0.59%   119 9992s
 590953 441241     cutoff  117      8.0513e+08 8.0037e+08  0.59%   119 10011s
 591255 441241 8.0464e+08  300  504 8.0513e+08 8.0037e+08  0.59%   119 10012s
 592411 442719 8.0343e+08  189  508 8.0513e+08 8.0037e+08  0.59%   119 10029s
 594101 444148 8.0403e+08  164  580 8.0513e+08 8.0037e+08  0.59%   118 10045s
 595079 444148 8.0499e+08  567  477 8.0513e+08 8.0037e+08  0.59%   118 10046s
 595722 445024 8.0291e+08  134  555 8.0513e+08 8.0037e+08  0.59%   118 10064s
 596958 445818 8.0446e+08  351  473 8.0513e+08 8.0037e+08  0.59%   118 10082s
 598029 446265 8.0464e+08  271  542 8.0513e+08 8.0037e+08  0.59%   118 10101s
 598894 446858 8.0449e+08  210  492 8.0513e+08 8.0037e+08  0.59%   119 10122s
 599921 448216 8.0510e+08  280  464 8.0513e+08 8.0037e+08  0.59%   119 10142s
 601495 449873 8.0416e+08  309  526 8.0513e+08 8.0038e+08  0.59%   119 10157s
 603247 450582 8.0212e+08  212  582 8.0513e+08 8.0038e+08  0.59%   118 10174s
 604118 451892 8.0375e+08  412  457 8.0513e+08 8.0038e+08  0.59%   118 10189s
 605583 453429 8.0386e+08  116  690 8.0513e+08 8.0038e+08  0.59%   118 10203s
 607211 454710 8.0435e+08  222  651 8.0513e+08 8.0038e+08  0.59%   118 10218s
 608635 455883 8.0399e+08  277  526 8.0513e+08 8.0038e+08  0.59%   118 10232s
 609971 456990 8.0506e+08  496  406 8.0513e+08 8.0038e+08  0.59%   118 10247s
 611289 458020 8.0401e+08  255  525 8.0513e+08 8.0038e+08  0.59%   118 10261s
 612482 459715 8.0246e+08  130  604 8.0513e+08 8.0038e+08  0.59%   118 10276s
 614224 461146 8.0397e+08  349  483 8.0513e+08 8.0038e+08  0.59%   118 10287s
 615710 462413 8.0480e+08  540  423 8.0513e+08 8.0039e+08  0.59%   117 10296s
 617035 463267 8.0417e+08  131  527 8.0513e+08 8.0039e+08  0.59%   117 10306s
 617988 464109 8.0387e+08   75  626 8.0513e+08 8.0039e+08  0.59%   117 10316s
 618909 464815 8.0261e+08  161  637 8.0513e+08 8.0039e+08  0.59%   117 10328s
 619771 465474 8.0499e+08  244  503 8.0513e+08 8.0039e+08  0.59%   117 10340s
 620658 466179 8.0398e+08  222  499 8.0513e+08 8.0039e+08  0.59%   117 10351s
 621429 467165 8.0494e+08  333  459 8.0513e+08 8.0039e+08  0.59%   117 10364s
 622523 468302 8.0512e+08  264  489 8.0513e+08 8.0039e+08  0.59%   117 10377s
 623718 469760 8.0411e+08  208  542 8.0513e+08 8.0039e+08  0.59%   117 10388s
 625252 470657 8.0416e+08  161  567 8.0513e+08 8.0039e+08  0.59%   117 10402s
 626335 470790     cutoff  111      8.0513e+08 8.0039e+08  0.59%   117 10415s
 626710 471014 8.0251e+08  122  588 8.0513e+08 8.0039e+08  0.59%   117 10429s
 627197 471569     cutoff  137      8.0513e+08 8.0039e+08  0.59%   117 10447s
 628110 472577     cutoff  176      8.0513e+08 8.0039e+08  0.59%   117 10467s
 629535 473961 8.0374e+08  170  584 8.0513e+08 8.0039e+08  0.59%   117 10484s
 631051 475436 8.0230e+08  297  608 8.0513e+08 8.0040e+08  0.59%   117 10499s
 632615 476467 8.0394e+08  516  457 8.0513e+08 8.0040e+08  0.59%   117 10514s
 633720 477565 8.0349e+08   67  646 8.0513e+08 8.0040e+08  0.59%   117 10528s
 634978 478901 8.0398e+08  131  551 8.0513e+08 8.0040e+08  0.59%   117 10542s
 636401 480393 8.0459e+08  226  478 8.0513e+08 8.0040e+08  0.59%   117 10556s
 637978 481655 8.0419e+08  171  567 8.0513e+08 8.0040e+08  0.59%   116 10569s
 639367 482753 8.0483e+08  196  590 8.0513e+08 8.0040e+08  0.59%   116 10582s
 640613 483990 8.0137e+08  150  665 8.0513e+08 8.0040e+08  0.59%   116 10594s
 641956 485208 8.0269e+08  369  531 8.0513e+08 8.0040e+08  0.59%   116 10610s
 643348 486024 8.0384e+08  588  479 8.0513e+08 8.0040e+08  0.59%   116 10624s
 644360 487245 8.0468e+08  807  456 8.0513e+08 8.0041e+08  0.59%   116 10639s
 645734 488504 8.0506e+08  333  490 8.0513e+08 8.0041e+08  0.59%   116 10652s
 647131 489996 8.0322e+08  201  592 8.0513e+08 8.0041e+08  0.59%   116 10665s
 648687 491454 8.0477e+08  396  483 8.0513e+08 8.0041e+08  0.59%   116 10677s
 650186 492381 8.0373e+08  231  586 8.0513e+08 8.0041e+08  0.59%   116 10688s
 651154 493711 8.0436e+08  332  532 8.0513e+08 8.0041e+08  0.59%   115 10700s
 652559 495116 8.0426e+08  173  550 8.0513e+08 8.0041e+08  0.59%   115 10711s
 654033 496356 8.0381e+08  210  601 8.0513e+08 8.0041e+08  0.59%   115 10722s
 655374 497084 8.0329e+08  120  599 8.0513e+08 8.0041e+08  0.59%   115 10734s
 656252 497913 8.0397e+08  194  567 8.0513e+08 8.0041e+08  0.59%   115 10746s
 657252 498857 8.0482e+08  322  544 8.0513e+08 8.0041e+08  0.59%   115 10763s
 658419 500089 8.0414e+08  217  544 8.0513e+08 8.0041e+08  0.59%   115 10779s
 659824 501677 8.0384e+08  176  574 8.0513e+08 8.0041e+08  0.59%   115 10794s
 661510 503127 8.0346e+08  158  545 8.0513e+08 8.0042e+08  0.59%   115 10807s
 662996 504494 8.0476e+08  315  449 8.0513e+08 8.0042e+08  0.59%   115 10819s
 664427 505615 8.0249e+08  315  536 8.0513e+08 8.0042e+08  0.59%   115 10831s
 665662 506680 8.0361e+08  496  456 8.0513e+08 8.0042e+08  0.59%   114 10843s
 666864 507401 8.0368e+08  109  620 8.0513e+08 8.0042e+08  0.59%   114 10855s
 667624 508593 8.0455e+08  236  494 8.0513e+08 8.0042e+08  0.59%   114 10867s
 668896 509592 8.0311e+08  267  583 8.0513e+08 8.0042e+08  0.59%   114 10881s
 669976 510555 8.0475e+08  479  474 8.0513e+08 8.0042e+08  0.59%   114 10893s
 671047 511445 8.0274e+08  329  590 8.0513e+08 8.0042e+08  0.59%   114 10907s
 672052 512610 8.0470e+08  548  528 8.0513e+08 8.0042e+08  0.59%   114 10923s
 673333 513535 8.0402e+08  274  571 8.0513e+08 8.0042e+08  0.59%   114 10938s
 674465 514284 8.0443e+08  138  568 8.0513e+08 8.0042e+08  0.59%   114 10954s
 675458 515207 8.0507e+08  216  485 8.0513e+08 8.0042e+08  0.59%   114 10969s
 676651 516259 8.0396e+08  218  568 8.0513e+08 8.0042e+08  0.59%   114 10987s
 677947 517499 8.0185e+08  311  583 8.0513e+08 8.0042e+08  0.59%   114 11002s
 678166 517499 8.0500e+08  289  500 8.0513e+08 8.0042e+08  0.59%   114 11003s
 679411 518759 8.0364e+08  530  449 8.0513e+08 8.0042e+08  0.59%   114 11016s
 680853 519967 8.0483e+08  749  387 8.0513e+08 8.0042e+08  0.58%   114 11029s
 681919 519967 8.0325e+08  171  605 8.0513e+08 8.0042e+08  0.58%   114 11030s
 682270 521174 8.0328e+08  197  538 8.0513e+08 8.0042e+08  0.58%   114 11042s
 683642 522095 8.0374e+08  323  502 8.0513e+08 8.0042e+08  0.58%   114 11054s
 684650 523399 8.0474e+08  459  408 8.0513e+08 8.0042e+08  0.58%   114 11067s
 686093 524132 8.0475e+08  173  496 8.0513e+08 8.0042e+08  0.58%   114 11081s
 687049 524960 8.0408e+08  181  623 8.0513e+08 8.0043e+08  0.58%   114 11098s
 688025 524960 8.0489e+08  667  490 8.0513e+08 8.0043e+08  0.58%   114 11099s
 688199 525744 8.0238e+08  189  534 8.0513e+08 8.0043e+08  0.58%   114 11118s
 689364 526609 8.0338e+08  120  627 8.0513e+08 8.0043e+08  0.58%   114 11138s
 690548 526984 8.0432e+08  236  530 8.0513e+08 8.0043e+08  0.58%   114 11159s
 691273 527387 8.0448e+08  163  563 8.0513e+08 8.0043e+08  0.58%   114 11181s
 692232 528248 8.0340e+08  389  558 8.0513e+08 8.0043e+08  0.58%   114 11202s
 693577 528988 8.0502e+08  607  411 8.0513e+08 8.0043e+08  0.58%   114 11222s
 694812 530078 8.0329e+08  155  613 8.0513e+08 8.0043e+08  0.58%   114 11240s
 696308 530946 8.0467e+08  374  472 8.0513e+08 8.0043e+08  0.58%   114 11261s
 697381 532241 8.0451e+08  163  535 8.0513e+08 8.0043e+08  0.58%   114 11278s
 698845 533452 8.0282e+08  136  574 8.0513e+08 8.0043e+08  0.58%   114 11295s
 700277 534598 8.0443e+08  355  416 8.0513e+08 8.0043e+08  0.58%   114 11313s
 701645 535896 8.0460e+08  225  568 8.0513e+08 8.0044e+08  0.58%   114 11330s
 703143 537022 8.0489e+08  225  516 8.0513e+08 8.0044e+08  0.58%   114 11344s
 704356 538181 8.0443e+08  169  616 8.0513e+08 8.0044e+08  0.58%   114 11357s
 705635 539069     cutoff  257      8.0513e+08 8.0044e+08  0.58%   114 11370s
 706667 539882 8.0354e+08  201  547 8.0513e+08 8.0044e+08  0.58%   114 11384s
 707687 541205 8.0436e+08  214  552 8.0513e+08 8.0044e+08  0.58%   114 11397s
 709104 542343 8.0400e+08  250  602 8.0513e+08 8.0044e+08  0.58%   114 11411s
 710407 543181 8.0371e+08  153  635 8.0513e+08 8.0044e+08  0.58%   114 11424s
 711412 544405 8.0442e+08  250  508 8.0513e+08 8.0044e+08  0.58%   114 11438s
 712768 545120     cutoff  364      8.0513e+08 8.0044e+08  0.58%   114 11452s
 713581 546138 8.0502e+08  153  565 8.0513e+08 8.0044e+08  0.58%   114 11465s
 714742 546574 8.0467e+08  212  575 8.0513e+08 8.0045e+08  0.58%   114 11481s
 715457 546756 8.0265e+08   95  618 8.0513e+08 8.0045e+08  0.58%   114 11497s
 715929 547650     cutoff  112      8.0513e+08 8.0045e+08  0.58%   114 11511s
 716988 549120 8.0202e+08  153  567 8.0513e+08 8.0045e+08  0.58%   114 11528s
 718603 550332 8.0345e+08  372  474 8.0513e+08 8.0045e+08  0.58%   114 11539s
 719920 551507 8.0402e+08  177  608 8.0513e+08 8.0045e+08  0.58%   114 11549s
 721148 552104     cutoff  148      8.0513e+08 8.0045e+08  0.58%   114 11562s
 721837 553293     cutoff  194      8.0513e+08 8.0045e+08  0.58%   114 11574s
 722859 553293     cutoff  425      8.0513e+08 8.0045e+08  0.58%   113 11575s
 723104 554334 8.0418e+08  170  564 8.0513e+08 8.0045e+08  0.58%   113 11587s
 724274 555670     cutoff  268      8.0513e+08 8.0045e+08  0.58%   113 11598s
 725700 556834 8.0430e+08  206  600 8.0513e+08 8.0045e+08  0.58%   113 11610s
 726982 558285 8.0229e+08  211  594 8.0513e+08 8.0046e+08  0.58%   113 11621s
 728471 559654 8.0374e+08  421  504 8.0513e+08 8.0046e+08  0.58%   113 11632s
 729910 560658 8.0296e+08   78  625 8.0513e+08 8.0046e+08  0.58%   113 11643s
 730986 561884 8.0393e+08  172  533 8.0513e+08 8.0046e+08  0.58%   113 11654s
 732295 563472 8.0398e+08   87  742 8.0513e+08 8.0046e+08  0.58%   113 11669s
 733994 564542 8.0201e+08  200  624 8.0513e+08 8.0046e+08  0.58%   113 11680s
 735154 565827 8.0320e+08  356  550 8.0513e+08 8.0046e+08  0.58%   113 11691s
 736496 566846 8.0504e+08  575  467 8.0513e+08 8.0046e+08  0.58%   112 11702s
 737616 567531 8.0395e+08   92  642 8.0513e+08 8.0046e+08  0.58%   112 11714s
 738464 568168 8.0434e+08  150  578 8.0513e+08 8.0046e+08  0.58%   112 11726s
 739341 568714 8.0394e+08  191  574 8.0513e+08 8.0046e+08  0.58%   112 11739s
 740152 570195 8.0508e+08  242  543 8.0513e+08 8.0046e+08  0.58%   112 11752s
 741715 571119 8.0160e+08  374  509 8.0513e+08 8.0046e+08  0.58%   112 11764s
 742684 572129 8.0305e+08  510  468 8.0513e+08 8.0046e+08  0.58%   112 11776s
 743803 573063 8.0454e+08  729  374 8.0513e+08 8.0046e+08  0.58%   112 11789s
 744910 574088 8.0493e+08  948  320 8.0513e+08 8.0046e+08  0.58%   112 11801s
 746135 574901 8.0478e+08  197  599 8.0513e+08 8.0047e+08  0.58%   112 11815s
 747135 576060 8.0427e+08  385  465 8.0513e+08 8.0047e+08  0.58%   112 11832s
 748432 577201 8.0363e+08  288  485 8.0513e+08 8.0047e+08  0.58%   112 11847s
 749760 577672 8.0447e+08  159  630 8.0513e+08 8.0047e+08  0.58%   112 11863s
 750518 578826 8.0195e+08  247  600 8.0513e+08 8.0047e+08  0.58%   112 11878s
 751846 580060 8.0254e+08  247  553 8.0513e+08 8.0047e+08  0.58%   112 11893s
 753226 581355 8.0468e+08  466  422 8.0513e+08 8.0047e+08  0.58%   112 11909s
 754642 582574 8.0418e+08  252  561 8.0513e+08 8.0047e+08  0.58%   112 11924s
 755999 583578 8.0465e+08  283  521 8.0513e+08 8.0047e+08  0.58%   112 11939s
 757171 584220 8.0416e+08  159  632 8.0513e+08 8.0047e+08  0.58%   112 11953s
 757922 585221 8.0412e+08  106  717 8.0513e+08 8.0048e+08  0.58%   112 11968s
 759087 585691 8.0474e+08  133  585 8.0513e+08 8.0048e+08  0.58%   112 11984s
 759832 585969 8.0501e+08  157  565 8.0513e+08 8.0048e+08  0.58%   112 12000s
 760453 586142 8.0508e+08  281  523 8.0513e+08 8.0048e+08  0.58%   112 12017s
 760975 586617 8.0425e+08  296  562 8.0513e+08 8.0048e+08  0.58%   112 12034s
 761760 587334 8.0346e+08  131  616 8.0513e+08 8.0048e+08  0.58%   112 12052s
 762719 588590 8.0442e+08  273  509 8.0513e+08 8.0048e+08  0.58%   112 12074s
 764266 589789 8.0448e+08  303  565 8.0513e+08 8.0048e+08  0.58%   112 12092s
 765676 590829 8.0463e+08  209  502 8.0513e+08 8.0048e+08  0.58%   112 12109s
 766911 591680 8.0360e+08  224  525 8.0513e+08 8.0048e+08  0.58%   112 12126s
 768001 593019 8.0455e+08  330  511 8.0513e+08 8.0048e+08  0.58%   112 12142s
 769546 594448 8.0290e+08  336  546 8.0513e+08 8.0048e+08  0.58%   112 12158s
 771081 595537 8.0252e+08  246  584 8.0513e+08 8.0048e+08  0.58%   112 12173s
 772257 597049 8.0394e+08  454  487 8.0513e+08 8.0048e+08  0.58%   112 12188s
 773862 598303 8.0409e+08  178  595 8.0513e+08 8.0049e+08  0.58%   112 12202s
 775226 598908 8.0502e+08  226  540 8.0513e+08 8.0049e+08  0.58%   112 12218s
 776048 599553 8.0425e+08  185  547 8.0513e+08 8.0049e+08  0.58%   112 12234s
 776889 600404 8.0341e+08  128  753 8.0513e+08 8.0049e+08  0.58%   112 12251s
 777906 601706 8.0362e+08  185  565 8.0513e+08 8.0049e+08  0.58%   112 12269s
 779394 602559     cutoff  401      8.0513e+08 8.0049e+08  0.58%   112 12284s
 780496 603676 8.0490e+08  455  440 8.0513e+08 8.0049e+08  0.58%   112 12299s
 781837 604558 8.0279e+08  317  532 8.0513e+08 8.0049e+08  0.58%   112 12314s
 782997 605410 8.0415e+08  536  505 8.0513e+08 8.0049e+08  0.58%   112 12330s
 784151 606220     cutoff  754      8.0513e+08 8.0049e+08  0.58%   112 12346s
 785286 606803 8.0471e+08  274  523 8.0513e+08 8.0049e+08  0.58%   112 12361s
 786087 607642 8.0409e+08  145  618 8.0513e+08 8.0049e+08  0.58%   112 12377s
 787159 608751 8.0424e+08   76  735 8.0513e+08 8.0049e+08  0.58%   112 12394s
 788476 609902 8.0386e+08  219  573 8.0513e+08 8.0050e+08  0.58%   112 12411s
 789814 610285 8.0377e+08   90  616 8.0513e+08 8.0050e+08  0.58%   112 12429s
 790525 610587     cutoff  109      8.0513e+08 8.0050e+08  0.58%   112 12446s
 791178 611102 8.0487e+08  297  505 8.0513e+08 8.0050e+08  0.58%   112 12463s
 792146 611790 8.0504e+08  244  552 8.0513e+08 8.0050e+08  0.58%   112 12480s
 793196 612935 8.0352e+08  167  638 8.0513e+08 8.0050e+08  0.58%   112 12498s
 794622 614057 8.0450e+08  311  498 8.0513e+08 8.0050e+08  0.58%   112 12514s
 795957 614995 8.0064e+08  150  723 8.0513e+08 8.0050e+08  0.58%   112 12531s
 797093 616116 8.0215e+08  349  585 8.0513e+08 8.0050e+08  0.58%   112 12548s
 798334 617679 8.0370e+08  568  465 8.0513e+08 8.0050e+08  0.58%   112 12562s
 799991 618622 8.0501e+08  787  430 8.0513e+08 8.0050e+08  0.57%   112 12580s
 801077 619118 8.0253e+08  135  730 8.0513e+08 8.0050e+08  0.57%   112 12596s
 801805 619913     cutoff  150      8.0513e+08 8.0050e+08  0.57%   112 12613s
 802832 619921 8.0328e+08  166  645 8.0513e+08 8.0050e+08  0.57%   112 12697s
 802840 620581     cutoff  167      8.0513e+08 8.0050e+08  0.57%   112 12714s
 803729 621015 8.0475e+08  182  586 8.0513e+08 8.0050e+08  0.57%   112 12731s
 804414 621550     cutoff  201      8.0513e+08 8.0050e+08  0.57%   112 12749s
 805262 622323     cutoff  225      8.0513e+08 8.0051e+08  0.57%   112 12767s
 806261 623194 8.0462e+08  150  670 8.0513e+08 8.0051e+08  0.57%   112 12785s
 807333 624129 8.0473e+08  163  646 8.0513e+08 8.0051e+08  0.57%   112 12802s
 808462 624682 8.0497e+08  196  605 8.0513e+08 8.0051e+08  0.57%   112 12820s
 809239 625476 8.0376e+08  112  661 8.0513e+08 8.0051e+08  0.57%   112 12840s
 810323 626780     cutoff  185      8.0513e+08 8.0051e+08  0.57%   113 12861s
 811861 627294 8.0488e+08  305  519 8.0513e+08 8.0051e+08  0.57%   112 12882s
 812712 627492 8.0387e+08  117  646 8.0513e+08 8.0051e+08  0.57%   113 12903s
 813251 627819 8.0408e+08  144  630 8.0513e+08 8.0051e+08  0.57%   113 12925s
 813980 628298 8.0438e+08  176  591 8.0513e+08 8.0051e+08  0.57%   113 12949s
 815071 628954 8.0475e+08  226  545 8.0513e+08 8.0051e+08  0.57%   113 12972s
 816199 630089 8.0422e+08  199  527 8.0513e+08 8.0051e+08  0.57%   113 12992s
 817696 631331 8.0373e+08  254  572 8.0513e+08 8.0051e+08  0.57%   113 13009s
 819107 632556 8.0504e+08  471  436 8.0513e+08 8.0051e+08  0.57%   113 13028s
 820578 633900 8.0390e+08  171  595 8.0513e+08 8.0051e+08  0.57%   113 13045s
 822149 635177 8.0464e+08  288  533 8.0513e+08 8.0051e+08  0.57%   113 13061s
 823622 636236 8.0466e+08  120  595 8.0513e+08 8.0051e+08  0.57%   113 13075s
 824824 637106 8.0488e+08  157  534 8.0513e+08 8.0052e+08  0.57%   113 13088s
 825842 638454 8.0397e+08  179  594 8.0513e+08 8.0052e+08  0.57%   113 13101s
 827292 639534 8.0433e+08  163  552 8.0513e+08 8.0052e+08  0.57%   113 13114s
 828504 640368 8.0400e+08  162  628 8.0513e+08 8.0052e+08  0.57%   113 13127s
 829526 641026 8.0073e+08   58  717 8.0513e+08 8.0052e+08  0.57%   113 13141s
 830353 641765 8.0455e+08  161  541 8.0513e+08 8.0052e+08  0.57%   113 13156s
 831311 642728 8.0387e+08  163  616 8.0513e+08 8.0052e+08  0.57%   113 13169s
 832334 643460 8.0502e+08  302  513 8.0513e+08 8.0052e+08  0.57%   113 13185s
 833242 644472 8.0410e+08  272  458 8.0513e+08 8.0052e+08  0.57%   113 13200s
 834407 645277 8.0414e+08  317  452 8.0513e+08 8.0052e+08  0.57%   113 13216s
 835387 646054 8.0479e+08  282  566 8.0513e+08 8.0052e+08  0.57%   113 13231s
 836351 646796 8.0493e+08  241  509 8.0513e+08 8.0053e+08  0.57%   113 13248s
 837338 648141 8.0169e+08  131  693 8.0513e+08 8.0053e+08  0.57%   113 13263s
 838816 649512 8.0327e+08  337  544 8.0513e+08 8.0053e+08  0.57%   113 13276s
 840255 650675 8.0433e+08  512  477 8.0513e+08 8.0053e+08  0.57%   113 13288s
 841513 652090 8.0360e+08  173  583 8.0513e+08 8.0053e+08  0.57%   113 13299s
 842989 653343 8.0136e+08  158  627 8.0513e+08 8.0053e+08  0.57%   113 13310s
 844302 654714 8.0260e+08  355  511 8.0513e+08 8.0053e+08  0.57%   112 13320s
 844521 654714 8.0394e+08  267  619 8.0513e+08 8.0053e+08  0.57%   112 13321s
 845721 655689 8.0429e+08  574  410 8.0513e+08 8.0053e+08  0.57%   112 13332s
 846843 656241 8.0389e+08  126  608 8.0513e+08 8.0053e+08  0.57%   112 13345s
 847511 657082 8.0466e+08  190  537 8.0513e+08 8.0053e+08  0.57%   112 13356s
 848484 658296 8.0417e+08   99  689 8.0513e+08 8.0053e+08  0.57%   112 13368s
 849776 659006 8.0147e+08  193  606 8.0513e+08 8.0053e+08  0.57%   112 13381s
 850636 660045 8.0499e+08  281  499 8.0513e+08 8.0053e+08  0.57%   112 13393s
 851785 661307 8.0413e+08  383  448 8.0513e+08 8.0054e+08  0.57%   112 13409s
 853211 662577 8.0105e+08  158  596 8.0513e+08 8.0054e+08  0.57%   112 13422s
 854552 664047 8.0253e+08  364  534 8.0513e+08 8.0054e+08  0.57%   112 13435s
 856089 665393 8.0418e+08  583  424 8.0513e+08 8.0054e+08  0.57%   112 13446s
 857520 666460 8.0407e+08  173  551 8.0513e+08 8.0054e+08  0.57%   112 13457s
 858685 667521 8.0435e+08  179  665 8.0513e+08 8.0054e+08  0.57%   112 13469s
 859821 668163 8.0353e+08  104  586 8.0513e+08 8.0054e+08  0.57%   112 13481s
 860595 668790 8.0393e+08  150  533 8.0513e+08 8.0054e+08  0.57%   112 13494s
 861441 668955 8.0477e+08  272  485 8.0513e+08 8.0054e+08  0.57%   112 13508s
 861751 669794 8.0427e+08  104  639 8.0513e+08 8.0054e+08  0.57%   112 13521s
 862754 670509 8.0350e+08  259  526 8.0513e+08 8.0054e+08  0.57%   112 13535s
 863719 670666     cutoff  152      8.0513e+08 8.0054e+08  0.57%   112 13553s
 864155 670869     cutoff  169      8.0513e+08 8.0054e+08  0.57%   112 13568s
 864716 671367 8.0462e+08  198  615 8.0513e+08 8.0054e+08  0.57%   112 13583s
 865528 672009     cutoff  226      8.0513e+08 8.0054e+08  0.57%   112 13599s
 866474 673078 8.0453e+08  175  586 8.0513e+08 8.0054e+08  0.57%   112 13616s
 867741 674410 8.0422e+08  240  629 8.0513e+08 8.0055e+08  0.57%   112 13632s
 869201 675753 8.0494e+08  200  556 8.0513e+08 8.0055e+08  0.57%   112 13646s
 870631 677110 8.0235e+08  331  567 8.0513e+08 8.0055e+08  0.57%   112 13658s
 872041 677950 8.0397e+08  550  460 8.0513e+08 8.0055e+08  0.57%   112 13672s
 872949 679072 8.0495e+08  738  442 8.0513e+08 8.0055e+08  0.57%   112 13685s
 874222 679851 8.0506e+08  303  529 8.0513e+08 8.0055e+08  0.57%   112 13700s
 875157 680555 8.0247e+08  115  639 8.0513e+08 8.0055e+08  0.57%   112 13714s
 876008 681630 8.0466e+08  164  570 8.0513e+08 8.0055e+08  0.57%   112 13729s
 877272 682470 8.0468e+08  171  606 8.0513e+08 8.0055e+08  0.57%   112 13743s
 877405 682470 8.0342e+08  151  603 8.0513e+08 8.0055e+08  0.57%   112 13744s
 878307 683126 8.0469e+08  244  527 8.0513e+08 8.0055e+08  0.57%   112 13759s
 879200 683402 8.0395e+08  119  686 8.0513e+08 8.0055e+08  0.57%   112 13774s
 879749 683610 8.0423e+08  153  640 8.0513e+08 8.0055e+08  0.57%   112 13790s
 880346 683926 8.0461e+08  196  624 8.0513e+08 8.0055e+08  0.57%   112 13807s
 881011 684356 8.0474e+08  221  572 8.0513e+08 8.0055e+08  0.57%   112 13825s
 881842 685344 8.0494e+08  237  558 8.0513e+08 8.0055e+08  0.57%   112 13847s
 883280 685844 8.0368e+08   98  584 8.0513e+08 8.0055e+08  0.57%   112 13869s
 884163 686186 8.0069e+08  136  711 8.0513e+08 8.0056e+08  0.57%   113 13891s
 884886 686476 8.0089e+08  158  700 8.0513e+08 8.0056e+08  0.57%   113 13915s
 885604 687235 8.0111e+08  187  632 8.0513e+08 8.0056e+08  0.57%   113 13940s
 886788 688111 8.0153e+08  243  578 8.0513e+08 8.0056e+08  0.57%   113 13967s
 888092 689072     cutoff  288      8.0513e+08 8.0056e+08  0.57%   113 13991s
 889578 689826 8.0222e+08  359  521 8.0513e+08 8.0056e+08  0.57%   113 14014s
 890755 690518 8.0268e+08  438  512 8.0513e+08 8.0056e+08  0.57%   113 14037s
 891825 691297 8.0357e+08  535  440 8.0513e+08 8.0056e+08  0.57%   113 14059s
 893147 692131 8.0494e+08  608  431 8.0513e+08 8.0056e+08  0.57%   114 14082s
 894506 693280 8.0434e+08  718  402 8.0513e+08 8.0056e+08  0.57%   114 14103s
 895874 694532 8.0456e+08  800  411 8.0513e+08 8.0056e+08  0.57%   114 14120s
 897342 695486     cutoff  869      8.0513e+08 8.0056e+08  0.57%   114 14133s
 898496 696257 8.0476e+08  341  402 8.0513e+08 8.0056e+08  0.57%   114 14147s
 899456 696958 8.0435e+08  107  629 8.0513e+08 8.0056e+08  0.57%   114 14161s
 900379 697755 8.0337e+08  119  661 8.0513e+08 8.0056e+08  0.57%   114 14176s
 901382 698881 8.0512e+08  185  540 8.0513e+08 8.0056e+08  0.57%   114 14192s
 902694 700068 8.0462e+08  280  509 8.0513e+08 8.0056e+08  0.57%   114 14206s
 904050 701223 8.0394e+08  129  585 8.0513e+08 8.0056e+08  0.57%   114 14220s
 905433 702122 8.0461e+08  222  536 8.0513e+08 8.0056e+08  0.57%   114 14235s
 906542 703104 8.0462e+08  317  534 8.0513e+08 8.0057e+08  0.57%   114 14250s
 907782 704008 8.0186e+08  242  595 8.0513e+08 8.0057e+08  0.57%   114 14264s
 908844 704907 8.0346e+08  461  511 8.0513e+08 8.0057e+08  0.57%   114 14278s
 909913 705278 8.0507e+08  674  363 8.0513e+08 8.0057e+08  0.57%   114 14295s
 910496 706220 8.0385e+08  113  650 8.0513e+08 8.0057e+08  0.57%   114 14312s
 911615 707537 8.0469e+08  185  531 8.0513e+08 8.0057e+08  0.57%   114 14329s
 911834 707537 8.0329e+08  228  531 8.0513e+08 8.0057e+08  0.57%   114 14331s
 913105 708793 8.0356e+08  361  517 8.0513e+08 8.0057e+08  0.57%   114 14346s
 914545 709516 8.0396e+08  152  577 8.0513e+08 8.0057e+08  0.57%   113 14360s
 915307 709516 8.0376e+08  183  510 8.0513e+08 8.0057e+08  0.57%   114 14361s
 915475 710174 8.0489e+08  263  532 8.0513e+08 8.0057e+08  0.57%   114 14375s
 916461 711388 8.0360e+08  125  630 8.0513e+08 8.0057e+08  0.57%   114 14390s
 917771 712455 8.0450e+08   94  624 8.0513e+08 8.0057e+08  0.57%   114 14406s
 918952 713280 8.0343e+08  118  634 8.0513e+08 8.0057e+08  0.57%   113 14422s
 920008 714534 8.0409e+08  144  619 8.0513e+08 8.0057e+08  0.57%   114 14437s
 921415 715092     cutoff  257      8.0513e+08 8.0057e+08  0.57%   113 14453s
 921771 715092 8.0436e+08  239  531 8.0513e+08 8.0058e+08  0.57%   113 14454s
 922224 716154 8.0447e+08  176  540 8.0513e+08 8.0058e+08  0.57%   114 14469s
 923475 717113     cutoff  297      8.0513e+08 8.0058e+08  0.57%   113 14484s
 924540 718536 8.0306e+08  359  486 8.0513e+08 8.0058e+08  0.57%   113 14499s
 926094 719932 8.0448e+08  578  420 8.0513e+08 8.0058e+08  0.57%   113 14513s
 927629 721029 8.0434e+08  239  540 8.0513e+08 8.0058e+08  0.57%   113 14525s
 928840 722146 8.0390e+08  103  568 8.0513e+08 8.0058e+08  0.57%   113 14536s
 930069 723234 8.0384e+08   87  640 8.0513e+08 8.0058e+08  0.57%   113 14546s
 931242 724520 8.0419e+08  209  536 8.0513e+08 8.0058e+08  0.57%   113 14557s
 931913 724520 8.0372e+08  476  494 8.0513e+08 8.0058e+08  0.57%   113 14558s
 932608 725687 8.0306e+08  179  676 8.0513e+08 8.0058e+08  0.57%   113 14568s
 933834 726171 8.0433e+08  346  560 8.0513e+08 8.0058e+08  0.57%   113 14581s
 934454 726493 8.0237e+08  131  662 8.0513e+08 8.0058e+08  0.57%   113 14595s
 934852 726817 8.0250e+08  147  649 8.0513e+08 8.0058e+08  0.57%   113 14609s
 935305 727032 8.0263e+08  173  594 8.0513e+08 8.0058e+08  0.57%   113 14623s
 935681 727339 8.0291e+08  200  574 8.0513e+08 8.0058e+08  0.57%   113 14637s
 936132 727656 8.0297e+08  208  584 8.0513e+08 8.0058e+08  0.57%   113 14652s
 936649 728163 8.0479e+08  251  532 8.0513e+08 8.0058e+08  0.57%   113 14669s
 937291 729074     cutoff  295      8.0513e+08 8.0058e+08  0.57%   114 14683s
 938343 729822 8.0385e+08  334  536 8.0513e+08 8.0058e+08  0.57%   114 14699s
 939335 730733 8.0396e+08  360  543 8.0513e+08 8.0058e+08  0.57%   114 14715s
 940519 731371 8.0434e+08  402  478 8.0513e+08 8.0058e+08  0.57%   114 14732s
 941514 732601 8.0397e+08  146  598 8.0513e+08 8.0058e+08  0.57%   114 14751s
 943086 733815 8.0352e+08  299  540 8.0513e+08 8.0058e+08  0.56%   114 14766s
 944572 734892 8.0437e+08  121  639 8.0513e+08 8.0058e+08  0.56%   114 14780s
 945987 735404 8.0474e+08  231  526 8.0513e+08 8.0058e+08  0.56%   114 14794s
 946907 735789 8.0396e+08  169  552 8.0513e+08 8.0059e+08  0.56%   114 14811s
 947538 736764 8.0293e+08  132  598 8.0513e+08 8.0059e+08  0.56%   114 14826s

Gurobi 11.0.3 (mac64[arm]) logging started Tue Dec  9 10:39:54 2025

Set parameter LogFile to value "unknown.gurobi.log"
Set parameter DisplayInterval to value 1
Gurobi Optimizer version 11.0.3 build v11.0.3rc0 (mac64[arm] - Darwin 24.6.0 24G90)

CPU model: Apple M1 Pro
Thread count: 8 physical cores, 8 logical processors, using up to 8 threads

Optimize a model with 13477 rows, 12594 columns and 32711 nonzeros
Model fingerprint: 0xa4412f66
Variable types: 12114 continuous, 480 integer (480 binary)
Coefficient statistics:
  Matrix range     [5e-03, 4e+07]
  Objective range  [1e-02, 5e+05]
  Bounds range     [1e+00, 1e+00]
  RHS range        [1e+00, 2e+08]
Found heuristic solution: objective 1.742968e+12
Presolve removed 11557 rows and 8939 columns
Presolve time: 0.02s
Presolved: 1920 rows, 3655 columns, 9255 nonzeros
Variable types: 3415 continuous, 240 integer (240 binary)
Root barrier log...

Ordering time: 0.00s

Barrier statistics:
 AA' NZ     : 5.020e+03
 Factor NZ  : 2.664e+04 (roughly 2 MB of memory)
 Factor Ops : 7.192e+05 (less than 1 second per iteration)
 Threads    : 1

                  Objective                Residual
Iter       Primal          Dual         Primal    Dual     Compl     Time
   0  -1.32636525e+15 -4.38038201e+15  8.55e+06 3.30e+05  1.63e+13     0s
   1  -5.06626926e+13 -1.94149507e+15  8.01e+05 2.73e+05  1.58e+12     0s
   2  -5.80924937e+12 -2.87009232e+14  6.21e+04 1.74e+03  9.52e+10     0s
   3   2.80430344e+11 -3.37580279e+13  2.48e+03 7.48e+00  7.34e+09     0s
   4   3.68786247e+11 -2.02858074e+12  2.68e+01 4.10e-08  4.27e+08     0s
   5   8.43972924e+10 -2.58535335e+11  2.47e+00 5.12e-09  5.91e+07     0s
   6   2.31138069e+10 -1.91248652e+10  6.83e-02 3.26e-09  7.19e+06     0s
   7   1.83723106e+10 -1.98490673e+10  4.10e-02 2.79e-09  6.49e+06     0s
   8   1.37924344e+10 -1.02165748e+10  1.93e-02 1.86e-09  4.07e+06     0s
   9   1.13318353e+10 -7.23259861e+09  1.40e-02 1.52e-09  3.15e+06     0s
  10   9.97829917e+09 -4.23388590e+09  1.20e-02 1.40e-09  2.41e+06     0s
  11   7.55238336e+09 -2.56662832e+09  8.60e-03 1.73e-09  1.72e+06     0s
  12   3.64447069e+09 -8.49229601e+08  3.72e-03 2.20e-09  7.64e+05     0s
  13   1.99391534e+09 -2.37112622e+08  1.75e-03 2.37e-09  3.79e+05     0s
  14   1.34881392e+09  1.16907990e+08  8.23e-04 4.17e-09  2.10e+05     0s
  15   1.09467519e+09  5.86139074e+08  3.79e-04 3.43e-09  8.66e+04     0s
  16   9.85361551e+08  6.66228199e+08  2.33e-04 3.74e-09  5.43e+04     0s
  17   9.59716075e+08  7.06984060e+08  2.00e-04 4.17e-09  4.30e+04     0s
  18   9.25566498e+08  7.29422234e+08  1.59e-04 4.62e-09  3.34e+04     0s
  19   9.08369533e+08  7.40876301e+08  1.39e-04 3.76e-09  2.85e+04     0s
  20   8.71929137e+08  7.61835275e+08  9.74e-05 3.74e-09  1.88e+04     0s
  21   8.48533386e+08  7.78730842e+08  8.16e-05 3.80e-09  1.19e+04     0s
  22   8.26730888e+08  7.82344825e+08  5.10e-05 4.79e-09  7.59e+03     0s
  23   8.13195247e+08  7.84419773e+08  3.99e-05 3.85e-09  4.92e+03     0s
  24   8.07858687e+08  7.85933692e+08  2.91e-05 4.76e-09  3.76e+03     0s
  25   8.00679130e+08  7.87403328e+08  2.36e-05 5.91e-09  2.28e+03     0s

Barrier solved model in 25 iterations and 0.06 seconds (0.06 work units)
Optimal objective 8.00679130e+08


Root relaxation: objective 7.899010e+08, 4608 iterations, 0.04 seconds (0.04 work units)

    Nodes    |    Current Node    |     Objective Bounds      |     Work
 Expl Unexpl |  Obj  Depth IntInf | Incumbent    BestBd   Gap | It/Node Time

     0     0 7.8990e+08    0  139 1.7430e+12 7.8990e+08   100%     -    0s
H    0     0                    8.069206e+08 7.8990e+08  2.11%     -    0s
H    0     0                    8.016342e+08 7.8990e+08  1.46%     -    0s
     0     0 7.9935e+08    0  100 8.0163e+08 7.9935e+08  0.28%     -    0s
     0     0 8.0003e+08    0   91 8.0163e+08 8.0003e+08  0.20%     -    0s
H    0     0                    8.007955e+08 8.0023e+08  0.07%     -    0s
     0     0 8.0031e+08    0   90 8.0080e+08 8.0031e+08  0.06%     -    0s
     0     0 8.0037e+08    0   77 8.0080e+08 8.0037e+08  0.05%     -    0s
     0     0 8.0040e+08    0   58 8.0080e+08 8.0040e+08  0.05%     -    0s
     0     0 8.0050e+08    0   54 8.0080e+08 8.0050e+08  0.04%     -    0s
     0     0 8.0050e+08    0   53 8.0080e+08 8.0050e+08  0.04%     -    0s
     0     0 8.0057e+08    0   21 8.0080e+08 8.0057e+08  0.03%     -    0s
     0     0 8.0061e+08    0   19 8.0080e+08 8.0061e+08  0.02%     -    0s
     0     0 8.0061e+08    0   19 8.0080e+08 8.0061e+08  0.02%     -    0s
     0     0 8.0071e+08    0    3 8.0080e+08 8.0071e+08  0.01%     -    0s
     0     0 8.0071e+08    0    3 8.0080e+08 8.0071e+08  0.01%     -    0s
     0     0          -    0      8.0080e+08 8.0072e+08  0.01%     -    0s

Cutting planes:
  Gomory: 34
  Implied bound: 5
  MIR: 1
  Flow cover: 137

Explored 1 nodes (5110 simplex iterations) in 0.18 seconds (0.16 work units)
Thread count was 8 (of 8 available processors)

Solution count 4: 8.00795e+08 8.01634e+08 8.06921e+08 1.74297e+12 

Optimal solution found (tolerance 1.00e-04)
Best objective 8.007954691253e+08, best bound 8.007192662568e+08, gap 0.0095%

Gurobi 11.0.3 (mac64[arm]) logging started Tue Dec  9 10:41:47 2025

Set parameter LogFile to value "unknown.gurobi.log"
Set parameter DisplayInterval to value 1
Gurobi Optimizer version 11.0.3 build v11.0.3rc0 (mac64[arm] - Darwin 24.6.0 24G90)

CPU model: Apple M1 Pro
Thread count: 8 physical cores, 8 logical processors, using up to 8 threads

Optimize a model with 34614 rows, 32328 columns and 84042 nonzeros
Model fingerprint: 0xf9455967
Variable types: 31128 continuous, 1200 integer (1200 binary)
Coefficient statistics:
  Matrix range     [5e-03, 4e+07]
  Objective range  [2e-03, 5e+05]
  Bounds range     [1e+00, 1e+00]
  RHS range        [9e-02, 7e+07]
Found heuristic solution: objective 1.742968e+12
Presolve removed 29814 rows and 23037 columns
Presolve time: 0.04s
Presolved: 4800 rows, 9291 columns, 23541 nonzeros
Variable types: 8691 continuous, 600 integer (600 binary)
Root barrier log...

Ordering time: 0.00s

Barrier statistics:
 AA' NZ     : 1.268e+04
 Factor NZ  : 8.024e+04 (roughly 6 MB of memory)
 Factor Ops : 3.228e+06 (less than 1 second per iteration)
 Threads    : 8

                  Objective                Residual
Iter       Primal          Dual         Primal    Dual     Compl     Time
   0  -7.19139101e+14 -5.29304601e+15  3.13e+06 2.94e+05  6.23e+12     0s
   1  -3.96258655e+13 -2.58980967e+15  3.63e+05 3.14e+05  7.54e+11     0s
   2  -1.07355031e+13 -3.45896742e+14  8.03e+04 7.71e+03  8.29e+10     0s
   3   5.15033633e+11 -5.38989670e+13  6.93e+02 1.39e+02  4.34e+09     0s
   4   4.05780813e+11 -2.51855059e+12  9.56e+00 1.35e+00  2.07e+08     0s
   5   1.18773341e+11 -3.47429308e+11  8.13e-01 1.40e-09  3.21e+07     0s
   6   3.77245604e+10 -3.68746145e+10  1.27e-01 1.40e-09  5.10e+06     0s
   7   2.43631884e+10 -1.47283976e+10  2.40e-02 1.61e-09  2.65e+06     0s
   8   1.97672775e+10 -1.75638481e+10  1.69e-02 1.61e-09  2.53e+06     0s
   9   1.63849127e+10 -1.26881326e+10  1.17e-02 1.74e-09  1.97e+06     0s
  10   1.58627828e+10 -1.16927813e+10  1.10e-02 1.58e-09  1.87e+06     0s
  11   1.57499771e+10 -8.71679202e+09  1.04e-02 1.58e-09  1.66e+06     0s
  12   1.38861375e+10 -7.64714943e+09  8.58e-03 1.89e-09  1.46e+06     0s
  13   1.21144230e+10 -5.46900641e+09  7.30e-03 2.09e-09  1.19e+06     0s
  14   8.80160257e+09 -3.56238070e+09  4.79e-03 2.47e-09  8.37e+05     0s
  15   8.06815321e+09 -2.56076390e+09  4.33e-03 2.36e-09  7.20e+05     0s
  16   5.34742885e+09 -8.92448632e+08  2.75e-03 2.48e-09  4.24e+05     0s
  17   3.33096281e+09 -3.47270071e+08  1.56e-03 2.93e-09  2.50e+05     0s
  18   1.72327249e+09 -2.59964141e+07  6.11e-04 3.65e-09  1.19e+05     0s
  19   1.16446169e+09  5.87973159e+08  1.87e-04 3.71e-09  3.92e+04     0s
  20   1.08284617e+09  6.43374464e+08  1.44e-04 3.89e-09  2.99e+04     0s
  21   1.05275843e+09  6.79258073e+08  1.26e-04 4.64e-09  2.54e+04     0s
  22   1.00688022e+09  7.02621954e+08  1.04e-04 4.93e-09  2.07e+04     0s
  23   9.63061754e+08  7.19427368e+08  8.20e-05 4.45e-09  1.66e+04     0s
  24   9.23951426e+08  7.40035181e+08  6.26e-05 5.63e-09  1.25e+04     0s
  25   9.00434106e+08  7.48378287e+08  5.19e-05 5.13e-09  1.04e+04     0s
  26   8.79955000e+08  7.56079497e+08  4.19e-05 5.42e-09  8.44e+03     0s
  27   8.73487826e+08  7.59064523e+08  3.90e-05 5.74e-09  7.79e+03     0s
  28   8.57462213e+08  7.66832853e+08  3.12e-05 5.60e-09  6.18e+03     0s
  29   8.38212723e+08  7.76227872e+08  2.28e-05 7.08e-09  4.23e+03     0s
  30   8.23495842e+08  7.80273898e+08  1.60e-05 7.35e-09  2.95e+03     0s
  31   8.14021782e+08  7.82310371e+08  1.19e-05 9.94e-09  2.17e+03     0s
  32   8.06690692e+08  7.83415578e+08  8.54e-06 1.02e-08  1.59e+03     0s
  33   8.04845375e+08  7.84170190e+08  7.65e-06 1.03e-08  1.41e+03     0s
  34   8.00804398e+08  7.85397724e+08  5.77e-06 8.36e-09  1.06e+03     0s

Barrier solved model in 34 iterations and 0.14 seconds (0.15 work units)
Optimal objective 8.00804398e+08


Root relaxation: objective 7.887134e+08, 11882 iterations, 0.13 seconds (0.13 work units)

    Nodes    |    Current Node    |     Objective Bounds      |     Work
 Expl Unexpl |  Obj  Depth IntInf | Incumbent    BestBd   Gap | It/Node Time

     0     0 7.8871e+08    0  195 1.7430e+12 7.8871e+08   100%     -    0s
H    0     0                    8.075183e+08 7.8871e+08  2.33%     -    0s
H    0     0                    8.030068e+08 7.8871e+08  1.78%     -    0s
     0     0 7.9724e+08    0  163 8.0301e+08 7.9724e+08  0.72%     -    0s
H    0     0                    8.016493e+08 7.9739e+08  0.53%     -    0s
     0     0 7.9796e+08    0  179 8.0165e+08 7.9796e+08  0.46%     -    0s
     0     0 7.9823e+08    0  184 8.0165e+08 7.9823e+08  0.43%     -    0s
     0     0 7.9862e+08    0  200 8.0165e+08 7.9862e+08  0.38%     -    0s
     0     0 7.9896e+08    0  200 8.0165e+08 7.9896e+08  0.34%     -    0s
     0     0 7.9898e+08    0  200 8.0165e+08 7.9898e+08  0.33%     -    0s
     0     0 7.9898e+08    0  200 8.0165e+08 7.9898e+08  0.33%     -    0s
H    0     0                    8.014610e+08 7.9898e+08  0.31%     -    0s
     0     0 7.9921e+08    0  182 8.0146e+08 7.9921e+08  0.28%     -    0s
     0     0 7.9929e+08    0  185 8.0146e+08 7.9929e+08  0.27%     -    0s
     0     0 7.9931e+08    0  189 8.0146e+08 7.9931e+08  0.27%     -    0s
     0     0 7.9931e+08    0  191 8.0146e+08 7.9931e+08  0.27%     -    0s
     0     0 7.9939e+08    0  186 8.0146e+08 7.9939e+08  0.26%     -    0s
     0     0 7.9948e+08    0  184 8.0146e+08 7.9948e+08  0.25%     -    0s
     0     0 7.9948e+08    0  194 8.0146e+08 7.9948e+08  0.25%     -    0s
     0     0 7.9948e+08    0  187 8.0146e+08 7.9948e+08  0.25%     -    0s
     0     0 7.9954e+08    0  194 8.0146e+08 7.9954e+08  0.24%     -    0s
     0     0 7.9978e+08    0  196 8.0146e+08 7.9978e+08  0.21%     -    0s
     0     0 7.9978e+08    0  198 8.0146e+08 7.9978e+08  0.21%     -    0s
     0     0 7.9978e+08    0  198 8.0146e+08 7.9978e+08  0.21%     -    0s
     0     0 7.9978e+08    0  201 8.0146e+08 7.9978e+08  0.21%     -    0s
     0     0 7.9978e+08    0  192 8.0146e+08 7.9978e+08  0.21%     -    0s
     0     0 7.9978e+08    0  194 8.0146e+08 7.9978e+08  0.21%     -    0s
     0     0 7.9978e+08    0  196 8.0146e+08 7.9978e+08  0.21%     -    0s
     0     0 7.9978e+08    0  204 8.0146e+08 7.9978e+08  0.21%     -    0s
     0     0 7.9978e+08    0  206 8.0146e+08 7.9978e+08  0.21%     -    0s
     0     0 7.9978e+08    0  191 8.0146e+08 7.9978e+08  0.21%     -    0s
     0     0 7.9978e+08    0  195 8.0146e+08 7.9978e+08  0.21%     -    0s
     0     0 7.9978e+08    0  195 8.0146e+08 7.9978e+08  0.21%     -    0s
     0     0 7.9978e+08    0  193 8.0146e+08 7.9978e+08  0.21%     -    0s
     0     0 7.9978e+08    0  199 8.0146e+08 7.9978e+08  0.21%     -    0s
     0     0 7.9978e+08    0  193 8.0146e+08 7.9978e+08  0.21%     -    1s
     0     0 7.9978e+08    0  179 8.0146e+08 7.9978e+08  0.21%     -    1s
     0     0 7.9978e+08    0  176 8.0146e+08 7.9978e+08  0.21%     -    1s
     0     0 7.9978e+08    0  162 8.0146e+08 7.9978e+08  0.21%     -    1s
     0     0 7.9978e+08    0  156 8.0146e+08 7.9978e+08  0.21%     -    1s
     0     0 7.9978e+08    0  145 8.0146e+08 7.9978e+08  0.21%     -    1s
     0     0 7.9978e+08    0  137 8.0146e+08 7.9978e+08  0.21%     -    1s
     0     0 7.9978e+08    0  125 8.0146e+08 7.9978e+08  0.21%     -    1s
     0     0 7.9978e+08    0  123 8.0146e+08 7.9978e+08  0.21%     -    1s
     0     0 7.9978e+08    0  117 8.0146e+08 7.9978e+08  0.21%     -    1s
     0     0 7.9978e+08    0  115 8.0146e+08 7.9978e+08  0.21%     -    1s
     0     0 7.9978e+08    0  111 8.0146e+08 7.9978e+08  0.21%     -    1s
     0     0 7.9978e+08    0  111 8.0146e+08 7.9978e+08  0.21%     -    1s
     0     0 7.9978e+08    0  113 8.0146e+08 7.9978e+08  0.21%     -    1s
     0     0 7.9978e+08    0  109 8.0146e+08 7.9978e+08  0.21%     -    1s
     0     0 7.9978e+08    0  109 8.0146e+08 7.9978e+08  0.21%     -    1s
     0     0 7.9978e+08    0  109 8.0146e+08 7.9978e+08  0.21%     -    1s
     0     0 7.9978e+08    0  109 8.0146e+08 7.9978e+08  0.21%     -    1s
     0     0 7.9978e+08    0  109 8.0146e+08 7.9978e+08  0.21%     -    1s
     0     0 7.9978e+08    0  108 8.0146e+08 7.9978e+08  0.21%     -    1s
     0     0 7.9978e+08    0  108 8.0146e+08 7.9978e+08  0.21%     -    1s
     0     2 7.9978e+08    0  108 8.0146e+08 7.9978e+08  0.21%     -    1s
H   77    13                    8.011524e+08 8.0052e+08  0.08%  18.4    1s
   129     7 8.0081e+08   28   90 8.0115e+08 8.0075e+08  0.05%  18.6    2s

Cutting planes:
  Gomory: 38
  MIR: 8
  Flow cover: 233

Explored 192 nodes (16814 simplex iterations) in 2.07 seconds (1.95 work units)
Thread count was 8 (of 8 available processors)

Solution count 7: 8.01152e+08 8.01152e+08 8.01461e+08 ... 1.74297e+12

Optimal solution found (tolerance 1.00e-04)
Best objective 8.011523917647e+08, best bound 8.010885793940e+08, gap 0.0080%

Gurobi 11.0.3 (mac64[arm]) logging started Tue Dec  9 10:45:57 2025

Set parameter LogFile to value "unknown.gurobi.log"
Set parameter DisplayInterval to value 1
Gurobi Optimizer version 11.0.3 build v11.0.3rc0 (mac64[arm] - Darwin 24.6.0 24G90)

CPU model: Apple M1 Pro
Thread count: 8 physical cores, 8 logical processors, using up to 8 threads

Optimize a model with 74841 rows, 69842 columns and 181723 nonzeros
Model fingerprint: 0xb045d00d
Variable types: 67282 continuous, 2560 integer (2560 binary)
Coefficient statistics:
  Matrix range     [5e-03, 4e+07]
  Objective range  [4e-03, 5e+05]
  Bounds range     [1e+00, 1e+00]
  RHS range        [9e-02, 3e+07]
Found heuristic solution: objective 1.742968e+12
Presolve removed 64601 rows and 49888 columns
Presolve time: 0.11s
Presolved: 10240 rows, 19954 columns, 50634 nonzeros
Variable types: 18674 continuous, 1280 integer (1280 binary)
Root barrier log...

Ordering time: 0.01s

Barrier statistics:
 AA' NZ     : 2.718e+04
 Factor NZ  : 2.036e+05 (roughly 12 MB of memory)
 Factor Ops : 1.217e+07 (less than 1 second per iteration)
 Threads    : 8

                  Objective                Residual
Iter       Primal          Dual         Primal    Dual     Compl     Time
   0  -3.87572304e+14 -6.92980661e+15  1.59e+06 2.90e+05  3.28e+12     0s
   1  -3.64501377e+13 -3.89281400e+15  2.48e+05 3.43e+05  4.74e+11     0s
   2  -1.25131323e+13 -7.50221691e+14  7.64e+04 2.42e+04  8.83e+10     0s
   3   4.52392201e+11 -9.92866922e+13  1.24e+03 6.93e+02  4.39e+09     0s
   4   4.25300006e+11 -5.68241023e+12  3.82e+01 6.20e+00  2.32e+08     0s
   5   2.03829554e+11 -1.10311913e+12  7.43e+00 2.09e+00  4.56e+07     0s
   6   5.62678746e+10 -1.80592878e+11  1.14e+00 1.86e-09  8.00e+06     0s
   7   2.81791794e+10 -2.76676048e+10  1.88e-01 7.13e-02  1.84e+06     0s
   8   1.93948200e+10 -1.75097042e+10  2.49e-02 1.74e-02  1.18e+06     0s
   9   1.67019678e+10 -1.74633290e+10  1.95e-02 1.55e-09  1.09e+06     0s
  10   1.35930959e+10 -1.46476787e+10  1.40e-02 1.44e-09  9.00e+05     0s
  11   1.24942064e+10 -1.24975013e+10  1.25e-02 1.67e-09  7.96e+05     0s
  12   9.78360837e+09 -1.09378413e+10  8.82e-03 1.71e-09  6.60e+05     0s
  13   7.71155361e+09 -5.28586292e+09  6.52e-03 1.54e-09  4.15e+05     0s
  14   5.31288204e+09 -2.88886205e+09  4.03e-03 1.42e-09  2.62e+05     0s
  15   2.82460160e+09 -1.69061527e+09  1.65e-03 1.95e-09  1.44e+05     0s
  16   1.88106470e+09 -9.91333376e+08  8.18e-04 2.11e-09  9.14e+04     0s
  17   1.25055950e+09 -5.63813514e+06  2.45e-04 2.13e-09  3.99e+04     0s
  18   1.12222703e+09  4.50064500e+08  1.62e-04 1.93e-09  2.14e+04     0s
  19   1.05525715e+09  5.08333726e+08  1.25e-04 3.08e-09  1.74e+04     0s
  20   1.01535283e+09  5.46198397e+08  1.05e-04 3.13e-09  1.49e+04     0s
  21   9.85454768e+08  5.93389717e+08  8.95e-05 3.00e-09  1.25e+04     0s
  22   9.64782815e+08  6.10984215e+08  7.95e-05 3.08e-09  1.13e+04     0s
  23   9.42819049e+08  6.58307284e+08  6.88e-05 2.86e-09  9.05e+03     0s
  24   9.20470166e+08  6.74521074e+08  5.93e-05 2.97e-09  7.82e+03     0s
  25   9.12101183e+08  6.90073434e+08  5.51e-05 3.27e-09  7.06e+03     0s
  26   8.84850512e+08  7.02577866e+08  4.29e-05 2.81e-09  5.80e+03     0s
  27   8.79156524e+08  7.13269171e+08  4.02e-05 3.32e-09  5.28e+03     0s
  28   8.56137270e+08  7.22316743e+08  2.96e-05 3.24e-09  4.26e+03     0s
  29   8.46647983e+08  7.33782592e+08  2.60e-05 3.80e-09  3.59e+03     0s
  30   8.36134562e+08  7.38735921e+08  2.13e-05 3.74e-09  3.10e+03     0s
  31   8.25528659e+08  7.55401813e+08  1.88e-05 3.40e-09  2.24e+03     0s
  32   8.16142439e+08  7.66493647e+08  1.44e-05 4.27e-09  1.58e+03     0s
  33   8.10538391e+08  7.72846046e+08  1.30e-05 4.27e-09  1.20e+03     0s
  34   8.06380641e+08  7.78060454e+08  1.06e-05 4.11e-09  9.06e+02     0s
  35   8.01171668e+08  7.79859821e+08  7.58e-06 4.08e-09  6.82e+02     0s
  36   7.98538200e+08  7.82187459e+08  6.71e-06 4.55e-09  5.23e+02     0s

Barrier solved model in 36 iterations and 0.31 seconds (0.36 work units)
Optimal objective 7.98538200e+08


Root relaxation: objective 7.884253e+08, 26487 iterations, 0.32 seconds (0.35 work units)

    Nodes    |    Current Node    |     Objective Bounds      |     Work
 Expl Unexpl |  Obj  Depth IntInf | Incumbent    BestBd   Gap | It/Node Time

     0     0 7.8843e+08    0  208 1.7430e+12 7.8843e+08   100%     -    0s
H    0     0                    8.057511e+08 7.8843e+08  2.15%     -    0s
H    0     0                    8.023878e+08 7.8843e+08  1.74%     -    0s
     0     0 7.9479e+08    0  193 8.0239e+08 7.9479e+08  0.95%     -    0s
     0     0 7.9613e+08    0  212 8.0239e+08 7.9613e+08  0.78%     -    0s
     0     0 7.9636e+08    0  213 8.0239e+08 7.9636e+08  0.75%     -    0s
H    0     0                    8.023761e+08 7.9685e+08  0.69%     -    0s
     0     0 7.9685e+08    0  229 8.0238e+08 7.9685e+08  0.69%     -    0s
H    0     0                    8.015331e+08 7.9702e+08  0.56%     -    1s
     0     0 7.9702e+08    0  225 8.0153e+08 7.9702e+08  0.56%     -    1s
     0     0 7.9702e+08    0  223 8.0153e+08 7.9702e+08  0.56%     -    1s
     0     0 7.9746e+08    0  244 8.0153e+08 7.9746e+08  0.51%     -    1s
     0     0 7.9758e+08    0  240 8.0153e+08 7.9758e+08  0.49%     -    1s
     0     0 7.9786e+08    0  250 8.0153e+08 7.9786e+08  0.46%     -    1s
H    0     0                    8.015214e+08 7.9793e+08  0.45%     -    1s
H    0     0                    8.006497e+08 7.9793e+08  0.34%     -    1s
     0     0 7.9793e+08    0  260 8.0065e+08 7.9793e+08  0.34%     -    1s
     0     0 7.9794e+08    0  264 8.0065e+08 7.9794e+08  0.34%     -    1s
     0     0 7.9818e+08    0  220 8.0065e+08 7.9818e+08  0.31%     -    1s
     0     0 7.9822e+08    0  226 8.0065e+08 7.9822e+08  0.30%     -    1s
     0     0 7.9822e+08    0  230 8.0065e+08 7.9822e+08  0.30%     -    1s
     0     0 7.9826e+08    0  234 8.0065e+08 7.9826e+08  0.30%     -    1s
     0     0 7.9828e+08    0  230 8.0065e+08 7.9828e+08  0.30%     -    1s
     0     0 7.9828e+08    0  224 8.0065e+08 7.9828e+08  0.30%     -    1s
     0     0 7.9830e+08    0  224 8.0065e+08 7.9830e+08  0.29%     -    1s
     0     0 7.9830e+08    0  224 8.0065e+08 7.9830e+08  0.29%     -    1s
     0     0 7.9837e+08    0  237 8.0065e+08 7.9837e+08  0.28%     -    1s
     0     0 7.9839e+08    0  240 8.0065e+08 7.9839e+08  0.28%     -    1s
     0     0 7.9839e+08    0  228 8.0065e+08 7.9839e+08  0.28%     -    1s
     0     0 7.9841e+08    0  216 8.0065e+08 7.9841e+08  0.28%     -    1s
     0     0 7.9841e+08    0  216 8.0065e+08 7.9841e+08  0.28%     -    1s
     0     0 7.9841e+08    0  218 8.0065e+08 7.9841e+08  0.28%     -    1s
     0     0 7.9852e+08    0  226 8.0065e+08 7.9852e+08  0.27%     -    1s
     0     0 7.9853e+08    0  222 8.0065e+08 7.9853e+08  0.26%     -    1s
     0     0 7.9853e+08    0  222 8.0065e+08 7.9853e+08  0.26%     -    1s
     0     0 7.9856e+08    0  234 8.0065e+08 7.9856e+08  0.26%     -    2s
     0     0 7.9859e+08    0  232 8.0065e+08 7.9859e+08  0.26%     -    2s
     0     0 7.9859e+08    0  232 8.0065e+08 7.9859e+08  0.26%     -    2s
     0     0 7.9859e+08    0  231 8.0065e+08 7.9859e+08  0.26%     -    2s
     0     0 7.9859e+08    0  233 8.0065e+08 7.9859e+08  0.26%     -    2s
     0     0 7.9859e+08    0  243 8.0065e+08 7.9859e+08  0.26%     -    2s
     0     0 7.9864e+08    0  238 8.0065e+08 7.9864e+08  0.25%     -    2s
     0     0 7.9864e+08    0  238 8.0065e+08 7.9864e+08  0.25%     -    2s
     0     0 7.9864e+08    0  243 8.0065e+08 7.9864e+08  0.25%     -    2s
     0     0 7.9864e+08    0  241 8.0065e+08 7.9864e+08  0.25%     -    2s
     0     0 7.9864e+08    0  231 8.0065e+08 7.9864e+08  0.25%     -    2s
     0     0 7.9864e+08    0  227 8.0065e+08 7.9864e+08  0.25%     -    2s
     0     0 7.9864e+08    0  228 8.0065e+08 7.9864e+08  0.25%     -    2s
     0     0 7.9864e+08    0  229 8.0065e+08 7.9864e+08  0.25%     -    2s
     0     0 7.9864e+08    0  225 8.0065e+08 7.9864e+08  0.25%     -    2s
     0     0 7.9865e+08    0  225 8.0065e+08 7.9865e+08  0.25%     -    2s
     0     0 7.9865e+08    0  223 8.0065e+08 7.9865e+08  0.25%     -    3s
     0     0 7.9865e+08    0  218 8.0065e+08 7.9865e+08  0.25%     -    3s
     0     0 7.9865e+08    0  221 8.0065e+08 7.9865e+08  0.25%     -    3s
     0     0 7.9866e+08    0  217 8.0065e+08 7.9866e+08  0.25%     -    3s
     0     0 7.9866e+08    0  209 8.0065e+08 7.9866e+08  0.25%     -    3s
     0     0 7.9866e+08    0  198 8.0065e+08 7.9866e+08  0.25%     -    3s
     0     0 7.9866e+08    0  182 8.0065e+08 7.9866e+08  0.25%     -    3s
     0     0 7.9866e+08    0  177 8.0065e+08 7.9866e+08  0.25%     -    3s
     0     0 7.9866e+08    0  175 8.0065e+08 7.9866e+08  0.25%     -    3s
     0     0 7.9866e+08    0  167 8.0065e+08 7.9866e+08  0.25%     -    3s
     0     0 7.9866e+08    0  166 8.0065e+08 7.9866e+08  0.25%     -    3s
     0     0 7.9866e+08    0  160 8.0065e+08 7.9866e+08  0.25%     -    3s
     0     0 7.9866e+08    0  157 8.0065e+08 7.9866e+08  0.25%     -    4s
     0     0 7.9866e+08    0  163 8.0065e+08 7.9866e+08  0.25%     -    4s
     0     0 7.9866e+08    0  157 8.0065e+08 7.9866e+08  0.25%     -    4s
     0     0 7.9866e+08    0  153 8.0065e+08 7.9866e+08  0.25%     -    4s
     0     0 7.9866e+08    0  152 8.0065e+08 7.9866e+08  0.25%     -    4s
     0     0 7.9866e+08    0  152 8.0065e+08 7.9866e+08  0.25%     -    4s
     0     2 7.9866e+08    0  152 8.0065e+08 7.9866e+08  0.25%     -    4s
     1     3 7.9873e+08    1  150 8.0065e+08 7.9873e+08  0.24%  15.0    5s
H  330   148                    8.006497e+08 7.9900e+08  0.21%  11.4    5s
   452   193 7.9993e+08   51  124 8.0065e+08 7.9900e+08  0.21%  11.8    6s
  1361   110 8.0060e+08  160   61 8.0065e+08 7.9900e+08  0.21%  14.2    7s
  1447    15 8.0061e+08  167   56 8.0065e+08 7.9900e+08  0.21%  14.4    8s
* 1704     3             316    8.006493e+08 7.9948e+08  0.15%  13.9    8s
  1752     6     cutoff   30      8.0065e+08 8.0014e+08  0.06%  14.2    9s

Cutting planes:
  Gomory: 33
  Lift-and-project: 5
  MIR: 7
  Flow cover: 336

Explored 1808 nodes (55309 simplex iterations) in 9.13 seconds (10.94 work units)
Thread count was 8 (of 8 available processors)

Solution count 8: 8.00649e+08 8.00649e+08 8.01521e+08 ... 1.74297e+12

Optimal solution found (tolerance 1.00e-04)
Best objective 8.006492849222e+08, best bound 8.006492849221e+08, gap 0.0000%

Gurobi 11.0.3 (mac64[arm]) logging started Tue Dec  9 10:51:06 2025

Set parameter LogFile to value "unknown.gurobi.log"
Set parameter DisplayInterval to value 1
Gurobi Optimizer version 11.0.3 build v11.0.3rc0 (mac64[arm] - Darwin 24.6.0 24G90)

CPU model: Apple M1 Pro
Thread count: 8 physical cores, 8 logical processors, using up to 8 threads

Optimize a model with 268222 rows, 250273 columns and 651415 nonzeros
Model fingerprint: 0xd4bf314a
Variable types: 241237 continuous, 9036 integer (9036 binary)
Coefficient statistics:
  Matrix range     [5e-03, 4e+07]
  Objective range  [3e-04, 5e+05]
  Bounds range     [1e+00, 1e+00]
  RHS range        [9e-02, 1e+07]
Found heuristic solution: objective 1.742968e+12
Presolve removed 232158 rows and 179298 columns
Presolve time: 0.18s
Presolved: 36064 rows, 70975 columns, 180196 nonzeros
Variable types: 66431 continuous, 4544 integer (4518 binary)
Root barrier log...

Ordering time: 0.16s

Barrier statistics:
 AA' NZ     : 9.632e+04
 Factor NZ  : 9.264e+05 (roughly 45 MB of memory)
 Factor Ops : 9.922e+07 (less than 1 second per iteration)
 Threads    : 8

                  Objective                Residual
Iter       Primal          Dual         Primal    Dual     Compl     Time
   0  -1.55383610e+14 -1.44437416e+16  4.90e+06 3.29e+05  1.41e+12     1s
   1  -1.83397019e+13 -8.55056791e+15  1.04e+06 5.22e+05  2.92e+11     1s
   2  -5.53570008e+12 -2.14357544e+15  2.91e+05 1.15e+05  7.15e+10     1s
   3   5.69628128e+11 -2.31506667e+14  4.64e+03 4.32e+03  3.66e+09     1s
   4   4.42904332e+11 -3.67548153e+13  2.24e+02 2.48e+02  4.09e+08     1s
   5   3.81265016e+11 -3.06060489e+12  1.81e+00 1.36e+01  3.42e+07     1s
   6   1.97955630e+11 -8.34679351e+11  3.51e-01 2.26e+00  9.94e+06     1s
   7   8.60610080e+10 -2.16793388e+11  7.11e-02 4.84e-01  2.83e+06     1s
   8   3.65538403e+10 -1.70031599e+10  1.06e-02 2.07e-01  4.90e+05     1s
   9   2.14102705e+10 -8.00634777e+09  2.72e-03 1.26e-01  2.67e+05     1s
  10   1.71890066e+10 -8.61624590e+09  2.14e-03 8.59e-02  2.34e+05     1s
  11   1.63113981e+10 -7.09481466e+09  1.98e-03 5.37e-02  2.12e+05     1s
  12   1.61164347e+10 -6.67747553e+09  1.95e-03 5.35e-02  2.06e+05     1s
  13   1.30059198e+10 -5.40521687e+09  1.45e-03 5.72e-02  1.66e+05     1s
  14   1.20339082e+10 -4.81139538e+09  1.34e-03 7.80e-02  1.52e+05     1s
  15   1.06964361e+10 -4.23488795e+09  1.17e-03 7.03e-03  1.35e+05     1s
  16   8.32697989e+09 -2.77000119e+09  9.14e-04 4.72e-03  1.00e+05     1s
  17   5.52857196e+09 -1.68602924e+09  5.86e-04 2.85e-03  6.52e+04     1s
  18   3.21439741e+09 -6.70601282e+08  3.13e-04 1.21e-03  3.51e+04     1s
  19   1.89574974e+09 -1.14616491e+08  1.50e-04 4.78e-04  1.82e+04     1s
  20   1.29121145e+09  4.26998675e+08  6.58e-05 3.12e-09  7.81e+03     1s
  21   1.16255207e+09  5.27055322e+08  4.70e-05 3.17e-09  5.74e+03     1s
  22   1.07081813e+09  5.77862948e+08  3.46e-05 3.07e-09  4.45e+03     1s
  23   1.02595277e+09  6.13924619e+08  2.86e-05 1.43e-03  3.72e+03     1s
  24   1.01266204e+09  6.23340366e+08  2.69e-05 3.42e-09  3.52e+03     1s
  25   9.73492792e+08  6.53797993e+08  2.20e-05 1.57e-04  2.89e+03     1s
  26   9.43858345e+08  6.64401236e+08  1.83e-05 3.89e-09  2.52e+03     1s
  27   9.24219562e+08  6.96684611e+08  1.57e-05 1.50e-04  2.06e+03     1s
  28   9.13460652e+08  7.02695338e+08  1.44e-05 3.73e-09  1.90e+03     1s
  29   8.86118766e+08  7.22746420e+08  1.10e-05 4.50e-09  1.48e+03     1s
  30   8.81282729e+08  7.30293308e+08  1.03e-05 5.44e-09  1.37e+03     1s
  31   8.65830069e+08  7.38807250e+08  8.49e-06 6.85e-09  1.15e+03     1s
  32   8.59986953e+08  7.42896966e+08  7.79e-06 6.28e-09  1.06e+03     1s
  33   8.48175317e+08  7.49552164e+08  6.41e-06 6.05e-09  8.92e+02     1s
  34   8.45312932e+08  7.52926435e+08  6.10e-06 7.56e-09  8.36e+02     1s
  35   8.41547103e+08  7.57812485e+08  5.67e-06 6.95e-09  7.58e+02     1s
  36   8.33616454e+08  7.61486756e+08  4.80e-06 6.66e-09  6.53e+02     1s
  37   8.29235423e+08  7.64939861e+08  4.30e-06 8.32e-09  5.82e+02     1s
  38   8.23096700e+08  7.66625042e+08  3.64e-06 6.83e-09  5.11e+02     1s
  39   8.17931300e+08  7.70217776e+08  3.08e-06 7.51e-09  4.32e+02     1s
  40   8.14088870e+08  7.71793885e+08  2.68e-06 7.04e-09  3.83e+02     1s
  41   8.10270887e+08  7.74865324e+08  2.30e-06 6.83e-09  3.20e+02     1s
  42   8.08508642e+08  7.75757611e+08  2.11e-06 6.80e-09  2.96e+02     1s
  43   8.05954796e+08  7.77211226e+08  1.82e-06 7.14e-09  2.60e+02     1s
  44   8.04243269e+08  7.79103702e+08  1.65e-06 7.14e-09  2.28e+02     1s
  45   8.02721827e+08  7.80297784e+08  1.48e-06 6.93e-09  2.03e+02     1s
  46   8.01309568e+08  7.80551303e+08  1.33e-06 8.38e-09  1.88e+02     2s
  47   7.98612466e+08  7.82316857e+08  1.08e-06 6.74e-09  1.48e+02     2s

Barrier solved model in 47 iterations and 1.53 seconds (1.73 work units)
Optimal objective 7.98612466e+08


Root crossover log...

       0 DPushes remaining with DInf 0.0000000e+00                 2s

   64170 PPushes remaining with PInf 5.3780856e-03                 2s
       0 PPushes remaining with PInf 0.0000000e+00                 2s

  Push phase complete: Pinf 0.0000000e+00, Dinf 4.3091822e+06      2s


Root simplex log...

Iteration    Objective       Primal Inf.    Dual Inf.      Time
   83078    7.8909352e+08   0.000000e+00   4.309182e+06      2s
   95652    7.8895140e+08   0.000000e+00   0.000000e+00      2s
   95652    7.8895140e+08   0.000000e+00   0.000000e+00      2s

Root relaxation: objective 7.889514e+08, 95652 iterations, 1.97 seconds (2.40 work units)
Total elapsed time = 2.45s (DegenMoves)

    Nodes    |    Current Node    |     Objective Bounds      |     Work
 Expl Unexpl |  Obj  Depth IntInf | Incumbent    BestBd   Gap | It/Node Time

     0     0 7.8895e+08    0  208 1.7430e+12 7.8895e+08   100%     -    2s
H    0     0                    1.131687e+09 7.8895e+08  30.3%     -    3s
H    0     0                    1.124668e+09 7.8895e+08  29.9%     -    3s
     0     0 7.9209e+08    0  207 1.1247e+09 7.9209e+08  29.6%     -    4s
H    0     0                    8.026429e+08 7.9227e+08  1.29%     -    5s
     0     0 7.9227e+08    0  208 8.0264e+08 7.9227e+08  1.29%     -    5s
     0     0 7.9282e+08    0  228 8.0264e+08 7.9282e+08  1.22%     -    5s
     0     0 7.9304e+08    0  227 8.0264e+08 7.9304e+08  1.20%     -    6s
     0     0 7.9351e+08    0  269 8.0264e+08 7.9351e+08  1.14%     -    6s
     0     0 7.9363e+08    0  270 8.0264e+08 7.9363e+08  1.12%     -    6s
     0     0 7.9382e+08    0  276 8.0264e+08 7.9382e+08  1.10%     -    6s
     0     0 7.9397e+08    0  279 8.0264e+08 7.9397e+08  1.08%     -    7s
     0     0 7.9406e+08    0  298 8.0264e+08 7.9406e+08  1.07%     -    7s
     0     0 7.9408e+08    0  305 8.0264e+08 7.9408e+08  1.07%     -    7s
     0     0 7.9421e+08    0  288 8.0264e+08 7.9421e+08  1.05%     -    7s
     0     0 7.9423e+08    0  275 8.0264e+08 7.9423e+08  1.05%     -    8s
     0     0 7.9432e+08    0  269 8.0264e+08 7.9432e+08  1.04%     -    8s
     0     0 7.9436e+08    0  269 8.0264e+08 7.9436e+08  1.03%     -    8s
     0     0 7.9436e+08    0  265 8.0264e+08 7.9436e+08  1.03%     -    8s
     0     0 7.9440e+08    0  245 8.0264e+08 7.9440e+08  1.03%     -    8s
     0     0 7.9444e+08    0  253 8.0264e+08 7.9444e+08  1.02%     -    8s
     0     0 7.9449e+08    0  249 8.0264e+08 7.9449e+08  1.02%     -    8s
     0     0 7.9453e+08    0  243 8.0264e+08 7.9453e+08  1.01%     -    9s
     0     0 7.9456e+08    0  228 8.0264e+08 7.9456e+08  1.01%     -    9s
     0     0 7.9458e+08    0  234 8.0264e+08 7.9458e+08  1.00%     -    9s
     0     0 7.9463e+08    0  249 8.0264e+08 7.9463e+08  1.00%     -    9s
     0     0 7.9465e+08    0  251 8.0264e+08 7.9465e+08  1.00%     -    9s
     0     0 7.9465e+08    0  259 8.0264e+08 7.9465e+08  1.00%     -    9s
     0     0 7.9465e+08    0  249 8.0264e+08 7.9465e+08  1.00%     -    9s
     0     0 7.9465e+08    0  255 8.0264e+08 7.9465e+08  1.00%     -    9s
     0     0 7.9465e+08    0  257 8.0264e+08 7.9465e+08  1.00%     -   10s
     0     0 7.9468e+08    0  243 8.0264e+08 7.9468e+08  0.99%     -   10s
     0     0 7.9469e+08    0  249 8.0264e+08 7.9469e+08  0.99%     -   10s
     0     0 7.9470e+08    0  241 8.0264e+08 7.9470e+08  0.99%     -   10s
     0     0 7.9474e+08    0  253 8.0264e+08 7.9474e+08  0.98%     -   10s
H    0     0                    8.026429e+08 7.9475e+08  0.98%     -   10s
     0     0 7.9475e+08    0  245 8.0264e+08 7.9475e+08  0.98%     -   10s
     0     0 7.9476e+08    0  255 8.0264e+08 7.9476e+08  0.98%     -   11s
     0     0 7.9480e+08    0  257 8.0264e+08 7.9480e+08  0.98%     -   11s
     0     0 7.9480e+08    0  253 8.0264e+08 7.9480e+08  0.98%     -   11s
     0     0 7.9480e+08    0  251 8.0264e+08 7.9480e+08  0.98%     -   11s
     0     0 7.9480e+08    0  245 8.0264e+08 7.9480e+08  0.98%     -   11s
     0     0 7.9480e+08    0  251 8.0264e+08 7.9480e+08  0.98%     -   11s
     0     0 7.9480e+08    0  255 8.0264e+08 7.9480e+08  0.98%     -   11s
     0     0 7.9480e+08    0  259 8.0264e+08 7.9480e+08  0.98%     -   11s
     0     0 7.9481e+08    0  257 8.0264e+08 7.9481e+08  0.98%     -   12s
     0     0 7.9481e+08    0  247 8.0264e+08 7.9481e+08  0.98%     -   12s
     0     0 7.9481e+08    0  247 8.0264e+08 7.9481e+08  0.98%     -   12s
     0     2 7.9481e+08    0  247 8.0264e+08 7.9481e+08  0.98%     -   13s
    71    80 7.9504e+08   11  255 8.0264e+08 7.9488e+08  0.97%  12.7   14s
H   75    80                    8.024004e+08 7.9488e+08  0.94%  12.2   14s
    87    96 7.9507e+08   13  253 8.0240e+08 7.9488e+08  0.94%  11.7   15s
   165   177 7.9540e+08   22  231 8.0240e+08 7.9488e+08  0.94%  10.7   16s
   256   272 7.9588e+08   35  234 8.0240e+08 7.9488e+08  0.94%   8.9   17s
   344   373 7.9627e+08   46  229 8.0240e+08 7.9488e+08  0.94%   8.4   18s
H  356   373                    8.023280e+08 7.9488e+08  0.93%   8.3   18s
   507   552 7.9700e+08   61  227 8.0233e+08 7.9488e+08  0.93%   7.9   20s
   737   757 7.9785e+08   93  249 8.0233e+08 7.9488e+08  0.93%   7.2   21s
   800   811 7.9807e+08  106  253 8.0233e+08 7.9488e+08  0.93%   7.1   26s
  1016   984 7.9864e+08  137  243 8.0233e+08 7.9488e+08  0.93%   7.5   27s
  1297  1293 7.9933e+08  177  251 8.0233e+08 7.9488e+08  0.93%   7.5   28s
  1432  1351 7.9952e+08  198  241 8.0233e+08 7.9488e+08  0.93%   7.3   29s
  1762  1648 7.9997e+08  235  222 8.0233e+08 7.9488e+08  0.93%   7.4   30s
  2053  1858 8.0033e+08  269  224 8.0233e+08 7.9488e+08  0.93%   7.1   32s
H 2111  1814                    8.021759e+08 7.9488e+08  0.91%   7.0   32s
  2166  1952 8.0065e+08  290  220 8.0218e+08 7.9488e+08  0.91%   7.0   33s
H 2241  1930                    8.021035e+08 7.9488e+08  0.90%   7.1   33s
  2331  2078 8.0069e+08  308  210 8.0210e+08 7.9488e+08  0.90%   7.0   34s
  2687  2432 8.0110e+08  348  205 8.0210e+08 7.9488e+08  0.90%   6.9   35s
  2890  2606 8.0127e+08  372  203 8.0210e+08 7.9488e+08  0.90%   6.8   36s
H 3099  2591                    8.020693e+08 7.9488e+08  0.90%   6.8   36s
  3100  2754 8.0187e+08  396  196 8.0207e+08 7.9488e+08  0.90%   6.8   37s
  3533  3094 8.0196e+08  435  199 8.0207e+08 7.9488e+08  0.90%   6.9   39s
  4010  3475 7.9780e+08   38  226 8.0207e+08 7.9511e+08  0.87%   6.7   40s
  4267  3511 7.9912e+08   72  226 8.0207e+08 7.9511e+08  0.87%   6.6   47s
H 4269  3456                    8.019831e+08 7.9511e+08  0.86%   6.6   47s
  4614  3706 8.0064e+08  155 2259 8.0198e+08 7.9511e+08  0.86%   6.6   67s
  4616  3707 7.9791e+08   78  208 8.0198e+08 7.9511e+08  0.86%   6.6   70s
  4617  3708 7.9660e+08   56  221 8.0198e+08 7.9511e+08  0.86%   6.6   71s
  4625  3713 8.0194e+08  414  249 8.0198e+08 7.9511e+08  0.86%   6.6   72s
  4631  3717 8.0164e+08  431  380 8.0198e+08 7.9511e+08  0.86%   6.6   73s
  4636  3721 7.9955e+08   74  400 8.0198e+08 7.9543e+08  0.82%   6.6   74s
  4643  3725 8.0018e+08  107  377 8.0198e+08 7.9592e+08  0.76%   6.6   75s
  4649  3729 7.9972e+08  157  480 8.0198e+08 7.9613e+08  0.73%   6.6   76s
  4655  3733 7.9814e+08  110  504 8.0198e+08 7.9634e+08  0.70%   6.6   77s
  4662  3738 7.9968e+08  116  506 8.0198e+08 7.9653e+08  0.68%   6.6   78s
  4668  3742 7.9943e+08  103  516 8.0198e+08 7.9670e+08  0.66%   6.5   79s
  4676  3747 8.0035e+08  244  565 8.0198e+08 7.9681e+08  0.65%   6.5   80s
  4683  3752 7.9688e+08    7  565 8.0198e+08 7.9688e+08  0.64%   6.5   81s
  4691  3757 7.9863e+08   16  654 8.0198e+08 7.9696e+08  0.63%   6.5   82s
  4699  3763 8.0094e+08  133  709 8.0198e+08 7.9700e+08  0.62%   6.5   83s
H 4706  3577                    8.019831e+08 7.9712e+08  0.61%   6.5   83s
  4707  3578 8.0183e+08  396  658 8.0198e+08 7.9712e+08  0.61%   6.5   85s
  4712  3581 8.0070e+08  280  661 8.0198e+08 7.9713e+08  0.61%   6.5   86s
  4720  3587 7.9721e+08   29  640 8.0198e+08 7.9721e+08  0.60%   6.5   87s
  4730  3593 7.9805e+08    7  658 8.0198e+08 7.9724e+08  0.59%   6.5   88s
  4736  3597 7.9955e+08   74  712 8.0198e+08 7.9729e+08  0.59%   6.4   89s
  4745  3603 8.0062e+08  286  671 8.0198e+08 7.9734e+08  0.58%   6.4   90s
  4752  3608 7.9975e+08  195  673 8.0198e+08 7.9736e+08  0.58%   6.4   91s
  4759  3613 8.0085e+08  328  709 8.0198e+08 7.9739e+08  0.57%   6.4   92s
  4764  3616 7.9794e+08   80  696 8.0198e+08 7.9743e+08  0.57%   6.4   93s
  4772  3621 7.9980e+08  199  677 8.0198e+08 7.9743e+08  0.57%   6.4   94s
  4781  3627 8.0084e+08  267  672 8.0198e+08 7.9747e+08  0.56%   6.4   95s
  4790  3635 7.9751e+08   19 2259 8.0198e+08 7.9751e+08  0.56%  31.0   96s
  4792  3636 7.9751e+08   32  208 8.0198e+08 7.9751e+08  0.56%  30.9   99s
  4795  3638 7.9926e+08   51  341 8.0198e+08 7.9751e+08  0.56%  30.9  100s
  4802  3643 7.9996e+08   17  679 8.0198e+08 7.9751e+08  0.56%  30.9  101s
  4807  3646 8.0183e+08  396  675 8.0198e+08 7.9751e+08  0.56%  30.8  102s
  4809  3648 7.9845e+08   82  670 8.0198e+08 7.9751e+08  0.56%  30.8  103s
H 4810  3465                    8.015161e+08 7.9751e+08  0.50%  30.8  103s
  4814  3468 8.0064e+08  155  659 8.0152e+08 7.9751e+08  0.50%  30.8  104s
  4820  3472 7.9751e+08   29  697 8.0152e+08 7.9751e+08  0.50%  30.8  105s
  4826  3476 8.0152e+08   78  684 8.0152e+08 7.9751e+08  0.50%  30.7  106s
  4828  3477 7.9751e+08   31  641 8.0152e+08 7.9751e+08  0.50%  30.7  109s
  4829  3478 7.9817e+08   28  641 8.0152e+08 7.9751e+08  0.50%  30.7  111s
  4836  3492 7.9751e+08   33  641 8.0152e+08 7.9751e+08  0.50%  51.5  112s
  4860  3508 7.9752e+08   35  652 8.0152e+08 7.9751e+08  0.50%  51.7  114s
  4892  3525 7.9753e+08   37  638 8.0152e+08 7.9753e+08  0.50%  52.4  115s
  4916  3535 7.9860e+08   38  630 8.0152e+08 7.9755e+08  0.50%  53.1  116s
  4935  3543 7.9759e+08   40  620 8.0152e+08 7.9755e+08  0.49%  54.1  117s
  4965  3552 7.9827e+08   42  622 8.0152e+08 7.9759e+08  0.49%  55.2  118s
  5007  3569 7.9833e+08   45  618 8.0152e+08 7.9759e+08  0.49%  55.8  119s
H 5036  3401                    8.015161e+08 7.9759e+08  0.49%  56.1  119s
H 5037  3235                    8.015161e+08 7.9759e+08  0.49%  56.1  119s
  5044  3240 7.9974e+08   47  613 8.0152e+08 7.9759e+08  0.49%  56.2  121s
  5090  3256 7.9837e+08   51  614 8.0152e+08 7.9759e+08  0.49%  57.2  122s
  5107  3263 7.9839e+08   52  616 8.0152e+08 7.9759e+08  0.49%  57.4  123s
  5147  3270 7.9853e+08   54  608 8.0152e+08 7.9759e+08  0.49%  57.6  125s
  5182  3281 7.9857e+08   56  608 8.0152e+08 7.9759e+08  0.49%  58.5  126s
  5227  3295 7.9886e+08   59  605 8.0152e+08 7.9759e+08  0.49%  59.2  127s
  5252  3301 7.9870e+08   61  604 8.0152e+08 7.9759e+08  0.49%  59.6  128s
  5275  3313 7.9871e+08   62  592 8.0152e+08 7.9759e+08  0.49%  60.1  129s
  5331  3327 7.9971e+08   65  553 8.0152e+08 7.9759e+08  0.49%  60.8  131s
  5341  3345 7.9872e+08   66  603 8.0152e+08 7.9759e+08  0.49%  61.0  132s
  5371  3357 7.9873e+08   68  585 8.0152e+08 7.9759e+08  0.49%  61.8  133s
  5399  3355 7.9876e+08   70  592 8.0152e+08 7.9759e+08  0.49%  63.0  136s
  5407  3369 7.9995e+08   70  578 8.0152e+08 7.9759e+08  0.49%  62.9  137s
  5437  3384 8.0044e+08   72  516 8.0152e+08 7.9759e+08  0.49%  64.1  138s
  5477  3397 7.9880e+08   74  595 8.0152e+08 7.9759e+08  0.49%  64.4  139s
  5518  3475 7.9961e+08   76  597 8.0152e+08 7.9759e+08  0.49%  64.4  140s
  5624  3504 8.0047e+08   85  577 8.0152e+08 7.9759e+08  0.49%  64.8  141s
  5705  3540 7.9942e+08   93  580 8.0152e+08 7.9759e+08  0.49%  65.4  142s
  5796  3567 8.0091e+08  102  577 8.0152e+08 7.9759e+08  0.49%  66.1  144s
  5886  3547 7.9974e+08  110  575 8.0152e+08 7.9759e+08  0.49%  67.0  145s
  5930  3589 7.9977e+08  114  599 8.0152e+08 7.9759e+08  0.49%  67.2  146s
  6012  3635     cutoff  121      8.0152e+08 7.9759e+08  0.49%  68.3  147s
  6119  3609 7.9998e+08  129  582 8.0152e+08 7.9759e+08  0.49%  69.0  148s
  6160  3630 7.9999e+08  134  571 8.0152e+08 7.9759e+08  0.49%  69.3  149s
  6256  3640 8.0002e+08  141  561 8.0152e+08 7.9759e+08  0.49%  70.6  151s
  6333  3684 8.0006e+08  147  586 8.0152e+08 7.9759e+08  0.49%  71.9  152s
  6454  3650 8.0010e+08  159  572 8.0152e+08 7.9759e+08  0.49%  72.8  153s
  6501  3699 8.0010e+08  167  532 8.0152e+08 7.9759e+08  0.49%  73.3  155s
  6587  3732 8.0010e+08  168  526 8.0152e+08 7.9759e+08  0.49%  74.1  156s
  6686  3722 8.0017e+08  177  533 8.0152e+08 7.9759e+08  0.49%  76.0  158s
  6766  3746     cutoff  186      8.0152e+08 7.9759e+08  0.49%  76.9  160s
  6870  3727 8.0073e+08  199  482 8.0152e+08 7.9759e+08  0.49%  78.8  161s
  6941  3766 8.0037e+08  208  461 8.0152e+08 7.9759e+08  0.49%  79.1  163s
  7067  3807 8.0039e+08  215  446 8.0152e+08 7.9759e+08  0.49%  80.9  165s
  7212  3826 8.0043e+08  224  421 8.0152e+08 7.9759e+08  0.49%  82.3  167s
  7352  3844 8.0044e+08  236  404 8.0152e+08 7.9759e+08  0.49%  82.5  168s
  7510  3863 8.0051e+08  249  396 8.0152e+08 7.9759e+08  0.49%  83.0  171s
  7669  3867 8.0056e+08  259  392 8.0152e+08 7.9759e+08  0.49%  84.3  172s
  7824  3910     cutoff  276      8.0152e+08 7.9759e+08  0.49%  85.1  174s
  8007  3893 8.0140e+08  291  378 8.0152e+08 7.9759e+08  0.49%  86.1  182s
  8141  3918     cutoff  296      8.0152e+08 7.9759e+08  0.49%  87.1  184s
  8325  3964     cutoff  316      8.0152e+08 7.9759e+08  0.49%  87.6  186s
  8569  3996 8.0097e+08  331  364 8.0152e+08 7.9759e+08  0.49%  88.1  188s
  8860  3986 8.0113e+08  356  354 8.0152e+08 7.9759e+08  0.49%  88.2  191s
  9137  4104 8.0151e+08  386  344 8.0152e+08 7.9760e+08  0.49%  87.4  193s
  9478  4185 7.9859e+08   96  610 8.0152e+08 7.9760e+08  0.49%  87.0  196s
  9831  4294 7.9959e+08  166  556 8.0152e+08 7.9760e+08  0.49%  86.8  199s
 10202  4363 8.0023e+08  249  468 8.0152e+08 7.9760e+08  0.49%  86.6  202s
 10565  4417 8.0068e+08  333  439 8.0152e+08 7.9760e+08  0.49%  86.3  205s
 10965  4522 8.0137e+08  418  401 8.0152e+08 7.9765e+08  0.48%  84.9  207s
 11409  4581 7.9926e+08  107  572 8.0152e+08 7.9765e+08  0.48%  83.9  211s
 11773  4828 7.9953e+08  136  562 8.0152e+08 7.9765e+08  0.48%  83.1  214s
 12293  5094 8.0045e+08  221  493 8.0152e+08 7.9765e+08  0.48%  81.6  218s
 12848  5225 8.0118e+08  323  434 8.0152e+08 7.9771e+08  0.48%  79.9  222s
 13381  5395 8.0030e+08   67  582 8.0152e+08 7.9777e+08  0.47%  79.4  226s
 13919  5636 7.9913e+08   62  602 8.0152e+08 7.9777e+08  0.47%  78.6  230s
 14492  5983 8.0090e+08  161  541 8.0152e+08 7.9795e+08  0.45%  77.7  235s
 15139  6298 8.0092e+08   78  573 8.0152e+08 7.9802e+08  0.44%  77.1  238s
 15596  6571 8.0117e+08   84  560 8.0152e+08 7.9803e+08  0.44%  76.8  241s
 16003  7021 8.0128e+08  106  530 8.0152e+08 7.9805e+08  0.43%  76.9  245s
 16580  7377 8.0126e+08   49  557 8.0152e+08 7.9805e+08  0.43%  75.9  249s
 17131  7386     cutoff   63      8.0152e+08 7.9805e+08  0.43%  75.3  252s
 17351  7642 8.0123e+08   87  459 8.0152e+08 7.9810e+08  0.43%  74.9  257s
 17815  8030 7.9971e+08   93  561 8.0152e+08 7.9810e+08  0.43%  75.2  261s
 18377  8473 8.0062e+08  209  522 8.0152e+08 7.9810e+08  0.43%  75.0  266s
 18975  8995 8.0149e+08  323  441 8.0152e+08 7.9811e+08  0.42%  74.3  271s
 19659  9602 7.9939e+08  138  552 8.0152e+08 7.9814e+08  0.42%  73.1  275s
 20440 10054 8.0032e+08  271  480 8.0152e+08 7.9814e+08  0.42%  72.2  280s
 21214 10104 8.0135e+08  430  376 8.0152e+08 7.9814e+08  0.42%  71.7  285s
 21508 10339 8.0136e+08  458  334 8.0152e+08 7.9817e+08  0.42%  71.4  290s
 22098 10883 8.0133e+08   93  558 8.0152e+08 7.9822e+08  0.41%  71.8  296s
 22852 11742 8.0151e+08  173  546 8.0152e+08 7.9823e+08  0.41%  71.6  301s
 23837 12700 8.0106e+08  165  492 8.0152e+08 7.9825e+08  0.41%  69.9  306s
 24461 12700 8.0020e+08  160  547 8.0152e+08 7.9827e+08  0.41%  69.0  307s
 24959 13785 8.0078e+08  118  542 8.0152e+08 7.9827e+08  0.41%  68.1  312s
 26161 14784 7.9937e+08  125  544 8.0152e+08 7.9827e+08  0.41%  66.2  317s
 27282 15376 8.0055e+08  286  466 8.0152e+08 7.9830e+08  0.40%  64.6  321s
 28099 16177 7.9879e+08   55  610 8.0152e+08 7.9832e+08  0.40%  64.0  326s
 29089 16178 8.0082e+08   99 2259 8.0152e+08 7.9832e+08  0.40%  63.1  483s
 29091 16179 8.0132e+08  263  208 8.0152e+08 7.9832e+08  0.40%  63.1  486s
 29092 16180 8.0076e+08  108  272 8.0152e+08 7.9832e+08  0.40%  63.1  487s
 29095 16182 8.0115e+08  571  478 8.0152e+08 7.9832e+08  0.40%  63.1  488s
 29098 16184 8.0113e+08  331  628 8.0152e+08 7.9832e+08  0.40%  63.1  489s
 29104 16188 8.0113e+08  167  736 8.0152e+08 7.9832e+08  0.40%  63.1  490s
 29105 16189 8.0144e+08  146  741 8.0152e+08 7.9832e+08  0.40%  63.1  492s
 29108 16191 8.0019e+08  294  757 8.0152e+08 7.9832e+08  0.40%  63.1  495s
 29109 16191 7.9867e+08   35  715 8.0152e+08 7.9832e+08  0.40%  63.0  496s
 29112 16193 8.0057e+08   67  802 8.0152e+08 7.9832e+08  0.40%  63.0  501s
 29114 16195 8.0103e+08  109  690 8.0152e+08 7.9832e+08  0.40%  63.0  502s
 29118 16197 8.0014e+08   83  706 8.0152e+08 7.9832e+08  0.40%  63.0  506s
 29123 16201 8.0085e+08  118  749 8.0152e+08 7.9832e+08  0.40%  63.0  511s
 29124 16201 7.9891e+08   85  715 8.0152e+08 7.9832e+08  0.40%  63.0  512s
 29129 16205 8.0026e+08  246  758 8.0152e+08 7.9832e+08  0.40%  63.0  513s
 29130 16205 7.9997e+08  162  755 8.0152e+08 7.9832e+08  0.40%  63.0  517s
 29135 16209 8.0100e+08   97  764 8.0152e+08 7.9832e+08  0.40%  63.0  521s
 29137 16210 8.0104e+08   70  746 8.0152e+08 7.9832e+08  0.40%  63.0  522s
 29139 16211 8.0094e+08  265  738 8.0152e+08 7.9832e+08  0.40%  63.0  526s
 29140 16212 8.0110e+08  262  721 8.0152e+08 7.9832e+08  0.40%  63.0  527s
 29142 16213 7.9949e+08  162  769 8.0152e+08 7.9832e+08  0.40%  63.0  532s
 29143 16214 7.9987e+08  138  769 8.0152e+08 7.9832e+08  0.40%  63.0  533s
 29148 16217 8.0078e+08   80  784 8.0152e+08 7.9832e+08  0.40%  63.0  538s
 29149 16218 8.0035e+08  103  776 8.0152e+08 7.9832e+08  0.40%  63.0  539s
 29153 16221 8.0125e+08  133  769 8.0152e+08 7.9832e+08  0.40%  63.0  544s
 29156 16223 8.0050e+08  173  811 8.0152e+08 7.9832e+08  0.40%  62.9  548s
 29157 16223 7.9987e+08   42  806 8.0152e+08 7.9832e+08  0.40%  62.9  549s
 29159 16225 8.0120e+08  118  798 8.0152e+08 7.9832e+08  0.40%  62.9  553s
 29160 16225 8.0087e+08  202  779 8.0152e+08 7.9832e+08  0.40%  62.9  554s
 29162 16227 7.9868e+08   47  797 8.0152e+08 7.9835e+08  0.39%  62.9  559s
 29163 16227 8.0065e+08   87  773 8.0152e+08 7.9835e+08  0.39%  62.9  560s
 29165 16229 8.0050e+08  133  785 8.0152e+08 7.9839e+08  0.39%  62.9  564s
 29166 16229 8.0011e+08  145  773 8.0152e+08 7.9839e+08  0.39%  62.9  565s
 29169 16231 8.0085e+08  151  812 8.0152e+08 7.9842e+08  0.39%  62.9  570s
 29172 16233 8.0127e+08  431  811 8.0152e+08 7.9842e+08  0.39%  62.9  571s
 29173 16234 8.0143e+08  179  817 8.0152e+08 7.9844e+08  0.38%  62.9  575s
 29174 16235 8.0084e+08  104  755 8.0152e+08 7.9844e+08  0.38%  62.9  576s
 29176 16236 8.0079e+08  262  768 8.0152e+08 7.9846e+08  0.38%  62.9  580s
 29177 16237 8.0124e+08  331  777 8.0152e+08 7.9846e+08  0.38%  62.9  581s
 29179 16238 7.9940e+08  104  816 8.0152e+08 7.9848e+08  0.38%  62.9  586s
 29181 16239 8.0080e+08  153  807 8.0152e+08 7.9850e+08  0.38%  62.9  591s
 29183 16241 8.0142e+08  155  834 8.0152e+08 7.9852e+08  0.37%  62.9  596s
 29185 16242 8.0097e+08  220  808 8.0152e+08 7.9853e+08  0.37%  62.9  601s
 29186 16243 8.0094e+08  226  810 8.0152e+08 7.9854e+08  0.37%  62.9  602s
 29187 16243 7.9938e+08   96  801 8.0152e+08 7.9856e+08  0.37%  62.9  607s
 29189 16245 8.0082e+08   99  803 8.0152e+08 7.9859e+08  0.37%  62.9  613s
 29191 16246 8.0132e+08  263  793 8.0152e+08 7.9859e+08  0.37%  62.9  614s
 29192 16247 8.0076e+08  108  791 8.0152e+08 7.9860e+08  0.36%  62.9  619s
 29194 16248 8.0091e+08  264  794 8.0152e+08 7.9862e+08  0.36%  62.9  624s
 29197 16250 8.0074e+08  350  803 8.0152e+08 7.9863e+08  0.36%  62.9  629s
 29199 16251 7.9900e+08   50  807 8.0152e+08 7.9865e+08  0.36%  62.9  634s
 29201 16253 8.0056e+08   52  819 8.0152e+08 7.9867e+08  0.36%  62.8  639s
 29202 16253 8.0087e+08   45  800 8.0152e+08 7.9867e+08  0.36%  62.8  640s
 29203 16254 8.0114e+08  219  780 8.0152e+08 7.9868e+08  0.35%  62.8  645s
 29205 16255 8.0144e+08  146  809 8.0152e+08 7.9870e+08  0.35%  62.8  650s
 29207 16257 8.0137e+08   96  815 8.0152e+08 7.9871e+08  0.35%  62.8  655s
 29208 16257 8.0019e+08  294  823 8.0152e+08 7.9871e+08  0.35%  62.8  656s
 29209 16258 7.9872e+08   35  829 8.0152e+08 7.9872e+08  0.35%  62.8  661s
 29211 16259 7.9874e+08   40  811 8.0152e+08 7.9874e+08  0.35%  62.8  666s
 29212 16260 8.0057e+08   67  804 8.0152e+08 7.9874e+08  0.35%  62.8  667s
 29213 16261 8.0140e+08  190  820 8.0152e+08 7.9875e+08  0.35%  62.8  671s
 29215 16262 8.0106e+08  197  825 8.0152e+08 7.9876e+08  0.34%  62.8  676s
 29216 16263 8.0050e+08  188  796 8.0152e+08 7.9876e+08  0.34%  62.8  677s
 29217 16263 8.0029e+08   68  827 8.0152e+08 7.9877e+08  0.34%  62.8  682s
H29217 15447                    8.015161e+08 7.9877e+08  0.34%  62.8  682s
 29219 15449 7.9950e+08   63  795 8.0152e+08 7.9879e+08  0.34%  62.8  687s
 29221 15450 8.0003e+08   72  815 8.0152e+08 7.9880e+08  0.34%  62.8  692s
 29223 15451 8.0085e+08  118  817 8.0152e+08 7.9881e+08  0.34%  62.8  697s
 29224 15452 7.9891e+08   85  812 8.0152e+08 7.9881e+08  0.34%  62.8  698s
 29225 15453 8.0103e+08  469  802 8.0152e+08 7.9882e+08  0.34%  62.8  702s
 29227 15454 7.9938e+08   63  814 8.0152e+08 7.9883e+08  0.34%  62.8  707s
 29229 15455 8.0026e+08  246  814 8.0152e+08 7.9884e+08  0.33%  62.8  713s
 29231 15457 8.0132e+08  141  811 8.0152e+08 7.9885e+08  0.33%  62.8  719s
 29233 15458 8.0125e+08  125  812 8.0152e+08 7.9886e+08  0.33%  62.8  724s
 29234 15459 8.0045e+08  159  812 8.0152e+08 7.9887e+08  0.33%  62.8  730s
 29236 15460 7.9975e+08   55  814 8.0152e+08 7.9888e+08  0.33%  62.8  735s
 29237 15461 8.0104e+08   70  812 8.0152e+08 7.9888e+08  0.33%  62.8  736s
 29238 15461 8.0125e+08  124  812 8.0152e+08 7.9888e+08  0.33%  62.8  740s
 29240 15463 8.0110e+08  262  822 8.0152e+08 7.9889e+08  0.33%  62.8  744s
 29242 15464 7.9949e+08  162  811 8.0152e+08 7.9890e+08  0.33%  62.8  749s
 29244 15465 8.0081e+08  216  812 8.0152e+08 7.9891e+08  0.33%  62.8  754s
 29245 15466 8.0134e+08  221  817 8.0152e+08 7.9891e+08  0.33%  62.8  755s
 29246 15467 8.0117e+08  168  810 8.0152e+08 7.9892e+08  0.32%  62.8  759s
 29248 15468 8.0078e+08   80  813 8.0152e+08 7.9892e+08  0.32%  62.7  763s
 29249 15469 8.0035e+08  103  815 8.0152e+08 7.9892e+08  0.32%  62.7  764s
 29250 15469 8.0081e+08  272  813 8.0152e+08 7.9893e+08  0.32%  62.7  769s
 29252 15471 8.0118e+08   80  810 8.0152e+08 7.9893e+08  0.32%  62.7  774s
 29253 15471 8.0125e+08  133  812 8.0152e+08 7.9893e+08  0.32%  62.7  775s
 29254 15472 8.0100e+08  423  812 8.0152e+08 7.9894e+08  0.32%  62.7  780s
 29255 15473 8.0108e+08  188  812 8.0152e+08 7.9894e+08  0.32%  62.7  781s
 29256 15473 8.0050e+08  173  812 8.0152e+08 7.9895e+08  0.32%  62.7  786s
 29258 15475 8.0100e+08  272  814 8.0152e+08 7.9895e+08  0.32%  62.7  791s
 29260 15476 8.0087e+08  202  818 8.0152e+08 7.9896e+08  0.32%  62.7  796s
 29261 15477 8.0086e+08  181  807 8.0152e+08 7.9896e+08  0.32%  62.7  797s
 29262 15477 7.9897e+08   47  811 8.0152e+08 7.9897e+08  0.32%  62.7  802s
 29263 15478 8.0065e+08   87  811 8.0152e+08 7.9897e+08  0.32%  62.7  803s
 29264 15479 8.0092e+08   86  812 8.0152e+08 7.9897e+08  0.32%  62.7  807s
 29266 15480 8.0011e+08  145  812 8.0152e+08 7.9898e+08  0.32%  62.7  812s
 29268 15481 8.0085e+08   81  812 8.0152e+08 7.9899e+08  0.32%  62.7  817s
 29269 15482 8.0085e+08  151  812 8.0152e+08 7.9900e+08  0.31%  62.7  829s
 29270 15483 7.9992e+08   46  813 8.0152e+08 7.9900e+08  0.31%  62.7  830s
 29271 15483 7.9901e+08   64  812 8.0152e+08 7.9901e+08  0.31%  62.7  835s
 29272 15484 8.0127e+08  431  812 8.0152e+08 7.9901e+08  0.31%  62.7  846s
 29273 15485 8.0143e+08  179  812 8.0152e+08 7.9901e+08  0.31%  62.7  864s
 29274 15488 7.9901e+08   46  794 8.0152e+08 7.9901e+08  0.31%  66.7  865s
 29276 15492 7.9901e+08   47  795 8.0152e+08 7.9901e+08  0.31%  66.7  866s
 29280 15498 7.9901e+08   48  812 8.0152e+08 7.9901e+08  0.31%  66.8  867s
 29288 15504 7.9901e+08   49  827 8.0152e+08 7.9901e+08  0.31%  66.9  868s
 29296 15506 7.9901e+08   49  777 8.0152e+08 7.9901e+08  0.31%  66.9  869s
 29304 15510 7.9901e+08   50  810 8.0152e+08 7.9901e+08  0.31%  67.0  872s
 29312 15513 7.9901e+08   50  775 8.0152e+08 7.9901e+08  0.31%  67.0  873s
 29329 15517 7.9901e+08   51  776 8.0152e+08 7.9901e+08  0.31%  67.1  874s
 29345 15520 7.9901e+08   52  783 8.0152e+08 7.9901e+08  0.31%  67.1  878s
 29353 15523 7.9901e+08   53  791 8.0152e+08 7.9901e+08  0.31%  67.2  879s
 29375 15526 7.9901e+08   54  789 8.0152e+08 7.9901e+08  0.31%  67.3  880s
 29385 15524 7.9901e+08   54  786 8.0152e+08 7.9901e+08  0.31%  67.3  881s
 29409 15527 7.9901e+08   55  755 8.0152e+08 7.9901e+08  0.31%  67.4  882s
 29420 15535 7.9901e+08   56  746 8.0152e+08 7.9901e+08  0.31%  67.4  883s
 29447 15544 7.9949e+08   57  679 8.0152e+08 7.9901e+08  0.31%  67.5  885s
 29463 15547 7.9901e+08   58  745 8.0152e+08 7.9901e+08  0.31%  67.6  886s
 29477 15551 7.9901e+08   59  759 8.0152e+08 7.9901e+08  0.31%  67.6  887s
 29488 15557 7.9911e+08   59  716 8.0152e+08 7.9901e+08  0.31%  67.8  888s
 29503 15561 7.9901e+08   60  732 8.0152e+08 7.9901e+08  0.31%  67.9  889s
 29520 15569 7.9999e+08   61  633 8.0152e+08 7.9901e+08  0.31%  68.1  890s
 29537 15570 7.9901e+08   62  698 8.0152e+08 7.9901e+08  0.31%  68.2  891s
 29556 15571 8.0086e+08   62  678 8.0152e+08 7.9901e+08  0.31%  68.3  892s
 29571 15582 7.9901e+08   63  695 8.0152e+08 7.9901e+08  0.31%  68.5  893s
 29591 15589 7.9901e+08   64  686 8.0152e+08 7.9901e+08  0.31%  68.6  894s
 29612 15597 7.9901e+08   66  686 8.0152e+08 7.9901e+08  0.31%  68.7  895s
 29631 15610 7.9901e+08   68  681 8.0152e+08 7.9901e+08  0.31%  68.8  896s
 29659 15618 7.9901e+08   70  706 8.0152e+08 7.9901e+08  0.31%  68.9  897s
 29679 15624 7.9925e+08   71  712 8.0152e+08 7.9901e+08  0.31%  69.0  899s
 29706 15635 7.9977e+08   73  678 8.0152e+08 7.9901e+08  0.31%  69.2  901s
 29738 15642 7.9992e+08   75  681 8.0152e+08 7.9901e+08  0.31%  69.3  902s
 29765 15648 7.9979e+08   77  690 8.0152e+08 7.9901e+08  0.31%  69.4  903s
 29791 15658 7.9959e+08   79  681 8.0152e+08 7.9901e+08  0.31%  69.5  904s
 29815 15665 7.9959e+08   81  683 8.0152e+08 7.9901e+08  0.31%  69.6  906s
 29844 15677 7.9943e+08   83  682 8.0152e+08 7.9901e+08  0.31%  69.7  907s
 29881 15684 7.9901e+08   86  693 8.0152e+08 7.9901e+08  0.31%  69.8  909s
 29913 15694 8.0127e+08   87  670 8.0152e+08 7.9901e+08  0.31%  69.9  910s
 29949 15711 7.9901e+08   90  687 8.0152e+08 7.9901e+08  0.31%  70.1  912s
 29987 15717 7.9977e+08   92  672 8.0152e+08 7.9901e+08  0.31%  70.2  913s
 30018 15734 7.9901e+08   95  669 8.0152e+08 7.9901e+08  0.31%  70.4  915s
 30057 15742 8.0020e+08   97  628 8.0152e+08 7.9901e+08  0.31%  70.6  917s
 30094 15750 7.9901e+08   99  678 8.0152e+08 7.9901e+08  0.31%  70.7  919s
 30133 15758 7.9901e+08  102  662 8.0152e+08 7.9901e+08  0.31%  71.0  921s
 30170 15767 7.9901e+08  105  676 8.0152e+08 7.9901e+08  0.31%  71.1  923s
 30212 15779 7.9903e+08  108  660 8.0152e+08 7.9901e+08  0.31%  71.3  925s
 30257 15788 8.0041e+08  111  661 8.0152e+08 7.9901e+08  0.31%  71.5  928s
 30304 15798 7.9950e+08  114  649 8.0152e+08 7.9901e+08  0.31%  71.7  930s
 30352 15814 7.9932e+08  118  638 8.0152e+08 7.9901e+08  0.31%  71.8  932s
 30405 15826 8.0134e+08  121  637 8.0152e+08 7.9901e+08  0.31%  72.0  935s
 30460 15834 8.0024e+08  125  654 8.0152e+08 7.9901e+08  0.31%  72.1  938s
 30507 15835 8.0095e+08  128  621 8.0152e+08 7.9901e+08  0.31%  72.4  941s
 30574 15839 7.9942e+08  131  635 8.0152e+08 7.9901e+08  0.31%  72.6  945s
 30646 15842 8.0114e+08  134  642 8.0152e+08 7.9901e+08  0.31%  72.7  948s
 30723 15843 7.9949e+08  138  647 8.0152e+08 7.9901e+08  0.31%  72.9  951s
 30801 15847 7.9955e+08  142  653 8.0152e+08 7.9901e+08  0.31%  73.1  954s
 30883 15848 7.9958e+08  145  636 8.0152e+08 7.9901e+08  0.31%  73.2  957s
 30976 15848     cutoff  151      8.0152e+08 7.9901e+08  0.31%  73.4  960s
 31074 15859     cutoff  156      8.0152e+08 7.9901e+08  0.31%  73.7  964s
 31197 15925 7.9970e+08  162  603 8.0152e+08 7.9901e+08  0.31%  74.2  968s
 31384 15959 7.9993e+08  177  591 8.0152e+08 7.9901e+08  0.31%  74.7  972s
 31608 15911 8.0006e+08  191  567 8.0152e+08 7.9901e+08  0.31%  75.4  975s
 31751 15909 8.0014e+08  206  594 8.0152e+08 7.9901e+08  0.31%  75.9  979s
 31976 15886 8.0020e+08  221  598 8.0152e+08 7.9901e+08  0.31%  76.5  983s
 32176 15857 8.0027e+08  231  586 8.0152e+08 7.9901e+08  0.31%  77.3  989s
 32365 15807 8.0036e+08  243  563 8.0152e+08 7.9901e+08  0.31%  78.0  993s
 32554 15789 8.0042e+08  257  544 8.0152e+08 7.9901e+08  0.31%  78.9  997s
 32800 15754 8.0132e+08  269  502 8.0152e+08 7.9901e+08  0.31%  79.7 1002s
 33033 15701     cutoff  288      8.0152e+08 7.9901e+08  0.31%  80.4 1012s
 33247 15646     cutoff  305      8.0152e+08 7.9901e+08  0.31%  81.2 1017s
 33449 15603 8.0078e+08  320  523 8.0152e+08 7.9901e+08  0.31%  82.2 1022s
 33722 15594     cutoff  333      8.0152e+08 7.9901e+08  0.31%  83.0 1027s
 34039 15567     cutoff  357      8.0152e+08 7.9901e+08  0.31%  83.7 1033s
 34290 15575 8.0104e+08  364  505 8.0152e+08 7.9901e+08  0.31%  84.4 1038s
 34534 15553 8.0105e+08  385  442 8.0152e+08 7.9901e+08  0.31%  84.3 1046s
H34561 14767                    8.015161e+08 7.9901e+08  0.31%  84.3 1046s
H34691 13993                    8.015160e+08 7.9901e+08  0.31%  84.4 1103s
H34692 13291                    8.015160e+08 7.9901e+08  0.31%  84.4 1103s
H34693 12512                    8.014254e+08 7.9901e+08  0.30%  84.4 1103s
 34699 12599     cutoff  403      8.0143e+08 7.9901e+08  0.30%  84.4 1110s
 35030 12667     cutoff  433      8.0143e+08 7.9901e+08  0.30%  85.1 1134s
 35360 13037 7.9901e+08   71  717 8.0143e+08 7.9901e+08  0.30%  85.5 1141s
 36008 13346 8.0002e+08  161  605 8.0143e+08 7.9901e+08  0.30%  85.5 1147s
 36728 13630 8.0084e+08  279  533 8.0143e+08 7.9901e+08  0.30%  85.2 1154s
 37437 14022 7.9994e+08   77  662 8.0143e+08 7.9901e+08  0.30%  84.9 1161s
 38238 14306 8.0105e+08  197  560 8.0143e+08 7.9901e+08  0.30%  84.4 1168s
 38980 14424 8.0138e+08   83  624 8.0143e+08 7.9901e+08  0.30%  84.1 1175s
 39612 14678 8.0042e+08   69  609 8.0143e+08 7.9901e+08  0.30%  84.1 1182s
 40247 14951 7.9918e+08   75  709 8.0143e+08 7.9901e+08  0.30%  84.1 1190s
 40974 15105 8.0055e+08  166  630 8.0143e+08 7.9901e+08  0.30%  83.9 1198s
 41588 15247     cutoff  297      8.0143e+08 7.9901e+08  0.30%  84.2 1207s
 42229 15492 8.0080e+08  106  651 8.0143e+08 7.9901e+08  0.30%  84.6 1215s
 43032 15679 8.0016e+08   77  666 8.0143e+08 7.9901e+08  0.30%  84.7 1224s
 43768 16449 8.0120e+08  206  563 8.0143e+08 7.9901e+08  0.30%  85.0 1238s
 45228 16255 8.0114e+08  263  526 8.0143e+08 7.9901e+08  0.30%  84.5 1245s
 45767 16531 8.0109e+08  107  659 8.0143e+08 7.9901e+08  0.30%  84.7 1252s
 46405 16835 8.0012e+08   87  658 8.0143e+08 7.9901e+08  0.30%  84.6 1259s
*46725 16092            1980    8.014250e+08 7.9901e+08  0.30%  84.3 1260s
 47153 16539 8.0055e+08  156  568 8.0143e+08 7.9901e+08  0.30%  84.5 1267s
 47889 17031 8.0097e+08  220  475 8.0143e+08 7.9901e+08  0.30%  84.4 1275s
 48736 17257 7.9932e+08   97  642 8.0143e+08 7.9901e+08  0.30%  84.2 1285s
 49415 17374 8.0049e+08  218  578 8.0143e+08 7.9901e+08  0.30%  84.3 1296s
 50018 17718 8.0140e+08  414  433 8.0143e+08 7.9901e+08  0.30%  84.8 1305s
 50737 18187 8.0116e+08  145  685 8.0143e+08 7.9901e+08  0.30%  84.9 1315s
 51545 18788 8.0073e+08  122  644 8.0143e+08 7.9901e+08  0.30%  84.6 1326s
 52519 19246 8.0064e+08  117  697 8.0143e+08 7.9901e+08  0.30%  84.2 1335s
 53402 19548 8.0038e+08  102  720 8.0143e+08 7.9901e+08  0.30%  83.9 1345s
 54124 19602 7.9980e+08   64  737 8.0143e+08 7.9901e+08  0.30%  84.2 1356s
 54616 19636 7.9977e+08   96  663 8.0143e+08 7.9901e+08  0.30%  84.8 1367s
 55079 19885 8.0013e+08  125  658 8.0143e+08 7.9901e+08  0.30%  85.6 1377s
 55754 19859 8.0065e+08  160  639 8.0143e+08 7.9901e+08  0.30%  86.1 1387s
 56282 19851 8.0094e+08  189  578 8.0143e+08 7.9901e+08  0.30%  87.0 1398s
 56753 20089 8.0124e+08  220  585 8.0143e+08 7.9901e+08  0.30%  88.1 1408s
 57443 20335 8.0138e+08  246  574 8.0143e+08 7.9901e+08  0.30%  88.7 1418s
 58138 20742 8.0091e+08  150  574 8.0143e+08 7.9901e+08  0.30%  89.2 1430s
 58977 21171 7.9914e+08   59  748 8.0143e+08 7.9901e+08  0.30%  89.4 1448s
 60065 21506 8.0133e+08  263  476 8.0143e+08 7.9901e+08  0.30%  89.8 1460s
 60979 21569 8.0093e+08  214  614 8.0143e+08 7.9901e+08  0.30%  89.9 1472s
 61618 22337 8.0103e+08  295  498 8.0143e+08 7.9901e+08  0.30%  89.4 1485s
 62762 22796 8.0041e+08  158  641 8.0143e+08 7.9901e+08  0.30%  89.1 1498s
 63718 23259 7.9946e+08   96  716 8.0143e+08 7.9901e+08  0.30%  89.0 1512s
 64634 23732 8.0103e+08  222  543 8.0143e+08 7.9901e+08  0.30%  88.9 1524s
 65531 24539 7.9993e+08  112  617 8.0143e+08 7.9901e+08  0.30%  88.9 1536s
 66635 25323 8.0138e+08  284  465 8.0143e+08 7.9901e+08  0.30%  88.6 1546s
 67532 26202     cutoff  168      8.0143e+08 7.9901e+08  0.30%  88.7 1557s
 68565 26768 8.0119e+08  170  553 8.0143e+08 7.9902e+08  0.30%  88.6 1568s
 69317 27489 7.9990e+08   74  694 8.0143e+08 7.9902e+08  0.30%  88.6 1579s
 70247 28290 8.0064e+08   53  628 8.0143e+08 7.9904e+08  0.30%  88.7 1591s
 71217 29054 8.0129e+08   76  709 8.0143e+08 7.9905e+08  0.30%  88.7 1603s
 72173 29826 8.0112e+08   70  674 8.0143e+08 7.9906e+08  0.29%  88.7 1616s
 73099 30423 8.0107e+08  111  640 8.0143e+08 7.9908e+08  0.29%  88.8 1629s
 73792 31243 8.0111e+08   72  630 8.0143e+08 7.9908e+08  0.29%  88.9 1645s
 74752 31243 8.0101e+08  158  618 8.0143e+08 7.9908e+08  0.29%  89.2 1646s
 74903 32192 8.0096e+08  129  524 8.0143e+08 7.9908e+08  0.29%  89.3 1660s
 76014 33062 8.0078e+08  173  645 8.0143e+08 7.9909e+08  0.29%  89.3 1672s
 77045 33917 8.0115e+08  137  604 8.0143e+08 7.9909e+08  0.29%  89.3 1685s
 78027 34971 8.0114e+08  161  623 8.0143e+08 7.9910e+08  0.29%  89.3 1699s
 79229 35789 8.0050e+08  180  551 8.0143e+08 7.9911e+08  0.29%  89.0 1713s
 80310 36409 8.0113e+08   74  665 8.0143e+08 7.9911e+08  0.29%  88.7 1727s
 81205 36744 8.0052e+08   85  635 8.0143e+08 7.9911e+08  0.29%  88.7 1740s
 81904 37265 8.0087e+08  116  611 8.0143e+08 7.9911e+08  0.29%  89.1 1752s
 82223 37265 8.0112e+08  132  569 8.0143e+08 7.9911e+08  0.29%  89.1 1753s
 82632 37492     cutoff  135      8.0143e+08 7.9911e+08  0.29%  89.5 1779s
 83135 37740     cutoff  145      8.0143e+08 7.9911e+08  0.29%  90.5 1794s
 83778 38101 8.0140e+08  187  534 8.0143e+08 7.9912e+08  0.29%  91.2 1809s
 84586 38422 8.0084e+08   86  658 8.0143e+08 7.9913e+08  0.29%  91.8 1824s
 85318 38418     cutoff   95      8.0143e+08 7.9913e+08  0.29%  92.3 1837s
 85685 38987 8.0099e+08  131  579 8.0143e+08 7.9913e+08  0.29%  92.3 1852s
 86604 39852     cutoff  168      8.0143e+08 7.9914e+08  0.29%  92.6 1866s
 87673 40651 8.0140e+08  134  533 8.0143e+08 7.9915e+08  0.28%  92.6 1881s
 88669 41502 8.0135e+08  112  651 8.0143e+08 7.9915e+08  0.28%  92.7 1899s
 89746 42091 8.0105e+08  159  626 8.0143e+08 7.9916e+08  0.28%  92.8 1913s
 90551 42776 8.0097e+08   63  631 8.0143e+08 7.9916e+08  0.28%  93.2 1928s
 91385 43388 8.0059e+08   96  697 8.0143e+08 7.9918e+08  0.28%  93.2 1943s
 92409 44054 8.0007e+08  109  678 8.0143e+08 7.9918e+08  0.28%  93.3 1959s
 93451 44630 8.0116e+08  189  572 8.0143e+08 7.9918e+08  0.28%  93.6 1975s
 94319 45402 8.0102e+08   99  685 8.0143e+08 7.9919e+08  0.28%  94.1 1991s
 95392 46488 8.0140e+08  135  675 8.0143e+08 7.9920e+08  0.28%  94.2 2007s
 96645 47188 8.0041e+08  122  671 8.0143e+08 7.9921e+08  0.28%  94.0 2021s
 97567 48071     cutoff  164      8.0143e+08 7.9922e+08  0.28%  94.2 2038s
 98689 49100 8.0081e+08  101  683 8.0143e+08 7.9922e+08  0.27%  94.3 2052s
 99892 49890     cutoff  125      8.0143e+08 7.9923e+08  0.27%  94.1 2066s
 100831 50584 8.0112e+08  100  660 8.0143e+08 7.9924e+08  0.27%  94.0 2081s
 101735 50843 8.0113e+08  114  693 8.0143e+08 7.9924e+08  0.27%  94.3 2098s
 102439 51190 8.0097e+08  114  566 8.0143e+08 7.9925e+08  0.27%  94.9 2115s
 103159 52059     cutoff   64      8.0143e+08 7.9925e+08  0.27%  95.5 2132s
 104404 52611 8.0141e+08  122  692 8.0143e+08 7.9925e+08  0.27%  95.6 2146s
 105268 53645 8.0010e+08   56  730 8.0143e+08 7.9926e+08  0.27%  95.7 2159s
 106498 54373 8.0115e+08   96  648 8.0143e+08 7.9927e+08  0.27%  95.6 2173s
 107447 54592     cutoff  130      8.0143e+08 7.9927e+08  0.27%  95.7 2188s
 108083 55038 8.0117e+08  163  534 8.0143e+08 7.9927e+08  0.27%  96.3 2202s
 108860 55157 8.0133e+08  183  486 8.0143e+08 7.9927e+08  0.27%  96.8 2216s
 109452 55676 8.0073e+08  100  705 8.0143e+08 7.9928e+08  0.27%  96.7 2231s
 110394 56327 8.0067e+08   83  695 8.0143e+08 7.9928e+08  0.27%  97.1 2249s
 111369 56334 8.0126e+08   99  620 8.0143e+08 7.9929e+08  0.27%  97.3 2260s
 111388 56819 8.0127e+08  100  614 8.0143e+08 7.9929e+08  0.27%  97.4 2277s
 112081 57933 8.0026e+08  106  687 8.0143e+08 7.9929e+08  0.27%  97.6 2292s
 113458 58535 8.0086e+08  153  616 8.0143e+08 7.9930e+08  0.27%  97.6 2308s
 114453 59693 8.0078e+08   92  691 8.0143e+08 7.9930e+08  0.27%  98.0 2325s
 115857 60749     cutoff  178      8.0143e+08 7.9931e+08  0.26%  97.9 2343s
 117146 61641 8.0138e+08  135  590 8.0143e+08 7.9931e+08  0.26%  97.8 2361s
 118285 62534 8.0080e+08  109  699 8.0143e+08 7.9932e+08  0.26%  97.9 2378s
 119492 63135     cutoff   99      8.0143e+08 7.9932e+08  0.26%  97.8 2393s
 120416 63895 8.0120e+08  130  604 8.0143e+08 7.9932e+08  0.26%  98.1 2409s
 121495 64459 8.0096e+08   88  672 8.0143e+08 7.9933e+08  0.26%  98.3 2427s
 122428 65208 8.0137e+08  166  608 8.0143e+08 7.9934e+08  0.26%  98.6 2445s
 123539 66223 8.0073e+08  116  694 8.0143e+08 7.9934e+08  0.26%  98.9 2462s
 124844 66975 8.0089e+08   78  753 8.0143e+08 7.9935e+08  0.26%  98.9 2478s
 125782 67569 8.0137e+08  143  587 8.0143e+08 7.9935e+08  0.26%  99.0 2495s
 126738 68369     cutoff  128      8.0143e+08 7.9935e+08  0.26%  99.4 2512s
 127856 69111 8.0059e+08   71  690 8.0143e+08 7.9936e+08  0.26%   100 2530s
 128945 70214 8.0012e+08   79  719 8.0143e+08 7.9936e+08  0.26%   100 2549s
 130262 71121 8.0103e+08  105  674 8.0143e+08 7.9937e+08  0.26%   100 2567s
 131443 71573 8.0102e+08  112  611 8.0143e+08 7.9937e+08  0.26%   100 2587s
 132171 72074     cutoff  124      8.0143e+08 7.9937e+08  0.26%   100 2605s
 133141 72705 8.0135e+08  157  561 8.0143e+08 7.9938e+08  0.26%   101 2625s
 134005 73740 8.0106e+08  171  555 8.0143e+08 7.9938e+08  0.25%   101 2654s
 135239 73740 8.0108e+08  144  582 8.0143e+08 7.9939e+08  0.25%   101 2655s
 135475 74796 8.0094e+08  141  649 8.0143e+08 7.9939e+08  0.25%   101 2676s
 136881 75892 8.0133e+08  127  601 8.0143e+08 7.9939e+08  0.25%   101 2699s
 138295 76356 8.0084e+08  131  688 8.0143e+08 7.9940e+08  0.25%   101 2718s
 139256 76444 8.0138e+08  102  660 8.0143e+08 7.9940e+08  0.25%   102 2739s
 140052 76981 8.0066e+08   64  721 8.0143e+08 7.9940e+08  0.25%   102 2762s
 141127 77468 8.0109e+08   93  716 8.0143e+08 7.9941e+08  0.25%   103 2784s
 142044 78543 8.0119e+08  109  631 8.0143e+08 7.9941e+08  0.25%   103 2808s
 143463 79619 8.0101e+08   90  713 8.0143e+08 7.9942e+08  0.25%   103 2829s
 144961 80773 8.0122e+08   95  653 8.0143e+08 7.9942e+08  0.25%   103 2849s
 146385 81604 8.0133e+08  278  513 8.0143e+08 7.9943e+08  0.25%   103 2870s
 147523 82532 8.0080e+08  112  655 8.0143e+08 7.9943e+08  0.25%   103 2891s
 148791 83573 8.0084e+08  141  537 8.0143e+08 7.9944e+08  0.25%   103 2914s
 150143 84742 8.0102e+08  118  639 8.0143e+08 7.9945e+08  0.25%   103 2931s
 151480 85769 8.0083e+08   90  737 8.0143e+08 7.9945e+08  0.25%   103 2948s
 152768 86519     cutoff   75      8.0143e+08 7.9945e+08  0.25%   103 2967s
 153802 87557 8.0117e+08   95  684 8.0143e+08 7.9946e+08  0.25%   103 2985s
 155085 88251 8.0109e+08  150  656 8.0143e+08 7.9946e+08  0.25%   103 3003s
 155992 89092 8.0105e+08  176  678 8.0143e+08 7.9947e+08  0.24%   103 3021s
 157103 89777     cutoff  115      8.0143e+08 7.9947e+08  0.24%   103 3040s
 158194 90411     cutoff  115      8.0143e+08 7.9947e+08  0.24%   103 3057s
 159269 90982 8.0127e+08  198  617 8.0143e+08 7.9947e+08  0.24%   104 3077s
 160337 91362     cutoff  142      8.0143e+08 7.9948e+08  0.24%   104 3093s
 161275 92171 8.0085e+08  183  603 8.0143e+08 7.9948e+08  0.24%   104 3109s
 162524 93236 8.0071e+08  133  622 8.0143e+08 7.9948e+08  0.24%   104 3129s
 163929 93927 8.0107e+08   73  673 8.0143e+08 7.9949e+08  0.24%   104 3150s
 165026 94756 8.0052e+08  212  597 8.0143e+08 7.9949e+08  0.24%   104 3172s
 166301 95121 8.0033e+08  111  722 8.0143e+08 7.9950e+08  0.24%   104 3197s
 167037 95736 8.0079e+08  127  630 8.0143e+08 7.9950e+08  0.24%   105 3218s
 168355 96738 8.0136e+08  186  564 8.0143e+08 7.9950e+08  0.24%   105 3239s
 169843 97784 8.0092e+08  152  687 8.0143e+08 7.9951e+08  0.24%   105 3261s
 171241 98833 8.0100e+08  112  717 8.0143e+08 7.9952e+08  0.24%   105 3283s
 172620 99873 8.0140e+08  111  660 8.0143e+08 7.9952e+08  0.24%   105 3305s
 174070 100860     cutoff  133      8.0143e+08 7.9952e+08  0.24%   105 3326s
 175474 101367 7.9962e+08   69  755 8.0143e+08 7.9953e+08  0.24%   105 3344s
 176450 102368 7.9993e+08  152  619 8.0143e+08 7.9953e+08  0.24%   106 3363s
 176743 102368     cutoff  168      8.0143e+08 7.9953e+08  0.24%   106 3364s
 177845 103781 8.0135e+08  445  457 8.0143e+08 7.9954e+08  0.24%   106 3383s
 179536 104913 8.0063e+08  152  645 8.0143e+08 7.9954e+08  0.24%   106 3403s
 180999 105865 8.0060e+08  149  686 8.0143e+08 7.9955e+08  0.23%   106 3418s
 182240 106548 8.0047e+08   86  713 8.0143e+08 7.9955e+08  0.23%   106 3435s
 183315 107283 8.0085e+08  132  595 8.0143e+08 7.9955e+08  0.23%   106 3452s
 184465 107452 8.0108e+08  166  594 8.0143e+08 7.9955e+08  0.23%   106 3469s
 185266 107560 8.0032e+08  105  706 8.0143e+08 7.9956e+08  0.23%   106 3483s
 185860 107996 8.0057e+08  141  572 8.0143e+08 7.9956e+08  0.23%   106 3500s
 186905 108421 8.0097e+08  203  516 8.0143e+08 7.9956e+08  0.23%   107 3520s
 187967 109670 8.0140e+08  254  466 8.0143e+08 7.9956e+08  0.23%   107 3538s
 189563 110637 8.0139e+08   88  665 8.0143e+08 7.9957e+08  0.23%   107 3557s
 190919 111557     cutoff  127      8.0143e+08 7.9957e+08  0.23%   107 3576s
 192213 112037 8.0102e+08  216  563 8.0143e+08 7.9958e+08  0.23%   107 3594s
 193148 112704     cutoff  112      8.0143e+08 7.9958e+08  0.23%   107 3615s
 194268 113305     cutoff  150      8.0143e+08 7.9958e+08  0.23%   107 3636s
 195187 114499 8.0107e+08   91  710 8.0143e+08 7.9958e+08  0.23%   108 3660s
 196909 115385 8.0130e+08  354  479 8.0143e+08 7.9959e+08  0.23%   108 3680s
 198272 116051 8.0116e+08  132  636 8.0143e+08 7.9959e+08  0.23%   108 3700s
 199334 116757 8.0117e+08  152  556 8.0143e+08 7.9959e+08  0.23%   108 3719s
 200480 117523 8.0114e+08  132  694 8.0143e+08 7.9960e+08  0.23%   108 3739s
 201761 118438 8.0087e+08  213  529 8.0143e+08 7.9960e+08  0.23%   108 3761s
 203079 119381 8.0117e+08  153  619 8.0143e+08 7.9960e+08  0.23%   108 3780s
 204363 120626 8.0109e+08  261  566 8.0143e+08 7.9961e+08  0.23%   108 3799s
 205935 121582 8.0002e+08   55  737 8.0143e+08 7.9961e+08  0.23%   108 3818s
 207303 122076 8.0095e+08  144  583 8.0143e+08 7.9962e+08  0.23%   108 3838s
 208127 122757     cutoff  126      8.0143e+08 7.9962e+08  0.23%   109 3858s
 209254 123553     cutoff  146      8.0143e+08 7.9962e+08  0.22%   109 3879s
 210429 124653 8.0041e+08   95  694 8.0143e+08 7.9963e+08  0.22%   109 3898s
 211833 125557 8.0070e+08  179  620 8.0143e+08 7.9963e+08  0.22%   109 3916s
 213094 126520 8.0117e+08  101  704 8.0143e+08 7.9963e+08  0.22%   109 3934s
 214387 127259 8.0062e+08  199  637 8.0143e+08 7.9964e+08  0.22%   109 3952s
 215493 127966 8.0108e+08  111  734 8.0143e+08 7.9964e+08  0.22%   109 3969s
 216632 129042 8.0118e+08  114  619 8.0143e+08 7.9964e+08  0.22%   109 3985s
 217942 129764 8.0102e+08  106  732 8.0143e+08 7.9965e+08  0.22%   109 4001s
 218942 130356 8.0019e+08   89  657 8.0143e+08 7.9965e+08  0.22%   109 4018s
 220036 130856 8.0106e+08   87  711 8.0143e+08 7.9965e+08  0.22%   109 4036s
 220982 131205 8.0124e+08  101  691 8.0143e+08 7.9965e+08  0.22%   110 4054s
 221989 131664 8.0115e+08   87  685 8.0143e+08 7.9966e+08  0.22%   110 4076s
 222979 132383 8.0049e+08  100  707 8.0143e+08 7.9966e+08  0.22%   110 4095s
 224200 133343 8.0134e+08  125  625 8.0143e+08 7.9966e+08  0.22%   110 4114s
 225455 134310 8.0102e+08  150  565 8.0143e+08 7.9967e+08  0.22%   110 4132s
 226737 134585 8.0129e+08  109  653 8.0143e+08 7.9967e+08  0.22%   110 4151s
 227451 134828 8.0137e+08  115  690 8.0143e+08 7.9968e+08  0.22%   111 4172s
 228268 135715     cutoff  111      8.0143e+08 7.9968e+08  0.22%   111 4192s
 229644 136573 8.0093e+08   90  711 8.0143e+08 7.9968e+08  0.22%   111 4212s
 230921 137174 8.0119e+08  114  718 8.0143e+08 7.9968e+08  0.22%   111 4232s
 232068 137969     cutoff   58      8.0143e+08 7.9969e+08  0.22%   112 4252s
 233371 138910 8.0124e+08  195  572 8.0143e+08 7.9969e+08  0.22%   112 4274s
 234817 139581 8.0105e+08  129  680 8.0143e+08 7.9969e+08  0.22%   112 4295s
 236026 140013 8.0093e+08  157  604 8.0143e+08 7.9970e+08  0.22%   112 4315s
 236849 141026     cutoff  195      8.0143e+08 7.9970e+08  0.22%   112 4335s
 238294 142098     cutoff  118      8.0143e+08 7.9970e+08  0.21%   112 4356s
 239784 142937 8.0098e+08   84  696 8.0143e+08 7.9971e+08  0.21%   112 4374s
 240946 143783 8.0104e+08  130  630 8.0143e+08 7.9971e+08  0.21%   112 4393s
 242167 143788 8.0135e+08  139  682 8.0143e+08 7.9971e+08  0.21%   112 4434s
 242176 144328 8.0136e+08  140  664 8.0143e+08 7.9971e+08  0.21%   112 4455s
 243030 145499 8.0085e+08  109  731 8.0143e+08 7.9972e+08  0.21%   112 4482s
 244528 146506     cutoff  155      8.0143e+08 7.9972e+08  0.21%   112 4501s
 245933 147577 8.0141e+08  117  631 8.0143e+08 7.9972e+08  0.21%   112 4521s
 247408 148314 8.0109e+08  173  586 8.0143e+08 7.9972e+08  0.21%   112 4540s
 248525 149236 8.0064e+08  117  666 8.0143e+08 7.9973e+08  0.21%   113 4558s
 249889 149773 8.0062e+08   97  676 8.0143e+08 7.9973e+08  0.21%   113 4578s
 250903 150174 8.0120e+08  122  615 8.0143e+08 7.9973e+08  0.21%   113 4596s
 251909 150892 8.0029e+08  104  710 8.0143e+08 7.9973e+08  0.21%   113 4616s
 253135 151927 8.0142e+08  101  697 8.0143e+08 7.9974e+08  0.21%   113 4635s
 254549 152512 8.0136e+08  336  479 8.0143e+08 7.9974e+08  0.21%   113 4654s
 255486 153495 8.0135e+08  233  568 8.0143e+08 7.9974e+08  0.21%   113 4680s
 256952 154266     cutoff  111      8.0143e+08 7.9974e+08  0.21%   114 4707s
 258262 155301 8.0127e+08  106  615 8.0143e+08 7.9974e+08  0.21%   114 4732s
 259692 155886 8.0082e+08  118  706 8.0143e+08 7.9975e+08  0.21%   114 4754s
 260688 156585 8.0113e+08  137  667 8.0143e+08 7.9975e+08  0.21%   114 4775s
 261876 157069 8.0047e+08   92  702 8.0143e+08 7.9975e+08  0.21%   114 4794s
 262806 157339 8.0092e+08   78  704 8.0143e+08 7.9975e+08  0.21%   114 4821s
 263692 157966 8.0124e+08  136  612 8.0143e+08 7.9976e+08  0.21%   115 4843s
 264998 159054 8.0135e+08   57  726 8.0143e+08 7.9976e+08  0.21%   115 4863s
 266578 159855 8.0101e+08  259  536 8.0143e+08 7.9976e+08  0.21%   115 4883s
 267853 160474 8.0106e+08   67  698 8.0143e+08 7.9977e+08  0.21%   115 4903s
 268760 161804 8.0119e+08  181  621 8.0143e+08 7.9977e+08  0.21%   115 4923s
 270448 163030 8.0050e+08  113  669 8.0143e+08 7.9977e+08  0.21%   115 4941s
 271959 163538 8.0111e+08  113  730 8.0143e+08 7.9978e+08  0.21%   115 4956s
 272841 164055     cutoff  152      8.0143e+08 7.9978e+08  0.21%   115 4978s
 273744 165009 8.0137e+08  188  571 8.0143e+08 7.9978e+08  0.21%   115 4996s
 275043 165862 8.0129e+08  116  658 8.0143e+08 7.9978e+08  0.20%   115 5013s
 276323 166612     cutoff  126      8.0143e+08 7.9979e+08  0.20%   116 5030s
 277474 166967 8.0038e+08   62  714 8.0143e+08 7.9979e+08  0.20%   116 5049s
 278376 167842     cutoff   71      8.0143e+08 7.9979e+08  0.20%   116 5067s
 279701 168531 8.0137e+08  207  560 8.0143e+08 7.9979e+08  0.20%   116 5084s
 280855 169364 8.0089e+08  172  595 8.0143e+08 7.9980e+08  0.20%   116 5102s
 282064 169837 8.0105e+08  105  603 8.0143e+08 7.9980e+08  0.20%   116 5120s
 282964 170595     cutoff   98      8.0143e+08 7.9980e+08  0.20%   116 5138s
 284156 171514 8.0139e+08   94  676 8.0143e+08 7.9980e+08  0.20%   116 5156s
 285427 172298 8.0098e+08  169  622 8.0143e+08 7.9981e+08  0.20%   117 5174s
 286591 173015     cutoff  114      8.0143e+08 7.9981e+08  0.20%   117 5193s
 287741 173355 8.0055e+08  113  635 8.0143e+08 7.9981e+08  0.20%   117 5211s
 288667 173659 8.0127e+08  109  616 8.0143e+08 7.9981e+08  0.20%   117 5231s
 289416 174614 8.0140e+08  135  583 8.0143e+08 7.9981e+08  0.20%   117 5252s
 290832 175584 8.0128e+08   62  684 8.0143e+08 7.9982e+08  0.20%   117 5272s
 292231 175951 8.0117e+08   88  662 8.0143e+08 7.9982e+08  0.20%   118 5293s
 293277 176786 8.0140e+08  104  688 8.0143e+08 7.9982e+08  0.20%   118 5315s
 294604 177828 8.0067e+08   99  666 8.0143e+08 7.9982e+08  0.20%   118 5333s
 296141 178383 8.0120e+08  115  674 8.0143e+08 7.9983e+08  0.20%   118 5352s
 297160 179130     cutoff  109      8.0143e+08 7.9983e+08  0.20%   118 5372s
 298467 180036 8.0104e+08  119  690 8.0143e+08 7.9983e+08  0.20%   118 5392s
 299854 180041 8.0072e+08   89  730 8.0143e+08 7.9983e+08  0.20%   118 5432s
 299865 181442 8.0091e+08   90  730 8.0143e+08 7.9983e+08  0.20%   118 5482s
 302209 182380 8.0052e+08  215  625 8.0143e+08 7.9984e+08  0.20%   119 5504s
 303710 183041 8.0132e+08  138  578 8.0143e+08 7.9984e+08  0.20%   119 5526s
 304939 184000 8.0079e+08  141  637 8.0143e+08 7.9984e+08  0.20%   119 5547s
 306443 185104 8.0024e+08   73  642 8.0143e+08 7.9985e+08  0.20%   119 5566s
 306780 185104     cutoff  120      8.0143e+08 7.9985e+08  0.20%   119 5567s
 307986 185693 8.0140e+08  104  586 8.0143e+08 7.9985e+08  0.20%   119 5589s
 309041 186250 8.0057e+08  137  666 8.0143e+08 7.9985e+08  0.20%   119 5608s
 309980 186913 8.0142e+08  108  673 8.0143e+08 7.9985e+08  0.20%   119 5628s
 311134 187442 8.0115e+08  140  662 8.0143e+08 7.9985e+08  0.20%   119 5650s
 312217 188387 8.0109e+08  178  605 8.0143e+08 7.9985e+08  0.20%   120 5670s
 313655 189374     cutoff   67      8.0143e+08 7.9986e+08  0.20%   120 5690s
 315143 190297 8.0106e+08  156  614 8.0143e+08 7.9986e+08  0.19%   120 5709s
 316454 190977 8.0127e+08  116  685 8.0143e+08 7.9987e+08  0.19%   120 5725s
 317577 191932 8.0042e+08  104  720 8.0143e+08 7.9987e+08  0.19%   120 5742s
 318952 192665 8.0128e+08  108  674 8.0143e+08 7.9987e+08  0.19%   120 5759s
 320123 193325 8.0111e+08  178  652 8.0143e+08 7.9987e+08  0.19%   120 5776s
 321270 193850 8.0123e+08   64  646 8.0143e+08 7.9988e+08  0.19%   120 5793s
 322226 194991 8.0122e+08  129  664 8.0143e+08 7.9988e+08  0.19%   120 5810s
 323693 195884     cutoff   88      8.0143e+08 7.9988e+08  0.19%   120 5827s
 325061 196685 8.0107e+08  106  628 8.0143e+08 7.9988e+08  0.19%   120 5844s
 326258 197056     cutoff   91      8.0143e+08 7.9989e+08  0.19%   120 5861s
 327015 197729 8.0078e+08   88  651 8.0143e+08 7.9989e+08  0.19%   120 5879s
 327969 198340 8.0133e+08  104  702 8.0143e+08 7.9989e+08  0.19%   120 5897s
 329020 198856 8.0102e+08  226  537 8.0143e+08 7.9989e+08  0.19%   120 5915s
 330023 199439 8.0017e+08  103  674 8.0143e+08 7.9989e+08  0.19%   121 5933s
 331095 200262 8.0078e+08  154  583 8.0143e+08 7.9989e+08  0.19%   121 5953s
 332453 200758 8.0127e+08  211  517 8.0143e+08 7.9989e+08  0.19%   121 5971s
 333476 201902 8.0130e+08   60  704 8.0143e+08 7.9990e+08  0.19%   121 5990s
 334988 202491     cutoff  103      8.0143e+08 7.9990e+08  0.19%   121 6008s
 335921 202878 8.0134e+08  125  610 8.0143e+08 7.9990e+08  0.19%   121 6027s
 336816 203646 8.0010e+08  100  728 8.0143e+08 7.9990e+08  0.19%   121 6047s
 338026 204401 8.0030e+08  108  664 8.0143e+08 7.9991e+08  0.19%   121 6067s
 339265 204912 8.0125e+08  124  588 8.0143e+08 7.9991e+08  0.19%   122 6088s
 340467 205537 8.0038e+08  101  672 8.0143e+08 7.9991e+08  0.19%   122 6107s
 341715 206129 8.0082e+08  148  621 8.0143e+08 7.9991e+08  0.19%   122 6127s
 342845 207006 8.0120e+08  202  606 8.0143e+08 7.9991e+08  0.19%   122 6146s
 344095 207366 8.0134e+08  138  620 8.0143e+08 7.9991e+08  0.19%   122 6166s
 344949 207815 8.0125e+08   84  705 8.0143e+08 7.9992e+08  0.19%   122 6184s
 345830 208993 8.0124e+08  162  625 8.0143e+08 7.9992e+08  0.19%   123 6207s
 347540 209715 8.0128e+08   76  689 8.0143e+08 7.9992e+08  0.19%   123 6226s
 348856 210418 8.0114e+08  197  586 8.0143e+08 7.9992e+08  0.19%   123 6244s
 349968 211222 8.0128e+08  146  588 8.0143e+08 7.9993e+08  0.19%   123 6263s
 351248 211727     cutoff   74      8.0143e+08 7.9993e+08  0.19%   123 6281s
 352213 212088 8.0083e+08   95  706 8.0143e+08 7.9993e+08  0.19%   123 6299s
 353181 212797 8.0085e+08   72  733 8.0143e+08 7.9993e+08  0.19%   123 6320s
 354462 213370 8.0098e+08  126  658 8.0143e+08 7.9993e+08  0.19%   123 6339s
 355567 213718 8.0058e+08  112  700 8.0143e+08 7.9993e+08  0.19%   123 6359s
 356565 214279 8.0101e+08  158  658 8.0143e+08 7.9993e+08  0.19%   124 6379s
 357710 214754 8.0126e+08  212  592 8.0143e+08 7.9994e+08  0.19%   124 6399s
 358825 215270     cutoff   76      8.0143e+08 7.9994e+08  0.19%   124 6419s
 359723 216217 8.0127e+08  195  553 8.0143e+08 7.9994e+08  0.19%   124 6439s
 361068 216747 8.0142e+08  275  469 8.0143e+08 7.9994e+08  0.18%   124 6457s
 362129 217603 8.0117e+08   89  702 8.0143e+08 7.9994e+08  0.18%   124 6474s
 363341 218623 8.0083e+08  108  672 8.0143e+08 7.9995e+08  0.18%   124 6491s
 364723 219386     cutoff   75      8.0143e+08 7.9995e+08  0.18%   124 6508s
 365862 219992 8.0123e+08   80  722 8.0143e+08 7.9995e+08  0.18%   124 6525s
 366882 220876 8.0088e+08  181  547 8.0143e+08 7.9995e+08  0.18%   124 6542s
 368163 221768 8.0041e+08  129  669 8.0143e+08 7.9996e+08  0.18%   124 6561s
 369418 222771 8.0127e+08  135  611 8.0143e+08 7.9996e+08  0.18%   124 6578s
 370780 223704 8.0065e+08   70  732 8.0143e+08 7.9996e+08  0.18%   124 6595s
 372021 224494 8.0089e+08  112  683 8.0143e+08 7.9996e+08  0.18%   124 6611s
 373179 225319 8.0131e+08   98  678 8.0143e+08 7.9996e+08  0.18%   124 6629s
 374391 225875 8.0131e+08  122  675 8.0143e+08 7.9997e+08  0.18%   124 6647s
 375445 226620 8.0128e+08   99  731 8.0143e+08 7.9997e+08  0.18%   124 6669s
 376694 227019     cutoff  159      8.0143e+08 7.9997e+08  0.18%   125 6691s
 377648 227583     cutoff  163      8.0143e+08 7.9997e+08  0.18%   125 6712s
 378800 228225 8.0130e+08  217  499 8.0143e+08 7.9997e+08  0.18%   125 6734s
 379977 228763 8.0129e+08   90  670 8.0143e+08 7.9998e+08  0.18%   125 6758s
 381088 229673 8.0067e+08  141  636 8.0143e+08 7.9998e+08  0.18%   125 6782s
 382519 230321 8.0115e+08  173  622 8.0143e+08 7.9998e+08  0.18%   126 6804s
 383795 231213 8.0133e+08   76  667 8.0143e+08 7.9999e+08  0.18%   126 6826s
 385262 232310 8.0066e+08  136  701 8.0143e+08 7.9999e+08  0.18%   126 6848s
 386856 233500 8.0138e+08   87  684 8.0143e+08 7.9999e+08  0.18%   126 6868s
 388475 234315     cutoff  173      8.0143e+08 7.9999e+08  0.18%   126 6887s
 389649 235192 8.0103e+08  195  604 8.0143e+08 8.0000e+08  0.18%   126 6906s
 390937 235501 8.0090e+08  121  680 8.0143e+08 8.0000e+08  0.18%   126 6923s
 391722 235853 8.0088e+08  148  619 8.0143e+08 8.0000e+08  0.18%   126 6946s
 392525 236695 8.0024e+08   81  658 8.0143e+08 8.0000e+08  0.18%   126 6968s
 393937 237724     cutoff  129      8.0143e+08 8.0000e+08  0.18%   126 6989s
 395582 238313     cutoff  188      8.0143e+08 8.0000e+08  0.18%   126 7010s
 396801 238785 8.0139e+08   83  700 8.0143e+08 8.0001e+08  0.18%   126 7029s
 397630 239421 8.0138e+08  118  638 8.0143e+08 8.0001e+08  0.18%   127 7049s
 398908 240087 8.0131e+08   87  670 8.0143e+08 8.0001e+08  0.18%   127 7070s
 400247 241043 8.0095e+08   84  678 8.0143e+08 8.0001e+08  0.18%   127 7090s
 401687 241968 8.0138e+08  178  498 8.0143e+08 8.0001e+08  0.18%   127 7109s
 403081 242473 8.0134e+08   74  614 8.0143e+08 8.0002e+08  0.18%   127 7130s
 404145 243114 8.0110e+08  136  646 8.0143e+08 8.0002e+08  0.18%   127 7148s
 405231 243871 8.0126e+08  156  613 8.0143e+08 8.0002e+08  0.18%   127 7168s
 406557 244639     cutoff  145      8.0143e+08 8.0002e+08  0.17%   127 7187s
 407772 245579 8.0092e+08  124  649 8.0143e+08 8.0002e+08  0.17%   127 7206s
 409181 246211 8.0121e+08  162  555 8.0143e+08 8.0002e+08  0.17%   127 7226s
 410305 246842 8.0135e+08  183  536 8.0143e+08 8.0003e+08  0.17%   127 7245s
 411265 247023 8.0099e+08  107  718 8.0143e+08 8.0003e+08  0.17%   128 7266s
 412115 247366 8.0142e+08  129  634 8.0143e+08 8.0003e+08  0.17%   128 7286s
 413110 247921 8.0095e+08   90  696 8.0143e+08 8.0003e+08  0.17%   128 7308s
 414207 248524 8.0038e+08  121  675 8.0143e+08 8.0003e+08  0.17%   128 7328s
 415375 249484 8.0139e+08  120  622 8.0143e+08 8.0003e+08  0.17%   128 7350s
 416904 250139 8.0102e+08  223  510 8.0143e+08 8.0004e+08  0.17%   128 7370s
 417993 250551 8.0126e+08  157  594 8.0143e+08 8.0004e+08  0.17%   128 7391s
 418983 251356     cutoff  104      8.0143e+08 8.0004e+08  0.17%   129 7409s
 420156 252228     cutoff   80      8.0143e+08 8.0004e+08  0.17%   129 7428s
 421481 252942 8.0139e+08   92  730 8.0143e+08 8.0004e+08  0.17%   129 7446s
 422622 253794 8.0095e+08  161  628 8.0143e+08 8.0004e+08  0.17%   129 7464s
 423945 254315 8.0131e+08  271  457 8.0143e+08 8.0005e+08  0.17%   129 7485s
 424891 254907 8.0129e+08   94  768 8.0143e+08 8.0005e+08  0.17%   129 7503s
 425889 255580 8.0115e+08  149  543 8.0143e+08 8.0005e+08  0.17%   129 7522s
 427115 256270     cutoff   87      8.0143e+08 8.0005e+08  0.17%   129 7541s
 428210 257026 8.0137e+08  133  690 8.0143e+08 8.0005e+08  0.17%   129 7560s
 429456 257544 8.0132e+08  122  617 8.0143e+08 8.0006e+08  0.17%   129 7580s
 430501 257797 8.0081e+08  144  637 8.0143e+08 8.0006e+08  0.17%   129 7600s
 431307 258277     cutoff  187      8.0143e+08 8.0006e+08  0.17%   130 7620s
 432418 259017 8.0056e+08   91  662 8.0143e+08 8.0006e+08  0.17%   130 7641s
 433688 259563 8.0036e+08   82  744 8.0143e+08 8.0006e+08  0.17%   130 7660s
 434570 260235 8.0108e+08  209  585 8.0143e+08 8.0006e+08  0.17%   130 7685s
 435959 260937 8.0133e+08  159  580 8.0143e+08 8.0007e+08  0.17%   130 7709s
 437246 261790     cutoff  119      8.0143e+08 8.0007e+08  0.17%   130 7731s
 438606 262601     cutoff  136      8.0143e+08 8.0007e+08  0.17%   130 7753s
 439924 263380 8.0116e+08   94  645 8.0143e+08 8.0007e+08  0.17%   130 7776s
 441242 264025 8.0137e+08  204  533 8.0143e+08 8.0007e+08  0.17%   130 7798s
 442472 264482 8.0123e+08  174  525 8.0143e+08 8.0008e+08  0.17%   131 7819s
 443372 265250 8.0109e+08   85  713 8.0143e+08 8.0008e+08  0.17%   131 7841s
 444679 266435 8.0049e+08   71  714 8.0143e+08 8.0008e+08  0.17%   131 7863s
 446260 267157 8.0104e+08  169  586 8.0143e+08 8.0008e+08  0.17%   131 7883s
 447483 268062 8.0131e+08  282  448 8.0143e+08 8.0008e+08  0.17%   131 7904s
 448855 268352 8.0113e+08  224  561 8.0143e+08 8.0009e+08  0.17%   131 7923s
 449760 268856     cutoff  186      8.0143e+08 8.0009e+08  0.17%   131 7947s
 451070 269622 8.0109e+08  128  634 8.0143e+08 8.0009e+08  0.17%   131 7971s
 452508 269994 8.0123e+08  162  575 8.0143e+08 8.0009e+08  0.17%   131 7994s
 453554 270453     cutoff  143      8.0143e+08 8.0009e+08  0.17%   132 8017s
 454644 271240     cutoff  189      8.0143e+08 8.0009e+08  0.17%   132 8041s
 455848 271240 8.0141e+08  123  623 8.0143e+08 8.0009e+08  0.17%   132 8042s
 455945 272203 8.0092e+08  104  721 8.0143e+08 8.0009e+08  0.17%   132 8065s
 457476 273097 8.0123e+08  178  522 8.0143e+08 8.0009e+08  0.17%   132 8087s
 458906 273756 8.0109e+08  201  556 8.0143e+08 8.0010e+08  0.17%   132 8108s
 460090 274439     cutoff   92      8.0143e+08 8.0010e+08  0.17%   132 8130s
 461294 275151 8.0074e+08  128  642 8.0143e+08 8.0010e+08  0.17%   132 8152s
 462661 275901 8.0085e+08   78  750 8.0143e+08 8.0010e+08  0.17%   132 8174s
 463938 276380     cutoff  111      8.0143e+08 8.0010e+08  0.16%   132 8193s
 464823 277296 8.0129e+08  156  536 8.0143e+08 8.0010e+08  0.16%   132 8219s
 466357 277875 8.0133e+08  175  579 8.0143e+08 8.0011e+08  0.16%   132 8241s
 467397 278504 8.0134e+08   79  726 8.0143e+08 8.0011e+08  0.16%   133 8266s
 468588 279476 8.0095e+08  108  737 8.0143e+08 8.0011e+08  0.16%   133 8290s
 470078 280431 8.0141e+08  171  533 8.0143e+08 8.0011e+08  0.16%   133 8313s
 471603 281402 8.0056e+08  142  644 8.0143e+08 8.0011e+08  0.16%   133 8334s
 473063 281894 8.0099e+08  215  589 8.0143e+08 8.0012e+08  0.16%   133 8364s
 474193 282270 8.0117e+08  116  692 8.0143e+08 8.0012e+08  0.16%   133 8385s
 475258 283023 8.0132e+08  156  606 8.0143e+08 8.0012e+08  0.16%   133 8406s
 475438 283023 8.0079e+08  123  585 8.0143e+08 8.0012e+08  0.16%   133 8407s
 476633 283690 8.0140e+08   74  667 8.0143e+08 8.0012e+08  0.16%   133 8428s
 477862 284311 8.0083e+08  133  666 8.0143e+08 8.0012e+08  0.16%   133 8453s
 478903 285291 8.0079e+08  182  594 8.0143e+08 8.0012e+08  0.16%   133 8472s
 480338 285850 8.0135e+08  101  633 8.0143e+08 8.0012e+08  0.16%   133 8488s
 481287 286209     cutoff  160      8.0143e+08 8.0013e+08  0.16%   133 8506s
 482099 287120 8.0140e+08  162  600 8.0143e+08 8.0013e+08  0.16%   134 8527s
 483497 287829 8.0077e+08   80  698 8.0143e+08 8.0013e+08  0.16%   134 8548s
 484719 288373 8.0115e+08  147  599 8.0143e+08 8.0013e+08  0.16%   134 8568s
 485755 288964 8.0105e+08  129  648 8.0143e+08 8.0013e+08  0.16%   134 8587s
 486838 289365     cutoff  162      8.0143e+08 8.0013e+08  0.16%   134 8607s
 487749 289987     cutoff  110      8.0143e+08 8.0014e+08  0.16%   134 8629s
 488854 290587     cutoff  193      8.0143e+08 8.0014e+08  0.16%   134 8650s
 489936 291147 8.0140e+08  122  651 8.0143e+08 8.0014e+08  0.16%   134 8681s
 491117 291518 8.0101e+08  156  649 8.0143e+08 8.0014e+08  0.16%   134 8705s
 492090 291526 8.0094e+08   97  689 8.0143e+08 8.0014e+08  0.16%   134 8746s
 492098 292602 8.0096e+08   98  661 8.0143e+08 8.0014e+08  0.16%   134 8769s
 493674 293322 8.0142e+08  113  629 8.0143e+08 8.0014e+08  0.16%   134 8790s
 494828 293944 8.0141e+08  132  645 8.0143e+08 8.0014e+08  0.16%   134 8815s
 495938 294557 8.0112e+08   98  724 8.0143e+08 8.0015e+08  0.16%   135 8838s
 497199 295428 8.0116e+08   98  695 8.0143e+08 8.0015e+08  0.16%   135 8866s
 498467 296005 8.0075e+08   88  653 8.0143e+08 8.0015e+08  0.16%   135 8889s
 499678 296631     cutoff  145      8.0143e+08 8.0015e+08  0.16%   135 8910s
 500870 297048 8.0117e+08  187  643 8.0143e+08 8.0015e+08  0.16%   135 8931s
 501909 297662 8.0119e+08   91  659 8.0143e+08 8.0015e+08  0.16%   135 8955s
 503093 298194     cutoff  124      8.0143e+08 8.0015e+08  0.16%   135 8980s
 504103 298730 8.0141e+08  103  698 8.0143e+08 8.0016e+08  0.16%   135 9005s
 505178 299304 8.0095e+08  122  556 8.0143e+08 8.0016e+08  0.16%   135 9027s
 506101 299723 8.0126e+08   89  695 8.0143e+08 8.0016e+08  0.16%   135 9053s
 507112 300474 8.0050e+08  104  699 8.0143e+08 8.0016e+08  0.16%   136 9078s
 508369 300886 8.0142e+08  190  587 8.0143e+08 8.0016e+08  0.16%   136 9101s
 508698 300886 8.0066e+08  151  653 8.0143e+08 8.0016e+08  0.16%   136 9102s
 509398 301629     cutoff   74      8.0143e+08 8.0016e+08  0.16%   136 9129s
 510747 302448 8.0071e+08   83  697 8.0143e+08 8.0016e+08  0.16%   136 9156s
 512078 302817     cutoff  150      8.0143e+08 8.0017e+08  0.16%   136 9180s
 512998 303549     cutoff  134      8.0143e+08 8.0017e+08  0.16%   136 9204s
 514218 304698 8.0075e+08  163  654 8.0143e+08 8.0017e+08  0.16%   136 9229s
 515803 305260     cutoff  148      8.0143e+08 8.0017e+08  0.16%   136 9250s
 516727 306053     cutoff  103      8.0143e+08 8.0017e+08  0.16%   136 9273s
 518036 306690 8.0110e+08  145  627 8.0143e+08 8.0017e+08  0.16%   136 9298s
 519234 307002     cutoff  190      8.0143e+08 8.0017e+08  0.16%   136 9321s
 520193 307873     cutoff  103      8.0143e+08 8.0017e+08  0.16%   137 9344s
 521577 308891 8.0106e+08  138  677 8.0143e+08 8.0018e+08  0.16%   137 9368s
 523080 309201     cutoff  118      8.0143e+08 8.0018e+08  0.16%   137 9390s
 523882 310219 8.0075e+08   91  600 8.0143e+08 8.0018e+08  0.16%   137 9421s
 525628 310850 8.0141e+08  172  586 8.0143e+08 8.0018e+08  0.16%   137 9447s
 526730 311339     cutoff   67      8.0143e+08 8.0018e+08  0.15%   137 9473s
 527924 312011     cutoff   92      8.0143e+08 8.0019e+08  0.15%   137 9501s
 529181 312890     cutoff  186      8.0143e+08 8.0019e+08  0.15%   137 9530s
 530484 313479 8.0072e+08  132  638 8.0143e+08 8.0019e+08  0.15%   137 9541s

Cutting planes:
  Gomory: 112
  Lift-and-project: 2
  MIR: 22
  Mixing: 5
  Flow cover: 2578
  Inf proof: 1

Explored 531330 nodes (72989211 simplex iterations) in 9542.22 seconds (12274.29 work units)
Thread count was 8 (of 8 available processors)

Solution count 10: 8.01425e+08 8.01425e+08 8.01516e+08 ... 8.02643e+08

Solve interrupted
Best objective 8.014250375491e+08, best bound 8.001909247016e+08, gap 0.1540%

Gurobi 11.0.3 (mac64[arm]) logging started Tue Dec  9 13:31:57 2025

Set parameter LogFile to value "unknown.gurobi.log"
Set parameter DisplayInterval to value 1
Gurobi Optimizer version 11.0.3 build v11.0.3rc0 (mac64[arm] - Darwin 24.6.0 24G90)

CPU model: Apple M1 Pro
Thread count: 8 physical cores, 8 logical processors, using up to 8 threads

Optimize a model with 16445 rows, 14714 columns and 39495 nonzeros
Model fingerprint: 0xe49911c8
Variable types: 13386 continuous, 1328 integer (1328 binary)
Coefficient statistics:
  Matrix range     [5e-03, 4e+07]
  Objective range  [1e-02, 5e+05]
  Bounds range     [1e+00, 1e+00]
  RHS range        [1e+00, 2e+08]
Found heuristic solution: objective 1.742968e+12
Presolve removed 13462 rows and 10421 columns
Presolve time: 0.03s
Presolved: 2983 rows, 4293 columns, 11807 nonzeros
Variable types: 3840 continuous, 453 integer (453 binary)
Root barrier log...

Ordering time: 0.00s

Barrier statistics:
 AA' NZ     : 7.575e+03
 Factor NZ  : 3.566e+04 (roughly 3 MB of memory)
 Factor Ops : 7.694e+05 (less than 1 second per iteration)
 Threads    : 1

                  Objective                Residual
Iter       Primal          Dual         Primal    Dual     Compl     Time
   0  -1.31548342e+15 -4.60055188e+15  8.48e+06 1.90e+05  1.50e+13     0s
   1  -1.12776751e+14 -2.20551222e+15  1.13e+06 2.57e+05  1.79e+12     0s
   2  -8.74751717e+12 -6.30444643e+14  6.71e+04 1.94e+03  1.38e+11     0s
   3   1.18971118e+11 -1.10634025e+14  2.95e+03 6.68e+01  1.48e+10     0s
   4   4.28115395e+11 -3.66507118e+12  1.59e+02 2.89e-08  5.38e+08     0s
   5   1.57606624e+11 -2.06986179e+12  4.20e+01 1.54e-08  2.73e+08     0s
   6   3.38909138e+10 -1.38887932e+11  3.76e-01 1.77e-08  2.01e+07     0s
   7   1.22381913e+10 -1.69337963e+10  2.31e-02 2.33e-09  3.37e+06     0s
   8   6.08469811e+09 -3.32663438e+09  9.33e-03 1.78e-09  1.09e+06     0s
   9   2.41821418e+09 -5.01453390e+08  2.92e-03 2.00e-09  3.39e+05     0s
  10   1.47886495e+09  3.69765839e+08  1.29e-03 1.79e-09  1.29e+05     0s
  11   1.24884568e+09  5.28010528e+08  8.20e-04 2.53e-09  8.38e+04     0s
  12   1.08370661e+09  6.10687445e+08  5.11e-04 3.16e-09  5.50e+04     0s
  13   9.53187751e+08  6.98960774e+08  2.75e-04 3.78e-09  2.96e+04     0s
  14   8.77888818e+08  7.54744003e+08  1.41e-04 4.71e-09  1.43e+04     0s
  15   8.34907748e+08  7.76448459e+08  7.38e-05 3.53e-09  6.82e+03     0s
  16   8.17514180e+08  7.81864848e+08  7.29e-05 3.12e-09  4.16e+03     0s
  17   8.10856644e+08  7.84992365e+08  6.65e-05 4.34e-09  3.02e+03     0s
  18   8.01543509e+08  7.87582993e+08  3.58e-05 3.96e-09  1.63e+03     0s

Barrier solved model in 18 iterations and 0.06 seconds (0.07 work units)
Optimal objective 8.01543509e+08


Root relaxation: objective 7.899034e+08, 5790 iterations, 0.05 seconds (0.05 work units)

    Nodes    |    Current Node    |     Objective Bounds      |     Work
 Expl Unexpl |  Obj  Depth IntInf | Incumbent    BestBd   Gap | It/Node Time

     0     0 7.8990e+08    0  140 1.7430e+12 7.8990e+08   100%     -    0s
H    0     0                    8.050850e+08 7.8990e+08  1.89%     -    0s
H    0     0                    8.016368e+08 7.8990e+08  1.46%     -    0s
     0     0 7.9936e+08    0  166 8.0164e+08 7.9936e+08  0.28%     -    0s
H    0     0                    8.015906e+08 7.9952e+08  0.26%     -    0s
     0     0 8.0002e+08    0  159 8.0159e+08 8.0002e+08  0.20%     -    0s
H    0     0                    8.008000e+08 8.0023e+08  0.07%     -    0s
     0     0 8.0027e+08    0  145 8.0080e+08 8.0027e+08  0.07%     -    0s
     0     0 8.0029e+08    0  131 8.0080e+08 8.0029e+08  0.06%     -    0s
     0     0 8.0033e+08    0   92 8.0080e+08 8.0033e+08  0.06%     -    0s
     0     0 8.0033e+08    0   91 8.0080e+08 8.0033e+08  0.06%     -    0s
     0     0 8.0037e+08    0   87 8.0080e+08 8.0037e+08  0.05%     -    0s
     0     0 8.0037e+08    0   83 8.0080e+08 8.0037e+08  0.05%     -    0s
     0     0 8.0037e+08    0   81 8.0080e+08 8.0037e+08  0.05%     -    0s
     0     0 8.0037e+08    0   78 8.0080e+08 8.0037e+08  0.05%     -    0s
     0     0 8.0046e+08    0   47 8.0080e+08 8.0046e+08  0.04%     -    0s
     0     0 8.0051e+08    0   35 8.0080e+08 8.0051e+08  0.04%     -    0s
     0     0 8.0066e+08    0   11 8.0080e+08 8.0066e+08  0.02%     -    0s
     0     0 8.0066e+08    0   11 8.0080e+08 8.0066e+08  0.02%     -    0s
     0     0 8.0067e+08    0   10 8.0080e+08 8.0067e+08  0.02%     -    0s
     0     0 8.0070e+08    0   12 8.0080e+08 8.0070e+08  0.01%     -    0s

Cutting planes:
  Gomory: 35
  Cover: 1
  Clique: 1
  MIR: 2
  Flow cover: 124
  RLT: 15
  Relax-and-lift: 4

Explored 1 nodes (6389 simplex iterations) in 0.24 seconds (0.23 work units)
Thread count was 8 (of 8 available processors)

Solution count 6: 8.008e+08 8.008e+08 8.01591e+08 ... 1.74297e+12

Optimal solution found (tolerance 1.00e-04)
Best objective 8.008000477291e+08, best bound 8.007625579278e+08, gap 0.0047%

Gurobi 11.0.3 (mac64[arm]) logging started Tue Dec  9 13:33:52 2025

Set parameter LogFile to value "unknown.gurobi.log"
Set parameter DisplayInterval to value 1
Gurobi Optimizer version 11.0.3 build v11.0.3rc0 (mac64[arm] - Darwin 24.6.0 24G90)

CPU model: Apple M1 Pro
Thread count: 8 physical cores, 8 logical processors, using up to 8 threads

Optimize a model with 16445 rows, 14714 columns and 39495 nonzeros
Model fingerprint: 0x67487095
Variable types: 13386 continuous, 1328 integer (1328 binary)
Coefficient statistics:
  Matrix range     [5e-03, 4e+07]
  Objective range  [1e-02, 5e+05]
  Bounds range     [1e+00, 1e+00]
  RHS range        [1e+00, 2e+08]
Found heuristic solution: objective 1.742968e+12
Presolve removed 13462 rows and 10421 columns
Presolve time: 0.03s
Presolved: 2983 rows, 4293 columns, 11807 nonzeros
Variable types: 3840 continuous, 453 integer (453 binary)
Root barrier log...

Ordering time: 0.00s

Barrier statistics:
 AA' NZ     : 7.575e+03
 Factor NZ  : 3.532e+04 (roughly 3 MB of memory)
 Factor Ops : 7.574e+05 (less than 1 second per iteration)
 Threads    : 1

                  Objective                Residual
Iter       Primal          Dual         Primal    Dual     Compl     Time
   0  -1.31548591e+15 -4.60055188e+15  8.48e+06 1.90e+05  1.50e+13     0s
   1  -1.12777143e+14 -2.20551222e+15  1.13e+06 2.57e+05  1.79e+12     0s
   2  -8.74753877e+12 -6.30444757e+14  6.71e+04 1.94e+03  1.38e+11     0s
   3   1.18969429e+11 -1.10634044e+14  2.95e+03 6.68e+01  1.48e+10     0s
   4   4.28114621e+11 -3.66507206e+12  1.59e+02 3.35e-08  5.38e+08     0s
   5   1.57605875e+11 -2.06986226e+12  4.20e+01 1.63e-08  2.73e+08     0s
   6   3.38901830e+10 -1.38888435e+11  3.76e-01 9.31e-09  2.01e+07     0s
   7   1.22374718e+10 -1.69342758e+10  2.31e-02 1.47e-09  3.37e+06     0s
   8   6.08398008e+09 -3.32724119e+09  9.33e-03 1.87e-09  1.09e+06     0s
   9   2.41750139e+09 -5.02130857e+08  2.92e-03 1.40e-09  3.39e+05     0s
  10   1.47816210e+09  3.69075485e+08  1.29e-03 2.60e-09  1.29e+05     0s
  11   1.24813715e+09  5.27323354e+08  8.20e-04 2.41e-09  8.38e+04     0s
  12   1.08300222e+09  6.10001127e+08  5.11e-04 2.70e-09  5.50e+04     0s
  13   9.52495963e+08  6.98280093e+08  2.75e-04 3.74e-09  2.96e+04     0s
  14   8.77212343e+08  7.54159755e+08  1.41e-04 4.06e-09  1.43e+04     0s
  15   8.34257984e+08  7.75868047e+08  8.11e-05 2.89e-09  6.81e+03     0s
  16   8.16894825e+08  7.81302553e+08  4.87e-05 3.83e-09  4.15e+03     0s
  17   8.10297740e+08  7.84510474e+08  3.21e-05 3.02e-09  3.01e+03     0s
  18   8.01057824e+08  7.87915776e+08  1.77e-05 3.71e-09  1.54e+03     0s

Barrier solved model in 18 iterations and 0.07 seconds (0.07 work units)
Optimal objective 8.01057824e+08


Root relaxation: objective 7.899023e+08, 5404 iterations, 0.04 seconds (0.05 work units)

    Nodes    |    Current Node    |     Objective Bounds      |     Work
 Expl Unexpl |  Obj  Depth IntInf | Incumbent    BestBd   Gap | It/Node Time

     0     0 7.8990e+08    0  140 1.7430e+12 7.8990e+08   100%     -    0s
H    0     0                    8.070982e+08 7.8990e+08  2.13%     -    0s
H    0     0                    8.016357e+08 7.8990e+08  1.46%     -    0s
     0     0 7.9936e+08    0  164 8.0164e+08 7.9936e+08  0.28%     -    0s
H    0     0                    8.015897e+08 7.9952e+08  0.26%     -    0s
     0     0 8.0002e+08    0  154 8.0159e+08 8.0002e+08  0.20%     -    0s
H    0     0                    8.007980e+08 8.0023e+08  0.07%     -    0s
     0     0 8.0026e+08    0  154 8.0080e+08 8.0026e+08  0.07%     -    0s
     0     0 8.0029e+08    0  134 8.0080e+08 8.0029e+08  0.06%     -    0s
     0     0 8.0032e+08    0   93 8.0080e+08 8.0032e+08  0.06%     -    0s
     0     0 8.0032e+08    0   91 8.0080e+08 8.0032e+08  0.06%     -    0s
     0     0 8.0036e+08    0   87 8.0080e+08 8.0036e+08  0.05%     -    0s
     0     0 8.0036e+08    0   87 8.0080e+08 8.0036e+08  0.05%     -    0s
     0     0 8.0037e+08    0   81 8.0080e+08 8.0037e+08  0.05%     -    0s
     0     0 8.0045e+08    0   44 8.0080e+08 8.0045e+08  0.04%     -    0s
     0     0 8.0050e+08    0   37 8.0080e+08 8.0050e+08  0.04%     -    0s
     0     0 8.0050e+08    0   34 8.0080e+08 8.0050e+08  0.04%     -    0s
     0     0 8.0065e+08    0   18 8.0080e+08 8.0065e+08  0.02%     -    0s
     0     0 8.0065e+08    0   18 8.0080e+08 8.0065e+08  0.02%     -    0s
     0     0 8.0068e+08    0   18 8.0080e+08 8.0068e+08  0.01%     -    0s
     0     0 8.0070e+08    0   15 8.0080e+08 8.0070e+08  0.01%     -    0s
     0     0 8.0070e+08    0   12 8.0080e+08 8.0070e+08  0.01%     -    0s

Cutting planes:
  Gomory: 35
  Cover: 1
  Clique: 1
  MIR: 2
  Flow cover: 128
  RLT: 15
  Relax-and-lift: 4

Explored 1 nodes (6018 simplex iterations) in 0.25 seconds (0.23 work units)
Thread count was 8 (of 8 available processors)

Solution count 6: 8.00798e+08 8.00798e+08 8.0159e+08 ... 1.74297e+12

Optimal solution found (tolerance 1.00e-04)
Best objective 8.007980127940e+08, best bound 8.007608680682e+08, gap 0.0046%

Gurobi 11.0.3 (mac64[arm]) logging started Tue Dec  9 13:38:24 2025

Set parameter LogFile to value "unknown.gurobi.log"
Set parameter DisplayInterval to value 1
Gurobi Optimizer version 11.0.3 build v11.0.3rc0 (mac64[arm] - Darwin 24.6.0 24G90)

CPU model: Apple M1 Pro
Thread count: 8 physical cores, 8 logical processors, using up to 8 threads

Optimize a model with 28317 rows, 23194 columns and 66631 nonzeros
Model fingerprint: 0x656a7771
Variable types: 18474 continuous, 4720 integer (4720 binary)
Coefficient statistics:
  Matrix range     [5e-03, 4e+07]
  Objective range  [1e-02, 5e+05]
  Bounds range     [1e+00, 1e+00]
  RHS range        [1e+00, 2e+08]
Found heuristic solution: objective 1.742968e+12
Presolve removed 20749 rows and 16127 columns
Presolve time: 0.06s
Presolved: 7568 rows, 7067 columns, 22903 nonzeros
Variable types: 5651 continuous, 1416 integer (1416 binary)
Root barrier log...

Ordering time: 0.00s

Barrier statistics:
 AA' NZ     : 1.902e+04
 Factor NZ  : 6.652e+04 (roughly 6 MB of memory)
 Factor Ops : 1.037e+06 (less than 1 second per iteration)
 Threads    : 8

                  Objective                Residual
Iter       Primal          Dual         Primal    Dual     Compl     Time
   0  -6.60188369e+13 -3.13133922e+15  3.96e+05 1.93e+05  8.28e+11     0s
   1  -1.90221695e+13 -1.22821043e+15  1.19e+05 3.26e-09  2.04e+11     0s
   2  -1.46507806e+12 -3.72598715e+14  9.61e+03 3.73e-09  2.66e+10     0s
   3   1.23113196e+11 -1.35720987e+13  6.13e+02 5.12e-09  9.38e+08     0s
   4   3.21583657e+10 -2.52417445e+12  3.43e+01 3.73e-09  1.34e+08     0s
   5   1.47363923e+10 -4.35482644e+11  1.81e+00 2.79e-09  2.22e+07     0s
   6   1.03443046e+10 -1.59121457e+11  1.21e-01 1.86e-09  8.24e+06     0s
   7   8.01751706e+09 -5.18625851e+10  2.96e-02 1.03e-09  2.91e+06     0s
   8   4.72614028e+09 -1.14073504e+10  1.09e-02 1.62e-09  7.85e+05     0s
   9   1.66996293e+09 -1.22158170e+09  7.32e-04 2.06e-09  1.40e+05     0s
  10   1.16027577e+09 -3.87959803e+08  2.36e-04 2.30e-09  7.52e+04     0s
  11   1.09159915e+09 -3.45559474e+08  1.84e-04 2.82e-09  6.98e+04     0s
  12   9.84573427e+08  3.07848219e+07  1.87e-04 3.27e-09  4.63e+04     0s
  13   9.30419176e+08  2.37831484e+08  9.04e-05 3.77e-09  3.36e+04     0s
  14   8.87956886e+08  3.11625813e+08  5.00e-05 4.27e-09  2.80e+04     0s
  15   8.57229051e+08  5.98383871e+08  5.04e-05 4.06e-09  1.26e+04     0s
  16   8.30053532e+08  6.87238232e+08  3.55e-05 4.25e-09  6.94e+03     0s
  17   8.10646023e+08  7.40603980e+08  2.06e-05 7.34e-09  3.40e+03     0s
  18   8.03670079e+08  7.68425930e+08  1.15e-05 7.45e-09  1.71e+03     0s
  19   8.01487817e+08  7.78397285e+08  8.57e-06 7.64e-09  1.12e+03     0s
  20   7.98128392e+08  7.85983029e+08  4.46e-06 6.53e-09  5.91e+02     0s

Barrier solved model in 20 iterations and 0.14 seconds (0.14 work units)
Optimal objective 7.98128392e+08


Root relaxation: objective 7.899039e+08, 10496 iterations, 0.10 seconds (0.09 work units)

    Nodes    |    Current Node    |     Objective Bounds      |     Work
 Expl Unexpl |  Obj  Depth IntInf | Incumbent    BestBd   Gap | It/Node Time

     0     0 7.8990e+08    0  223 1.7430e+12 7.8990e+08   100%     -    0s
H    0     0                    8.016394e+08 7.8990e+08  1.46%     -    0s
     0     0 7.9936e+08    0  232 8.0164e+08 7.9936e+08  0.28%     -    0s
H    0     0                    8.015938e+08 7.9952e+08  0.26%     -    0s
     0     0 8.0002e+08    0  208 8.0159e+08 8.0002e+08  0.20%     -    0s
H    0     0                    8.008025e+08 8.0023e+08  0.07%     -    0s
     0     0 8.0029e+08    0  199 8.0080e+08 8.0029e+08  0.06%     -    0s
     0     0 8.0031e+08    0  176 8.0080e+08 8.0031e+08  0.06%     -    0s
     0     0 8.0035e+08    0  148 8.0080e+08 8.0035e+08  0.06%     -    0s
     0     0 8.0035e+08    0  148 8.0080e+08 8.0035e+08  0.06%     -    0s
     0     0 8.0035e+08    0  152 8.0080e+08 8.0035e+08  0.06%     -    0s
     0     0 8.0039e+08    0  146 8.0080e+08 8.0039e+08  0.05%     -    0s
     0     0 8.0039e+08    0  140 8.0080e+08 8.0039e+08  0.05%     -    0s
     0     0 8.0039e+08    0  143 8.0080e+08 8.0039e+08  0.05%     -    0s
     0     0 8.0058e+08    0   94 8.0080e+08 8.0058e+08  0.03%     -    0s
     0     0 8.0065e+08    0   91 8.0080e+08 8.0065e+08  0.02%     -    0s
     0     0 8.0066e+08    0   86 8.0080e+08 8.0066e+08  0.02%     -    0s
     0     0          -    0      8.0080e+08 8.0072e+08  0.01%     -    0s

Cutting planes:
  Gomory: 51
  Lift-and-project: 2
  Implied bound: 3
  MIR: 8
  Flow cover: 136
  RLT: 22
  Relax-and-lift: 4

Explored 1 nodes (11168 simplex iterations) in 0.47 seconds (0.46 work units)
Thread count was 8 (of 8 available processors)

Solution count 5: 8.00802e+08 8.00802e+08 8.01594e+08 ... 1.74297e+12

Optimal solution found (tolerance 1.00e-04)
Best objective 8.008024989531e+08, best bound 8.007243530583e+08, gap 0.0098%

Gurobi 11.0.3 (mac64[arm]) logging started Tue Dec  9 13:39:10 2025

Set parameter LogFile to value "unknown.gurobi.log"
Set parameter DisplayInterval to value 1
Gurobi Optimizer version 11.0.3 build v11.0.3rc0 (mac64[arm] - Darwin 24.6.0 24G90)

CPU model: Apple M1 Pro
Thread count: 8 physical cores, 8 logical processors, using up to 8 threads

Optimize a model with 159681 rows, 130442 columns and 375643 nonzeros
Model fingerprint: 0xbf250d8c
Variable types: 103642 continuous, 26800 integer (26800 binary)
Coefficient statistics:
  Matrix range     [5e-03, 4e+07]
  Objective range  [4e-03, 5e+05]
  Bounds range     [1e+00, 1e+00]
  RHS range        [9e-02, 3e+07]
Found heuristic solution: objective 1.742968e+12
Presolve removed 116699 rows and 90680 columns
Presolve time: 0.41s
Presolved: 42982 rows, 39762 columns, 129866 nonzeros
Variable types: 31608 continuous, 8154 integer (8154 binary)
Root barrier log...

Ordering time: 0.02s

Barrier statistics:
 AA' NZ     : 1.089e+05
 Factor NZ  : 4.335e+05 (roughly 35 MB of memory)
 Factor Ops : 1.435e+07 (less than 1 second per iteration)
 Threads    : 8

                  Objective                Residual
Iter       Primal          Dual         Primal    Dual     Compl     Time
   0  -9.98089114e+13 -1.28148821e+16  3.83e+05 1.79e+05  7.71e+11     1s
   1  -2.59870780e+13 -7.24343823e+15  1.39e+05 4.19e-09  2.21e+11     1s
   2  -3.70538706e+12 -2.58162445e+15  2.07e+04 2.07e-08  4.03e+10     1s
   3   1.33283016e+11 -2.73117432e+14  7.46e+02 3.84e-08  2.75e+09     1s
   4   1.79029356e+11 -3.98145767e+13  4.03e+02 5.11e-09  4.83e+08     1s
   5   1.56297214e+11 -1.21308182e+13  1.34e+01 2.33e-09  1.09e+08     1s
   6   7.14813955e+10 -2.46560174e+12  1.63e+00 1.86e-09  2.20e+07     1s
   7   3.03837095e+10 -8.26183226e+11  1.44e-01 1.40e-09  7.36e+06     1s
   8   2.50994853e+10 -3.71587364e+11  4.25e-02 2.04e-09  3.40e+06     1s
   9   2.08900582e+10 -1.72044757e+11  4.50e-03 2.60e-09  1.65e+06     1s
  10   1.67390221e+10 -7.33242100e+10  1.81e-03 3.82e-09  7.72e+05     1s
  11   1.41431144e+10 -5.22877055e+10  1.42e-03 4.33e-09  5.70e+05     1s
  12   9.44132779e+09 -2.69872621e+10  8.18e-04 4.63e-09  3.13e+05     1s
  13   6.10221096e+09 -1.18017342e+10  5.01e-04 7.31e-09  1.54e+05     1s
  14   3.31295076e+09 -2.54553273e+09  2.31e-04 8.56e-09  5.04e+04     1s
  15   1.83128708e+09 -1.06847281e+09  9.09e-05 8.36e-09  2.49e+04     1s
  16   1.25017490e+09 -1.14303719e+08  3.29e-05 8.42e-09  1.17e+04     1s
  17   1.11228654e+09 -5.65342047e+06  2.15e-05 8.76e-09  9.60e+03     1s
  18   1.04042347e+09  1.38758817e+08  1.59e-05 9.99e-09  7.74e+03     1s
  19   9.48802864e+08  3.40072058e+08  8.90e-06 1.04e-08  5.22e+03     1s
  20   9.33970214e+08  4.20600687e+08  7.65e-06 9.98e-09  4.41e+03     1s
  21   9.10608598e+08  5.14221215e+08  6.53e-06 1.16e-08  3.40e+03     1s
  22   8.97222567e+08  5.52446308e+08  5.59e-06 1.17e-08  2.96e+03     1s
  23   8.66320860e+08  6.17865438e+08  3.82e-06 1.27e-08  2.13e+03     1s
  24   8.57645960e+08  6.55821562e+08  3.10e-06 1.78e-08  1.73e+03     1s
  25   8.43399942e+08  6.90915303e+08  2.18e-06 2.11e-08  1.31e+03     1s
  26   8.35810663e+08  7.18681515e+08  2.00e-06 1.93e-08  1.01e+03     1s
  27   8.25534607e+08  7.45382232e+08  1.39e-06 2.05e-08  6.88e+02     1s
  28   8.16167447e+08  7.56486671e+08  8.53e-07 1.80e-08  5.12e+02     1s
  29   8.12709254e+08  7.60169875e+08  6.90e-07 1.91e-08  4.51e+02     1s
  30   8.07235157e+08  7.68461332e+08  1.70e-06 2.18e-08  3.33e+02     1s
  31   8.06167114e+08  7.72327973e+08  1.59e-06 2.19e-08  2.91e+02     1s
  32   8.03646593e+08  7.78517529e+08  1.31e-06 9.66e-08  2.16e+02     1s
  33   7.99152219e+08  7.81634717e+08  8.83e-07 4.50e-08  1.50e+02     1s
  34   7.96340644e+08  7.83644770e+08  6.30e-07 1.02e-07  1.09e+02     1s

Barrier solved model in 34 iterations and 0.91 seconds (1.14 work units)
Optimal objective 7.96340644e+08


Root crossover log...

       0 PPushes remaining with PInf 0.0000000e+00                 1s

  Push phase complete: Pinf 0.0000000e+00, Dinf 5.0705936e+05      1s


Root simplex log...

Iteration    Objective       Primal Inf.    Dual Inf.      Time
   55582    7.8846633e+08   0.000000e+00   5.070594e+05      1s
   61248    7.8842839e+08   0.000000e+00   0.000000e+00      1s
   61248    7.8842839e+08   0.000000e+00   0.000000e+00      1s

Root relaxation: objective 7.884284e+08, 61248 iterations, 0.82 seconds (1.06 work units)

    Nodes    |    Current Node    |     Objective Bounds      |     Work
 Expl Unexpl |  Obj  Depth IntInf | Incumbent    BestBd   Gap | It/Node Time

     0     0 7.8843e+08    0  596 1.7430e+12 7.8843e+08   100%     -    1s
H    0     0                    8.024013e+08 7.8843e+08  1.74%     -    1s
     0     0 7.9471e+08    0  586 8.0240e+08 7.9471e+08  0.96%     -    1s
     0     0 7.9494e+08    0  584 8.0240e+08 7.9494e+08  0.93%     -    2s
H    0     0                    8.024013e+08 7.9494e+08  0.93%     -    2s
     0     0 7.9599e+08    0  665 8.0240e+08 7.9599e+08  0.80%     -    2s
H    0     0                    8.023500e+08 7.9608e+08  0.78%     -    2s
     0     0 7.9618e+08    0  663 8.0235e+08 7.9618e+08  0.77%     -    3s
     0     0 7.9721e+08    0  712 8.0235e+08 7.9721e+08  0.64%     -    3s
     0     0 7.9726e+08    0  702 8.0235e+08 7.9726e+08  0.63%     -    3s
     0     0 7.9740e+08    0  705 8.0235e+08 7.9740e+08  0.62%     -    3s
     0     0 7.9740e+08    0  704 8.0235e+08 7.9740e+08  0.62%     -    3s
H    0     0                    8.007204e+08 7.9740e+08  0.41%     -    4s
     0     0 7.9808e+08    0  732 8.0072e+08 7.9808e+08  0.33%     -    4s
     0     0 7.9812e+08    0  716 8.0072e+08 7.9812e+08  0.32%     -    4s
     0     0 7.9812e+08    0  727 8.0072e+08 7.9812e+08  0.32%     -    4s
     0     0 7.9819e+08    0  686 8.0072e+08 7.9819e+08  0.32%     -    4s
H    0     0                    8.006685e+08 7.9822e+08  0.31%     -    4s
     0     0 7.9822e+08    0  682 8.0067e+08 7.9822e+08  0.31%     -    4s
     0     0 7.9822e+08    0  678 8.0067e+08 7.9822e+08  0.31%     -    4s
H    0     0                    8.006685e+08 7.9822e+08  0.31%     -    4s
     0     0 7.9824e+08    0  682 8.0067e+08 7.9824e+08  0.30%     -    4s
     0     0 7.9826e+08    0  683 8.0067e+08 7.9826e+08  0.30%     -    5s
     0     0 7.9826e+08    0  676 8.0067e+08 7.9826e+08  0.30%     -    5s
     0     0 7.9826e+08    0  676 8.0067e+08 7.9826e+08  0.30%     -    5s
     0     0 7.9826e+08    0  675 8.0067e+08 7.9826e+08  0.30%     -    5s
     0     0 7.9829e+08    0  657 8.0067e+08 7.9829e+08  0.30%     -    5s
     0     0 7.9830e+08    0  658 8.0067e+08 7.9830e+08  0.30%     -    5s
     0     0 7.9830e+08    0  658 8.0067e+08 7.9830e+08  0.30%     -    5s
     0     0 7.9832e+08    0  681 8.0067e+08 7.9832e+08  0.29%     -    5s
     0     0 7.9834e+08    0  690 8.0067e+08 7.9834e+08  0.29%     -    5s
     0     0 7.9835e+08    0  691 8.0067e+08 7.9835e+08  0.29%     -    6s
     0     0 7.9835e+08    0  691 8.0067e+08 7.9835e+08  0.29%     -    6s
     0     0 7.9835e+08    0  691 8.0067e+08 7.9835e+08  0.29%     -    6s
     0     0 7.9835e+08    0  691 8.0067e+08 7.9835e+08  0.29%     -    6s
     0     0 7.9835e+08    0  691 8.0067e+08 7.9835e+08  0.29%     -    6s
     0     0 7.9835e+08    0  691 8.0067e+08 7.9835e+08  0.29%     -    6s
     0     0 7.9835e+08    0  691 8.0067e+08 7.9835e+08  0.29%     -    6s
     0     0 7.9835e+08    0  691 8.0067e+08 7.9835e+08  0.29%     -    6s
     0     0 7.9835e+08    0  691 8.0067e+08 7.9835e+08  0.29%     -    6s
     0     0 7.9835e+08    0  691 8.0067e+08 7.9835e+08  0.29%     -    6s
     0     0 7.9835e+08    0  692 8.0067e+08 7.9835e+08  0.29%     -    6s
     0     0 7.9835e+08    0  692 8.0067e+08 7.9835e+08  0.29%     -    6s
     0     0 7.9835e+08    0  692 8.0067e+08 7.9835e+08  0.29%     -    6s
     0     0 7.9835e+08    0  692 8.0067e+08 7.9835e+08  0.29%     -    6s
     0     0 7.9835e+08    0  692 8.0067e+08 7.9835e+08  0.29%     -    6s
     0     0 7.9835e+08    0  692 8.0067e+08 7.9835e+08  0.29%     -    6s
     0     0 7.9835e+08    0  692 8.0067e+08 7.9835e+08  0.29%     -    6s
     0     0 7.9835e+08    0  692 8.0067e+08 7.9835e+08  0.29%     -    6s
     0     0 7.9835e+08    0  692 8.0067e+08 7.9835e+08  0.29%     -    6s
     0     0 7.9835e+08    0  692 8.0067e+08 7.9835e+08  0.29%     -    6s
     0     0 7.9837e+08    0  696 8.0067e+08 7.9837e+08  0.29%     -    6s
     0     0 7.9837e+08    0  696 8.0067e+08 7.9837e+08  0.29%     -    6s
     0     0 7.9837e+08    0  696 8.0067e+08 7.9837e+08  0.29%     -    6s
     0     0 7.9837e+08    0  696 8.0067e+08 7.9837e+08  0.29%     -    6s
     0     0 7.9837e+08    0  696 8.0067e+08 7.9837e+08  0.29%     -    6s
     0     0 7.9837e+08    0  696 8.0067e+08 7.9837e+08  0.29%     -    6s
     0     0 7.9837e+08    0  696 8.0067e+08 7.9837e+08  0.29%     -    6s
     0     0 7.9837e+08    0  696 8.0067e+08 7.9837e+08  0.29%     -    6s
     0     0 7.9837e+08    0  696 8.0067e+08 7.9837e+08  0.29%     -    6s
     0     0 7.9837e+08    0  696 8.0067e+08 7.9837e+08  0.29%     -    6s
     0     0 7.9838e+08    0  692 8.0067e+08 7.9838e+08  0.29%     -    6s
     0     0 7.9838e+08    0  692 8.0067e+08 7.9838e+08  0.29%     -    6s
     0     0 7.9838e+08    0  692 8.0067e+08 7.9838e+08  0.29%     -    6s
     0     0 7.9838e+08    0  692 8.0067e+08 7.9838e+08  0.29%     -    6s
     0     0 7.9838e+08    0  692 8.0067e+08 7.9838e+08  0.29%     -    6s
     0     0 7.9838e+08    0  692 8.0067e+08 7.9838e+08  0.29%     -    6s
     0     0 7.9838e+08    0  692 8.0067e+08 7.9838e+08  0.29%     -    6s
     0     0 7.9838e+08    0  692 8.0067e+08 7.9838e+08  0.29%     -    6s
     0     0 7.9838e+08    0  692 8.0067e+08 7.9838e+08  0.29%     -    6s
     0     0 7.9838e+08    0  692 8.0067e+08 7.9838e+08  0.29%     -    6s
     0     0 7.9845e+08    0  703 8.0067e+08 7.9845e+08  0.28%     -    6s
     0     0 7.9845e+08    0  703 8.0067e+08 7.9845e+08  0.28%     -    6s
     0     0 7.9845e+08    0  703 8.0067e+08 7.9845e+08  0.28%     -    6s
     0     0 7.9845e+08    0  703 8.0067e+08 7.9845e+08  0.28%     -    6s
     0     0 7.9845e+08    0  703 8.0067e+08 7.9845e+08  0.28%     -    6s
     0     0 7.9845e+08    0  703 8.0067e+08 7.9845e+08  0.28%     -    6s
     0     0 7.9845e+08    0  703 8.0067e+08 7.9845e+08  0.28%     -    6s
     0     0 7.9845e+08    0  703 8.0067e+08 7.9845e+08  0.28%     -    6s
     0     0 7.9845e+08    0  703 8.0067e+08 7.9845e+08  0.28%     -    6s
     0     0 7.9845e+08    0  703 8.0067e+08 7.9845e+08  0.28%     -    6s
     0     0 7.9846e+08    0  712 8.0067e+08 7.9846e+08  0.28%     -    7s
     0     0 7.9846e+08    0  712 8.0067e+08 7.9846e+08  0.28%     -    7s
     0     0 7.9846e+08    0  712 8.0067e+08 7.9846e+08  0.28%     -    7s
     0     0 7.9846e+08    0  712 8.0067e+08 7.9846e+08  0.28%     -    7s
     0     0 7.9846e+08    0  712 8.0067e+08 7.9846e+08  0.28%     -    7s
     0     0 7.9846e+08    0  712 8.0067e+08 7.9846e+08  0.28%     -    7s
     0     0 7.9846e+08    0  712 8.0067e+08 7.9846e+08  0.28%     -    7s
     0     0 7.9846e+08    0  712 8.0067e+08 7.9846e+08  0.28%     -    7s
     0     0 7.9846e+08    0  712 8.0067e+08 7.9846e+08  0.28%     -    7s
     0     0 7.9846e+08    0  712 8.0067e+08 7.9846e+08  0.28%     -    7s
     0     0 7.9846e+08    0  712 8.0067e+08 7.9846e+08  0.28%     -    7s
     0     0 7.9846e+08    0  712 8.0067e+08 7.9846e+08  0.28%     -    7s
     0     0 7.9846e+08    0  712 8.0067e+08 7.9846e+08  0.28%     -    7s
     0     0 7.9846e+08    0  712 8.0067e+08 7.9846e+08  0.28%     -    7s
     0     0 7.9846e+08    0  712 8.0067e+08 7.9846e+08  0.28%     -    7s
     0     0 7.9846e+08    0  712 8.0067e+08 7.9846e+08  0.28%     -    7s
     0     0 7.9846e+08    0  712 8.0067e+08 7.9846e+08  0.28%     -    7s
     0     0 7.9846e+08    0  712 8.0067e+08 7.9846e+08  0.28%     -    7s
     0     0 7.9846e+08    0  712 8.0067e+08 7.9846e+08  0.28%     -    7s
     0     0 7.9846e+08    0  712 8.0067e+08 7.9846e+08  0.28%     -    7s
     0     0 7.9846e+08    0  703 8.0067e+08 7.9846e+08  0.28%     -    7s
     0     0 7.9846e+08    0  703 8.0067e+08 7.9846e+08  0.28%     -    7s
     0     0 7.9846e+08    0  703 8.0067e+08 7.9846e+08  0.28%     -    7s
     0     0 7.9846e+08    0  703 8.0067e+08 7.9846e+08  0.28%     -    7s
     0     0 7.9846e+08    0  703 8.0067e+08 7.9846e+08  0.28%     -    7s
     0     0 7.9846e+08    0  703 8.0067e+08 7.9846e+08  0.28%     -    7s
     0     0 7.9846e+08    0  703 8.0067e+08 7.9846e+08  0.28%     -    7s
     0     0 7.9846e+08    0  703 8.0067e+08 7.9846e+08  0.28%     -    7s
     0     0 7.9846e+08    0  703 8.0067e+08 7.9846e+08  0.28%     -    7s
     0     0 7.9846e+08    0  703 8.0067e+08 7.9846e+08  0.28%     -    7s
     0     0 7.9849e+08    0  711 8.0067e+08 7.9849e+08  0.27%     -    7s
     0     0 7.9849e+08    0  711 8.0067e+08 7.9849e+08  0.27%     -    7s
     0     0 7.9849e+08    0  711 8.0067e+08 7.9849e+08  0.27%     -    7s
     0     0 7.9849e+08    0  711 8.0067e+08 7.9849e+08  0.27%     -    7s
     0     0 7.9849e+08    0  711 8.0067e+08 7.9849e+08  0.27%     -    7s
     0     0 7.9849e+08    0  711 8.0067e+08 7.9849e+08  0.27%     -    7s
     0     0 7.9849e+08    0  711 8.0067e+08 7.9849e+08  0.27%     -    7s
     0     0 7.9849e+08    0  711 8.0067e+08 7.9849e+08  0.27%     -    7s
     0     0 7.9849e+08    0  711 8.0067e+08 7.9849e+08  0.27%     -    7s
     0     0 7.9849e+08    0  711 8.0067e+08 7.9849e+08  0.27%     -    7s
     0     0 7.9849e+08    0  710 8.0067e+08 7.9849e+08  0.27%     -    7s
     0     0 7.9849e+08    0  710 8.0067e+08 7.9849e+08  0.27%     -    7s
     0     0 7.9849e+08    0  710 8.0067e+08 7.9849e+08  0.27%     -    7s
     0     0 7.9849e+08    0  710 8.0067e+08 7.9849e+08  0.27%     -    7s
     0     0 7.9849e+08    0  710 8.0067e+08 7.9849e+08  0.27%     -    7s
     0     0 7.9849e+08    0  710 8.0067e+08 7.9849e+08  0.27%     -    7s
     0     0 7.9849e+08    0  710 8.0067e+08 7.9849e+08  0.27%     -    7s
     0     0 7.9849e+08    0  710 8.0067e+08 7.9849e+08  0.27%     -    7s
     0     0 7.9849e+08    0  710 8.0067e+08 7.9849e+08  0.27%     -    7s
     0     0 7.9849e+08    0  710 8.0067e+08 7.9849e+08  0.27%     -    7s
     0     0 7.9850e+08    0  712 8.0067e+08 7.9850e+08  0.27%     -    8s
     0     0 7.9850e+08    0  714 8.0067e+08 7.9850e+08  0.27%     -    8s
     0     0 7.9850e+08    0  713 8.0067e+08 7.9850e+08  0.27%     -    8s
     0     0 7.9856e+08    0  712 8.0067e+08 7.9856e+08  0.26%     -    8s
     0     0 7.9856e+08    0  706 8.0067e+08 7.9856e+08  0.26%     -    8s
     0     0 7.9856e+08    0  706 8.0067e+08 7.9856e+08  0.26%     -    8s
     0     1 7.9856e+08    0  697 8.0067e+08 7.9856e+08  0.26%     -    9s
     3     1 7.9856e+08    3  693 8.0067e+08 7.9856e+08  0.26%  32.0   10s
    10     1 7.9856e+08   10  667 8.0067e+08 7.9856e+08  0.26%  71.4   11s
    23     1 7.9857e+08   23  579 8.0067e+08 7.9857e+08  0.26%  62.2   12s
H  100    45                    8.006685e+08 7.9878e+08  0.24%  30.6   12s
   104    48 7.9887e+08   38  583 8.0067e+08 7.9878e+08  0.24%  29.9   13s
   268   105 7.9936e+08   57  579 8.0067e+08 7.9878e+08  0.24%  26.0   14s
   457   192 7.9984e+08   80  530 8.0067e+08 7.9878e+08  0.24%  21.9   15s
   563   251 8.0004e+08   93  532 8.0067e+08 7.9878e+08  0.24%  20.3   16s
   771   318 8.0033e+08  115  505 8.0067e+08 7.9878e+08  0.24%  20.5   17s
  1168   394 8.0053e+08  151  487 8.0067e+08 7.9878e+08  0.24%  20.0   18s
  1389   433 8.0064e+08  171  463 8.0067e+08 7.9878e+08  0.24%  20.0   19s
  1738   333 8.0065e+08  198  437 8.0067e+08 7.9878e+08  0.24%  20.4   20s
  2202    11 8.0066e+08  226  428 8.0067e+08 7.9878e+08  0.24%  21.0   23s
  2269     3 8.0066e+08  227  419 8.0067e+08 7.9878e+08  0.24%  21.0   24s
  2336     2 8.0066e+08  284  396 8.0067e+08 7.9878e+08  0.24%  20.6   25s
  2395     4 8.0067e+08  325  360 8.0067e+08 7.9878e+08  0.24%  20.3   27s
  2505     3 8.0067e+08  376  344 8.0067e+08 7.9878e+08  0.24%  19.7   28s
  2631     2 8.0067e+08  499  129 8.0067e+08 7.9878e+08  0.24%  18.9   29s
* 2702     6             570    8.006684e+08 7.9984e+08  0.10%  18.5   29s

Cutting planes:
  Gomory: 90
  Lift-and-project: 11
  MIR: 21
  Flow cover: 436
  RLT: 8

Explored 2780 nodes (115468 simplex iterations) in 29.99 seconds (54.79 work units)
Thread count was 8 (of 8 available processors)

Solution count 6: 8.00668e+08 8.00668e+08 8.0072e+08 ... 1.74297e+12

Optimal solution found (tolerance 1.00e-04)
Best objective 8.006683719547e+08, best bound 8.006683719543e+08, gap 0.0000%

Gurobi 11.0.3 (mac64[arm]) logging started Tue Dec  9 13:50:39 2025

Set parameter LogFile to value "unknown.gurobi.log"
Set parameter DisplayInterval to value 1
Gurobi Optimizer version 11.0.3 build v11.0.3rc0 (mac64[arm] - Darwin 24.6.0 24G90)

CPU model: Apple M1 Pro
Thread count: 8 physical cores, 8 logical processors, using up to 8 threads

Optimize a model with 213281 rows, 184042 columns and 590043 nonzeros
Model fingerprint: 0xe7a51cd9
Variable types: 130442 continuous, 53600 integer (53600 binary)
Coefficient statistics:
  Matrix range     [5e-03, 5e+07]
  Objective range  [4e-03, 5e+05]
  Bounds range     [1e+00, 1e+00]
  RHS range        [9e-02, 3e+07]
Found heuristic solution: objective 1.742968e+12
Presolve removed 128185 rows and 102494 columns
Presolve time: 0.90s
Presolved: 85096 rows, 81548 columns, 241476 nonzeros
Variable types: 56102 continuous, 25446 integer (25446 binary)
Root barrier log...

Ordering time: 0.02s

Barrier statistics:
 AA' NZ     : 8.023e+04
 Factor NZ  : 3.883e+05 (roughly 40 MB of memory)
 Factor Ops : 1.444e+07 (less than 1 second per iteration)
 Threads    : 8

                  Objective                Residual
Iter       Primal          Dual         Primal    Dual     Compl     Time
   0  -9.74332369e+13 -1.28148620e+16  5.94e+05 1.79e+05  6.30e+11     1s
   1  -2.54849415e+13 -7.14619592e+15  2.10e+05 4.19e-09  1.79e+11     1s
   2  -3.65848410e+12 -2.42080117e+15  3.19e+04 4.49e-08  3.22e+10     1s
   3   1.25738866e+11 -2.32516752e+14  1.08e+03 2.26e-08  2.06e+09     1s
   4   1.96716114e+11 -2.15779193e+13  3.43e+02 3.73e-09  2.32e+08     1s
   5   1.44987322e+11 -1.07569486e+13  8.11e+01 2.79e-09  9.00e+07     1s
   6   6.53241251e+10 -2.36840875e+12  8.20e+00 3.26e-09  1.80e+07     1s
   7   3.31410222e+10 -1.34077160e+12  9.21e-01 1.86e-09  9.99e+06     1s
   8   2.38743058e+10 -5.33147864e+11  5.50e-02 2.79e-09  4.02e+06     1s
   9   2.31112694e+10 -2.11258590e+11  4.48e-02 1.72e-09  1.70e+06     1s
  10   1.99998081e+10 -1.68448344e+11  2.11e-02 2.17e-09  1.36e+06     1s
  11   1.87503112e+10 -1.48357459e+11  1.78e-02 2.65e-09  1.21e+06     1s
  12   1.59856138e+10 -6.74392592e+10  1.18e-02 2.98e-09  6.03e+05     1s
  13   1.02722275e+10 -3.45028818e+10  5.30e-03 2.53e-09  3.24e+05     1s
  14   7.05728722e+09 -1.64824891e+10  3.29e-03 2.43e-09  1.70e+05     1s
  15   4.50862391e+09 -1.00560538e+10  1.94e-03 3.82e-09  1.05e+05     1s
  16   2.43601053e+09 -3.86975912e+09  8.28e-04 3.76e-09  4.56e+04     1s
  17   1.49868155e+09 -1.26381820e+09  3.07e-04 4.24e-09  2.00e+04     1s
  18   1.37776033e+09 -1.00857954e+09  2.48e-04 5.14e-09  1.73e+04     1s
  19   1.12920388e+09 -7.07850357e+08  1.31e-04 5.16e-09  1.33e+04     1s
  20   9.95676150e+08 -1.44670741e+08  7.02e-05 5.60e-09  8.24e+03     1s
  21   9.43858070e+08  1.84780692e+08  4.79e-05 5.55e-09  5.49e+03     1s
  22   8.98147091e+08  3.52032449e+08  3.00e-05 5.96e-09  3.95e+03     1s
  23   8.67107791e+08  4.94161950e+08  1.88e-05 5.50e-09  2.70e+03     1s
  24   8.51454286e+08  5.92027523e+08  1.34e-05 8.85e-09  1.88e+03     2s
  25   8.38915309e+08  6.66838394e+08  9.37e-06 9.15e-09  1.24e+03     2s
  26   8.27686221e+08  7.06834620e+08  6.08e-06 8.61e-09  8.74e+02     2s
  27   8.22345546e+08  7.32049734e+08  4.74e-06 9.11e-09  6.53e+02     2s
  28   8.14674253e+08  7.61521743e+08  3.09e-06 9.43e-09  3.85e+02     2s
  29   8.08201923e+08  7.71151576e+08  2.04e-06 1.00e-08  2.68e+02     2s
  30   8.01927203e+08  7.79308938e+08  1.43e-06 1.06e-08  1.64e+02     2s
  31   7.97885007e+08  7.82539081e+08  1.86e-06 9.65e-09  1.11e+02     2s

Barrier solved model in 31 iterations and 1.64 seconds (1.65 work units)
Optimal objective 7.97885007e+08


Root crossover log...

   34201 DPushes remaining with DInf 0.0000000e+00                 2s
       0 DPushes remaining with DInf 0.0000000e+00                 2s

   47002 PPushes remaining with PInf 7.0946545e-06                 2s
       0 PPushes remaining with PInf 0.0000000e+00                 2s

  Push phase complete: Pinf 0.0000000e+00, Dinf 3.0445258e+06      2s


Root simplex log...

Iteration    Objective       Primal Inf.    Dual Inf.      Time
   59528    7.8848599e+08   0.000000e+00   3.044526e+06      2s
   64620    7.8842839e+08   0.000000e+00   0.000000e+00      2s
   70270    7.8842839e+08   0.000000e+00   1.203705e+03      2s
   73102    7.8842839e+08   0.000000e+00   0.000000e+00      2s
Extra simplex iterations after uncrush: 8482

Root relaxation: objective 7.884284e+08, 73102 iterations, 1.05 seconds (1.06 work units)

    Nodes    |    Current Node    |     Objective Bounds      |     Work
 Expl Unexpl |  Obj  Depth IntInf | Incumbent    BestBd   Gap | It/Node Time

     0     0 7.8843e+08    0  535 1.7430e+12 7.8843e+08   100%     -    2s
H    0     0                    1.423717e+09 7.8843e+08  44.6%     -    2s
H    0     0                    8.184718e+08 7.8843e+08  3.67%     -    2s
     0     0 7.9504e+08    0  538 8.1847e+08 7.9504e+08  2.86%     -    3s
     0     0 7.9602e+08    0  575 8.1847e+08 7.9602e+08  2.74%     -    4s
H    0     0                    8.162794e+08 7.9613e+08  2.47%     -    4s
     0     0 7.9613e+08    0  575 8.1628e+08 7.9613e+08  2.47%     -    4s
     0     0 7.9613e+08    0  577 8.1628e+08 7.9613e+08  2.47%     -    4s
     0     0 7.9704e+08    0  698 8.1628e+08 7.9704e+08  2.36%     -    5s
     0     0 7.9723e+08    0  701 8.1628e+08 7.9723e+08  2.33%     -    6s
     0     0 7.9723e+08    0  700 8.1628e+08 7.9723e+08  2.33%     -    6s
     0     0 7.9777e+08    0  656 8.1628e+08 7.9777e+08  2.27%     -    7s
     0     0 7.9781e+08    0  648 8.1628e+08 7.9781e+08  2.26%     -    7s
     0     0 7.9781e+08    0  656 8.1628e+08 7.9781e+08  2.26%     -    7s
     0     0 7.9781e+08    0  653 8.1628e+08 7.9781e+08  2.26%     -    7s
     0     0 7.9791e+08    0  682 8.1628e+08 7.9791e+08  2.25%     -    8s
     0     0 7.9795e+08    0  678 8.1628e+08 7.9795e+08  2.24%     -    8s
     0     0 7.9816e+08    0  686 8.1628e+08 7.9816e+08  2.22%     -    8s
     0     0 7.9823e+08    0  689 8.1628e+08 7.9823e+08  2.21%     -    9s
     0     0 7.9823e+08    0  687 8.1628e+08 7.9823e+08  2.21%     -    9s
     0     0 7.9833e+08    0  638 8.1628e+08 7.9833e+08  2.20%     -    9s
     0     0 7.9837e+08    0  642 8.1628e+08 7.9837e+08  2.19%     -    9s
     0     0 7.9837e+08    0  642 8.1628e+08 7.9837e+08  2.19%     -    9s
     0     0 7.9841e+08    0  618 8.1628e+08 7.9841e+08  2.19%     -   10s
H    0     0                    8.138472e+08 7.9858e+08  1.88%     -   10s
     0     0 7.9858e+08    0  637 8.1385e+08 7.9858e+08  1.88%     -   10s
     0     0 7.9858e+08    0  641 8.1385e+08 7.9858e+08  1.88%     -   10s
     0     0 7.9858e+08    0  665 8.1385e+08 7.9858e+08  1.88%     -   11s
     0     0 7.9858e+08    0  664 8.1385e+08 7.9858e+08  1.88%     -   11s
     0     0 7.9858e+08    0  646 8.1385e+08 7.9858e+08  1.88%     -   11s
H    0     0                    8.138457e+08 7.9858e+08  1.88%     -   12s
     0     0 7.9858e+08    0  638 8.1385e+08 7.9858e+08  1.88%     -   12s
     0     0 7.9858e+08    0  636 8.1385e+08 7.9858e+08  1.88%     -   12s
     0     0 7.9862e+08    0  636 8.1385e+08 7.9862e+08  1.87%     -   12s
     0     0 7.9862e+08    0  438 8.1385e+08 7.9862e+08  1.87%     -   15s
     0     0 7.9862e+08    0  498 8.1385e+08 7.9862e+08  1.87%     -   16s
     0     0 7.9862e+08    0  566 8.1385e+08 7.9862e+08  1.87%     -   17s
     0     0 7.9862e+08    0  554 8.1385e+08 7.9862e+08  1.87%     -   17s
H    0     0                    8.137304e+08 7.9862e+08  1.86%     -   18s
     0     0 7.9862e+08    0  579 8.1373e+08 7.9862e+08  1.86%     -   18s
     0     0 7.9862e+08    0  556 8.1373e+08 7.9862e+08  1.86%     -   18s
     0     0 7.9862e+08    0  547 8.1373e+08 7.9862e+08  1.86%     -   18s
     0     0 7.9862e+08    0  550 8.1373e+08 7.9862e+08  1.86%     -   18s
     0     0 7.9873e+08    0  569 8.1373e+08 7.9873e+08  1.84%     -   18s
H    0     0                    8.119766e+08 7.9878e+08  1.62%     -   19s
     0     0 7.9878e+08    0  581 8.1198e+08 7.9878e+08  1.62%     -   19s
     0     0 7.9878e+08    0  580 8.1198e+08 7.9878e+08  1.62%     -   19s
     0     0 7.9886e+08    0  609 8.1198e+08 7.9886e+08  1.62%     -   20s
     0     0 7.9892e+08    0  569 8.1198e+08 7.9892e+08  1.61%     -   21s
     0     0 7.9892e+08    0  600 8.1198e+08 7.9892e+08  1.61%     -   21s
     0     0 7.9892e+08    0  597 8.1198e+08 7.9892e+08  1.61%     -   21s
     0     0 7.9893e+08    0  591 8.1198e+08 7.9893e+08  1.61%     -   22s
     0     0 7.9895e+08    0  598 8.1198e+08 7.9895e+08  1.60%     -   22s
     0     0 7.9895e+08    0  598 8.1198e+08 7.9895e+08  1.60%     -   22s
H    0     0                    8.081399e+08 7.9895e+08  1.14%     -   23s
     0     0 7.9895e+08    0  593 8.0814e+08 7.9895e+08  1.14%     -   23s
     0     0 7.9895e+08    0  604 8.0814e+08 7.9895e+08  1.14%     -   23s
H    0     0                    8.075342e+08 7.9895e+08  1.06%     -   24s
     0     0 7.9895e+08    0  604 8.0753e+08 7.9895e+08  1.06%     -   25s
     0     0 7.9895e+08    0  602 8.0753e+08 7.9895e+08  1.06%     -   25s
     0     0 7.9901e+08    0  602 8.0753e+08 7.9901e+08  1.06%     -   25s
     0     2 7.9901e+08    0  602 8.0753e+08 7.9901e+08  1.06%     -   27s
    14    16 7.9918e+08    4  609 8.0753e+08 7.9918e+08  1.03%  87.3   28s
    38    33 7.9930e+08    7  607 8.0753e+08 7.9925e+08  1.03%  54.4   29s
    70    54 7.9956e+08   11  623 8.0753e+08 7.9925e+08  1.03%  47.2   30s
H   71    54                    8.075342e+08 7.9925e+08  1.03%  46.6   30s
    87    66 7.9969e+08   14  617 8.0753e+08 7.9925e+08  1.03%  49.2   31s
   104    76 7.9975e+08   16  619 8.0753e+08 7.9925e+08  1.03%  48.9   32s
   120    88 7.9980e+08   18  627 8.0753e+08 7.9925e+08  1.03%  47.0   33s
   166   127 7.9999e+08   24  626 8.0753e+08 7.9925e+08  1.03%  42.2   34s
   211   179 8.0008e+08   30  631 8.0753e+08 7.9925e+08  1.03%  39.1   35s
   254   226 8.0014e+08   33  652 8.0753e+08 7.9925e+08  1.03%  38.6   36s
   281   242 8.0026e+08   37  654 8.0753e+08 7.9925e+08  1.03%  39.7   37s
H  329   282                    8.067081e+08 7.9925e+08  0.92%  40.9   51s
H  330   282                    8.067030e+08 7.9925e+08  0.92%  40.9   51s
H  331   282                    8.065908e+08 7.9925e+08  0.91%  40.8   51s
H  336   282                    8.052798e+08 7.9925e+08  0.75%  40.5   51s
   337   309 8.0040e+08   44  634 8.0528e+08 7.9925e+08  0.75%  41.0   52s
   402   360 8.0050e+08   51  614 8.0528e+08 7.9925e+08  0.75%  39.1   67s
H  473   408                    8.049296e+08 7.9925e+08  0.71%  36.3   77s
   537   488 8.0093e+08   68  614 8.0493e+08 7.9925e+08  0.71%  35.9   78s
   595   527 8.0101e+08   76  606 8.0493e+08 7.9925e+08  0.71%  34.9   79s
   712   637 8.0120e+08   92  610 8.0493e+08 7.9925e+08  0.71%  33.2   80s
   769   685 8.0132e+08   99  581 8.0493e+08 7.9925e+08  0.71%  32.9   81s
   940   890 8.0164e+08  122  578 8.0493e+08 7.9925e+08  0.71%  32.3   82s
  1198  1094 8.0224e+08  154  578 8.0493e+08 7.9925e+08  0.71%  28.8   83s
  1316  1208 8.0234e+08  169  576 8.0493e+08 7.9925e+08  0.71%  27.4   84s
H 1609  1358                    8.049296e+08 7.9925e+08  0.71%  25.5   92s
H 1613  1358                    8.049295e+08 7.9925e+08  0.71%  25.5   92s
H 1614  1357                    8.049131e+08 7.9925e+08  0.70%  25.5   92s
H 1615  1345                    8.048041e+08 7.9925e+08  0.69%  25.5   92s
  1617  1463 8.0264e+08  209  550 8.0480e+08 7.9925e+08  0.69%  25.5   93s
  1743  1616 8.0290e+08  222  557 8.0480e+08 7.9925e+08  0.69%  25.4   94s
  2061  1854 8.0334e+08  260  535 8.0480e+08 7.9925e+08  0.69%  24.0   95s
  2200  1993 8.0349e+08  276  522 8.0480e+08 7.9925e+08  0.69%  23.9   96s
  2535  2255 8.0395e+08  315  533 8.0480e+08 7.9925e+08  0.69%  23.3   97s
  2738  2416 8.0404e+08  338  514 8.0480e+08 7.9925e+08  0.69%  22.6   98s
H 2947  2416                    8.048041e+08 7.9925e+08  0.69%  22.4  114s
  2948  2417 8.0471e+08  142  636 8.0480e+08 7.9925e+08  0.69%  22.4  125s
  2950  2418 8.0312e+08   87  437 8.0480e+08 7.9925e+08  0.69%  22.4  127s
  2951  2419 8.0392e+08   29  491 8.0480e+08 7.9925e+08  0.69%  22.4  128s
  2953  2420 8.0449e+08  319  575 8.0480e+08 7.9925e+08  0.69%  22.3  129s
  2957  2423 8.0249e+08  150  600 8.0480e+08 7.9925e+08  0.69%  22.3  130s
  2959  2424 8.0189e+08   62  595 8.0480e+08 7.9925e+08  0.69%  22.3  131s
  2962  2426 8.0321e+08  174  606 8.0480e+08 7.9925e+08  0.69%  22.3  132s
  2966  2429 8.0454e+08  304  704 8.0480e+08 7.9937e+08  0.67%  22.2  133s
  2968  2430 8.0305e+08  105  665 8.0480e+08 7.9953e+08  0.66%  22.2  134s
  2971  2432 8.0365e+08   67  731 8.0480e+08 7.9962e+08  0.64%  22.2  135s
  2975  2435 8.0349e+08  173  731 8.0480e+08 7.9978e+08  0.62%  22.2  136s
  2979  2438 8.0415e+08  199  769 8.0480e+08 7.9978e+08  0.62%  22.2  137s
  2983  2440 8.0411e+08  295  772 8.0480e+08 7.9987e+08  0.61%  22.1  138s
  2985  2442 8.0293e+08  151  805 8.0480e+08 8.0018e+08  0.58%  22.1  139s
  2990  2445 8.0356e+08  114  842 8.0480e+08 8.0027e+08  0.56%  22.1  140s
  2994  2448 8.0266e+08    9  817 8.0480e+08 8.0027e+08  0.56%  22.0  141s
  2996  2449 8.0112e+08   64  852 8.0480e+08 8.0035e+08  0.55%  22.0  142s
  2999  2451 8.0152e+08   15  826 8.0480e+08 8.0038e+08  0.55%  22.0  143s
  3002  2453 8.0391e+08   38  830 8.0480e+08 8.0038e+08  0.55%  22.0  144s
  3005  2455 8.0407e+08  167  810 8.0480e+08 8.0042e+08  0.54%  22.0  145s
  3011  2459 8.0143e+08   21  789 8.0480e+08 8.0046e+08  0.54%  21.9  146s
  3013  2460 8.0467e+08  331  838 8.0480e+08 8.0046e+08  0.54%  21.9  147s
  3014  2461 8.0237e+08  170  818 8.0480e+08 8.0051e+08  0.53%  21.9  148s
  3019  2464 8.0433e+08  249  840 8.0480e+08 8.0051e+08  0.53%  21.9  149s
  3020  2465 8.0459e+08   35  848 8.0480e+08 8.0054e+08  0.53%  21.9  150s
  3022  2466 8.0365e+08  245  848 8.0480e+08 8.0054e+08  0.53%  21.8  151s
  3025  2468 8.0188e+08  110  856 8.0480e+08 8.0059e+08  0.52%  21.8  152s
  3027  2470 8.0442e+08  300  851 8.0480e+08 8.0060e+08  0.52%  21.8  153s
  3031  2472 8.0466e+08  341  877 8.0480e+08 8.0061e+08  0.52%  21.8  154s
  3034  2474 8.0364e+08  186  826 8.0480e+08 8.0065e+08  0.52%  21.8  155s
  3035  2475 8.0322e+08  169  857 8.0480e+08 8.0073e+08  0.51%  21.7  156s
  3040  2478 8.0389e+08   47  761 8.0480e+08 8.0081e+08  0.50%  21.7  157s
  3045  2482 8.0421e+08   28  830 8.0480e+08 8.0082e+08  0.50%  21.7  158s
  3048  2484 8.0471e+08  142  842 8.0480e+08 8.0086e+08  0.49%  21.7  159s
  3051  2486 8.0392e+08   29  838 8.0480e+08 8.0087e+08  0.49%  21.6  160s
  3054  2488 8.0474e+08  288  823 8.0480e+08 8.0087e+08  0.49%  21.6  161s
  3057  2490 8.0249e+08  150  883 8.0480e+08 8.0088e+08  0.49%  21.6  162s
  3059  2491 8.0189e+08   62  890 8.0480e+08 8.0088e+08  0.49%  21.6  163s
  3061  2492 8.0468e+08  265  819 8.0480e+08 8.0089e+08  0.49%  21.6  166s
  3062  2493 8.0321e+08  174  819 8.0480e+08 8.0089e+08  0.49%  21.6  168s
  3063  2496 8.0089e+08   16  819 8.0480e+08 8.0089e+08  0.49%  50.4  169s
  3065  2497 8.0090e+08   17  820 8.0480e+08 8.0090e+08  0.49%  50.5  170s
  3073  2500 8.0092e+08   19  815 8.0480e+08 8.0092e+08  0.48%  51.5  171s
  3081  2500 8.0093e+08   20  790 8.0480e+08 8.0093e+08  0.48%  52.3  172s
  3089  2495 8.0333e+08   20  749 8.0480e+08 8.0093e+08  0.48%  53.5  173s
  3097  2494 8.0096e+08   21  786 8.0480e+08 8.0096e+08  0.48%  54.3  174s
  3105  2491 8.0394e+08   21  756 8.0480e+08 8.0096e+08  0.48%  55.6  175s
  3122  2486 8.0277e+08   22  741 8.0480e+08 8.0100e+08  0.47%  57.5  178s
H 3124  2358                    8.048034e+08 8.0100e+08  0.47%  57.6  178s
  3130  2357 8.0105e+08   23  773 8.0480e+08 8.0100e+08  0.47%  58.6  179s
  3138  2355 8.0228e+08   23  737 8.0480e+08 8.0105e+08  0.47%  59.7  180s
  3147  2352 8.0109e+08   24  767 8.0480e+08 8.0106e+08  0.47%  60.7  181s
  3167  2345 8.0109e+08   25  777 8.0480e+08 8.0109e+08  0.46%  62.8  182s
  3178  2341 8.0109e+08   26  775 8.0480e+08 8.0109e+08  0.46%  63.5  183s
  3191  2338 8.0109e+08   28  783 8.0480e+08 8.0109e+08  0.46%  63.9  184s
  3222  2328 8.0400e+08   30  761 8.0480e+08 8.0111e+08  0.46%  64.7  185s
  3242  2322 8.0111e+08   31  783 8.0480e+08 8.0111e+08  0.46%  64.7  186s
  3290  2313 8.0112e+08   34  789 8.0480e+08 8.0112e+08  0.46%  64.7  188s
  3350  2297 8.0115e+08   35  782 8.0480e+08 8.0115e+08  0.45%  65.3  189s
  3371  2287 8.0404e+08   35  810 8.0480e+08 8.0115e+08  0.45%  66.0  190s
  3399  2279 8.0118e+08   36  838 8.0480e+08 8.0118e+08  0.45%  66.5  202s
H 3406  2156                    8.048010e+08 8.0119e+08  0.45%  66.4  202s
H 3407  2042                    8.047864e+08 8.0119e+08  0.45%  66.4  202s
  3409  2044 8.0390e+08   36  781 8.0479e+08 8.0119e+08  0.45%  66.8  203s
  3447  2052 8.0119e+08   37  816 8.0479e+08 8.0119e+08  0.45%  66.6  204s
  3487  2049 8.0119e+08   38  811 8.0479e+08 8.0119e+08  0.45%  67.2  205s
  3535  2046     cutoff   39      8.0479e+08 8.0120e+08  0.45%  67.8  206s
  3584  2047 8.0121e+08   42  805 8.0479e+08 8.0121e+08  0.44%  67.9  207s
  3635  2037 8.0127e+08   43  776 8.0479e+08 8.0127e+08  0.44%  68.3  208s
  3682  2036 8.0128e+08   44  800 8.0479e+08 8.0128e+08  0.44%  68.7  209s
  3722  2047 8.0128e+08   45  795 8.0479e+08 8.0128e+08  0.44%  69.4  211s
H 3743  1931                    8.047700e+08 8.0128e+08  0.43%  69.5  211s
  3774  1957     cutoff   46      8.0477e+08 8.0129e+08  0.43%  69.5  212s
  3846  1972 8.0162e+08   48  742 8.0477e+08 8.0135e+08  0.42%  70.0  213s
  4009  2015 8.0146e+08   53  788 8.0477e+08 8.0146e+08  0.41%  70.7  214s
  4109  2020 8.0157e+08   55  738 8.0477e+08 8.0157e+08  0.40%  70.8  215s
  4196  2042 8.0160e+08   56  764 8.0477e+08 8.0160e+08  0.39%  71.3  217s
  4293  2077 8.0166e+08   57  792 8.0477e+08 8.0162e+08  0.39%  71.6  218s
  4388  2132 8.0167e+08   59  788 8.0477e+08 8.0162e+08  0.39%  72.2  219s
  4499  2151 8.0169e+08   61  757 8.0477e+08 8.0162e+08  0.39%  72.5  222s
  4599  2197 8.0455e+08   65  677 8.0477e+08 8.0162e+08  0.39%  73.8  223s
  4714  2240 8.0181e+08   67  763 8.0477e+08 8.0162e+08  0.39%  74.0  224s
  4830  2280 8.0186e+08   70  739 8.0477e+08 8.0162e+08  0.39%  74.7  227s
  4931  2312 8.0194e+08   73  744 8.0477e+08 8.0162e+08  0.39%  74.9  228s
  5024  2413 8.0247e+08   76  729 8.0477e+08 8.0162e+08  0.39%  75.0  229s
  5196  2483 8.0472e+08   81  660 8.0477e+08 8.0162e+08  0.39%  74.6  231s
  5375  2444 8.0216e+08   84  726 8.0477e+08 8.0162e+08  0.39%  74.3  232s
  5430  2494 8.0221e+08   87  726 8.0477e+08 8.0162e+08  0.39%  75.1  234s
  5560  2574 8.0457e+08   90  738 8.0477e+08 8.0162e+08  0.39%  74.9  236s
  5776  2610 8.0376e+08   96  708 8.0477e+08 8.0162e+08  0.39%  74.2  238s
  5980  2547 8.0241e+08  103  776 8.0477e+08 8.0162e+08  0.39%  74.1  240s
  6018  2630 8.0245e+08  106  759 8.0477e+08 8.0162e+08  0.39%  75.5  241s
  6174  2707 8.0249e+08  111  752 8.0477e+08 8.0162e+08  0.39%  76.3  243s
  6407  2630 8.0255e+08  117  726 8.0477e+08 8.0162e+08  0.39%  76.2  245s
  6454  2725 8.0371e+08  119  690 8.0477e+08 8.0162e+08  0.39%  77.1  247s
  6628  2882 8.0270e+08  130  728 8.0477e+08 8.0162e+08  0.39%  78.0  248s
  6878  2801 8.0371e+08  139  709 8.0477e+08 8.0162e+08  0.39%  77.8  250s
  6936  2784 8.0283e+08  144  726 8.0477e+08 8.0162e+08  0.39%  78.7  257s
  6944  2958 8.0283e+08  145  717 8.0477e+08 8.0162e+08  0.39%  78.6  260s
  7197  3046 8.0300e+08  154  709 8.0477e+08 8.0162e+08  0.39%  78.6  262s
  7407  2978 8.0312e+08  163  726 8.0477e+08 8.0162e+08  0.39%  79.6  265s
  7468  3129 8.0316e+08  169  647 8.0477e+08 8.0162e+08  0.39%  80.1  268s
  7700  3204     cutoff  179      8.0477e+08 8.0162e+08  0.39%  80.7  272s
  7964  3113     cutoff  196      8.0477e+08 8.0162e+08  0.39%  81.5  274s
  8029  3282 8.0362e+08  203  564 8.0477e+08 8.0162e+08  0.39%  81.7  276s
  8293  3474     cutoff  222      8.0477e+08 8.0162e+08  0.39%  82.0  279s
  8659  3618     cutoff  252      8.0477e+08 8.0162e+08  0.39%  81.3  281s
  9089  3491     cutoff  286      8.0477e+08 8.0162e+08  0.39%  80.1  284s
  9234  3754 8.0414e+08  303  547 8.0477e+08 8.0162e+08  0.39%  79.8  286s
  9695  3827 8.0476e+08  338  519 8.0477e+08 8.0162e+08  0.39%  78.6  290s
  9896  3984 8.0444e+08  358  492 8.0477e+08 8.0162e+08  0.39%  78.2  293s
 10251  4152     cutoff  395      8.0477e+08 8.0162e+08  0.39%  77.2  296s
 10653  4334 8.0477e+08  444  442 8.0477e+08 8.0174e+08  0.38%  76.7  299s
 11080  4504     cutoff   56      8.0477e+08 8.0191e+08  0.36%  76.6  302s
 11537  4696 8.0374e+08   71  695 8.0477e+08 8.0191e+08  0.36%  76.8  305s
 11974  5014 8.0404e+08   94  700 8.0477e+08 8.0196e+08  0.35%  76.8  308s
 12600  5275 8.0197e+08   55  810 8.0477e+08 8.0197e+08  0.35%  75.9  312s
 13128  5574 8.0382e+08   70  760 8.0477e+08 8.0201e+08  0.34%  75.8  316s
 13722  5841 8.0475e+08  145  624 8.0477e+08 8.0201e+08  0.34%  75.0  321s
H13771  4006                    8.043277e+08 8.0201e+08  0.29%  75.1  321s
 14178  4392     cutoff  100      8.0433e+08 8.0202e+08  0.29%  74.3  326s
 14792  4904 8.0424e+08  147  707 8.0433e+08 8.0218e+08  0.27%  74.3  332s
H15173  4904                    8.043277e+08 8.0222e+08  0.26%  74.4  332s
 15492  5342 8.0326e+08  158  717 8.0433e+08 8.0223e+08  0.26%  74.8  336s
 16032  5746 8.0379e+08  240  636 8.0433e+08 8.0238e+08  0.24%  75.0  340s
 16631  6088 8.0382e+08  112  656 8.0433e+08 8.0241e+08  0.24%  75.4  344s
 17178  6108 8.0389e+08   51  733 8.0433e+08 8.0244e+08  0.24%  76.0  349s
 17371  6549 8.0392e+08   70  635 8.0433e+08 8.0246e+08  0.23%  76.0  354s
 18034  7097 8.0403e+08  157  626 8.0433e+08 8.0249e+08  0.23%  76.4  359s
 18848  7289 8.0368e+08   62  654 8.0433e+08 8.0250e+08  0.23%  76.3  365s
 19322  7762 8.0409e+08  110  554 8.0433e+08 8.0252e+08  0.23%  76.1  371s
 20043  8430 8.0319e+08  140  682 8.0433e+08 8.0255e+08  0.22%  75.9  377s
 20915  9109 8.0430e+08  263  582 8.0433e+08 8.0257e+08  0.22%  75.5  383s
 21894  9611     cutoff   64      8.0433e+08 8.0260e+08  0.21%  74.9  389s
 22782 10156 8.0362e+08  186  708 8.0433e+08 8.0263e+08  0.21%  75.5  396s
 23714 10780     cutoff   78      8.0433e+08 8.0266e+08  0.21%  75.6  403s
 24752 11311 8.0431e+08  100  709 8.0433e+08 8.0270e+08  0.20%  75.3  410s
 25770 11918 8.0426e+08   70  689 8.0433e+08 8.0272e+08  0.20%  75.6  418s
 26683 12500 8.0321e+08   96  691 8.0433e+08 8.0274e+08  0.20%  76.1  425s
 27597 12559 8.0365e+08  155  631 8.0433e+08 8.0275e+08  0.20%  76.5  432s
 27853 12989 8.0375e+08  185  549 8.0433e+08 8.0277e+08  0.19%  76.6  444s
 28483 12995     cutoff  134      8.0433e+08 8.0278e+08  0.19%  76.6  463s
H28484 12980                    8.043258e+08 8.0278e+08  0.19%  76.6  463s
H28485 11675                    8.042356e+08 8.0278e+08  0.18%  76.6  463s
H28487 11657                    8.042343e+08 8.0278e+08  0.18%  76.6  463s
 28493 12224 8.0396e+08  135  709 8.0423e+08 8.0278e+08  0.18%  76.6  470s
H29530 12453                    8.042342e+08 8.0280e+08  0.18%  76.8  571s
 30049 13394 8.0392e+08  150  679 8.0423e+08 8.0282e+08  0.18%  77.2  583s
 31729 13423 8.0392e+08  180  586 8.0423e+08 8.0285e+08  0.17%  77.1  590s
H31858 13372                    8.042321e+08 8.0285e+08  0.17%  77.2  590s
 31918 13579 8.0416e+08  238  498 8.0423e+08 8.0286e+08  0.17%  77.3  598s
 32548 14042 8.0318e+08  104  717 8.0423e+08 8.0289e+08  0.17%  78.2  608s
 33624 14231     cutoff   85      8.0423e+08 8.0293e+08  0.16%  79.8  618s
H33674 14226                    8.042318e+08 8.0293e+08  0.16%  79.9  618s
 33952 14586 8.0358e+08  114  766 8.0423e+08 8.0293e+08  0.16%  80.1  641s
 34898 15048 8.0312e+08  139  786 8.0423e+08 8.0296e+08  0.16%  81.6  652s
H34990 15048                    8.042318e+08 8.0296e+08  0.16%  81.7  652s
H35075 15046                    8.042317e+08 8.0296e+08  0.16%  81.7  652s
 35815 15664 8.0421e+08  125  679 8.0423e+08 8.0297e+08  0.16%  82.0  665s
 37331 16476 8.0330e+08  102  734 8.0423e+08 8.0299e+08  0.15%  83.3  677s
 38648 17170 8.0406e+08  135  757 8.0423e+08 8.0302e+08  0.15%  84.4  688s
 39989 17193 8.0398e+08  159  620 8.0423e+08 8.0305e+08  0.15%  85.5  698s
 40474 17706 8.0423e+08  255  457 8.0423e+08 8.0305e+08  0.15%  86.2  709s
 41766 18266     cutoff  103      8.0423e+08 8.0309e+08  0.14%  87.1  720s
 43031 18347 8.0420e+08  122  655 8.0423e+08 8.0311e+08  0.14%  88.2  731s
H43458 18253                    8.042281e+08 8.0312e+08  0.14%  88.7  731s
 43535 18951 8.0375e+08  108  609 8.0423e+08 8.0314e+08  0.14%  88.9  742s
 45091 18938 8.0422e+08  129  676 8.0423e+08 8.0316e+08  0.13%  89.3  760s
H45101 18065                    8.041942e+08 8.0316e+08  0.13%  89.3  760s
H45115 18065                    8.041942e+08 8.0316e+08  0.13%  89.3  760s
 45147 18846 8.0375e+08  154  597 8.0419e+08 8.0316e+08  0.13%  89.4  776s
 46827 19464 8.0346e+08  180  586 8.0419e+08 8.0318e+08  0.13%  89.3  789s
 48257 19617 8.0388e+08  134  666 8.0419e+08 8.0319e+08  0.13%  89.8  800s
 48820 20107 8.0362e+08  154  572 8.0419e+08 8.0321e+08  0.12%  90.2  813s
 50231 20556     cutoff  207      8.0419e+08 8.0323e+08  0.12%  90.8  825s
 51757 21128 8.0417e+08  156  570 8.0419e+08 8.0326e+08  0.12%  90.9  837s
 53087 21614 8.0397e+08  100  654 8.0419e+08 8.0327e+08  0.12%  91.2  848s
 54413 22026     cutoff  124      8.0419e+08 8.0328e+08  0.11%  91.3  859s
 55754 22619 8.0414e+08   74  727 8.0419e+08 8.0329e+08  0.11%  91.2  870s
 57120 22936 8.0380e+08  157  599 8.0419e+08 8.0331e+08  0.11%  91.1  882s
 57966 23537 8.0406e+08  196  498 8.0419e+08 8.0333e+08  0.11%  91.0  894s
*58530 23292            1487    8.041920e+08 8.0333e+08  0.11%  90.7  894s
 59343 23621 8.0399e+08  179  648 8.0419e+08 8.0333e+08  0.11%  91.0  905s
 60476 23880 8.0377e+08  183  613 8.0419e+08 8.0335e+08  0.10%  91.4  919s
 61564 24230 8.0370e+08   84  720 8.0419e+08 8.0337e+08  0.10%  91.9  934s
 63082 24686 8.0416e+08  136  676 8.0419e+08 8.0340e+08  0.10%  92.8  946s
 64309 25186 8.0392e+08  238  511 8.0419e+08 8.0341e+08  0.10%  93.7  959s
 65607 25567 8.0389e+08  223  565 8.0419e+08 8.0343e+08  0.09%  94.4  973s
 66711 25703     cutoff  127      8.0419e+08 8.0345e+08  0.09%  95.3  985s
 67798 25703 8.0365e+08  105  646 8.0419e+08 8.0346e+08  0.09%  96.1  986s
 67962 25883 8.0382e+08  170  566 8.0419e+08 8.0346e+08  0.09%  96.2  998s
 68911 26303 8.0411e+08  255  461 8.0419e+08 8.0347e+08  0.09%  96.5 1011s
 70411 26472 8.0412e+08  133  617 8.0419e+08 8.0349e+08  0.09%  97.0 1024s
 71583 26823 8.0396e+08  147  659 8.0419e+08 8.0351e+08  0.08%  97.8 1036s
 72811 27121 8.0371e+08  165  689 8.0419e+08 8.0352e+08  0.08%  98.1 1049s
 73140 27121     cutoff   45      8.0419e+08 8.0352e+08  0.08%  98.2 1050s
 74062 27355     cutoff  124      8.0419e+08 8.0353e+08  0.08%  98.6 1069s
 75007 27852 8.0385e+08  151  617 8.0419e+08 8.0353e+08  0.08%  98.8 1082s
 76393 28177 8.0407e+08  101  682 8.0419e+08 8.0354e+08  0.08%  99.1 1094s
 77778 28508 8.0403e+08  106  624 8.0419e+08 8.0355e+08  0.08%  99.1 1107s
 79134 28936 8.0413e+08  132  598 8.0419e+08 8.0356e+08  0.08%  99.2 1118s
 80346 29265 8.0404e+08  159  659 8.0419e+08 8.0357e+08  0.08%  99.5 1129s
 81561 29428 8.0377e+08  155  607 8.0419e+08 8.0358e+08  0.08%   100 1140s
 82641 29474 8.0414e+08  118  634 8.0419e+08 8.0360e+08  0.07%   101 1150s
 83327 29900 8.0403e+08  129  646 8.0419e+08 8.0360e+08  0.07%   101 1162s
 84683 30391 8.0418e+08  120  610 8.0419e+08 8.0361e+08  0.07%   101 1174s
 86037 30616     cutoff  141      8.0419e+08 8.0362e+08  0.07%   102 1186s
 86959 30972 8.0380e+08  208  543 8.0419e+08 8.0362e+08  0.07%   102 1198s
 88232 31349     cutoff  173      8.0419e+08 8.0364e+08  0.07%   102 1211s
 89561 31594 8.0410e+08  178  679 8.0419e+08 8.0364e+08  0.07%   102 1225s
 91165 31691 8.0412e+08  125  753 8.0419e+08 8.0365e+08  0.07%   102 1237s
 92355 32029 8.0419e+08  195  580 8.0419e+08 8.0366e+08  0.07%   103 1249s
 93659 32372 8.0392e+08  144  635 8.0419e+08 8.0367e+08  0.06%   103 1260s
 95045 32644 8.0384e+08   93  727 8.0419e+08 8.0367e+08  0.06%   102 1271s
 96345 32898 8.0400e+08  180  615 8.0419e+08 8.0368e+08  0.06%   102 1285s
 97437 33066 8.0407e+08  154  618 8.0419e+08 8.0369e+08  0.06%   102 1299s
 98622 33235 8.0407e+08  115  630 8.0419e+08 8.0370e+08  0.06%   103 1311s
 99816 33235 8.0397e+08  128  675 8.0419e+08 8.0370e+08  0.06%   103 1312s
 99954 33311 8.0408e+08  121  683 8.0419e+08 8.0370e+08  0.06%   103 1323s
 100731 33292 8.0413e+08  213  503 8.0419e+08 8.0371e+08  0.06%   103 1335s
 101926 33318 8.0411e+08  181  594 8.0419e+08 8.0372e+08  0.06%   103 1347s
 102954 33440 8.0398e+08  124  670 8.0419e+08 8.0373e+08  0.06%   103 1360s
 104185 33522 8.0404e+08  182  610 8.0419e+08 8.0373e+08  0.06%   104 1374s
 105638 33747 8.0406e+08  152  616 8.0419e+08 8.0375e+08  0.06%   104 1388s
 106925 33993 8.0419e+08  256  552 8.0419e+08 8.0375e+08  0.05%   104 1401s
 108527 34046 8.0406e+08  147  705 8.0419e+08 8.0376e+08  0.05%   104 1415s
 109962 34170 8.0408e+08  176  634 8.0419e+08 8.0376e+08  0.05%   104 1429s
 111314 34228 8.0403e+08  272  589 8.0419e+08 8.0378e+08  0.05%   104 1442s
 112648 34296 8.0401e+08  128  597 8.0419e+08 8.0379e+08  0.05%   105 1455s
 113430 34296 8.0409e+08  192  674 8.0419e+08 8.0379e+08  0.05%   105 1456s
 113805 34306 8.0416e+08  189  598 8.0419e+08 8.0380e+08  0.05%   105 1470s
 115212 34177 8.0400e+08  113  691 8.0419e+08 8.0380e+08  0.05%   105 1484s
 116102 34309 8.0415e+08  192  574 8.0419e+08 8.0381e+08  0.05%   105 1503s
 117499 34378 8.0395e+08  162  682 8.0419e+08 8.0381e+08  0.05%   105 1517s
 118881 34447     cutoff  146      8.0419e+08 8.0382e+08  0.05%   106 1532s
 120421 34334 8.0413e+08  213  543 8.0419e+08 8.0383e+08  0.05%   106 1546s
 122052 34014     cutoff  190      8.0419e+08 8.0384e+08  0.04%   106 1560s
 123511 33830     cutoff  216      8.0419e+08 8.0385e+08  0.04%   106 1574s
 125090 33659 8.0416e+08  149  630 8.0419e+08 8.0386e+08  0.04%   106 1589s
 126596 33631 8.0407e+08  143  586 8.0419e+08 8.0387e+08  0.04%   106 1603s
 128004 33631 8.0391e+08  133  724 8.0419e+08 8.0387e+08  0.04%   106 1604s
 128192 33523 8.0412e+08  302  513 8.0419e+08 8.0387e+08  0.04%   106 1617s
 129767 33490 8.0414e+08  235  662 8.0419e+08 8.0389e+08  0.04%   106 1628s
 131344 33254     cutoff  110      8.0419e+08 8.0389e+08  0.04%   106 1641s
 132962 32844 8.0409e+08  166  591 8.0419e+08 8.0390e+08  0.04%   106 1654s
 134566 32798 8.0401e+08  152  601 8.0419e+08 8.0391e+08  0.04%   106 1689s
 134624 32615 8.0401e+08  153  600 8.0419e+08 8.0391e+08  0.04%   106 1704s
 136167 32254 8.0413e+08  291  498 8.0419e+08 8.0391e+08  0.03%   106 1724s
 137493 31736 8.0414e+08  136  651 8.0419e+08 8.0392e+08  0.03%   106 1739s
 139118 31153     cutoff  152      8.0419e+08 8.0393e+08  0.03%   106 1752s
 140725 30476     cutoff  141      8.0419e+08 8.0395e+08  0.03%   106 1764s
 142367 30384     cutoff   92      8.0419e+08 8.0395e+08  0.03%   106 1777s
 142632 29953     cutoff  162      8.0419e+08 8.0395e+08  0.03%   106 1797s
 144263 29464     cutoff   95      8.0419e+08 8.0396e+08  0.03%   106 1815s
 145734 28776     cutoff  106      8.0419e+08 8.0397e+08  0.03%   106 1830s
 147413 28100 8.0403e+08  321  500 8.0419e+08 8.0398e+08  0.03%   106 1844s
 149073 27572 8.0416e+08  525  326 8.0419e+08 8.0398e+08  0.03%   105 1858s
 150734 26936     cutoff  202      8.0419e+08 8.0400e+08  0.02%   105 1872s
 152393 25984 8.0403e+08  170  615 8.0419e+08 8.0400e+08  0.02%   105 1883s
 154029 24950 8.0412e+08   87  627 8.0419e+08 8.0401e+08  0.02%   104 1896s
 155681 23947     cutoff  158      8.0419e+08 8.0402e+08  0.02%   104 1909s
 157303 23050     cutoff  245      8.0419e+08 8.0403e+08  0.02%   104 1920s
 158801 21966 8.0414e+08  176  541 8.0419e+08 8.0404e+08  0.02%   103 1932s
 160454 20882     cutoff  263      8.0419e+08 8.0405e+08  0.02%   103 1943s
 162134 19855 8.0417e+08  374  442 8.0419e+08 8.0406e+08  0.02%   103 1954s
 163800 18760     cutoff  101      8.0419e+08 8.0406e+08  0.02%   102 1965s
 165465 17730     cutoff  141      8.0419e+08 8.0407e+08  0.01%   102 1977s
 167120 16616     cutoff  173      8.0419e+08 8.0407e+08  0.01%   101 1989s
 168783 15396     cutoff  151      8.0419e+08 8.0408e+08  0.01%   101 1999s
 170454 14083 8.0415e+08  248  458 8.0419e+08 8.0409e+08  0.01%   100 2008s
 172125 12567     cutoff  168      8.0419e+08 8.0410e+08  0.01%   100 2016s

Cutting planes:
  Gomory: 93
  Lift-and-project: 30
  MIR: 153
  Mixing: 19
  Flow cover: 3214
  RLT: 1
  Relax-and-lift: 24

Explored 173805 nodes (17389553 simplex iterations) in 2018.75 seconds (2731.50 work units)
Thread count was 8 (of 8 available processors)

Solution count 10: 8.04192e+08 8.04192e+08 8.04194e+08 ... 8.04326e+08

Optimal solution found (tolerance 1.00e-04)
Best objective 8.041919949124e+08, best bound 8.041146415022e+08, gap 0.0096%

Gurobi 11.0.3 (mac64[arm]) logging started Mon Dec 15 10:51:38 2025

Set parameter LogFile to value "unknown.gurobi.log"
Set parameter DisplayInterval to value 1
Gurobi Optimizer version 11.0.3 build v11.0.3rc0 (mac64[arm] - Darwin 24.6.0 24G90)

CPU model: Apple M1 Pro
Thread count: 8 physical cores, 8 logical processors, using up to 8 threads

Optimize a model with 213281 rows, 184042 columns and 590043 nonzeros
Model fingerprint: 0xd8c37583
Variable types: 130442 continuous, 53600 integer (53600 binary)
Coefficient statistics:
  Matrix range     [5e-03, 5e+07]
  Objective range  [4e-03, 5e+05]
  Bounds range     [1e+00, 1e+00]
  RHS range        [9e-02, 3e+07]
Found heuristic solution: objective 1.742968e+12
Presolve removed 128161 rows and 102473 columns
Presolve time: 0.77s
Presolved: 85120 rows, 81569 columns, 241539 nonzeros
Variable types: 56114 continuous, 25455 integer (25455 binary)
Root barrier log...

Ordering time: 0.01s

Barrier statistics:
 AA' NZ     : 8.024e+04
 Factor NZ  : 3.864e+05 (roughly 40 MB of memory)
 Factor Ops : 1.383e+07 (less than 1 second per iteration)
 Threads    : 8

                  Objective                Residual
Iter       Primal          Dual         Primal    Dual     Compl     Time
   0  -9.74322262e+13 -1.28148619e+16  5.94e+05 1.79e+05  6.30e+11     1s
   1  -2.54851681e+13 -7.14612632e+15  2.10e+05 3.61e-09  1.79e+11     1s
   2  -3.65852927e+12 -2.42069309e+15  3.19e+04 4.12e-08  3.22e+10     1s
   3   1.25719116e+11 -2.33113041e+14  1.08e+03 3.10e-08  2.06e+09     1s
   4   1.96748270e+11 -2.15562838e+13  3.43e+02 3.32e-09  2.32e+08     1s
   5   1.44331995e+11 -1.08450800e+13  8.07e+01 1.86e-09  9.06e+07     1s
   6   6.54291033e+10 -2.38606569e+12  8.15e+00 2.79e-09  1.81e+07     1s
   7   3.29857150e+10 -1.31797265e+12  9.03e-01 1.86e-09  9.82e+06     1s
   8   2.37507498e+10 -5.26554560e+11  7.10e-02 3.73e-09  3.98e+06     1s
   9   2.31014438e+10 -2.44321879e+11  5.64e-02 1.86e-09  1.93e+06     1s
  10   1.90180415e+10 -1.35613280e+11  1.06e-02 2.06e-09  1.12e+06     1s
  11   1.66340000e+10 -7.62925851e+10  6.90e-03 2.40e-09  6.71e+05     1s
  12   1.33569726e+10 -5.50234905e+10  4.96e-03 2.60e-09  4.94e+05     1s
  13   8.25048763e+09 -1.63622506e+10  2.42e-03 2.69e-09  1.78e+05     1s
  14   5.28240157e+09 -4.82901416e+09  1.43e-03 3.87e-09  7.32e+04     1s
  15   2.82751089e+09 -2.38927846e+09  6.44e-04 4.10e-09  3.77e+04     1s
  16   1.55350065e+09 -2.72993965e+08  2.18e-04 4.16e-09  1.32e+04     1s
  17   1.41613890e+09 -2.57776900e+08  1.74e-04 4.94e-09  1.21e+04     1s
  18   1.30604114e+09 -1.82946083e+08  1.39e-04 5.60e-09  1.08e+04     1s
  19   1.16270459e+09  3.43013059e+06  9.85e-05 5.67e-09  8.38e+03     1s
  20   1.07054886e+09  1.47076704e+08  7.00e-05 5.11e-09  6.68e+03     1s
  21   9.69010126e+08  3.45636740e+08  4.01e-05 6.14e-09  4.51e+03     1s
  22   9.23524248e+08  4.87888370e+08  2.74e-05 5.01e-09  3.15e+03     1s
  23   9.03885588e+08  5.73076908e+08  2.25e-05 6.64e-09  2.39e+03     1s
  24   8.79176629e+08  6.15025210e+08  1.64e-05 6.38e-09  1.91e+03     1s
  25   8.71706344e+08  6.46962043e+08  1.46e-05 6.34e-09  1.63e+03     1s
  26   8.62430452e+08  6.99259122e+08  1.25e-05 8.07e-09  1.18e+03     1s
  27   8.35737623e+08  7.32940160e+08  6.59e-06 8.52e-09  7.44e+02     1s
  28   8.24161498e+08  7.54449522e+08  9.08e-06 9.54e-09  5.04e+02     1s
  29   8.16158424e+08  7.65739778e+08  6.93e-06 9.48e-09  3.65e+02     1s
  30   8.10340219e+08  7.72429167e+08  5.26e-06 9.34e-09  2.74e+02     1s
  31   8.05136246e+08  7.76645135e+08  3.77e-06 1.01e-08  2.06e+02     1s
  32   8.01207567e+08  7.81802844e+08  2.86e-06 1.04e-08  1.40e+02     1s
  33   7.98542784e+08  7.83668708e+08  2.28e-06 8.27e-09  1.08e+02     1s

Barrier solved model in 33 iterations and 1.37 seconds (1.70 work units)
Optimal objective 7.98542784e+08


Root crossover log...

       0 DPushes remaining with DInf 0.0000000e+00                 1s

   46997 PPushes remaining with PInf 2.2488495e-06                 1s
       0 PPushes remaining with PInf 0.0000000e+00                 2s

  Push phase complete: Pinf 0.0000000e+00, Dinf 3.2265111e+06      2s


Root simplex log...

Iteration    Objective       Primal Inf.    Dual Inf.      Time
   59514    7.8852831e+08   0.000000e+00   3.226511e+06      2s
   64834    7.8842839e+08   0.000000e+00   0.000000e+00      2s
   73319    7.8842839e+08   0.000000e+00   0.000000e+00      2s
Extra simplex iterations after uncrush: 8485

Root relaxation: objective 7.884284e+08, 73319 iterations, 0.89 seconds (1.14 work units)

    Nodes    |    Current Node    |     Objective Bounds      |     Work
 Expl Unexpl |  Obj  Depth IntInf | Incumbent    BestBd   Gap | It/Node Time

     0     0 7.8843e+08    0  539 1.7430e+12 7.8843e+08   100%     -    2s
H    0     0                    1.320758e+09 7.8843e+08  40.3%     -    2s
H    0     0                    8.184718e+08 7.8843e+08  3.67%     -    2s
H    0     0                    8.184718e+08 7.8843e+08  3.67%     -    3s
     0     0 7.9500e+08    0  553 8.1847e+08 7.9500e+08  2.87%     -    3s
     0     0 7.9519e+08    0  551 8.1847e+08 7.9519e+08  2.85%     -    3s
     0     0 7.9605e+08    0  591 8.1847e+08 7.9605e+08  2.74%     -    3s
H    0     0                    8.162794e+08 7.9616e+08  2.47%     -    4s
     0     0 7.9616e+08    0  590 8.1628e+08 7.9616e+08  2.47%     -    4s
     0     0 7.9616e+08    0  592 8.1628e+08 7.9616e+08  2.47%     -    4s
     0     0 7.9713e+08    0  680 8.1628e+08 7.9713e+08  2.35%     -    5s
     0     0 7.9732e+08    0  686 8.1628e+08 7.9732e+08  2.32%     -    5s
     0     0 7.9732e+08    0  688 8.1628e+08 7.9732e+08  2.32%     -    5s
     0     0 7.9782e+08    0  636 8.1628e+08 7.9782e+08  2.26%     -    6s
     0     0 7.9790e+08    0  631 8.1628e+08 7.9790e+08  2.25%     -    6s
     0     0 7.9790e+08    0  630 8.1628e+08 7.9790e+08  2.25%     -    6s
     0     0 7.9794e+08    0  651 8.1628e+08 7.9794e+08  2.25%     -    6s
     0     0 7.9796e+08    0  656 8.1628e+08 7.9796e+08  2.24%     -    7s
     0     0 7.9796e+08    0  649 8.1628e+08 7.9796e+08  2.24%     -    7s
     0     0 7.9796e+08    0  649 8.1628e+08 7.9796e+08  2.24%     -    7s
     0     0 7.9808e+08    0  677 8.1628e+08 7.9808e+08  2.23%     -    7s
H    0     0                    8.162794e+08 7.9810e+08  2.23%     -    8s
     0     0 7.9811e+08    0  693 8.1628e+08 7.9811e+08  2.23%     -    8s
     0     0 7.9811e+08    0  696 8.1628e+08 7.9811e+08  2.23%     -    8s
     0     0 7.9816e+08    0  676 8.1628e+08 7.9816e+08  2.22%     -    8s
     0     0 7.9816e+08    0  695 8.1628e+08 7.9816e+08  2.22%     -    9s
     0     0 7.9817e+08    0  682 8.1628e+08 7.9817e+08  2.22%     -    9s
H    0     0                    8.159584e+08 7.9818e+08  2.18%     -    9s
     0     0 7.9818e+08    0  683 8.1596e+08 7.9818e+08  2.18%     -    9s
     0     0 7.9822e+08    0  707 8.1596e+08 7.9822e+08  2.17%     -   10s
     0     0 7.9827e+08    0  692 8.1596e+08 7.9827e+08  2.17%     -   10s
     0     0 7.9827e+08    0  691 8.1596e+08 7.9827e+08  2.17%     -   10s
     0     0 7.9828e+08    0  693 8.1596e+08 7.9828e+08  2.17%     -   10s
     0     0 7.9847e+08    0  700 8.1596e+08 7.9847e+08  2.14%     -   11s
     0     0 7.9847e+08    0  703 8.1596e+08 7.9847e+08  2.14%     -   11s
     0     0 7.9847e+08    0  681 8.1596e+08 7.9847e+08  2.14%     -   11s
     0     0 7.9847e+08    0  678 8.1596e+08 7.9847e+08  2.14%     -   11s
     0     0 7.9847e+08    0  672 8.1596e+08 7.9847e+08  2.14%     -   12s
H    0     0                    8.148075e+08 7.9847e+08  2.01%     -   12s
     0     0 7.9847e+08    0  673 8.1481e+08 7.9847e+08  2.01%     -   12s
     0     0 7.9847e+08    0  668 8.1481e+08 7.9847e+08  2.01%     -   13s
     0     0 7.9847e+08    0  660 8.1481e+08 7.9847e+08  2.01%     -   13s
     0     0 7.9847e+08    0  678 8.1481e+08 7.9847e+08  2.01%     -   13s
     0     0 7.9847e+08    0  644 8.1481e+08 7.9847e+08  2.01%     -   13s
     0     0 7.9847e+08    0  693 8.1481e+08 7.9847e+08  2.01%     -   14s
     0     0 7.9847e+08    0  682 8.1481e+08 7.9847e+08  2.01%     -   14s
     0     0 7.9847e+08    0  682 8.1481e+08 7.9847e+08  2.01%     -   14s
     0     0 7.9847e+08    0  682 8.1481e+08 7.9847e+08  2.00%     -   14s
     0     0 7.9847e+08    0  438 8.1481e+08 7.9847e+08  2.00%     -   16s
H    0     0                    8.148075e+08 7.9847e+08  2.00%     -   17s
     0     0 7.9847e+08    0  497 8.1481e+08 7.9847e+08  2.00%     -   17s
H    0     0                    8.144541e+08 7.9847e+08  1.96%     -   18s
     0     0 7.9847e+08    0  522 8.1445e+08 7.9847e+08  1.96%     -   19s
     0     0 7.9847e+08    0  571 8.1445e+08 7.9847e+08  1.96%     -   19s
H    0     0                    8.137320e+08 7.9847e+08  1.88%     -   19s
     0     0 7.9847e+08    0  565 8.1373e+08 7.9847e+08  1.88%     -   19s
     0     0 7.9847e+08    0  577 8.1373e+08 7.9847e+08  1.88%     -   19s
     0     0 7.9847e+08    0  619 8.1373e+08 7.9847e+08  1.88%     -   20s
     0     0 7.9847e+08    0  599 8.1373e+08 7.9847e+08  1.88%     -   20s
     0     0 7.9848e+08    0  614 8.1373e+08 7.9848e+08  1.87%     -   20s
     0     0 7.9858e+08    0  613 8.1373e+08 7.9858e+08  1.86%     -   21s
     0     0 7.9858e+08    0  611 8.1373e+08 7.9858e+08  1.86%     -   21s
H    0     0                    8.133371e+08 7.9858e+08  1.81%     -   22s
     0     0 7.9858e+08    0  603 8.1334e+08 7.9858e+08  1.81%     -   22s
     0     0 7.9858e+08    0  603 8.1334e+08 7.9858e+08  1.81%     -   22s
     0     0 7.9860e+08    0  593 8.1334e+08 7.9860e+08  1.81%     -   22s
H    0     0                    8.133371e+08 7.9862e+08  1.81%     -   23s
     0     0 7.9862e+08    0  592 8.1334e+08 7.9862e+08  1.81%     -   23s
     0     0 7.9862e+08    0  621 8.1334e+08 7.9862e+08  1.81%     -   23s
     0     0 7.9862e+08    0  626 8.1334e+08 7.9862e+08  1.81%     -   23s
     0     0 7.9862e+08    0  622 8.1334e+08 7.9862e+08  1.81%     -   23s
H    0     0                    8.088308e+08 7.9862e+08  1.26%     -   24s
H    0     0                    8.088308e+08 7.9862e+08  1.26%     -   24s
     0     0 7.9862e+08    0  630 8.0883e+08 7.9862e+08  1.26%     -   24s
     0     0 7.9862e+08    0  629 8.0883e+08 7.9862e+08  1.26%     -   24s
     0     0 7.9864e+08    0  628 8.0883e+08 7.9864e+08  1.26%     -   24s
     0     2 7.9864e+08    0  628 8.0883e+08 7.9864e+08  1.26%     -   26s
    31    39 7.9897e+08    6  601 8.0883e+08 7.9897e+08  1.22%  57.0   27s
    63    67 7.9906e+08   10  583 8.0883e+08 7.9906e+08  1.21%  46.1   28s
    87    89 7.9911e+08   13  582 8.0883e+08 7.9911e+08  1.20%  57.0   29s
   105   105 7.9915e+08   16  587 8.0883e+08 7.9915e+08  1.20%  57.1   30s
   116   110 7.9925e+08   18  586 8.0883e+08 7.9919e+08  1.19%  56.4   31s
H  119   110                    8.083091e+08 7.9919e+08  1.13%  55.6   31s
   164   141 7.9959e+08   25  569 8.0831e+08 7.9919e+08  1.13%  53.3   32s
   220   195 7.9979e+08   33  583 8.0831e+08 7.9919e+08  1.13%  52.1   33s
   294   268 8.0016e+08   43  545 8.0831e+08 7.9919e+08  1.13%  51.9   34s
   409   387 8.0052e+08   57  581 8.0831e+08 7.9919e+08  1.13%  45.5   35s
   521   501 8.0093e+08   71  566 8.0831e+08 7.9919e+08  1.13%  40.6   36s
   597   575 8.0108e+08   80  563 8.0831e+08 7.9919e+08  1.13%  38.1   37s
   678   667 8.0123e+08   86  555 8.0831e+08 7.9919e+08  1.13%  36.4   38s
   778   764 8.0143e+08   99  553 8.0831e+08 7.9919e+08  1.13%  33.7   39s
H  805   764                    8.082686e+08 7.9919e+08  1.12%  33.2   39s
   928   941 8.0169e+08  119  565 8.0827e+08 7.9919e+08  1.12%  30.7   40s
H 1020   771                    8.058902e+08 7.9919e+08  0.83%  29.9   51s
H 1021   721                    8.055868e+08 7.9919e+08  0.79%  29.9   51s
  1028   718 8.0187e+08  130  562 8.0559e+08 7.9919e+08  0.79%  29.8   52s
  1153   885 8.0202e+08  142  560 8.0559e+08 7.9919e+08  0.79%  28.5   53s
  1255   998 8.0220e+08  156  562 8.0559e+08 7.9919e+08  0.79%  28.4   54s
  1508  1241 8.0237e+08  191  543 8.0559e+08 7.9919e+08  0.79%  26.3   55s
  1756  1496 8.0251e+08  211  536 8.0559e+08 7.9919e+08  0.79%  24.7   56s
H 2082  1499                    8.050042e+08 7.9919e+08  0.72%  23.2   61s
H 2086  1487                    8.049667e+08 7.9919e+08  0.72%  23.2   61s
  2090  1629 8.0298e+08  254  506 8.0497e+08 7.9919e+08  0.72%  23.2   62s
  2468  2002 8.0327e+08  293  502 8.0497e+08 7.9919e+08  0.72%  22.3   63s
  2671  2207 8.0336e+08  305  507 8.0497e+08 7.9919e+08  0.72%  21.9   64s
H 2887  2207                    8.049667e+08 7.9919e+08  0.72%  21.4   75s
  2888  2208 8.0161e+08   64  682 8.0497e+08 7.9919e+08  0.72%  21.4   85s
  2890  2209 8.0270e+08  228  438 8.0497e+08 7.9919e+08  0.72%  21.3   87s
  2891  2210 8.0403e+08  193  501 8.0497e+08 7.9919e+08  0.72%  21.3   88s
  2894  2212 8.0457e+08  110  556 8.0497e+08 7.9919e+08  0.72%  21.3   89s
  2900  2216 8.0409e+08  130  635 8.0497e+08 7.9919e+08  0.72%  21.3   90s
  2904  2219 8.0435e+08  254  705 8.0497e+08 7.9919e+08  0.72%  21.2   91s
  2908  2221 8.0214e+08   72  746 8.0497e+08 7.9919e+08  0.72%  21.2   92s
  2911  2223 8.0294e+08   99  745 8.0497e+08 7.9924e+08  0.71%  21.2   93s
  2914  2225 8.0172e+08   71  701 8.0497e+08 7.9947e+08  0.68%  21.2   94s
  2919  2229 8.0310e+08   79  740 8.0497e+08 7.9972e+08  0.65%  21.1   95s
  2923  2231 8.0332e+08  173  737 8.0497e+08 7.9975e+08  0.65%  21.1   96s
  2925  2233 8.0166e+08   54  731 8.0497e+08 7.9990e+08  0.63%  21.1   97s
  2930  2236 8.0113e+08   35  779 8.0497e+08 7.9992e+08  0.63%  21.0   98s
  2933  2238 8.0420e+08  108  718 8.0497e+08 7.9998e+08  0.62%  21.0   99s
  2935  2239 8.0279e+08  233  831 8.0497e+08 8.0003e+08  0.61%  21.0  100s
  2940  2243 8.0305e+08  152  705 8.0497e+08 8.0012e+08  0.60%  21.0  101s
  2943  2245 8.0360e+08  224  774 8.0497e+08 8.0017e+08  0.60%  21.0  102s
  2948  2248 8.0395e+08   95  758 8.0497e+08 8.0033e+08  0.58%  20.9  103s
  2950  2249 8.0323e+08  272  779 8.0497e+08 8.0038e+08  0.57%  20.9  104s
  2955  2253 8.0319e+08  103  856 8.0497e+08 8.0048e+08  0.56%  20.9  105s
  2958  2255 8.0311e+08   52  845 8.0497e+08 8.0048e+08  0.56%  20.8  106s
  2960  2256 8.0184e+08  130  816 8.0497e+08 8.0061e+08  0.54%  20.8  107s
  2965  2259 8.0436e+08   14  856 8.0497e+08 8.0063e+08  0.54%  20.8  108s
  2969  2262 8.0340e+08  310  839 8.0497e+08 8.0066e+08  0.54%  20.8  109s
H 2970  2148                    8.049304e+08 8.0068e+08  0.53%  20.8  109s
H 2970  2039                    8.049304e+08 8.0068e+08  0.53%  20.8  109s
  2973  2041 8.0369e+08   80  896 8.0493e+08 8.0068e+08  0.53%  20.7  110s
H 2975  1939                    8.046346e+08 8.0069e+08  0.49%  20.7  110s
  2976  1940 8.0409e+08    7  901 8.0463e+08 8.0069e+08  0.49%  20.7  111s
H 2976  1841                    8.044789e+08 8.0071e+08  0.47%  20.7  111s
H 2976  1748                    8.044036e+08 8.0073e+08  0.46%  20.7  113s
  2978  1749 8.0346e+08   57  900 8.0440e+08 8.0074e+08  0.46%  20.7  114s
  2981  1751 8.0440e+08  202  896 8.0440e+08 8.0075e+08  0.45%  20.7  115s
  2983  1752 8.0374e+08    5  802 8.0440e+08 8.0077e+08  0.45%  20.7  117s
  2988  1756 8.0161e+08   64  856 8.0440e+08 8.0079e+08  0.45%  20.6  119s
  2992  1758 8.0440e+08  185  851 8.0440e+08 8.0085e+08  0.44%  20.6  120s
  2996  1761 8.0210e+08   17  880 8.0440e+08 8.0086e+08  0.44%  20.6  121s
  3001  1764 8.0440e+08  208  847 8.0440e+08 8.0092e+08  0.43%  20.5  122s
  3002  1765 8.0248e+08   32  840 8.0440e+08 8.0092e+08  0.43%  20.5  123s
  3007  1768 8.0440e+08   85  890 8.0440e+08 8.0092e+08  0.43%  20.5  124s
H 3008  1678                    8.043962e+08 8.0094e+08  0.43%  20.5  124s
  3010  1679 8.0275e+08  104  886 8.0440e+08 8.0095e+08  0.43%  20.5  125s
  3018  1685 8.0136e+08   52  898 8.0440e+08 8.0096e+08  0.43%  20.4  126s
  3023  1688 8.0332e+08  173  922 8.0440e+08 8.0098e+08  0.43%  20.4  127s
  3028  1691 8.0181e+08   43  920 8.0440e+08 8.0104e+08  0.42%  20.4  128s
  3030  1693 8.0113e+08   35  902 8.0440e+08 8.0107e+08  0.41%  20.4  129s
  3034  1695 8.0279e+08   42  849 8.0440e+08 8.0107e+08  0.41%  20.3  130s
  3037  1697 8.0127e+08   53  858 8.0440e+08 8.0109e+08  0.41%  20.3  131s
  3039  1699 8.0334e+08   40  874 8.0440e+08 8.0110e+08  0.41%  20.3  132s
H 3039  1612                    8.043962e+08 8.0110e+08  0.41%  20.3  132s
  3042  1614 8.0139e+08   92  858 8.0440e+08 8.0110e+08  0.41%  20.3  133s
  3043  1614 8.0360e+08  224  854 8.0440e+08 8.0110e+08  0.41%  20.3  135s
  3044  1615 8.0251e+08   94  854 8.0440e+08 8.0110e+08  0.41%  20.3  137s
  3045  1619 8.0110e+08   16  872 8.0440e+08 8.0110e+08  0.41%  50.7  139s
  3047  1619 8.0112e+08   17  872 8.0440e+08 8.0111e+08  0.41%  50.9  140s
  3056  1621 8.0114e+08   19  844 8.0440e+08 8.0114e+08  0.40%  51.4  141s
  3063  1621 8.0115e+08   20  833 8.0440e+08 8.0115e+08  0.40%  52.3  142s
  3079  1618 8.0336e+08   21  778 8.0440e+08 8.0116e+08  0.40%  53.1  143s
  3087  1616 8.0117e+08   22  837 8.0440e+08 8.0117e+08  0.40%  53.6  144s
  3095  1614 8.0410e+08   22  847 8.0440e+08 8.0117e+08  0.40%  54.9  145s
  3103  1611 8.0117e+08   23  857 8.0440e+08 8.0117e+08  0.40%  55.9  146s
  3112  1609 8.0118e+08   24  863 8.0440e+08 8.0118e+08  0.40%  56.9  150s
  3128  1604 8.0119e+08   25  873 8.0440e+08 8.0119e+08  0.40%  59.1  151s
  3136  1601 8.0409e+08   25  790 8.0440e+08 8.0119e+08  0.40%  59.9  152s
  3153  1597 8.0119e+08   27  898 8.0440e+08 8.0119e+08  0.40%  61.1  153s
  3164  1593 8.0119e+08   28  876 8.0440e+08 8.0119e+08  0.40%  61.8  154s
  3195  1583 8.0119e+08   31  837 8.0440e+08 8.0119e+08  0.40%  62.3  155s
  3239  1574 8.0119e+08   35  844 8.0440e+08 8.0119e+08  0.40%  62.1  156s
  3266  1567 8.0119e+08   37  844 8.0440e+08 8.0119e+08  0.40%  62.0  157s
  3322  1552 8.0122e+08   39  831 8.0440e+08 8.0122e+08  0.40%  62.2  158s
  3359  1547 8.0122e+08   40  822 8.0440e+08 8.0122e+08  0.40%  62.3  159s
  3446  1527 8.0412e+08   43  761 8.0440e+08 8.0130e+08  0.38%  62.7  160s
  3490  1517 8.0307e+08   44  806 8.0440e+08 8.0131e+08  0.38%  62.7  161s
  3571  1508 8.0213e+08   46  834 8.0440e+08 8.0137e+08  0.38%  63.3  162s
  3610  1498 8.0142e+08   47  844 8.0440e+08 8.0142e+08  0.37%  63.4  163s
  3646  1498 8.0230e+08   48  783 8.0440e+08 8.0142e+08  0.37%  64.1  164s
  3693  1501 8.0144e+08   49  859 8.0440e+08 8.0144e+08  0.37%  64.4  165s
  3741  1488     cutoff   51      8.0440e+08 8.0144e+08  0.37%  64.6  172s
H 3748  1401                    8.043145e+08 8.0144e+08  0.36%  64.8  172s
  3751  1416     cutoff   52      8.0431e+08 8.0146e+08  0.36%  64.8  173s
  3815  1406 8.0150e+08   55  931 8.0431e+08 8.0150e+08  0.35%  64.9  174s
  3861  1426 8.0150e+08   56  928 8.0431e+08 8.0150e+08  0.35%  65.2  175s
  3998  1443 8.0266e+08   61  732 8.0431e+08 8.0158e+08  0.34%  66.4  177s
  4123  1502 8.0165e+08   65  860 8.0431e+08 8.0164e+08  0.33%  67.8  178s
  4205  1521 8.0188e+08   67  837 8.0431e+08 8.0164e+08  0.33%  68.6  179s
  4285  1545 8.0190e+08   70  831 8.0431e+08 8.0164e+08  0.33%  69.3  180s
  4380  1553 8.0196e+08   75  813 8.0431e+08 8.0164e+08  0.33%  69.5  181s
  4462  1576     cutoff   80      8.0431e+08 8.0164e+08  0.33%  70.4  182s
  4543  1623 8.0207e+08   84  734 8.0431e+08 8.0164e+08  0.33%  71.2  183s
  4628  1671 8.0210e+08   87  744 8.0431e+08 8.0164e+08  0.33%  72.3  184s
  4719  1730 8.0215e+08   90  769 8.0431e+08 8.0164e+08  0.33%  73.1  186s
  4828  1742 8.0222e+08   94  741 8.0431e+08 8.0164e+08  0.33%  73.8  187s
H 4879  1646                    8.043141e+08 8.0164e+08  0.33%  73.9  187s
  4893  1738 8.0304e+08   99  678 8.0431e+08 8.0164e+08  0.33%  73.9  189s
  5039  1767 8.0237e+08  104  688 8.0431e+08 8.0164e+08  0.33%  74.3  190s
  5137  1744 8.0243e+08  109  729 8.0431e+08 8.0164e+08  0.33%  75.3  192s
  5176  1825 8.0245e+08  112  726 8.0431e+08 8.0164e+08  0.33%  75.6  193s
  5316  1800 8.0256e+08  117  729 8.0431e+08 8.0164e+08  0.33%  76.5  196s
  5349  1890 8.0357e+08  117  724 8.0431e+08 8.0164e+08  0.33%  77.1  197s
  5493  1845 8.0260e+08  121  747 8.0431e+08 8.0164e+08  0.33%  77.6  199s
  5530  1866     cutoff  123      8.0431e+08 8.0164e+08  0.33%  78.7  201s
  5622  1890 8.0272e+08  127  765 8.0431e+08 8.0164e+08  0.33%  80.2  203s
  5751  1844 8.0278e+08  135  706 8.0431e+08 8.0164e+08  0.33%  81.6  205s
  5791  1933     cutoff  138      8.0431e+08 8.0164e+08  0.33%  83.0  207s
  5941  1913 8.0287e+08  148  662 8.0431e+08 8.0164e+08  0.33%  84.4  209s
  6040  2005 8.0290e+08  157  682 8.0431e+08 8.0164e+08  0.33%  85.2  212s
  6239  1967 8.0299e+08  168  659 8.0431e+08 8.0164e+08  0.33%  85.8  214s
  6308  2068 8.0302e+08  173  654 8.0431e+08 8.0164e+08  0.33%  86.3  216s
  6555  2105 8.0312e+08  181  648 8.0431e+08 8.0164e+08  0.33%  86.2  218s
  6840  2059     cutoff  193      8.0431e+08 8.0164e+08  0.33%  86.3  220s
  7031  2011 8.0373e+08  204  578 8.0431e+08 8.0164e+08  0.33%  86.9  222s
  7165  2044 8.0353e+08  217  620 8.0431e+08 8.0164e+08  0.33%  87.2  225s
  7515  1967 8.0389e+08  245  663 8.0431e+08 8.0164e+08  0.33%  86.3  227s
  7615  2140 8.0392e+08  257  470 8.0431e+08 8.0164e+08  0.33%  86.6  229s
  7945  2308 8.0422e+08  299  443 8.0431e+08 8.0175e+08  0.32%  86.1  233s
  8236  2309 8.0194e+08   72  826 8.0431e+08 8.0176e+08  0.32%  85.5  236s
  8341  2511 8.0195e+08   78  884 8.0431e+08 8.0176e+08  0.32%  85.7  238s
  8644  2664 8.0235e+08  103  758 8.0431e+08 8.0176e+08  0.32%  85.9  241s
  8873  2845 8.0271e+08  133  697 8.0431e+08 8.0176e+08  0.32%  85.2  244s
  9161  3065 8.0323e+08  181  655 8.0431e+08 8.0176e+08  0.32%  85.3  247s
  9475  3418 8.0373e+08  237  607 8.0431e+08 8.0176e+08  0.32%  85.5  250s
  9918  3647 8.0431e+08  294  626 8.0431e+08 8.0186e+08  0.31%  84.6  253s
 10237  4023 8.0405e+08  104  697 8.0431e+08 8.0215e+08  0.27%  84.1  257s
 10760  4327 8.0380e+08  106  686 8.0431e+08 8.0220e+08  0.26%  82.9  260s
H11012  4321                    8.043072e+08 8.0222e+08  0.26%  82.5  260s
 11234  4532 8.0411e+08   83  836 8.0431e+08 8.0222e+08  0.26%  82.2  265s
 11683  4710 8.0404e+08  125  737 8.0431e+08 8.0223e+08  0.26%  82.3  269s
 12116  4789 8.0424e+08   76  730 8.0431e+08 8.0224e+08  0.26%  82.5  273s
 12486  5021 8.0259e+08   83  720 8.0431e+08 8.0226e+08  0.25%  82.8  278s
 12937  5336 8.0315e+08  124  682 8.0431e+08 8.0231e+08  0.25%  82.9  282s
 13449  5665 8.0347e+08  108  743 8.0431e+08 8.0235e+08  0.24%  82.9  287s
 14053  6066 8.0421e+08   84  660 8.0431e+08 8.0237e+08  0.24%  82.5  292s
 14618  6653 8.0286e+08   90  796 8.0431e+08 8.0238e+08  0.24%  82.3  298s
H14983  6633                    8.043043e+08 8.0238e+08  0.24%  82.3  298s
 15386  7028 8.0357e+08  157  648 8.0430e+08 8.0238e+08  0.24%  81.6  303s
 16027  7029 8.0420e+08  258  596 8.0430e+08 8.0238e+08  0.24%  80.5  316s
H16049  7029                    8.043043e+08 8.0238e+08  0.24%  80.6  316s
 16095  7390 8.0427e+08  268  534 8.0430e+08 8.0243e+08  0.23%  80.7  321s
*16379  7384            1377    8.043042e+08 8.0243e+08  0.23%  80.6  321s
 16609  7539 8.0357e+08  158  663 8.0430e+08 8.0243e+08  0.23%  80.9  326s
 16916  7998 8.0387e+08  203  584 8.0430e+08 8.0246e+08  0.23%  80.9  331s
 17635  8209 8.0291e+08   93  737 8.0430e+08 8.0248e+08  0.23%  80.7  337s
 18044  8731 8.0414e+08  144  650 8.0430e+08 8.0249e+08  0.23%  81.6  343s
 18777  9126 8.0392e+08  122  680 8.0430e+08 8.0253e+08  0.22%  81.7  350s
 19630  9517 8.0428e+08   72  684 8.0430e+08 8.0255e+08  0.22%  81.8  356s
 20341 10136 8.0321e+08   81  785 8.0430e+08 8.0258e+08  0.21%  82.2  364s
 21202 10562 8.0424e+08  170  693 8.0430e+08 8.0261e+08  0.21%  82.1  374s
 21964 11201 8.0378e+08   56  751 8.0430e+08 8.0264e+08  0.21%  82.8  386s
 22953 11663 8.0404e+08  203  589 8.0430e+08 8.0266e+08  0.20%  82.9  396s
 23913 12195 8.0411e+08   80  698 8.0430e+08 8.0271e+08  0.20%  83.3  406s
 24767 12193 8.0346e+08   80  670 8.0430e+08 8.0272e+08  0.20%  83.7  417s
 24785 12696 8.0347e+08   82  622 8.0430e+08 8.0273e+08  0.20%  83.8  425s
 25613 12735 8.0391e+08   96  698 8.0430e+08 8.0274e+08  0.19%  84.6  433s
 25910 12741 8.0316e+08   90  719 8.0430e+08 8.0274e+08  0.19%  84.9  442s
 25918 13364 8.0316e+08   91  722 8.0430e+08 8.0274e+08  0.19%  84.9  452s
 27009 13716 8.0304e+08   79  697 8.0430e+08 8.0277e+08  0.19%  85.1  463s
 28013 14259 8.0363e+08  116  649 8.0430e+08 8.0278e+08  0.19%  85.7  472s
 29043 14919 8.0406e+08  127  612 8.0430e+08 8.0279e+08  0.19%  85.9  563s
 30325 15025     cutoff   63      8.0430e+08 8.0283e+08  0.18%  86.0  574s
 30698 15427 8.0323e+08  114  596 8.0430e+08 8.0284e+08  0.18%  86.9  589s
 31561 15774     cutoff  180      8.0430e+08 8.0284e+08  0.18%  87.8  600s
 32510 16284 8.0413e+08  314  441 8.0430e+08 8.0284e+08  0.18%  87.8  610s
 33524 16598 8.0426e+08  473  342 8.0430e+08 8.0289e+08  0.18%  88.1  620s
 34434 17062 8.0347e+08  129  691 8.0430e+08 8.0290e+08  0.17%  88.9  630s
 35414 17506 8.0412e+08   82  663 8.0430e+08 8.0293e+08  0.17%  90.1  644s
 36474 18196 8.0398e+08  116  682 8.0430e+08 8.0295e+08  0.17%  91.2  655s
 37630 18633 8.0416e+08  322  514 8.0430e+08 8.0295e+08  0.17%  91.8  666s
 38710 18989 8.0427e+08  532  367 8.0430e+08 8.0297e+08  0.17%  92.5  676s
 39727 19393     cutoff   65      8.0430e+08 8.0299e+08  0.16%  93.1  687s
 40716 19642 8.0394e+08  144  731 8.0430e+08 8.0302e+08  0.16%  93.7  698s
 41401 20316 8.0355e+08  194  669 8.0430e+08 8.0303e+08  0.16%  94.3  710s
 42621 20854 8.0397e+08  108  682 8.0430e+08 8.0305e+08  0.16%  94.5  723s
 43778 21284 8.0338e+08   42  649 8.0430e+08 8.0306e+08  0.15%  94.7  736s
 44899 21731 8.0411e+08  105  673 8.0430e+08 8.0307e+08  0.15%  95.6  749s
 45869 22343     cutoff  109      8.0430e+08 8.0310e+08  0.15%  96.8  763s
 47244 22874 8.0368e+08  187  639 8.0430e+08 8.0311e+08  0.15%  97.5  776s
 48430 23599     cutoff  110      8.0430e+08 8.0312e+08  0.15%  98.1  788s
 49663 24126 8.0385e+08   94  697 8.0430e+08 8.0314e+08  0.15%  98.4  800s
 50858 24292 8.0418e+08  203  632 8.0430e+08 8.0316e+08  0.14%  98.3  812s
 51562 24951 8.0380e+08  180  617 8.0430e+08 8.0316e+08  0.14%  98.2  824s
H51985 23708                    8.042687e+08 8.0317e+08  0.14%  98.1  824s
 53011 24098 8.0361e+08  121  636 8.0427e+08 8.0317e+08  0.14%  97.8  838s
 54065 24389 8.0369e+08   89  861 8.0427e+08 8.0320e+08  0.13%  98.7  851s
 54859 25001 8.0349e+08   97  712 8.0427e+08 8.0321e+08  0.13%  99.2  864s
 56155 25577 8.0396e+08  135  702 8.0427e+08 8.0322e+08  0.13%   100  878s
 57396 26040 8.0418e+08  104  709 8.0427e+08 8.0324e+08  0.13%   100  891s
 58585 26632     cutoff  226      8.0427e+08 8.0326e+08  0.13%   101  904s
 59999 27083     cutoff  153      8.0427e+08 8.0327e+08  0.12%   101  916s
 61176 27508 8.0404e+08  244  622 8.0427e+08 8.0328e+08  0.12%   101  927s
 62414 28023 8.0382e+08  146  734 8.0427e+08 8.0330e+08  0.12%   101  938s
 63470 28396 8.0400e+08  100  592 8.0427e+08 8.0331e+08  0.12%   101  949s
 64457 28932 8.0402e+08  136  678 8.0427e+08 8.0332e+08  0.12%   101  961s
 65529 28973     cutoff  138      8.0427e+08 8.0333e+08  0.12%   101  978s
*66244 27664            1561    8.042520e+08 8.0334e+08  0.11%   102  978s
 66509 28041 8.0421e+08  195  647 8.0425e+08 8.0335e+08  0.11%   102  990s
 67701 28336 8.0407e+08   92  761 8.0425e+08 8.0337e+08  0.11%   102 1002s
 68693 28665     cutoff  151      8.0425e+08 8.0339e+08  0.11%   103 1015s
 69862 28947     cutoff  209      8.0425e+08 8.0341e+08  0.11%   103 1027s
 70801 28947 8.0396e+08  194  613 8.0425e+08 8.0341e+08  0.10%   103 1028s
 71039 29221 8.0422e+08  185  609 8.0425e+08 8.0342e+08  0.10%   104 1048s
 71979 29814 8.0418e+08  201  619 8.0425e+08 8.0343e+08  0.10%   104 1061s
 73243 30358 8.0407e+08  216  611 8.0425e+08 8.0344e+08  0.10%   105 1074s
H74682 26771                    8.041925e+08 8.0344e+08  0.09%   105 1091s
 74798 27001 8.0383e+08  116  629 8.0419e+08 8.0345e+08  0.09%   105 1104s
H75890 27258                    8.041925e+08 8.0346e+08  0.09%   105 1118s
 76964 27449 8.0398e+08  209  653 8.0419e+08 8.0347e+08  0.09%   105 1131s
 78018 27844 8.0394e+08  108  714 8.0419e+08 8.0348e+08  0.09%   105 1145s
 79354 28326 8.0404e+08  278  570 8.0419e+08 8.0349e+08  0.09%   105 1157s
 80790 28690 8.0416e+08  119  679 8.0419e+08 8.0350e+08  0.09%   105 1171s
 82183 28869     cutoff   89      8.0419e+08 8.0353e+08  0.08%   105 1183s
 83445 29423     cutoff   71      8.0419e+08 8.0354e+08  0.08%   105 1197s
 84857 29705 8.0414e+08  180  638 8.0419e+08 8.0355e+08  0.08%   106 1210s
 86119 29954 8.0410e+08  288  565 8.0419e+08 8.0356e+08  0.08%   106 1221s
 87554 30168     cutoff  147      8.0419e+08 8.0357e+08  0.08%   106 1234s
 88710 30103 8.0406e+08  259  604 8.0419e+08 8.0357e+08  0.08%   106 1247s
 90005 30114     cutoff  188      8.0419e+08 8.0359e+08  0.07%   106 1257s
H90094 30100                    8.041924e+08 8.0359e+08  0.07%   106 1257s
*90113 30099            1189    8.041924e+08 8.0359e+08  0.07%   106 1257s
 90198 30546     cutoff  146      8.0419e+08 8.0359e+08  0.07%   106 1272s
 91805 31048 8.0387e+08  104  798 8.0419e+08 8.0361e+08  0.07%   105 1285s
 93251 31380     cutoff  131      8.0419e+08 8.0363e+08  0.07%   105 1298s
 94628 31757 8.0405e+08   90  812 8.0419e+08 8.0363e+08  0.07%   105 1310s
 96058 32039 8.0397e+08  160  653 8.0419e+08 8.0364e+08  0.07%   105 1323s
 97447 32571 8.0375e+08  186  643 8.0419e+08 8.0365e+08  0.07%   105 1334s
 99048 32913 8.0398e+08   91  764 8.0419e+08 8.0366e+08  0.07%   104 1349s
 100293 33254 8.0393e+08  151  637 8.0419e+08 8.0366e+08  0.07%   104 1361s
 101761 33543 8.0380e+08  220  663 8.0419e+08 8.0368e+08  0.06%   104 1372s
 101971 33543     cutoff  182      8.0419e+08 8.0368e+08  0.06%   104 1373s
 103267 33753 8.0419e+08  420  476 8.0419e+08 8.0368e+08  0.06%   103 1386s
 104727 33918 8.0409e+08  152  688 8.0419e+08 8.0370e+08  0.06%   104 1397s
 105802 34342 8.0417e+08  213  613 8.0419e+08 8.0370e+08  0.06%   103 1410s
 107347 34725 8.0414e+08  251  590 8.0419e+08 8.0371e+08  0.06%   103 1422s
 108851 35105 8.0417e+08  104  806 8.0419e+08 8.0371e+08  0.06%   103 1433s
 110375 35447 8.0376e+08  130  726 8.0419e+08 8.0373e+08  0.06%   103 1445s
 111810 35660 8.0382e+08  233  648 8.0419e+08 8.0373e+08  0.06%   102 1457s
 113225 35861 8.0417e+08   89  823 8.0419e+08 8.0374e+08  0.06%   102 1469s
 114625 36188 8.0391e+08  262  555 8.0419e+08 8.0374e+08  0.06%   102 1481s
 116095 36324 8.0414e+08  472  405 8.0419e+08 8.0374e+08  0.06%   101 1493s
 117454 36730 8.0386e+08  119  710 8.0419e+08 8.0376e+08  0.05%   101 1503s
 118918 36988 8.0416e+08  242  507 8.0419e+08 8.0377e+08  0.05%   101 1516s
 120539 37253 8.0399e+08  235  638 8.0419e+08 8.0378e+08  0.05%   101 1527s
 121719 37394     cutoff  223      8.0419e+08 8.0378e+08  0.05%   101 1544s
 123186 37481 8.0407e+08  227  564 8.0419e+08 8.0378e+08  0.05%   100 1557s
 124462 37618 8.0419e+08  313  484 8.0419e+08 8.0379e+08  0.05%   100 1569s
 125960 37763     cutoff  189      8.0419e+08 8.0379e+08  0.05%   100 1580s
 127356 38062 8.0398e+08  152  717 8.0419e+08 8.0381e+08  0.05%   100 1591s
 128710 38071 8.0416e+08  304  513 8.0419e+08 8.0381e+08  0.05%   100 1602s
 129961 38242 8.0394e+08  186  620 8.0419e+08 8.0382e+08  0.05%   100 1613s
 131308 38363     cutoff   84      8.0419e+08 8.0382e+08  0.05%   100 1624s
 132646 38534 8.0413e+08  128  698 8.0419e+08 8.0383e+08  0.05%  99.5 1636s
 134078 38573     cutoff  124      8.0419e+08 8.0383e+08  0.04%  99.3 1654s
 135660 38771 8.0398e+08  142  652 8.0419e+08 8.0384e+08  0.04%  99.1 1666s
 137221 38652 8.0417e+08  327  515 8.0419e+08 8.0385e+08  0.04%  98.9 1680s
 138761 38730 8.0399e+08  222  610 8.0419e+08 8.0386e+08  0.04%  98.9 1692s
 140394 38653 8.0415e+08  337  498 8.0419e+08 8.0386e+08  0.04%  98.6 1704s
 141831 38586 8.0419e+08   65  825 8.0419e+08 8.0387e+08  0.04%  98.7 1716s
 143243 38671 8.0416e+08  224  633 8.0419e+08 8.0388e+08  0.04%  98.4 1728s
 144813 38366 8.0419e+08  377  437 8.0419e+08 8.0388e+08  0.04%  98.3 1740s
 146383 38332 8.0410e+08  147  718 8.0419e+08 8.0389e+08  0.04%  98.2 1752s
 147999 38379     cutoff  114      8.0419e+08 8.0390e+08  0.04%  98.0 1764s
 149658 38309 8.0409e+08  159  669 8.0419e+08 8.0390e+08  0.04%  97.8 1775s
 151269 38286 8.0412e+08  190  588 8.0419e+08 8.0391e+08  0.04%  97.6 1787s
 152868 37987     cutoff  187      8.0419e+08 8.0391e+08  0.03%  97.4 1799s
 154326 37903 8.0415e+08  195  609 8.0419e+08 8.0392e+08  0.03%  97.3 1810s
 155945 37928 8.0397e+08  206  539 8.0419e+08 8.0393e+08  0.03%  97.1 1821s
 157525 37897 8.0402e+08  178  654 8.0419e+08 8.0393e+08  0.03%  96.8 1832s
 158955 37613 8.0406e+08  232  532 8.0419e+08 8.0394e+08  0.03%  96.6 1843s
 160596 37299 8.0415e+08  187  676 8.0419e+08 8.0394e+08  0.03%  96.4 1854s
 162242 36966     cutoff  122      8.0419e+08 8.0395e+08  0.03%  96.1 1865s
 163794 36806     cutoff  108      8.0419e+08 8.0395e+08  0.03%  95.9 1876s
 165376 36405 8.0416e+08  152  644 8.0419e+08 8.0396e+08  0.03%  95.7 1888s
 166932 36024     cutoff  169      8.0419e+08 8.0397e+08  0.03%  95.5 1901s
 168534 35624     cutoff  122      8.0419e+08 8.0397e+08  0.03%  95.3 1915s
 169988 35007 8.0417e+08  164  644 8.0419e+08 8.0398e+08  0.03%  95.2 1927s
 171594 34399     cutoff  176      8.0419e+08 8.0399e+08  0.03%  95.0 1938s
 173128 33920     cutoff  158      8.0419e+08 8.0399e+08  0.02%  94.9 1949s
 174771 33395     cutoff  234      8.0419e+08 8.0400e+08  0.02%  94.6 1960s
 176357 32959 8.0411e+08  196  657 8.0419e+08 8.0400e+08  0.02%  94.4 1971s
H177897 32754                    8.041921e+08 8.0401e+08  0.02%  94.2 1984s
H177950 32742                    8.041920e+08 8.0401e+08  0.02%  94.2 1984s
H177979 32742                    8.041920e+08 8.0401e+08  0.02%  94.2 1984s
 178090 32723     cutoff  240      8.0419e+08 8.0401e+08  0.02%  94.2 2006s
 178122 31878 8.0419e+08  183  609 8.0419e+08 8.0401e+08  0.02%  94.2 2017s
 179756 31203     cutoff  131      8.0419e+08 8.0402e+08  0.02%  93.9 2028s
 181335 30586     cutoff  141      8.0419e+08 8.0402e+08  0.02%  93.7 2039s
 182601 29717 8.0418e+08  136  697 8.0419e+08 8.0402e+08  0.02%  93.5 2050s
 184281 28823     cutoff  251      8.0419e+08 8.0404e+08  0.02%  93.2 2060s
 185934 28037     cutoff  186      8.0419e+08 8.0404e+08  0.02%  92.9 2071s
 187566 27033 8.0418e+08  304  495 8.0419e+08 8.0405e+08  0.02%  92.6 2080s
 189234 26083     cutoff  115      8.0419e+08 8.0406e+08  0.02%  92.3 2090s
 190914 25269     cutoff  234      8.0419e+08 8.0406e+08  0.02%  91.9 2100s
 192549 24158     cutoff  134      8.0419e+08 8.0407e+08  0.02%  91.6 2108s
 194229 22793     cutoff  274      8.0419e+08 8.0407e+08  0.01%  91.2 2118s
 195885 21464     cutoff  219      8.0419e+08 8.0408e+08  0.01%  90.9 2127s
 197540 20166     cutoff  122      8.0419e+08 8.0409e+08  0.01%  90.5 2136s
 199218 18797     cutoff  247      8.0419e+08 8.0410e+08  0.01%  90.1 2149s
 200840 17324     cutoff  173      8.0419e+08 8.0410e+08  0.01%  89.7 2158s

Cutting planes:
  Gomory: 70
  Lift-and-project: 50
  MIR: 178
  Mixing: 24
  Flow cover: 3570
  RLT: 1
  Relax-and-lift: 31

Explored 202520 nodes (18217851 simplex iterations) in 2159.91 seconds (3362.47 work units)
Thread count was 8 (of 8 available processors)

Solution count 10: 8.04192e+08 8.04192e+08 8.04192e+08 ... 8.04396e+08

Optimal solution found (tolerance 1.00e-04)
Best objective 8.041920330612e+08, best bound 8.041118084669e+08, gap 0.0100%
