x,y,right,left,up,down
41.6,-82.8,0,0,0,0
41.8,-82.8,0,0,0,0
41.8,-82.5,0,0,0,0
42.0,-83.2,0,0,0,0
42.0,-83.0,0,0,0,0
42.0,-82.7,1,0,0,0
42.0,-82.5,1,0,0,0
42.1,-82.7,0,1,0,0
42.1,-82.5,0,1,0,0
42.1,-82.2,0,0,0,0
42.2,-83.2,0,0,0,0
42.2,-82.9,0,0,0,0
42.2,-82.0,0,0,0,0
42.2,-81.7,0,0,0,0
42.3,-82.9,0,0,0,0
42.3,-82.7,0,0,0,0
42.3,-82.4,0,0,0,0
42.3,-82.2,1,0,0,0
42.4,-83.1,0,0,0,0
42.4,-82.2,0,1,0,0
42.4,-81.9,0,0,0,0
42.4,-81.7,0,0,0,0
42.5,-82.6,0,0,0,0
42.5,-82.4,1,0,0,0
42.5,-81.4,0,0,0,0
42.5,-80.0,0,0,0,0
42.6,-82.4,0,1,0,0
42.6,-82.1,0,0,0,0
42.6,-81.9,0,0,0,0
42.6,-81.7,0,0,0,0
42.6,-80.9,0,0,0,0
42.6,-80.7,0,0,0,0
42.6,-80.5,0,0,0,0
42.6,-80.2,1,0,0,0
42.7,-82.6,0,0,0,0
42.7,-81.6,0,0,0,0
42.7,-81.4,0,0,0,0
42.7,-81.2,0,0,0,0
42.7,-80.2,0,1,0,0
42.8,-82.6,0,0,0,0
42.8,-82.3,0,0,0,0
42.8,-82.1,0,0,0,0
42.8,-81.9,0,0,0,0
42.8,-81.1,0,0,0,0
42.8,-80.9,0,0,0,0
42.8,-80.6,0,0,0,0
42.8,-80.4,1,0,0,0
42.8,-79.7,0,0,0,0
42.8,-79.4,0,0,0,0
42.8,-79.2,1,0,0,0
42.9,-81.8,0,0,0,0
42.9,-81.6,0,0,0,0
42.9,-81.4,0,0,0,0
42.9,-80.4,0,1,0,0
42.9,-80.1,0,0,0,0
42.9,-79.9,1,0,0,0
42.9,-79.2,0,1,0,0
42.9,-78.9,0,0,0,0
43.0,-82.5,0,0,0,0
43.0,-82.3,0,0,0,0
43.0,-82.1,0,0,0,0
43.0,-81.3,0,0,0,0
43.0,-81.1,0,0,0,0
43.0,-80.8,0,0,0,0
43.0,-80.6,1,0,0,0
43.0,-79.9,0,1,0,0
43.0,-79.6,0,0,0,0
43.0,-79.4,0,0,0,0
43.1,-82.0,0,0,0,0
43.1,-81.8,0,0,0,0
43.1,-81.5,0,0,0,0
43.1,-80.6,0,1,0,0
43.1,-80.3,0,0,0,0
43.1,-80.1,0,0,0,0
43.1,-79.3,0,0,0,0
43.1,-79.1,0,0,0,0
43.2,-82.3,0,0,0,0
43.2,-81.3,0,0,0,0
43.2,-81.0,0,0,0,0
43.2,-80.8,0,0,0,0
43.2,-80.0,0,0,0,0
43.2,-79.8,0,0,0,0
43.2,-79.6,0,0,0,0
43.3,-82.0,0,0,0,0
43.3,-81.7,0,0,0,0
43.3,-81.5,1,0,0,0
43.3,-80.8,0,0,0,0
43.3,-80.5,0,0,0,0
43.3,-80.3,0,0,0,0
43.3,-79.3,0,0,0,0
43.3,-79.1,0,0,0,0
43.3,-65.7,0,0,0,0
43.4,-81.5,0,1,0,0
43.4,-81.2,0,0,0,0
43.4,-81.0,1,0,0,0
43.4,-80.2,0,0,0,0
43.4,-80.0,0,0,0,0
43.4,-79.8,0,0,0,0
43.4,-65.9,0,0,0,0
43.4,-65.3,0,0,0,0
43.5,-81.7,1,0,0,0
43.5,-81.0,0,1,0,0
43.5,-80.7,0,0,0,0
43.5,-80.5,0,0,0,0
43.5,-79.5,0,0,0,0
43.5,-66.1,0,0,0,0
43.5,-65.8,0,0,0,0
43.5,-65.6,0,0,0,0
43.6,-81.7,0,1,0,0
43.6,-81.4,0,0,0,0
43.6,-81.2,1,0,0,0
43.6,-80.2,0,0,0,0
43.6,-80.0,0,0,0,0
43.6,-79.7,1,0,0,0
43.6,-66.0,0,0,0,0
43.6,-65.5,0,0,0,0
43.6,-65.3,0,0,0,0
43.7,-81.2,0,1,0,0
43.7,-80.9,0,0,0,0
43.7,-80.7,0,0,0,0
43.7,-80.4,0,0,0,0
43.7,-79.7,0,1,0,0
43.7,-79.4,0,0,0,0
43.7,-79.2,0,0,0,0
43.7,-66.2,0,0,0,0
43.7,-65.7,0,0,0,0
43.7,-65.2,0,0,0,0
43.7,-64.9,0,0,0,0
43.8,-81.6,0,0,0,0
43.8,-81.4,1,0,0,0
43.8,-80.4,0,0,0,0
43.8,-80.2,0,0,0,0
43.8,-79.9,1,0,0,0
43.8,-79.2,0,0,0,0
43.8,-78.9,0,0,0,0
43.8,-76.9,0,0,0,0
43.8,-66.1,0,0,0,0
43.8,-65.9,0,0,0,0
43.8,-65.4,0,0,0,0
43.8,-64.8,0,0,0,0
43.8,-59.9,0,0,0,0
43.9,-81.4,0,1,0,0
43.9,-81.1,0,0,0,0
43.9,-80.9,0,0,0,0
43.9,-80.6,1,0,0,0
43.9,-79.9,0,1,0,0
43.9,-79.6,0,0,0,0
43.9,-79.4,0,0,0,0
43.9,-78.6,0,0,0,0
43.9,-78.4,0,0,0,0
43.9,-78.2,0,0,0,0
43.9,-77.4,0,0,0,0
43.9,-77.1,1,0,0,0
43.9,-65.8,0,0,0,0
43.9,-65.6,0,0,0,0
43.9,-65.1,0,0,0,0
43.9,-60.2,0,0,0,0
44.0,-81.8,0,0,0,0
44.0,-81.6,1,0,0,0
44.0,-80.6,0,1,0,0
44.0,-80.3,0,0,0,0
44.0,-80.1,1,0,0,0
44.0,-79.3,0,0,0,0
44.0,-79.1,0,0,0,0
44.0,-78.9,0,0,0,0
44.0,-78.1,0,0,0,0
44.0,-77.9,0,0,0,0
44.0,-77.6,1,0,0,0
44.0,-77.1,0,1,0,0
44.0,-76.9,0,0,0,0
44.0,-76.6,1,0,0,0
44.0,-66.0,0,0,0,0
44.0,-65.5,0,0,0,0
44.0,-65.3,0,0,0,0
44.0,-65.0,0,0,0,0
44.0,-64.7,0,0,0,0
44.0,-59.8,0,0,0,0
44.1,-81.6,0,1,0,0
44.1,-81.3,0,0,0,0
44.1,-81.1,0,0,0,0
44.1,-80.8,1,0,0,0
44.1,-80.1,0,1,0,0
44.1,-79.8,0,0,0,0
44.1,-79.6,0,0,0,0
44.1,-78.8,0,0,0,0
44.1,-78.6,0,0,0,0
44.1,-78.3,1,0,0,0
44.1,-77.6,0,1,0,0
44.1,-77.3,0,0,0,0
44.1,-76.6,0,1,0,0
44.1,-76.3,0,0,0,0
44.1,-66.3,0,0,0,0
44.1,-65.7,0,0,0,0
44.1,-65.2,0,0,0,0
44.1,-64.6,0,0,0,0
44.1,-64.4,0,0,0,0
44.2,-81.8,0,0,0,0
44.2,-80.8,0,1,0,0
44.2,-80.5,0,0,0,0
44.2,-80.3,0,0,0,0
44.2,-79.5,0,0,0,0
44.2,-79.3,0,0,0,0
44.2,-79.1,0,0,0,0
44.2,-78.3,0,1,0,0
44.2,-78.0,0,0,0,0
44.2,-77.8,0,0,0,0
44.2,-77.0,0,0,0,0
44.2,-76.8,0,0,0,0
44.2,-76.0,0,0,0,0
44.2,-66.2,0,0,0,0
44.2,-65.9,0,0,0,0
44.2,-65.4,0,0,0,0
44.2,-64.9,0,0,0,0
44.2,-64.3,0,0,0,0
44.3,-81.5,0,0,0,0
44.3,-81.3,0,0,0,0
44.3,-81.0,1,0,0,0
44.3,-80.3,0,0,0,0
44.3,-80.0,0,0,0,0
44.3,-79.8,0,0,0,0
44.3,-79.0,0,0,0,0
44.3,-78.8,0,0,0,0
44.3,-78.5,1,0,0,0
44.3,-77.8,0,0,0,0
44.3,-77.5,0,0,0,0
44.3,-77.3,0,0,0,0
44.3,-76.7,0,0,0,0
44.3,-76.5,0,0,0,0
44.3,-76.3,0,0,0,0
44.3,-66.4,0,0,0,0
44.3,-65.8,0,0,0,0
44.3,-65.6,0,0,0,0
44.3,-65.1,0,0,0,0
44.3,-64.5,0,0,0,0
44.3,-64.0,0,0,0,0
44.4,-81.0,0,1,0,0
44.4,-80.7,0,0,0,0
44.4,-80.5,1,0,0,0
44.4,-79.5,0,0,0,0
44.4,-79.2,0,0,0,0
44.4,-78.5,0,1,0,0
44.4,-78.2,0,0,0,0
44.4,-78.0,0,0,0,0
44.4,-77.2,0,0,0,0
44.4,-77.0,0,0,0,0
44.4,-76.2,0,0,0,0
44.4,-76.0,0,0,0,0
44.4,-66.1,0,0,0,0
44.4,-65.5,0,0,0,0
44.4,-65.3,0,0,0,0
44.4,-65.0,0,0,0,0
44.4,-64.8,0,0,0,0
44.4,-64.2,0,0,0,0
44.4,-63.7,0,0,0,0
44.5,-81.5,0,0,0,0
44.5,-81.2,1,0,0,0
44.5,-80.5,0,1,0,0
44.5,-80.2,0,0,0,0
44.5,-80.0,0,0,0,0
44.5,-79.7,1,0,0,0
44.5,-79.0,0,0,0,0
44.5,-78.7,0,0,0,0
44.5,-77.9,0,0,0,0
44.5,-77.7,0,0,0,0
44.5,-77.5,0,0,0,0
44.5,-76.7,0,0,0,0
44.5,-76.4,1,0,0,0
44.5,-75.7,0,0,0,0
44.5,-66.3,0,0,0,0
44.5,-65.8,0,0,0,0
44.5,-65.2,0,0,0,0
44.5,-64.6,0,0,0,0
44.5,-64.4,0,0,0,0
44.5,-64.1,0,0,0,0
44.5,-63.9,0,0,0,0
44.6,-81.2,0,1,0,0
44.6,-80.9,0,0,0,0
44.6,-80.7,0,0,0,0
44.6,-79.7,0,1,0,0
44.6,-79.4,0,0,0,0
44.6,-79.2,1,0,0,0
44.6,-78.4,0,0,0,0
44.6,-78.2,0,0,0,0
44.6,-77.4,0,0,0,0
44.6,-77.2,0,0,0,0
44.6,-76.9,1,0,0,0
44.6,-76.4,0,1,0,0
44.6,-76.1,0,0,0,0
44.6,-75.9,0,0,0,0
44.6,-75.4,0,0,0,0
44.6,-66.8,0,0,0,0
44.6,-66.0,0,0,0,0
44.6,-65.4,0,0,0,0
44.6,-64.9,0,0,0,0
44.6,-64.3,0,0,0,0
44.6,-63.8,0,0,0,0
44.6,-63.5,0,0,0,0
44.6,-63.2,0,0,0,0
44.6,-63.0,0,0,0,0
44.6,-62.7,0,0,0,0
44.7,-81.4,0,0,0,0
44.7,-80.2,0,0,0,0
44.7,-79.9,0,0,0,0
44.7,-79.2,0,1,0,0
44.7,-78.9,0,0,0,0
44.7,-78.7,0,0,0,0
44.7,-77.9,0,0,0,0
44.7,-77.6,0,0,0,0
44.7,-76.9,0,1,0,0
44.7,-76.6,0,0,0,0
44.7,-75.8,0,0,0,0
44.7,-75.6,0,0,0,0
44.7,-67.0,0,0,0,0
44.7,-65.9,0,0,0,0
44.7,-65.7,0,0,0,0
44.7,-65.3,0,0,0,0
44.7,-65.1,0,0,0,0
44.7,-64.5,0,0,0,0
44.7,-64.0,0,0,0,0
44.7,-63.4,0,0,0,0
44.7,-62.9,0,0,0,0
44.7,-62.3,0,0,0,0
44.8,-81.4,0,0,0,0
44.8,-81.1,0,0,0,0
44.8,-80.9,0,0,0,0
44.8,-80.7,0,0,0,0
44.8,-79.9,0,0,0,0
44.8,-79.6,0,0,0,0
44.8,-79.4,0,0,0,0
44.8,-78.6,0,0,0,0
44.8,-78.4,0,0,0,0
44.8,-78.1,1,0,0,0
44.8,-77.3,0,0,0,0
44.8,-77.1,0,0,0,0
44.8,-76.3,0,0,0,0
44.8,-76.1,0,0,0,0
44.8,-75.3,0,0,0,0
44.8,-66.9,0,0,0,0
44.8,-66.7,0,0,0,0
44.8,-65.6,0,0,0,0
44.8,-65.0,0,0,0,0
44.8,-64.8,0,0,0,0
44.8,-64.2,0,0,0,0
44.8,-63.7,0,0,0,0
44.8,-63.1,0,0,0,0
44.8,-62.6,0,0,0,0
44.9,-80.1,1,0,0,0
44.9,-79.3,0,0,0,0
44.9,-79.1,0,0,0,0
44.9,-78.9,0,0,0,0
44.9,-78.1,0,1,0,0
44.9,-77.8,0,0,0,0
44.9,-77.6,0,0,0,0
44.9,-77.0,0,0,0,0
44.9,-76.8,0,0,0,0
44.9,-76.6,0,0,0,0
44.9,-76.0,0,0,0,0
44.9,-75.8,0,0,0,0
44.9,-75.5,1,0,0,0
44.9,-75.0,0,0,0,0
44.9,-74.0,0,0,0,0
44.9,-73.2,0,0,0,0
44.9,-72.4,0,0,0,0
44.9,-67.1,0,0,0,0
44.9,-65.2,0,0,0,0
44.9,-64.7,0,0,0,0
44.9,-64.4,0,0,0,0
44.9,-64.1,0,0,0,0
44.9,-63.9,0,0,0,0
44.9,-63.6,0,0,0,0
44.9,-63.3,0,0,0,0
44.9,-62.8,0,0,0,0
44.9,-62.2,0,0,0,0
45.0,-81.6,0,0,0,0
45.0,-81.4,0,0,0,0
45.0,-81.1,0,0,0,0
45.0,-80.9,0,0,0,0
45.0,-80.1,0,1,0,0
45.0,-79.8,0,0,0,0
45.0,-79.6,0,0,0,0
45.0,-78.8,0,0,0,0
45.0,-78.6,0,0,0,0
45.0,-78.3,1,0,0,0
45.0,-77.5,0,0,0,0
45.0,-77.3,0,0,0,0
45.0,-76.5,0,0,0,0
45.0,-76.3,0,0,0,0
45.0,-75.5,0,1,0,0
45.0,-75.2,0,0,0,0
45.0,-74.4,0,0,0,0
45.0,-74.2,0,0,0,0
45.0,-73.7,0,0,0,0
45.0,-73.4,0,0,0,0
45.0,-72.6,0,0,0,0
45.0,-71.8,0,0,0,0
45.0,-71.6,0,0,0,0
45.0,-66.8,0,0,0,0
45.0,-66.2,0,0,0,0
45.0,-65.5,0,0,0,0
45.0,-64.9,0,0,0,0
45.0,-64.3,0,0,0,0
45.0,-63.8,0,0,0,0
45.0,-63.2,0,0,0,0
45.0,-63.0,0,0,0,0
45.0,-62.7,0,0,0,0
45.0,-62.4,0,0,0,0
45.0,-62.1,0,0,0,0
45.0,-61.9,0,0,0,0
45.0,-61.6,0,0,0,0
45.1,-80.3,1,0,0,0
45.1,-79.5,0,0,0,0
45.1,-79.3,0,0,0,0
45.1,-79.1,0,0,0,0
45.1,-78.3,0,1,0,0
45.1,-78.0,0,0,0,0
45.1,-77.8,0,0,0,0
45.1,-77.0,0,0,0,0
45.1,-76.7,1,0,0,0
45.1,-76.0,0,0,0,0
45.1,-75.7,1,0,0,0
45.1,-74.9,0,0,0,0
45.1,-74.7,0,0,0,0
45.1,-74.1,0,0,0,0
45.1,-73.9,0,0,0,0
45.1,-73.1,0,0,0,0
45.1,-72.9,0,0,0,0
45.1,-72.3,0,0,0,0
45.1,-72.1,0,0,0,0
45.1,-71.5,0,0,0,0
45.1,-67.3,0,0,0,0
45.1,-67.0,0,0,0,0
45.1,-66.5,0,0,0,0
45.1,-65.9,0,0,0,0
45.1,-65.1,0,0,0,0
45.1,-64.6,0,0,0,0
45.1,-64.0,0,0,0,0
45.1,-63.4,0,0,0,0
45.1,-62.9,0,0,0,0
45.1,-62.3,0,0,0,0
45.1,-61.8,0,0,0,0
45.1,-61.2,0,0,0,0
45.2,-81.8,0,0,0,0
45.2,-81.6,0,0,0,0
45.2,-81.3,0,0,0,0
45.2,-80.3,0,1,0,0
45.2,-80.0,0,0,0,0
45.2,-79.8,0,0,0,0
45.2,-79.0,0,0,0,0
45.2,-78.8,0,0,0,0
45.2,-78.5,0,0,0,0
45.2,-77.7,0,0,0,0
45.2,-77.5,0,0,0,0
45.2,-77.2,0,0,0,0
45.2,-76.7,0,1,0,0
45.2,-76.4,0,0,0,0
45.2,-76.2,0,0,0,0
45.2,-75.7,0,1,0,0
45.2,-75.4,0,0,0,0
45.2,-75.2,0,0,0,0
45.2,-74.6,0,0,0,0
45.2,-74.4,0,0,0,0
45.2,-73.6,0,0,0,0
45.2,-73.4,0,0,0,0
45.2,-72.8,0,0,0,0
45.2,-72.6,0,0,0,0
45.2,-72.0,0,0,0,0
45.2,-71.8,0,0,0,0
45.2,-71.2,0,0,0,0
45.2,-71.0,0,0,0,0
45.2,-67.5,0,0,0,0
45.2,-66.9,0,0,0,0
45.2,-66.7,0,0,0,0
45.2,-66.1,0,0,0,0
45.2,-65.6,0,0,0,0
45.2,-65.0,0,0,0,0
45.2,-64.8,0,0,0,0
45.2,-64.5,0,0,0,0
45.2,-64.2,0,0,0,0
45.2,-63.7,0,0,0,0
45.2,-63.1,0,0,0,0
45.2,-62.6,0,0,0,0
45.2,-62.0,0,0,0,0
45.2,-61.4,0,0,0,0
45.3,-80.5,0,0,0,0
45.3,-79.5,0,0,0,0
45.3,-79.2,0,0,0,0
45.3,-78.5,0,0,0,0
45.3,-78.2,0,0,0,0
45.3,-78.0,0,0,0,0
45.3,-77.2,0,0,0,0
45.3,-76.9,0,0,0,0
45.3,-76.1,0,0,0,0
45.3,-75.9,0,0,0,0
45.3,-75.1,0,0,0,0
45.3,-74.9,0,0,0,0
45.3,-74.1,0,0,0,0
45.3,-73.8,1,0,0,0
45.3,-73.3,0,0,0,0
45.3,-73.0,1,0,0,0
45.3,-72.5,0,0,0,0
45.3,-72.2,0,0,0,0
45.3,-71.7,0,0,0,0
45.3,-71.5,0,0,0,0
45.3,-70.9,0,0,0,0
45.3,-70.7,0,0,0,0
45.3,-67.2,0,0,0,0
45.3,-66.6,0,0,0,0
45.3,-66.4,0,0,0,0
45.3,-65.8,0,0,0,0
45.3,-64.7,0,0,0,0
45.3,-64.1,0,0,0,0
45.3,-63.9,0,0,0,0
45.3,-63.6,0,0,0,0
45.3,-63.3,0,0,0,0
45.3,-63.0,0,0,0,0
45.3,-62.8,0,0,0,0
45.3,-62.4,0,0,0,0
45.3,-62.2,0,0,0,0
45.3,-61.9,0,0,0,0
45.3,-61.7,0,0,0,0
45.3,-61.3,0,0,0,0
45.3,-61.1,0,0,0,0
45.4,-81.8,0,0,0,0
45.4,-81.5,0,0,0,0
45.4,-80.2,0,0,0,0
45.4,-80.0,0,0,0,0
45.4,-79.7,1,0,0,0
45.4,-79.0,0,0,0,0
45.4,-78.7,0,0,0,0
45.4,-77.9,0,0,0,0
45.4,-77.7,0,0,0,0
45.4,-77.4,1,0,0,0
45.4,-76.6,0,0,0,0
45.4,-76.4,0,0,0,0
45.4,-75.6,0,0,0,0
45.4,-75.3,1,0,0,0
45.4,-74.8,0,0,0,0
45.4,-74.6,0,0,0,0
45.4,-74.3,0,0,0,0
45.4,-73.8,0,1,0,0
45.4,-73.5,0,0,0,0
45.4,-73.0,0,1,0,0
45.4,-72.7,0,0,0,0
45.4,-71.9,0,0,0,0
45.4,-71.1,0,0,0,0
45.4,-67.6,0,0,0,0
45.4,-67.4,0,0,0,0
45.4,-66.8,0,0,0,0
45.4,-66.3,0,0,0,0
45.4,-66.0,0,0,0,0
45.4,-65.7,0,0,0,0
45.4,-65.5,0,0,0,0
45.4,-64.9,0,0,0,0
45.4,-64.4,0,0,0,0
45.4,-63.8,0,0,0,0
45.4,-63.2,0,0,0,0
45.4,-62.7,0,0,0,0
45.4,-62.1,0,0,0,0
45.4,-61.5,0,0,0,0
45.4,-61.0,0,0,0,0
45.5,-82.0,1,0,0,0
45.5,-80.5,0,0,0,0
45.5,-79.7,0,1,0,0
45.5,-79.4,0,0,0,0
45.5,-79.2,0,0,0,0
45.5,-78.4,0,0,0,0
45.5,-78.2,0,0,0,0
45.5,-77.4,0,1,0,0
45.5,-77.1,0,0,0,0
45.5,-76.9,0,0,0,0
45.5,-76.3,0,0,0,0
45.5,-76.1,0,0,0,0
45.5,-75.8,1,0,0,0
45.5,-75.3,0,1,0,0
45.5,-75.0,0,0,0,0
45.5,-74.2,0,0,0,0
45.5,-74.0,0,0,0,0
45.5,-73.4,0,0,0,0
45.5,-73.2,0,0,0,0
45.5,-72.4,0,0,0,0
45.5,-72.2,0,0,0,0
45.5,-71.6,0,0,0,0
45.5,-71.4,0,0,0,0
45.5,-70.8,0,0,0,0
45.5,-70.6,0,0,0,0
45.5,-67.3,0,0,0,0
45.5,-67.1,0,0,0,0
45.5,-66.5,0,0,0,0
45.5,-65.9,0,0,0,0
45.5,-65.4,0,0,0,0
45.5,-65.1,0,0,0,0
45.5,-64.6,0,0,0,0
45.5,-64.0,0,0,0,0
45.5,-63.5,0,0,0,0
45.5,-62.9,0,0,0,0
45.5,-62.3,0,0,0,0
45.5,-61.8,0,0,0,0
45.5,-61.2,0,0,0,0
45.5,-60.6,0,0,0,0
45.6,-83.0,1,0,0,0
45.6,-82.0,0,1,0,0
45.6,-81.7,0,0,0,0
45.6,-81.5,0,0,0,0
45.6,-80.4,0,0,0,0
45.6,-80.2,0,0,0,0
45.6,-79.9,1,0,0,0
45.6,-79.1,0,0,0,0
45.6,-78.9,0,0,0,0
45.6,-78.7,0,0,0,0
45.6,-77.9,0,0,0,0
45.6,-77.6,0,0,0,0
45.6,-76.8,0,0,0,0
45.6,-76.6,0,0,0,0
45.6,-75.8,0,1,0,0
45.6,-75.5,0,0,0,0
45.6,-74.7,0,0,0,0
45.6,-74.5,0,0,0,0
45.6,-73.9,0,0,0,0
45.6,-73.7,0,0,0,0
45.6,-72.9,0,0,0,0
45.6,-72.6,1,0,0,0
45.6,-72.1,0,0,0,0
45.6,-71.9,0,0,0,0
45.6,-71.3,0,0,0,0
45.6,-71.1,0,0,0,0
45.6,-70.5,0,0,0,0
45.6,-67.5,0,0,0,0
45.6,-67.0,0,0,0,0
45.6,-66.7,0,0,0,0
45.6,-66.2,0,0,0,0
45.6,-65.6,0,0,0,0
45.6,-65.0,0,0,0,0
45.6,-64.8,0,0,0,0
45.6,-64.5,0,0,0,0
45.6,-64.3,0,0,0,0
45.6,-63.7,0,0,0,0
45.6,-63.1,0,0,0,0
45.6,-62.6,0,0,0,0
45.6,-62.0,0,0,0,0
45.6,-61.4,0,0,0,0
45.6,-60.9,0,0,0,0
45.6,-60.5,0,0,0,0
45.6,-60.3,0,0,0,0
45.7,-83.0,0,1,0,0
45.7,-82.7,0,0,0,0
45.7,-82.5,0,0,0,0
45.7,-82.2,0,0,0,0
45.7,-81.4,0,0,0,0
45.7,-80.7,0,0,0,0
45.7,-79.9,0,1,0,0
45.7,-79.6,0,0,0,0
45.7,-79.4,0,0,0,0
45.7,-78.6,0,0,0,0
45.7,-78.4,0,0,0,0
45.7,-78.1,0,0,0,0
45.7,-77.3,0,0,0,0
45.7,-77.1,0,0,0,0
45.7,-76.3,0,0,0,0
45.7,-76.0,0,0,0,0
45.7,-75.2,0,0,0,0
45.7,-75.0,0,0,0,0
45.7,-74.4,0,0,0,0
45.7,-74.2,0,0,0,0
45.7,-73.4,0,0,0,0
45.7,-73.1,0,0,0,0
45.7,-72.6,0,1,0,0
45.7,-72.3,0,0,0,0
45.7,-71.8,0,0,0,0
45.7,-71.5,0,0,0,0
45.7,-71.0,0,0,0,0
45.7,-70.7,0,0,0,0
45.7,-67.8,0,0,0,0
45.7,-67.2,0,0,0,0
45.7,-66.6,0,0,0,0
45.7,-66.4,0,0,0,0
45.7,-65.8,0,0,0,0
45.7,-65.3,0,0,0,0
45.7,-64.7,0,0,0,0
45.7,-64.1,0,0,0,0
45.7,-63.9,0,0,0,0
45.7,-63.6,0,0,0,0
45.7,-63.3,0,0,0,0
45.7,-63.0,0,0,0,0
45.7,-62.8,0,0,0,0
45.7,-62.4,0,0,0,0
45.7,-62.2,0,0,0,0
45.7,-61.9,0,0,0,0
45.7,-61.7,0,0,0,0
45.7,-61.3,0,0,0,0
45.7,-61.1,0,0,0,0
45.7,-60.7,0,0,0,0
45.7,-60.2,0,0,0,0
45.8,-83.5,0,0,0,0
45.8,-83.2,1,0,0,0
45.8,-82.2,0,0,0,0
45.8,-81.9,0,0,0,0
45.8,-81.7,0,0,0,0
45.8,-80.6,0,0,0,0
45.8,-80.4,0,0,0,0
45.8,-80.1,1,0,0,0
45.8,-79.3,0,0,0,0
45.8,-79.1,0,0,0,0
45.8,-78.8,1,0,0,0
45.8,-78.1,0,0,0,0
45.8,-77.8,0,0,0,0
45.8,-77.6,0,0,0,0
45.8,-77.0,0,0,0,0
45.8,-76.8,0,0,0,0
45.8,-76.5,0,0,0,0
45.8,-76.0,0,0,0,0
45.8,-75.7,0,0,0,0
45.8,-75.5,0,0,0,0
45.8,-74.9,0,0,0,0
45.8,-74.7,0,0,0,0
45.8,-73.9,0,0,0,0
45.8,-73.6,0,0,0,0
45.8,-73.1,0,0,0,0
45.8,-72.8,0,0,0,0
45.8,-72.3,0,0,0,0
45.8,-72.0,0,0,0,0
45.8,-71.2,0,0,0,0
45.8,-70.6,0,0,0,0
45.8,-70.4,0,0,0,0
45.8,-67.7,0,0,0,0
45.8,-67.4,0,0,0,0
45.8,-66.9,0,0,0,0
45.8,-66.3,0,0,0,0
45.8,-66.1,0,0,0,0
45.8,-65.7,0,0,0,0
45.8,-65.5,0,0,0,0
45.8,-64.9,0,0,0,0
45.8,-64.4,0,0,0,0
45.8,-63.8,0,0,0,0
45.8,-63.2,0,0,0,0
45.8,-62.7,0,0,0,0
45.8,-62.1,0,0,0,0
45.8,-61.5,0,0,0,0
45.8,-61.0,0,0,0,0
45.8,-60.4,0,0,0,0
45.9,-83.2,0,1,0,0
45.9,-82.9,0,0,0,0
45.9,-82.7,0,0,0,0
45.9,-82.4,1,0,0,0
45.9,-81.4,0,0,0,0
45.9,-81.1,0,0,0,0
45.9,-80.9,0,0,0,0
45.9,-80.1,0,1,0,0
45.9,-79.8,0,0,0,0
45.9,-79.6,0,0,0,0
45.9,-78.8,0,1,0,0
45.9,-78.5,0,0,0,0
45.9,-78.3,0,0,0,0
45.9,-77.5,0,0,0,0
45.9,-77.3,0,0,0,0
45.9,-76.4,0,0,0,0
45.9,-76.2,0,0,0,0
45.9,-75.4,0,0,0,0
45.9,-75.2,0,0,0,0
45.9,-74.4,0,0,0,0
45.9,-74.1,0,0,0,0
45.9,-73.5,0,0,0,0
45.9,-73.3,0,0,0,0
45.9,-72.5,0,0,0,0
45.9,-71.7,0,0,0,0
45.9,-71.5,0,0,0,0
45.9,-70.9,0,0,0,0
45.9,-67.9,0,0,0,0
45.9,-67.3,0,0,0,0
45.9,-67.1,0,0,0,0
45.9,-66.5,0,0,0,0
45.9,-66.0,0,0,0,0
45.9,-65.4,0,0,0,0
45.9,-65.2,0,0,0,0
45.9,-64.6,0,0,0,0
45.9,-64.0,0,0,0,0
45.9,-63.5,0,0,0,0
45.9,-62.9,0,0,0,0
45.9,-61.8,0,0,0,0
45.9,-61.2,0,0,0,0
45.9,-60.6,0,0,0,0
45.9,-60.1,0,0,0,0
45.9,-59.7,0,0,0,0
46.0,-83.9,0,0,0,0
46.0,-83.4,1,0,0,0
46.0,-82.4,0,1,0,0
46.0,-82.1,0,0,0,0
46.0,-81.9,0,0,0,0
46.0,-81.6,1,0,0,0
46.0,-80.8,0,0,0,0
46.0,-80.6,0,0,0,0
46.0,-80.3,1,0,0,0
46.0,-79.5,0,0,0,0
46.0,-79.3,0,0,0,0
46.0,-79.0,0,0,0,0
46.0,-78.2,0,0,0,0
46.0,-78.0,0,0,0,0
46.0,-77.7,1,0,0,0
46.0,-76.9,0,0,0,0
46.0,-76.7,0,0,0,0
46.0,-75.9,0,0,0,0
46.0,-75.6,1,0,0,0
46.0,-74.8,0,0,0,0
46.0,-74.6,0,0,0,0
46.0,-74.0,0,0,0,0
46.0,-73.8,0,0,0,0
46.0,-73.0,0,0,0,0
46.0,-72.7,1,0,0,0
46.0,-72.2,0,0,0,0
46.0,-71.9,1,0,0,0
46.0,-71.4,0,0,0,0
46.0,-71.1,0,0,0,0
46.0,-70.6,0,0,0,0
46.0,-70.3,0,0,0,0
46.0,-67.6,0,0,0,0
46.0,-67.0,0,0,0,0
46.0,-66.8,0,0,0,0
46.0,-66.2,0,0,0,0
46.0,-65.6,0,0,0,0
46.0,-65.1,0,0,0,0
46.0,-64.8,0,0,0,0
46.0,-64.5,0,0,0,0
46.0,-64.3,0,0,0,0
46.0,-63.7,0,0,0,0
46.0,-63.1,0,0,0,0
46.0,-62.6,0,0,0,0
46.0,-62.0,0,0,0,0
46.0,-61.4,0,0,0,0
46.0,-60.8,0,0,0,0
46.0,-60.5,0,0,0,0
46.0,-60.3,0,0,0,0
46.0,-59.9,0,0,0,0
46.1,-83.4,0,1,0,0
46.1,-83.2,0,0,0,0
46.1,-82.9,0,0,0,0
46.1,-82.7,0,0,0,0
46.1,-81.6,0,1,0,0
46.1,-81.4,0,0,0,0
46.1,-81.1,1,0,0,0
46.1,-80.3,0,1,0,0
46.1,-80.0,0,0,0,0
46.1,-79.8,0,0,0,0
46.1,-78.7,0,0,0,0
46.1,-78.5,0,0,0,0
46.1,-77.7,0,1,0,0
46.1,-77.4,0,0,0,0
46.1,-77.2,0,0,0,0
46.1,-76.4,0,0,0,0
46.1,-76.1,1,0,0,0
46.1,-75.6,0,1,0,0
46.1,-75.3,0,0,0,0
46.1,-75.1,0,0,0,0
46.1,-74.5,0,0,0,0
46.1,-74.3,0,0,0,0
46.1,-73.5,0,0,0,0
46.1,-73.2,1,0,0,0
46.1,-72.7,0,1,0,0
46.1,-72.4,0,0,0,0
46.1,-71.9,0,1,0,0
46.1,-71.6,0,0,0,0
46.1,-71.0,0,0,0,0
46.1,-70.8,0,0,0,0
46.1,-70.2,0,0,0,0
46.1,-67.8,0,0,0,0
46.1,-67.2,0,0,0,0
46.1,-66.7,0,0,0,0
46.1,-66.4,0,0,0,0
46.1,-66.1,0,0,0,0
46.1,-65.9,0,0,0,0
46.1,-65.3,0,0,0,0
46.1,-64.7,0,0,0,0
46.1,-64.2,0,0,0,0
46.1,-63.9,0,0,0,0
46.1,-63.6,0,0,0,0
46.1,-63.4,0,0,0,0
46.1,-63.0,0,0,0,0
46.1,-62.8,0,0,0,0
46.1,-62.4,0,0,0,0
46.1,-61.6,0,0,0,0
46.1,-61.3,0,0,0,0
46.1,-61.1,0,0,0,0
46.1,-60.7,0,0,0,0
46.1,-60.2,0,0,0,0
46.1,-59.6,0,0,0,0
46.2,-84.2,0,0,0,0
46.2,-83.9,0,0,0,0
46.2,-83.7,0,0,0,0
46.2,-82.6,0,0,0,0
46.2,-82.4,0,0,0,0
46.2,-82.1,0,0,0,0
46.2,-81.9,0,0,0,0
46.2,-81.1,0,1,0,0
46.2,-80.8,0,0,0,0
46.2,-80.6,0,0,0,0
46.2,-79.5,0,0,0,0
46.2,-79.2,0,0,0,0
46.2,-79.0,0,0,0,0
46.2,-78.2,0,0,0,0
46.2,-77.9,0,0,0,0
46.2,-77.1,0,0,0,0
46.2,-76.9,0,0,0,0
46.2,-76.6,0,0,0,0
46.2,-76.1,0,1,0,0
46.2,-75.8,0,0,0,0
46.2,-75.0,0,0,0,0
46.2,-74.8,0,0,0,0
46.2,-74.0,0,0,0,0
46.2,-73.7,0,0,0,0
46.2,-73.2,0,1,0,0
46.2,-72.9,0,0,0,0
46.2,-72.3,0,0,0,0
46.2,-72.1,0,0,0,0
46.2,-71.5,0,0,0,0
46.2,-71.3,0,0,0,0
46.2,-70.7,0,0,0,0
46.2,-70.5,0,0,0,0
46.2,-67.7,0,0,0,0
46.2,-67.5,0,0,0,0
46.2,-66.9,0,0,0,0
46.2,-66.3,0,0,0,0
46.2,-65.8,0,0,0,0
46.2,-65.5,0,0,0,0
46.2,-65.0,0,0,0,0
46.2,-64.4,0,0,0,0
46.2,-63.8,0,0,0,0
46.2,-63.2,0,0,0,0
46.2,-62.7,0,0,0,0
46.2,-61.5,0,0,0,0
46.2,-61.0,0,0,0,0
46.2,-60.4,0,0,0,0
46.2,-59.8,0,0,0,0
46.3,-83.6,0,0,0,0
46.3,-83.4,0,0,0,0
46.3,-83.1,0,0,0,0
46.3,-82.9,0,0,0,0
46.3,-81.8,0,0,0,0
46.3,-81.6,0,0,0,0
46.3,-81.3,1,0,0,0
46.3,-80.3,0,0,0,0
46.3,-80.0,0,0,0,0
46.3,-79.7,1,0,0,0
46.3,-78.9,0,0,0,0
46.3,-78.7,0,0,0,0
46.3,-78.4,1,0,0,0
46.3,-77.6,0,0,0,0
46.3,-77.4,0,0,0,0
46.3,-76.6,0,0,0,0
46.3,-76.3,0,0,0,0
46.3,-75.5,0,0,0,0
46.3,-75.3,0,0,0,0
46.3,-74.5,0,0,0,0
46.3,-74.2,0,0,0,0
46.3,-73.6,0,0,0,0
46.3,-73.4,0,0,0,0
46.3,-72.8,0,0,0,0
46.3,-72.6,0,0,0,0
46.3,-71.8,0,0,0,0
46.3,-71.0,0,0,0,0
46.3,-70.2,0,0,0,0
46.3,-67.4,0,0,0,0
46.3,-67.2,0,0,0,0
46.3,-66.6,0,0,0,0
46.3,-66.0,0,0,0,0
46.3,-65.4,0,0,0,0
46.3,-65.2,0,0,0,0
46.3,-64.9,0,0,0,0
46.3,-64.6,0,0,0,0
46.3,-64.1,0,0,0,0
46.3,-63.5,0,0,0,0
46.3,-62.9,0,0,0,0
46.3,-62.3,0,0,0,0
46.3,-61.2,0,0,0,0
46.3,-60.6,0,0,0,0
46.3,-60.0,0,0,0,0
46.4,-84.7,0,0,0,0
46.4,-84.4,0,0,0,0
46.4,-84.1,0,0,0,0
46.4,-83.9,1,0,0,0
46.4,-82.8,0,0,0,0
46.4,-82.6,0,0,0,0
46.4,-82.3,0,0,0,0
46.4,-82.1,0,0,0,0
46.4,-81.3,0,1,0,0
46.4,-81.0,0,0,0,0
46.4,-80.8,0,0,0,0
46.4,-80.5,1,0,0,0
46.4,-79.7,0,1,0,0
46.4,-79.4,0,0,0,0
46.4,-79.2,0,0,0,0
46.4,-78.4,0,1,0,0
46.4,-78.1,0,0,0,0
46.4,-77.9,0,0,0,0
46.4,-77.3,0,0,0,0
46.4,-77.1,0,0,0,0
46.4,-76.8,1,0,0,0
46.4,-76.0,0,0,0,0
46.4,-75.8,0,0,0,0
46.4,-75.2,0,0,0,0
46.4,-75.0,0,0,0,0
46.4,-74.7,0,0,0,0
46.4,-74.1,0,0,0,0
46.4,-73.9,0,0,0,0
46.4,-73.3,0,0,0,0
46.4,-73.1,0,0,0,0
46.4,-72.3,0,0,0,0
46.4,-72.0,0,0,0,0
46.4,-71.5,0,0,0,0
46.4,-71.2,0,0,0,0
46.4,-70.6,0,0,0,0
46.4,-70.4,0,0,0,0
46.4,-67.6,0,0,0,0
46.4,-67.1,0,0,0,0
46.4,-66.8,0,0,0,0
46.4,-66.5,0,0,0,0
46.4,-66.2,0,0,0,0
46.4,-65.7,0,0,0,0
46.4,-65.1,0,0,0,0
46.4,-64.5,0,0,0,0
46.4,-64.3,0,0,0,0
46.4,-63.9,0,0,0,0
46.4,-63.7,0,0,0,0
46.4,-63.1,0,0,0,0
46.4,-62.6,0,0,0,0
46.4,-62.0,0,0,0,0
46.4,-60.8,0,0,0,0
46.4,-60.5,0,0,0,0
46.4,-60.3,0,0,0,0
46.5,-83.9,0,1,0,0
46.5,-83.6,0,0,0,0
46.5,-83.3,0,0,0,0
46.5,-83.1,1,0,0,0
46.5,-82.0,0,0,0,0
46.5,-81.8,0,0,0,0
46.5,-81.5,0,0,0,0
46.5,-80.5,0,1,0,0
46.5,-80.2,0,0,0,0
46.5,-80.0,0,0,0,0
46.5,-79.1,0,0,0,0
46.5,-78.9,0,0,0,0
46.5,-78.6,1,0,0,0
46.5,-77.8,0,0,0,0
46.5,-77.6,0,0,0,0
46.5,-76.8,0,1,0,0
46.5,-76.5,0,0,0,0
46.5,-76.3,0,0,0,0
46.5,-75.7,0,0,0,0
46.5,-75.5,0,0,0,0
46.5,-74.6,0,0,0,0
46.5,-74.4,0,0,0,0
46.5,-73.8,0,0,0,0
46.5,-73.6,0,0,0,0
46.5,-72.8,0,0,0,0
46.5,-72.5,0,0,0,0
46.5,-71.9,0,0,0,0
46.5,-71.7,0,0,0,0
46.5,-71.1,0,0,0,0
46.5,-70.9,0,0,0,0
46.5,-70.3,0,0,0,0
46.5,-70.1,0,0,0,0
46.5,-67.9,0,0,0,0
46.5,-67.3,0,0,0,0
46.5,-66.7,0,0,0,0
46.5,-66.1,0,0,0,0
46.5,-65.9,0,0,0,0
46.5,-65.3,0,0,0,0
46.5,-64.8,0,0,0,0
46.5,-64.2,0,0,0,0
46.5,-63.6,0,0,0,0
46.5,-63.4,0,0,0,0
46.5,-63.0,0,0,0,0
46.5,-62.8,0,0,0,0
46.5,-62.4,0,0,0,0
46.5,-62.2,0,0,0,0
46.5,-61.1,0,0,0,0
46.5,-60.7,0,0,0,0
46.6,-84.9,0,0,0,0
46.6,-84.6,0,0,0,0
46.6,-84.4,0,0,0,0
46.6,-84.1,1,0,0,0
46.6,-83.1,0,1,0,0
46.6,-82.8,0,0,0,0
46.6,-82.5,0,0,0,0
46.6,-82.3,0,0,0,0
46.6,-81.2,0,0,0,0
46.6,-81.0,0,0,0,0
46.6,-80.7,1,0,0,0
46.6,-79.9,0,0,0,0
46.6,-79.7,0,0,0,0
46.6,-79.4,0,0,0,0
46.6,-78.6,0,1,0,0
46.6,-78.3,0,0,0,0
46.6,-78.1,0,0,0,0
46.6,-77.3,0,0,0,0
46.6,-77.0,0,0,0,0
46.6,-76.2,0,0,0,0
46.6,-76.0,0,0,0,0
46.6,-75.1,0,0,0,0
46.6,-74.9,0,0,0,0
46.6,-74.3,0,0,0,0
46.6,-74.1,0,0,0,0
46.6,-73.3,0,0,0,0
46.6,-73.0,0,0,0,0
46.6,-72.4,0,0,0,0
46.6,-72.2,0,0,0,0
46.6,-71.6,0,0,0,0
46.6,-71.4,0,0,0,0
46.6,-70.8,0,0,0,0
46.6,-70.6,0,0,0,0
46.6,-70.0,0,0,0,0
46.6,-67.8,0,0,0,0
46.6,-67.5,0,0,0,0
46.6,-67.0,0,0,0,0
46.6,-66.4,0,0,0,0
46.6,-65.8,0,0,0,0
46.6,-65.6,0,0,0,0
46.6,-65.0,0,0,0,0
46.6,-64.4,0,0,0,0
46.6,-63.8,0,0,0,0
46.6,-60.9,0,0,0,0
46.6,-60.4,0,0,0,0
46.6,-53.4,0,0,0,0
46.6,-53.0,0,0,0,0
46.7,-84.1,0,1,0,0
46.7,-83.8,0,0,0,0
46.7,-83.6,0,0,0,0
46.7,-83.3,0,0,0,0
46.7,-82.2,0,0,0,0
46.7,-82.0,0,0,0,0
46.7,-81.7,0,0,0,0
46.7,-81.5,0,0,0,0
46.7,-80.7,0,1,0,0
46.7,-80.4,0,0,0,0
46.7,-80.2,0,0,0,0
46.7,-79.3,0,0,0,0
46.7,-79.1,0,0,0,0
46.7,-78.8,0,0,0,0
46.7,-78.0,0,0,0,0
46.7,-77.8,0,0,0,0
46.7,-77.5,0,0,0,0
46.7,-76.7,0,0,0,0
46.7,-76.5,0,0,0,0
46.7,-75.6,0,0,0,0
46.7,-75.4,0,0,0,0
46.7,-74.8,0,0,0,0
46.7,-74.6,0,0,0,0
46.7,-73.7,0,0,0,0
46.7,-73.5,0,0,0,0
46.7,-72.9,0,0,0,0
46.7,-72.7,0,0,0,0
46.7,-72.1,0,0,0,0
46.7,-71.9,0,0,0,0
46.7,-71.0,0,0,0,0
46.7,-70.5,0,0,0,0
46.7,-70.2,0,0,0,0
46.7,-67.4,0,0,0,0
46.7,-67.2,0,0,0,0
46.7,-66.6,0,0,0,0
46.7,-66.0,0,0,0,0
46.7,-65.5,0,0,0,0
46.7,-65.2,0,0,0,0
46.7,-64.9,0,0,0,0
46.7,-64.6,0,0,0,0
46.7,-64.1,0,0,0,0
46.7,-60.6,0,0,0,0
46.7,-54.2,0,0,0,0
46.7,-53.6,0,0,0,0
46.7,-53.3,0,0,0,0
46.8,-84.9,0,0,0,0
46.8,-84.6,1,0,0,0
46.8,-84.3,1,0,0,0
46.8,-83.3,0,0,0,0
46.8,-83.0,0,0,0,0
46.8,-82.8,0,0,0,0
46.8,-82.5,1,0,0,0
46.8,-81.4,0,0,0,0
46.8,-81.2,0,0,0,0
46.8,-80.9,1,0,0,0
46.8,-80.1,0,0,0,0
46.8,-79.9,0,0,0,0
46.8,-79.6,0,0,0,0
46.8,-78.5,0,0,0,0
46.8,-78.3,0,0,0,0
46.8,-77.5,0,0,0,0
46.8,-77.2,0,0,0,0
46.8,-77.0,0,0,0,0
46.8,-76.4,0,0,0,0
46.8,-76.1,0,0,0,0
46.8,-75.9,0,0,0,0
46.8,-75.3,0,0,0,0
46.8,-75.1,0,0,0,0
46.8,-74.2,0,0,0,0
46.8,-74.0,0,0,0,0
46.8,-73.4,0,0,0,0
46.8,-73.2,0,0,0,0
46.8,-72.4,0,0,0,0
46.8,-71.5,0,0,0,0
46.8,-71.3,0,0,0,0
46.8,-70.7,0,0,0,0
46.8,-69.9,0,0,0,0
46.8,-67.7,0,0,0,0
46.8,-67.1,0,0,0,0
46.8,-66.9,0,0,0,0
46.8,-66.5,0,0,0,0
46.8,-66.3,0,0,0,0
46.8,-65.7,0,0,0,0
46.8,-65.1,0,0,0,0
46.8,-64.3,0,0,0,0
46.8,-64.0,0,0,0,0
46.8,-60.8,0,0,0,0
46.8,-60.5,0,0,0,0
46.8,-60.2,0,0,0,0
46.8,-55.7,0,0,0,0
46.8,-55.3,0,0,0,0
46.8,-53.8,0,0,0,0
46.8,-53.5,0,0,0,0
46.8,-52.9,0,0,0,0
46.9,-84.6,0,1,0,0
46.9,-84.3,0,1,0,0
46.9,-84.0,0,0,0,0
46.9,-83.8,0,0,0,0
46.9,-83.5,1,0,0,0
46.9,-82.5,0,1,0,0
46.9,-82.2,0,0,0,0
46.9,-81.9,0,0,0,0
46.9,-81.7,1,0,0,0
46.9,-80.9,0,1,0,0
46.9,-80.6,0,0,0,0
46.9,-80.4,0,0,0,0
46.9,-79.3,0,0,0,0
46.9,-79.0,0,0,0,0
46.9,-78.8,0,0,0,0
46.9,-78.0,0,0,0,0
46.9,-77.7,1,0,0,0
46.9,-76.9,0,0,0,0
46.9,-76.6,0,0,0,0
46.9,-75.8,0,0,0,0
46.9,-75.6,0,0,0,0
46.9,-74.7,0,0,0,0
46.9,-74.5,0,0,0,0
46.9,-73.9,0,0,0,0
46.9,-73.7,0,0,0,0
46.9,-72.9,0,0,0,0
46.9,-72.6,0,0,0,0
46.9,-72.0,0,0,0,0
46.9,-71.8,0,0,0,0
46.9,-71.2,0,0,0,0
46.9,-71.0,0,0,0,0
46.9,-70.4,0,0,0,0
46.9,-70.1,1,0,0,0
46.9,-67.9,0,0,0,0
46.9,-67.3,0,0,0,0
46.9,-66.8,0,0,0,0
46.9,-66.2,0,0,0,0
46.9,-65.9,0,0,0,0
46.9,-65.4,0,0,0,0
46.9,-64.8,0,0,0,0
46.9,-64.2,0,0,0,0
46.9,-60.7,0,0,0,0
46.9,-55.9,0,0,0,0
46.9,-55.6,0,0,0,0
46.9,-54.0,0,0,0,0
46.9,-53.7,0,0,0,0
46.9,-53.1,0,0,0,0
46.9,-52.7,0,0,0,0
47.0,-84.8,1,0,0,0
47.0,-83.5,0,1,0,0
47.0,-83.2,0,0,0,0
47.0,-83.0,0,0,0,0
47.0,-82.7,1,0,0,0
47.0,-81.7,0,1,0,0
47.0,-81.4,0,0,0,0
47.0,-81.1,0,0,0,0
47.0,-80.1,0,0,0,0
47.0,-79.8,0,0,0,0
47.0,-79.6,0,0,0,0
47.0,-78.7,0,0,0,0
47.0,-78.5,0,0,0,0
47.0,-78.2,1,0,0,0
47.0,-77.7,0,1,0,0
47.0,-77.4,0,0,0,0
47.0,-77.1,1,0,0,0
47.0,-76.3,0,0,0,0
47.0,-76.1,0,0,0,0
47.0,-75.3,0,0,0,0
47.0,-75.0,0,0,0,0
47.0,-74.4,0,0,0,0
47.0,-74.2,0,0,0,0
47.0,-73.4,0,0,0,0
47.0,-73.1,0,0,0,0
47.0,-72.5,0,0,0,0
47.0,-72.3,0,0,0,0
47.0,-71.7,0,0,0,0
47.0,-71.5,0,0,0,0
47.0,-70.9,0,0,0,0
47.0,-70.6,0,0,0,0
47.0,-70.1,0,1,0,0
47.0,-69.8,0,0,0,0
47.0,-67.8,0,0,0,0
47.0,-67.6,0,0,0,0
47.0,-67.0,0,0,0,0
47.0,-66.4,0,0,0,0
47.0,-65.8,0,0,0,0
47.0,-65.6,0,0,0,0
47.0,-65.0,0,0,0,0
47.0,-63.8,0,0,0,0
47.0,-60.3,0,0,0,0
47.0,-56.1,0,0,0,0
47.0,-55.8,0,0,0,0
47.0,-55.2,0,0,0,0
47.0,-54.3,0,0,0,0
47.0,-53.9,0,0,0,0
47.0,-53.3,0,0,0,0
47.0,-53.0,0,0,0,0
47.1,-84.8,0,1,0,0
47.1,-84.5,0,0,0,0
47.1,-84.3,0,0,0,0
47.1,-84.0,0,0,0,0
47.1,-83.8,0,0,0,0
47.1,-82.7,0,1,0,0
47.1,-82.4,0,0,0,0
47.1,-82.2,0,0,0,0
47.1,-81.9,1,0,0,0
47.1,-80.8,0,0,0,0
47.1,-80.6,0,0,0,0
47.1,-80.3,1,0,0,0
47.1,-79.5,0,0,0,0
47.1,-79.2,0,0,0,0
47.1,-79.0,0,0,0,0
47.1,-78.2,0,1,0,0
47.1,-77.9,0,0,0,0
47.1,-77.1,0,1,0,0
47.1,-76.8,0,0,0,0
47.1,-76.6,0,0,0,0
47.1,-76.0,0,0,0,0
47.1,-75.8,0,0,0,0
47.1,-75.5,0,0,0,0
47.1,-74.9,0,0,0,0
47.1,-74.7,0,0,0,0
47.1,-73.9,0,0,0,0
47.1,-73.6,0,0,0,0
47.1,-73.0,0,0,0,0
47.1,-72.8,0,0,0,0
47.1,-72.2,0,0,0,0
47.1,-71.9,0,0,0,0
47.1,-71.4,0,0,0,0
47.1,-71.1,0,0,0,0
47.1,-70.5,0,0,0,0
47.1,-70.3,0,0,0,0
47.1,-69.7,0,0,0,0
47.1,-69.5,0,0,0,0
47.1,-68.9,0,0,0,0
47.1,-68.1,0,0,0,0
47.1,-67.5,0,0,0,0
47.1,-67.2,0,0,0,0
47.1,-66.9,0,0,0,0
47.1,-66.7,0,0,0,0
47.1,-66.1,0,0,0,0
47.1,-65.5,0,0,0,0
47.1,-65.3,0,0,0,0
47.1,-64.9,0,0,0,0
47.1,-64.7,0,0,0,0
47.1,-64.1,0,0,0,0
47.1,-60.6,0,0,0,0
47.1,-56.0,0,0,0,0
47.1,-55.4,0,0,0,0
47.1,-55.1,0,0,0,0
47.1,-54.1,0,0,0,0
47.1,-53.5,0,0,0,0
47.1,-53.2,0,0,0,0
47.2,-83.7,0,0,0,0
47.2,-83.5,0,0,0,0
47.2,-83.2,0,0,0,0
47.2,-82.9,0,0,0,0
47.2,-81.9,0,1,0,0
47.2,-81.6,0,0,0,0
47.2,-81.4,0,0,0,0
47.2,-81.1,0,0,0,0
47.2,-80.3,0,1,0,0
47.2,-80.0,0,0,0,0
47.2,-79.8,0,0,0,0
47.2,-78.9,0,0,0,0
47.2,-78.7,0,0,0,0
47.2,-78.4,0,0,0,0
47.2,-77.6,0,0,0,0
47.2,-77.3,0,0,0,0
47.2,-76.5,0,0,0,0
47.2,-76.3,0,0,0,0
47.2,-75.4,0,0,0,0
47.2,-75.2,0,0,0,0
47.2,-74.4,0,0,0,0
47.2,-74.1,0,0,0,0
47.2,-73.5,0,0,0,0
47.2,-73.3,0,0,0,0
47.2,-72.7,0,0,0,0
47.2,-72.4,0,0,0,0
47.2,-71.6,0,0,0,0
47.2,-70.8,0,0,0,0
47.2,-70.0,0,0,0,0
47.2,-69.4,0,0,0,0
47.2,-69.1,0,0,0,0
47.2,-68.6,0,0,0,0
47.2,-67.7,0,0,0,0
47.2,-67.1,0,0,0,0
47.2,-66.6,0,0,0,0
47.2,-66.3,0,0,0,0
47.2,-65.7,0,0,0,0
47.2,-65.1,0,0,0,0
47.2,-62.0,0,0,0,0
47.2,-60.2,0,0,0,0
47.2,-55.6,0,0,0,0
47.2,-55.3,0,0,0,0
47.2,-53.8,0,0,0,0
47.2,-53.4,0,0,0,0
47.2,-52.8,0,0,0,0
47.3,-84.8,0,0,0,0
47.3,-84.5,0,0,0,0
47.3,-84.2,0,0,0,0
47.3,-84.0,0,0,0,0
47.3,-82.9,0,0,0,0
47.3,-82.6,0,0,0,0
47.3,-82.4,0,0,0,0
47.3,-82.1,1,0,0,0
47.3,-81.0,0,0,0,0
47.3,-80.8,0,0,0,0
47.3,-80.5,1,0,0,0
47.3,-79.7,0,0,0,0
47.3,-79.4,0,0,0,0
47.3,-79.2,0,0,0,0
47.3,-78.4,0,0,0,0
47.3,-78.1,0,0,0,0
47.3,-77.9,0,0,0,0
47.3,-77.0,0,0,0,0
47.3,-76.8,0,0,0,0
47.3,-75.9,0,0,0,0
47.3,-75.7,0,0,0,0
47.3,-74.9,0,0,0,0
47.3,-74.6,0,0,0,0
47.3,-74.0,0,0,0,0
47.3,-73.8,0,0,0,0
47.3,-72.9,0,0,0,0
47.3,-72.1,0,0,0,0
47.3,-71.9,0,0,0,0
47.3,-71.3,0,0,0,0
47.3,-71.0,1,0,0,0
47.3,-70.5,0,0,0,0
47.3,-70.2,0,0,0,0
47.3,-69.6,0,0,0,0
47.3,-69.0,0,0,0,0
47.3,-68.8,0,0,0,0
47.3,-68.2,0,0,0,0
47.3,-68.0,0,0,0,0
47.3,-67.4,0,0,0,0
47.3,-66.8,0,0,0,0
47.3,-66.2,0,0,0,0
47.3,-66.0,0,0,0,0
47.3,-65.4,0,0,0,0
47.3,-64.8,0,0,0,0
47.3,-61.9,0,0,0,0
47.3,-61.6,0,0,0,0
47.3,-60.1,0,0,0,0
47.3,-57.0,0,0,0,0
47.3,-55.9,0,0,0,0
47.3,-55.5,0,0,0,0
47.3,-54.9,0,0,0,0
47.3,-54.6,0,0,0,0
47.3,-54.0,0,0,0,0
47.3,-53.6,0,0,0,0
47.3,-53.0,0,0,0,0
47.3,-52.7,0,0,0,0
47.4,-85.8,0,0,0,0
47.4,-83.9,0,0,0,0
47.4,-83.7,0,0,0,0
47.4,-83.4,0,0,0,0
47.4,-83.2,0,0,0,0
47.4,-82.1,0,1,0,0
47.4,-81.8,0,0,0,0
47.4,-81.6,0,0,0,0
47.4,-81.3,1,0,0,0
47.4,-80.5,0,1,0,0
47.4,-80.2,0,0,0,0
47.4,-80.0,0,0,0,0
47.4,-79.1,0,0,0,0
47.4,-78.9,0,0,0,0
47.4,-78.6,0,0,0,0
47.4,-77.8,0,0,0,0
47.4,-77.5,0,0,0,0
47.4,-77.3,0,0,0,0
47.4,-76.7,0,0,0,0
47.4,-76.5,0,0,0,0
47.4,-76.2,0,0,0,0
47.4,-75.6,0,0,0,0
47.4,-75.4,0,0,0,0
47.4,-75.1,0,0,0,0
47.4,-74.5,0,0,0,0
47.4,-74.3,0,0,0,0
47.4,-73.5,0,0,0,0
47.4,-73.2,0,0,0,0
47.4,-72.6,0,0,0,0
47.4,-72.4,0,0,0,0
47.4,-71.8,0,0,0,0
47.4,-71.5,1,0,0,0
47.4,-71.0,0,1,0,0
47.4,-70.7,0,0,0,0
47.4,-70.1,0,0,0,0
47.4,-69.9,0,0,0,0
47.4,-69.3,0,0,0,0
47.4,-68.7,0,0,0,0
47.4,-68.5,0,0,0,0
47.4,-67.9,0,0,0,0
47.4,-67.6,0,0,0,0
47.4,-67.0,0,0,0,0
47.4,-66.5,0,0,0,0
47.4,-65.9,0,0,0,0
47.4,-65.6,0,0,0,0
47.4,-65.0,0,0,0,0
47.4,-57.3,0,0,0,0
47.4,-56.1,0,0,0,0
47.4,-55.7,0,0,0,0
47.4,-55.1,0,0,0,0
47.4,-54.8,0,0,0,0
47.4,-54.2,0,0,0,0
47.4,-53.8,0,0,0,0
47.4,-53.2,0,0,0,0
47.4,-52.9,0,0,0,0
47.5,-85.0,0,0,0,0
47.5,-84.7,0,0,0,0
47.5,-84.5,0,0,0,0
47.5,-84.2,1,0,0,0
47.5,-83.1,0,0,0,0
47.5,-82.9,0,0,0,0
47.5,-82.6,0,0,0,0
47.5,-82.3,1,0,0,0
47.5,-81.3,0,1,0,0
47.5,-81.0,0,0,0,0
47.5,-80.7,1,0,0,0
47.5,-79.7,0,0,0,0
47.5,-79.4,0,0,0,0
47.5,-78.3,0,0,0,0
47.5,-78.1,0,0,0,0
47.5,-77.2,0,0,0,0
47.5,-77.0,0,0,0,0
47.5,-76.1,0,0,0,0
47.5,-75.9,0,0,0,0
47.5,-75.0,0,0,0,0
47.5,-74.8,0,0,0,0
47.5,-74.0,0,0,0,0
47.5,-73.7,0,0,0,0
47.5,-73.1,0,0,0,0
47.5,-72.9,0,0,0,0
47.5,-72.3,0,0,0,0
47.5,-72.0,0,0,0,0
47.5,-71.5,0,1,0,0
47.5,-71.2,0,0,0,0
47.5,-70.6,0,0,0,0
47.5,-70.4,0,0,0,0
47.5,-69.8,0,0,0,0
47.5,-69.5,0,0,0,0
47.5,-69.0,0,0,0,0
47.5,-68.4,0,0,0,0
47.5,-68.1,0,0,0,0
47.5,-67.5,0,0,0,0
47.5,-67.3,0,0,0,0
47.5,-66.9,0,0,0,0
47.5,-66.7,0,0,0,0
47.5,-66.1,0,0,0,0
47.5,-65.5,0,0,0,0
47.5,-65.3,0,0,0,0
47.5,-64.9,0,0,0,0
47.5,-61.7,0,0,0,0
47.5,-59.0,0,0,0,0
47.5,-57.5,0,0,0,0
47.5,-56.9,0,0,0,0
47.5,-56.3,0,0,0,0
47.5,-55.9,0,0,0,0
47.5,-55.4,0,0,0,0
47.5,-55.0,0,0,0,0
47.5,-54.4,0,0,0,0
47.5,-54.0,0,0,0,0
47.5,-53.5,0,0,0,0
47.5,-53.1,0,0,0,0
47.5,-52.5,0,0,0,0
47.6,-84.2,0,1,0,0
47.6,-83.9,0,0,0,0
47.6,-83.7,0,0,0,0
47.6,-83.4,1,0,0,0
47.6,-82.3,0,1,0,0
47.6,-82.0,0,0,0,0
47.6,-81.8,0,0,0,0
47.6,-81.5,1,0,0,0
47.6,-80.7,0,1,0,0
47.6,-80.4,0,0,0,0
47.6,-80.2,0,0,0,0
47.6,-79.9,1,0,0,0
47.6,-79.1,0,0,0,0
47.6,-78.8,0,0,0,0
47.6,-78.6,0,0,0,0
47.6,-78.0,0,0,0,0
47.6,-77.7,0,0,0,0
47.6,-77.5,0,0,0,0
47.6,-76.6,0,0,0,0
47.6,-76.4,0,0,0,0
47.6,-75.6,0,0,0,0
47.6,-75.3,0,0,0,0
47.6,-74.5,0,0,0,0
47.6,-74.2,0,0,0,0
47.6,-73.6,0,0,0,0
47.6,-73.4,0,0,0,0
47.6,-72.8,0,0,0,0
47.6,-72.5,0,0,0,0
47.6,-71.7,0,0,0,0
47.6,-70.9,0,0,0,0
47.6,-70.3,0,0,0,0
47.6,-70.0,0,0,0,0
47.6,-69.4,0,0,0,0
47.6,-69.2,0,0,0,0
47.6,-68.6,0,0,0,0
47.6,-68.0,0,0,0,0
47.6,-67.8,0,0,0,0
47.6,-67.2,0,0,0,0
47.6,-66.6,0,0,0,0
47.6,-66.4,0,0,0,0
47.6,-65.8,0,0,0,0
47.6,-65.2,0,0,0,0
47.6,-64.6,0,0,0,0
47.6,-61.4,0,0,0,0
47.6,-59.3,0,0,0,0
47.6,-58.7,0,0,0,0
47.6,-57.7,0,0,0,0
47.6,-57.1,0,0,0,0
47.6,-56.5,0,0,0,0
47.6,-56.2,0,0,0,0
47.6,-55.6,0,0,0,0
47.6,-55.2,0,0,0,0
47.6,-54.6,0,0,0,0
47.6,-54.3,0,0,0,0
47.6,-53.7,0,0,0,0
47.6,-53.3,0,0,0,0
47.6,-52.7,0,0,0,0
47.7,-85.5,0,0,0,0
47.7,-85.0,0,0,0,0
47.7,-84.7,0,0,0,0
47.7,-84.4,0,0,0,0
47.7,-83.4,0,1,0,0
47.7,-83.1,0,0,0,0
47.7,-82.8,0,0,0,0
47.7,-82.6,0,0,0,0
47.7,-81.5,0,1,0,0
47.7,-81.2,0,0,0,0
47.7,-81.0,0,0,0,0
47.7,-79.9,0,1,0,0
47.7,-79.6,0,0,0,0
47.7,-79.3,0,0,0,0
47.7,-78.5,0,0,0,0
47.7,-78.3,0,0,0,0
47.7,-77.4,0,0,0,0
47.7,-77.2,0,0,0,0
47.7,-76.9,0,0,0,0
47.7,-76.1,0,0,0,0
47.7,-75.8,0,0,0,0
47.7,-75.2,0,0,0,0
47.7,-75.0,0,0,0,0
47.7,-74.7,0,0,0,0
47.7,-74.1,0,0,0,0
47.7,-73.9,0,0,0,0
47.7,-73.3,0,0,0,0
47.7,-73.0,0,0,0,0
47.7,-72.2,0,0,0,0
47.7,-72.0,0,0,0,0
47.7,-71.4,0,0,0,0
47.7,-71.1,0,0,0,0
47.7,-70.5,0,0,0,0
47.7,-69.7,0,0,0,0
47.7,-69.1,0,0,0,0
47.7,-68.9,0,0,0,0
47.7,-68.3,0,0,0,0
47.7,-67.4,0,0,0,0
47.7,-66.8,0,0,0,0
47.7,-66.2,0,0,0,0
47.7,-66.0,0,0,0,0
47.7,-65.4,0,0,0,0
47.7,-64.8,0,0,0,0
47.7,-61.6,0,0,0,0
47.7,-58.9,0,0,0,0
47.7,-58.5,0,0,0,0
47.7,-58.3,0,0,0,0
47.7,-57.9,0,0,0,0
47.7,-57.3,0,0,0,0
47.7,-57.0,0,0,0,0
47.7,-56.8,0,0,0,0
47.7,-56.4,0,0,0,0
47.7,-55.8,0,0,0,0
47.7,-55.4,0,0,0,0
47.7,-54.8,0,0,0,0
47.7,-54.5,0,0,0,0
47.7,-53.9,0,0,0,0
47.7,-53.5,0,0,0,0
47.7,-52.9,0,0,0,0
47.7,-52.6,0,0,0,0
47.8,-86.0,1,0,0,0
47.8,-85.8,0,0,0,0
47.8,-84.4,0,0,0,0
47.8,-84.1,0,0,0,0
47.8,-83.9,0,0,0,0
47.8,-83.6,1,0,0,0
47.8,-82.5,0,0,0,0
47.8,-82.3,0,0,0,0
47.8,-82.0,0,0,0,0
47.8,-81.7,1,0,0,0
47.8,-80.7,0,0,0,0
47.8,-80.4,0,0,0,0
47.8,-80.1,1,0,0,0
47.8,-79.3,0,0,0,0
47.8,-79.0,0,0,0,0
47.8,-78.8,0,0,0,0
47.8,-77.9,0,0,0,0
47.8,-77.7,0,0,0,0
47.8,-76.8,0,0,0,0
47.8,-76.6,0,0,0,0
47.8,-76.3,1,0,0,0
47.8,-75.7,0,0,0,0
47.8,-75.5,0,0,0,0
47.8,-74.7,0,0,0,0
47.8,-74.4,0,0,0,0
47.8,-73.8,0,0,0,0
47.8,-73.6,0,0,0,0
47.8,-72.7,0,0,0,0
47.8,-72.5,0,0,0,0
47.8,-71.9,0,0,0,0
47.8,-71.6,0,0,0,0
47.8,-71.0,0,0,0,0
47.8,-70.8,0,0,0,0
47.8,-70.2,0,0,0,0
47.8,-69.9,1,0,0,0
47.8,-69.4,0,0,0,0
47.8,-68.8,0,0,0,0
47.8,-68.5,0,0,0,0
47.8,-67.9,0,0,0,0
47.8,-67.7,0,0,0,0
47.8,-67.3,0,0,0,0
47.8,-67.1,0,0,0,0
47.8,-66.5,0,0,0,0
47.8,-65.9,0,0,0,0
47.8,-65.7,0,0,0,0
47.8,-65.1,0,0,0,0
47.8,-64.5,0,0,0,0
47.8,-61.5,0,0,0,0
47.8,-59.1,0,0,0,0
47.8,-58.8,0,0,0,0
47.8,-58.2,0,0,0,0
47.8,-57.6,0,0,0,0
47.8,-57.2,0,0,0,0
47.8,-56.6,0,0,0,0
47.8,-56.0,0,0,0,0
47.8,-55.7,0,0,0,0
47.8,-55.1,0,0,0,0
47.8,-54.7,0,0,0,0
47.8,-54.1,0,0,0,0
47.8,-53.7,0,0,0,0
47.8,-53.2,0,0,0,0
47.8,-52.8,0,0,0,0
47.9,-90.0,0,0,0,0
47.9,-89.7,0,0,0,0
47.9,-89.5,0,0,0,0
47.9,-86.0,0,1,0,0
47.9,-85.7,0,0,0,0
47.9,-85.5,0,0,0,0
47.9,-85.2,0,0,0,0
47.9,-84.9,0,0,0,0
47.9,-84.7,0,0,0,0
47.9,-83.6,0,1,0,0
47.9,-83.3,0,0,0,0
47.9,-83.1,0,0,0,0
47.9,-82.8,0,0,0,0
47.9,-81.7,0,1,0,0
47.9,-81.4,0,0,0,0
47.9,-81.2,0,0,0,0
47.9,-80.9,1,0,0,0
47.9,-80.1,0,1,0,0
47.9,-79.8,0,0,0,0
47.9,-79.6,0,0,0,0
47.9,-78.7,0,0,0,0
47.9,-78.5,0,0,0,0
47.9,-78.2,0,0,0,0
47.9,-77.4,0,0,0,0
47.9,-77.1,0,0,0,0
47.9,-76.3,0,1,0,0
47.9,-76.0,0,0,0,0
47.9,-75.2,0,0,0,0
47.9,-74.9,0,0,0,0
47.9,-74.3,0,0,0,0
47.9,-74.1,0,0,0,0
47.9,-73.2,0,0,0,0
47.9,-73.0,0,0,0,0
47.9,-72.4,0,0,0,0
47.9,-72.1,0,0,0,0
47.9,-71.5,0,0,0,0
47.9,-71.3,0,0,0,0
47.9,-70.7,0,0,0,0
47.9,-70.4,1,0,0,0
47.9,-69.9,0,1,0,0
47.9,-69.6,0,0,0,0
47.9,-69.0,0,0,0,0
47.9,-68.4,0,0,0,0
47.9,-68.2,0,0,0,0
47.9,-67.6,0,0,0,0
47.9,-67.0,0,0,0,0
47.9,-66.7,0,0,0,0
47.9,-66.1,0,0,0,0
47.9,-65.3,0,0,0,0
47.9,-65.0,0,0,0,0
47.9,-64.7,0,0,0,0
47.9,-61.1,0,0,0,0
47.9,-59.4,0,0,0,0
47.9,-59.0,0,0,0,0
47.9,-58.4,0,0,0,0
47.9,-57.8,0,0,0,0
47.9,-57.4,0,0,0,0
47.9,-56.8,0,0,0,0
47.9,-56.3,0,0,0,0
47.9,-55.9,0,0,0,0
47.9,-55.3,0,0,0,0
47.9,-54.9,0,0,0,0
47.9,-54.3,0,0,0,0
47.9,-54.0,0,0,0,0
47.9,-53.4,0,0,0,0
47.9,-53.0,0,0,0,0
48.0,-84.6,0,0,0,0
48.0,-84.4,0,0,0,0
48.0,-84.1,0,0,0,0
48.0,-83.9,0,0,0,0
48.0,-82.5,0,0,0,0
48.0,-82.2,0,0,0,0
48.0,-82.0,0,0,0,0
48.0,-80.9,0,1,0,0
48.0,-80.6,0,0,0,0
48.0,-80.3,1,0,0,0
48.0,-79.5,0,0,0,0
48.0,-79.2,0,0,0,0
48.0,-79.0,0,0,0,0
48.0,-78.1,0,0,0,0
48.0,-77.9,0,0,0,0
48.0,-77.6,1,0,0,0
48.0,-76.8,0,0,0,0
48.0,-76.5,1,0,0,0
48.0,-75.7,0,0,0,0
48.0,-75.4,1,0,0,0
48.0,-74.8,0,0,0,0
48.0,-74.6,0,0,0,0
48.0,-73.7,0,0,0,0
48.0,-73.5,0,0,0,0
48.0,-72.9,0,0,0,0
48.0,-72.6,0,0,0,0
48.0,-72.0,0,0,0,0
48.0,-71.8,0,0,0,0
48.0,-70.9,0,0,0,0
48.0,-70.4,0,1,0,0
48.0,-70.1,0,0,0,0
48.0,-69.5,0,0,0,0
48.0,-69.3,0,0,0,0
48.0,-68.7,0,0,0,0
48.0,-68.1,0,0,0,0
48.0,-67.8,0,0,0,0
48.0,-67.2,0,0,0,0
48.0,-66.6,0,0,0,0
48.0,-66.4,0,0,0,0
48.0,-65.2,0,0,0,0
48.0,-64.6,0,0,0,0
48.0,-64.4,0,0,0,0
48.0,-59.2,0,0,0,0
48.0,-58.6,0,0,0,0
48.0,-58.0,0,0,0,0
48.0,-57.7,0,0,0,0
48.0,-57.1,0,0,0,0
48.0,-56.5,0,0,0,0
48.0,-56.1,0,0,0,0
48.0,-55.5,0,0,0,0
48.0,-55.1,0,0,0,0
48.0,-54.6,0,0,0,0
48.0,-54.2,0,0,0,0
48.0,-53.6,0,0,0,0
48.0,-53.2,0,0,0,0
48.1,-91.9,0,0,0,0
48.1,-91.6,0,0,0,0
48.1,-91.3,0,0,0,0
48.1,-91.1,0,0,0,0
48.1,-90.8,0,0,0,0
48.1,-90.5,0,0,0,0
48.1,-90.3,0,0,0,0
48.1,-90.0,0,0,0,0
48.1,-89.7,0,0,0,0
48.1,-89.5,0,0,0,0
48.1,-89.2,0,0,0,0
48.1,-86.2,0,0,0,0
48.1,-86.0,0,0,0,0
48.1,-85.7,0,0,0,0
48.1,-85.4,0,0,0,0
48.1,-85.2,0,0,0,0
48.1,-84.9,1,0,0,0
48.1,-83.8,0,0,0,0
48.1,-83.6,0,0,0,0
48.1,-83.3,0,0,0,0
48.1,-83.0,0,0,0,0
48.1,-82.8,0,0,0,0
48.1,-81.9,0,0,0,0
48.1,-81.7,0,0,0,0
48.1,-81.4,0,0,0,0
48.1,-81.1,1,0,0,0
48.1,-80.3,0,1,0,0
48.1,-80.0,0,0,0,0
48.1,-79.8,0,0,0,0
48.1,-78.9,0,0,0,0
48.1,-78.7,0,0,0,0
48.1,-78.4,0,0,0,0
48.1,-77.6,0,1,0,0
48.1,-77.3,0,0,0,0
48.1,-77.0,1,0,0,0
48.1,-76.5,0,1,0,0
48.1,-76.2,0,0,0,0
48.1,-75.9,1,0,0,0
48.1,-75.4,0,1,0,0
48.1,-75.1,0,0,0,0
48.1,-74.2,0,0,0,0
48.1,-74.0,0,0,0,0
48.1,-73.4,0,0,0,0
48.1,-73.1,0,0,0,0
48.1,-72.3,0,0,0,0
48.1,-71.5,0,0,0,0
48.1,-71.2,0,0,0,0
48.1,-70.6,0,0,0,0
48.1,-69.8,0,0,0,0
48.1,-69.2,0,0,0,0
48.1,-68.9,0,0,0,0
48.1,-68.3,0,0,0,0
48.1,-67.7,0,0,0,0
48.1,-67.5,0,0,0,0
48.1,-66.9,0,0,0,0
48.1,-66.3,0,0,0,0
48.1,-66.0,0,0,0,0
48.1,-65.4,0,0,0,0
48.1,-64.8,0,0,0,0
48.1,-58.9,0,0,0,0
48.1,-58.5,0,0,0,0
48.1,-58.3,0,0,0,0
48.1,-57.9,0,0,0,0
48.1,-57.3,0,0,0,0
48.1,-56.9,0,0,0,0
48.1,-56.7,0,0,0,0
48.1,-56.3,0,0,0,0
48.1,-55.7,0,0,0,0
48.1,-55.4,0,0,0,0
48.1,-54.8,0,0,0,0
48.1,-54.4,0,0,0,0
48.1,-53.8,0,0,0,0
48.1,-53.4,0,0,0,0
48.1,-52.8,0,0,0,0
48.2,-84.9,0,1,0,0
48.2,-84.6,0,0,0,0
48.2,-84.3,0,0,0,0
48.2,-84.1,0,0,0,0
48.2,-82.7,0,0,0,0
48.2,-82.5,0,0,0,0
48.2,-82.2,0,0,0,0
48.2,-81.1,0,1,0,0
48.2,-80.8,0,0,0,0
48.2,-80.6,0,0,0,0
48.2,-79.5,0,0,0,0
48.2,-79.2,0,0,0,0
48.2,-78.1,0,0,0,0
48.2,-77.8,0,0,0,0
48.2,-77.0,0,1,0,0
48.2,-76.7,0,0,0,0
48.2,-75.9,0,1,0,0
48.2,-75.6,0,0,0,0
48.2,-74.8,0,0,0,0
48.2,-74.5,0,0,0,0
48.2,-73.9,0,0,0,0
48.2,-73.7,0,0,0,0
48.2,-72.8,0,0,0,0
48.2,-72.6,0,0,0,0
48.2,-72.0,0,0,0,0
48.2,-71.7,0,0,0,0
48.2,-71.1,0,0,0,0
48.2,-70.9,0,0,0,0
48.2,-70.3,0,0,0,0
48.2,-70.0,0,0,0,0
48.2,-69.4,0,0,0,0
48.2,-68.8,0,0,0,0
48.2,-68.6,0,0,0,0
48.2,-68.0,0,0,0,0
48.2,-67.4,0,0,0,0
48.2,-67.1,0,0,0,0
48.2,-66.5,0,0,0,0
48.2,-65.9,0,0,0,0
48.2,-65.7,0,0,0,0
48.2,-65.1,0,0,0,0
48.2,-59.1,0,0,0,0
48.2,-58.7,0,0,0,0
48.2,-58.1,0,0,0,0
48.2,-57.5,0,0,0,0
48.2,-57.2,0,0,0,0
48.2,-56.6,0,0,0,0
48.2,-56.0,0,0,0,0
48.2,-55.6,0,0,0,0
48.2,-55.0,0,0,0,0
48.2,-54.6,0,0,0,0
48.2,-54.0,0,0,0,0
48.2,-53.7,0,0,0,0
48.2,-53.1,0,0,0,0
48.2,-52.7,0,0,0,0
48.3,-124.2,0,0,0,0
48.3,-123.8,0,0,0,0
48.3,-123.6,0,0,0,0
48.3,-92.4,0,0,0,0
48.3,-92.1,0,0,0,0
48.3,-91.9,0,0,0,0
48.3,-91.6,0,0,0,0
48.3,-91.3,0,0,0,0
48.3,-91.1,0,0,0,0
48.3,-90.8,0,0,0,0
48.3,-90.5,0,0,0,0
48.3,-90.3,0,0,0,0
48.3,-90.0,0,0,0,0
48.3,-89.7,0,0,0,0
48.3,-89.5,0,0,0,0
48.3,-89.2,0,0,0,0
48.3,-88.9,1,0,0,0
48.3,-88.7,0,0,0,0
48.3,-86.2,0,0,0,0
48.3,-86.0,0,0,0,0
48.3,-85.7,0,0,0,0
48.3,-85.4,1,0,0,0
48.3,-85.1,1,0,0,0
48.3,-84.0,0,0,0,0
48.3,-83.8,0,0,0,0
48.3,-83.5,0,0,0,0
48.3,-83.2,0,0,0,0
48.3,-83.0,0,0,0,0
48.3,-81.9,0,0,0,0
48.3,-81.6,0,0,0,0
48.3,-81.3,1,0,0,0
48.3,-80.2,0,0,0,0
48.3,-80.0,0,0,0,0
48.3,-79.7,1,0,0,0
48.3,-78.9,0,0,0,0
48.3,-78.6,0,0,0,0
48.3,-78.3,1,0,0,0
48.3,-77.8,0,0,0,0
48.3,-77.5,0,0,0,0
48.3,-77.2,1,0,0,0
48.3,-76.4,0,0,0,0
48.3,-76.1,1,0,0,0
48.3,-75.3,0,0,0,0
48.3,-75.0,1,0,0,0
48.3,-74.4,0,0,0,0
48.3,-74.2,0,0,0,0
48.3,-73.3,0,0,0,0
48.3,-73.1,0,0,0,0
48.3,-72.5,0,0,0,0
48.3,-72.2,0,0,0,0
48.3,-71.6,0,0,0,0
48.3,-71.4,0,0,0,0
48.3,-70.8,0,0,0,0
48.3,-70.5,0,0,0,0
48.3,-69.9,0,0,0,0
48.3,-69.7,0,0,0,0
48.3,-69.1,0,0,0,0
48.3,-68.5,0,0,0,0
48.3,-68.2,0,0,0,0
48.3,-67.6,0,0,0,0
48.3,-67.0,0,0,0,0
48.3,-66.8,0,0,0,0
48.3,-66.2,0,0,0,0
48.3,-65.6,0,0,0,0
48.3,-65.3,0,0,0,0
48.3,-65.0,0,0,0,0
48.3,-64.7,0,0,0,0
48.3,-58.4,0,0,0,0
48.3,-57.8,0,0,0,0
48.3,-57.4,0,0,0,0
48.3,-56.8,0,0,0,0
48.3,-56.2,0,0,0,0
48.3,-55.8,0,0,0,0
48.3,-55.2,0,0,0,0
48.3,-54.9,0,0,0,0
48.3,-54.3,0,0,0,0
48.3,-53.9,0,0,0,0
48.3,-53.3,0,0,0,0
48.4,-124.0,0,0,0,0
48.4,-123.3,0,0,0,0
48.4,-88.9,0,1,0,0
48.4,-88.6,0,0,0,0
48.4,-88.4,0,0,0,0
48.4,-85.4,0,1,0,0
48.4,-85.1,0,1,0,0
48.4,-84.9,0,0,0,0
48.4,-84.6,0,0,0,0
48.4,-84.3,1,0,0,0
48.4,-82.9,0,0,0,0
48.4,-82.7,0,0,0,0
48.4,-82.4,0,0,0,0
48.4,-82.1,1,0,0,0
48.4,-81.3,0,1,0,0
48.4,-81.0,0,0,0,0
48.4,-80.8,0,0,0,0
48.4,-80.5,1,0,0,0
48.4,-79.7,0,1,0,0
48.4,-79.4,0,0,0,0
48.4,-79.1,1,0,0,0
48.4,-78.3,0,1,0,0
48.4,-78.0,0,0,0,0
48.4,-77.2,0,1,0,0
48.4,-76.9,0,0,0,0
48.4,-76.7,0,0,0,0
48.4,-76.1,0,1,0,0
48.4,-75.8,0,0,0,0
48.4,-75.5,1,0,0,0
48.4,-75.0,0,1,0,0
48.4,-74.7,0,0,0,0
48.4,-73.8,0,0,0,0
48.4,-73.6,0,0,0,0
48.4,-73.0,0,0,0,0
48.4,-72.7,0,0,0,0
48.4,-72.1,0,0,0,0
48.4,-71.9,0,0,0,0
48.4,-71.3,0,0,0,0
48.4,-71.0,0,0,0,0
48.4,-70.4,0,0,0,0
48.4,-70.2,0,0,0,0
48.4,-69.6,0,0,0,0
48.4,-69.3,0,0,0,0
48.4,-68.7,0,0,0,0
48.4,-68.1,0,0,0,0
48.4,-67.9,0,0,0,0
48.4,-67.3,0,0,0,0
48.4,-66.7,0,0,0,0
48.4,-66.4,0,0,0,0
48.4,-65.8,0,0,0,0
48.4,-65.2,0,0,0,0
48.4,-64.6,0,0,0,0
48.4,-64.4,0,0,0,0
48.4,-59.2,0,0,0,0
48.4,-58.6,0,0,0,0
48.4,-58.0,0,0,0,0
48.4,-57.6,0,0,0,0
48.4,-57.0,0,0,0,0
48.4,-56.7,0,0,0,0
48.4,-56.4,0,0,0,0
48.4,-56.0,0,0,0,0
48.4,-55.5,0,0,0,0
48.4,-55.1,0,0,0,0
48.4,-54.5,0,0,0,0
48.4,-54.1,0,0,0,0
48.4,-53.5,0,0,0,0
48.4,-53.1,0,0,0,0
48.5,-124.3,0,0,0,0
48.5,-123.7,0,0,0,0
48.5,-123.1,0,0,0,0
48.5,-93.8,0,0,0,0
48.5,-93.5,0,0,0,0
48.5,-93.0,0,0,0,0
48.5,-92.7,0,0,0,0
48.5,-92.4,0,0,0,0
48.5,-92.1,0,0,0,0
48.5,-91.9,0,0,0,0
48.5,-91.6,0,0,0,0
48.5,-91.3,0,0,0,0
48.5,-91.1,0,0,0,0
48.5,-90.8,0,0,0,0
48.5,-90.5,0,0,0,0
48.5,-90.3,0,0,0,0
48.5,-90.0,0,0,0,0
48.5,-89.7,1,0,0,0
48.5,-89.4,1,0,0,0
48.5,-89.2,1,0,0,0
48.5,-87.0,0,0,0,0
48.5,-86.2,0,0,0,0
48.5,-85.9,0,0,0,0
48.5,-85.7,0,0,0,0
48.5,-84.3,0,1,0,0
48.5,-84.0,0,0,0,0
48.5,-83.7,0,0,0,0
48.5,-83.5,0,0,0,0
48.5,-83.2,1,0,0,0
48.5,-82.1,0,1,0,0
48.5,-81.8,0,0,0,0
48.5,-81.6,0,0,0,0
48.5,-80.5,0,1,0,0
48.5,-80.2,0,0,0,0
48.5,-79.9,1,0,0,0
48.5,-79.1,0,1,0,0
48.5,-78.8,0,0,0,0
48.5,-78.6,0,0,0,0
48.5,-77.7,0,0,0,0
48.5,-77.4,0,0,0,0
48.5,-76.6,0,0,0,0
48.5,-76.3,0,0,0,0
48.5,-75.5,0,1,0,0
48.5,-75.2,0,0,0,0
48.5,-74.4,0,0,0,0
48.5,-74.1,0,0,0,0
48.5,-73.5,0,0,0,0
48.5,-73.2,0,0,0,0
48.5,-72.4,0,0,0,0
48.5,-71.5,0,0,0,0
48.5,-70.7,0,0,0,0
48.5,-69.8,0,0,0,0
48.5,-69.2,0,0,0,0
48.5,-69.0,0,0,0,0
48.5,-68.4,0,0,0,0
48.5,-67.8,0,0,0,0
48.5,-67.5,0,0,0,0
48.5,-66.9,0,0,0,0
48.5,-66.3,0,0,0,0
48.5,-66.1,0,0,0,0
48.5,-65.5,0,0,0,0
48.5,-64.9,0,0,0,0
48.5,-64.3,0,0,0,0
48.5,-58.8,0,0,0,0
48.5,-58.5,0,0,0,0
48.5,-58.2,0,0,0,0
48.5,-57.9,0,0,0,0
48.5,-57.3,0,0,0,0
48.5,-56.9,0,0,0,0
48.5,-56.3,0,0,0,0
48.5,-55.7,0,0,0,0
48.5,-55.3,0,0,0,0
48.5,-54.7,0,0,0,0
48.5,-54.3,0,0,0,0
48.5,-53.7,0,0,0,0
48.5,-53.4,0,0,0,0
48.6,-125.1,0,0,0,0
48.6,-124.7,0,0,0,0
48.6,-124.5,0,0,0,0
48.6,-124.1,0,0,0,0
48.6,-123.5,0,0,0,0
48.6,-94.6,0,0,0,0
48.6,-94.3,0,0,0,0
48.6,-94.0,0,0,0,0
48.6,-89.7,0,1,0,0
48.6,-89.4,0,1,0,0
48.6,-89.2,0,1,0,0
48.6,-88.9,0,0,0,0
48.6,-88.6,0,0,0,0
48.6,-88.4,0,0,0,0
48.6,-88.1,0,0,0,0
48.6,-85.6,0,0,0,0
48.6,-85.4,0,0,0,0
48.6,-85.1,0,0,0,0
48.6,-84.8,0,0,0,0
48.6,-84.6,0,0,0,0
48.6,-83.2,0,1,0,0
48.6,-82.9,0,0,0,0
48.6,-82.6,0,0,0,0
48.6,-82.4,0,0,0,0
48.6,-81.3,0,0,0,0
48.6,-81.0,0,0,0,0
48.6,-80.7,1,0,0,0
48.6,-79.9,0,1,0,0
48.6,-79.6,0,0,0,0
48.6,-79.3,1,0,0,0
48.6,-78.5,0,0,0,0
48.6,-78.2,0,0,0,0
48.6,-78.0,0,0,0,0
48.6,-77.1,0,0,0,0
48.6,-76.9,0,0,0,0
48.6,-76.0,0,0,0,0
48.6,-75.7,0,0,0,0
48.6,-74.9,0,0,0,0
48.6,-74.6,0,0,0,0
48.6,-74.0,0,0,0,0
48.6,-73.8,0,0,0,0
48.6,-72.9,0,0,0,0
48.6,-72.7,0,0,0,0
48.6,-72.1,0,0,0,0
48.6,-71.8,0,0,0,0
48.6,-71.2,0,0,0,0
48.6,-70.9,1,0,0,0
48.6,-70.3,0,0,0,0
48.6,-70.1,0,0,0,0
48.6,-69.5,0,0,0,0
48.6,-68.6,0,0,0,0
48.6,-68.0,0,0,0,0
48.6,-67.4,0,0,0,0
48.6,-67.2,0,0,0,0
48.6,-66.6,0,0,0,0
48.6,-66.0,0,0,0,0
48.6,-65.7,0,0,0,0
48.6,-65.1,0,0,0,0
48.6,-64.5,0,0,0,0
48.6,-59.1,0,0,0,0
48.6,-58.7,0,0,0,0
48.6,-58.1,0,0,0,0
48.6,-57.5,0,0,0,0
48.6,-57.1,0,0,0,0
48.6,-56.5,0,0,0,0
48.6,-55.9,0,0,0,0
48.6,-55.5,0,0,0,0
48.6,-54.9,0,0,0,0
48.6,-54.6,0,0,0,0
48.6,-54.0,0,0,0,0
48.6,-53.6,0,0,0,0
48.6,-53.0,0,0,0,0
48.7,-124.8,0,0,0,0
48.7,-124.2,0,0,0,0
48.7,-123.8,0,0,0,0
48.7,-123.2,0,0,0,0
48.7,-93.8,0,0,0,0
48.7,-93.5,0,0,0,0
48.7,-93.2,0,0,0,0
48.7,-93.0,0,0,0,0
48.7,-92.7,0,0,0,0
48.7,-92.4,0,0,0,0
48.7,-92.1,0,0,0,0
48.7,-91.9,0,0,0,0
48.7,-91.6,0,0,0,0
48.7,-91.3,0,0,0,0
48.7,-91.1,0,0,0,0
48.7,-90.8,0,0,0,0
48.7,-90.5,0,0,0,0
48.7,-90.2,0,0,0,0
48.7,-90.0,0,0,0,0
48.7,-87.3,0,0,0,0
48.7,-87.0,0,0,0,0
48.7,-86.7,0,0,0,0
48.7,-86.4,0,0,0,0
48.7,-86.2,0,0,0,0
48.7,-85.9,0,0,0,0
48.7,-84.5,0,0,0,0
48.7,-84.3,0,0,0,0
48.7,-84.0,0,0,0,0
48.7,-83.7,0,0,0,0
48.7,-83.4,0,0,0,0
48.7,-82.3,0,0,0,0
48.7,-82.1,0,0,0,0
48.7,-81.8,0,0,0,0
48.7,-81.5,0,0,0,0
48.7,-80.7,0,1,0,0
48.7,-80.4,0,0,0,0
48.7,-80.1,0,0,0,0
48.7,-79.3,0,1,0,0
48.7,-79.0,0,0,0,0
48.7,-78.8,0,0,0,0
48.7,-77.9,0,0,0,0
48.7,-77.6,0,0,0,0
48.7,-77.4,0,0,0,0
48.7,-76.5,0,0,0,0
48.7,-76.3,0,0,0,0
48.7,-75.4,0,0,0,0
48.7,-75.1,0,0,0,0
48.7,-74.5,0,0,0,0
48.7,-74.3,0,0,0,0
48.7,-73.4,0,0,0,0
48.7,-73.2,0,0,0,0
48.7,-72.6,0,0,0,0
48.7,-72.3,0,0,0,0
48.7,-71.7,0,0,0,0
48.7,-71.5,0,0,0,0
48.7,-70.9,0,1,0,0
48.7,-70.6,0,0,0,0
48.7,-70.0,0,0,0,0
48.7,-69.7,0,0,0,0
48.7,-69.1,0,0,0,0
48.7,-68.3,0,0,0,0
48.7,-67.7,0,0,0,0
48.7,-67.1,0,0,0,0
48.7,-66.8,0,0,0,0
48.7,-66.2,0,0,0,0
48.7,-65.6,0,0,0,0
48.7,-65.4,0,0,0,0
48.7,-65.0,0,0,0,0
48.7,-64.8,0,0,0,0
48.7,-64.1,0,0,0,0
48.7,-59.3,0,0,0,0
48.7,-58.9,0,0,0,0
48.7,-58.3,0,0,0,0
48.7,-57.7,0,0,0,0
48.7,-57.3,0,0,0,0
48.7,-56.7,0,0,0,0
48.7,-56.1,0,0,0,0
48.7,-55.8,0,0,0,0
48.7,-55.2,0,0,0,0
48.7,-54.8,0,0,0,0
48.7,-54.2,0,0,0,0
48.7,-53.8,0,0,0,0
48.7,-53.2,0,0,0,0
48.8,-125.6,0,0,0,0
48.8,-125.2,0,0,0,0
48.8,-124.6,0,0,0,0
48.8,-124.0,0,0,0,0
48.8,-123.6,0,0,0,0
48.8,-123.4,0,0,0,0
48.8,-123.0,0,0,0,0
48.8,-94.6,0,0,0,0
48.8,-94.3,0,0,0,0
48.8,-94.1,0,0,0,0
48.8,-93.8,0,0,0,0
48.8,-93.5,0,0,0,0
48.8,-93.2,0,0,0,0
48.8,-93.0,0,0,0,0
48.8,-92.7,0,0,0,0
48.8,-92.4,0,0,0,0
48.8,-92.1,0,0,0,0
48.8,-91.9,0,0,0,0
48.8,-91.6,0,0,0,0
48.8,-91.3,0,0,0,0
48.8,-91.1,0,0,0,0
48.8,-90.8,0,0,0,0
48.8,-90.5,0,0,0,0
48.8,-90.2,0,0,0,0
48.8,-90.0,0,0,0,0
48.8,-89.7,0,0,0,0
48.8,-89.4,0,0,0,0
48.8,-89.2,0,0,0,0
48.8,-88.9,0,0,0,0
48.8,-88.6,0,0,0,0
48.8,-88.3,0,0,0,0
48.8,-88.1,0,0,0,0
48.8,-87.8,1,0,0,0
48.8,-87.5,1,0,0,0
48.8,-85.9,0,0,0,0
48.8,-85.6,0,0,0,0
48.8,-85.3,0,0,0,0
48.8,-85.1,0,0,0,0
48.8,-84.8,1,0,0,0
48.8,-83.4,0,0,0,0
48.8,-83.1,0,0,0,0
48.8,-82.9,0,0,0,0
48.8,-82.6,1,0,0,0
48.8,-81.5,0,0,0,0
48.8,-81.2,0,0,0,0
48.8,-80.9,1,0,0,0
48.8,-79.8,0,0,0,0
48.8,-79.6,0,0,0,0
48.8,-78.4,0,0,0,0
48.8,-78.2,0,0,0,0
48.8,-77.3,0,0,0,0
48.8,-77.1,0,0,0,0
48.8,-76.8,0,0,0,0
48.8,-76.2,0,0,0,0
48.8,-75.9,0,0,0,0
48.8,-75.7,0,0,0,0
48.8,-75.1,0,0,0,0
48.8,-74.8,0,0,0,0
48.8,-74.0,0,0,0,0
48.8,-73.7,0,0,0,0
48.8,-73.1,0,0,0,0
48.8,-72.8,1,0,0,0
48.8,-72.2,0,0,0,0
48.8,-72.0,0,0,0,0
48.8,-71.4,0,0,0,0
48.8,-71.1,0,0,0,0
48.8,-70.5,0,0,0,0
48.8,-70.3,0,0,0,0
48.8,-69.6,0,0,0,0
48.8,-69.4,0,0,0,0
48.8,-68.8,0,0,0,0
48.8,-67.9,0,0,0,0
48.8,-67.3,0,0,0,0
48.8,-66.7,0,0,0,0
48.8,-66.5,0,0,0,0
48.8,-65.9,0,0,0,0
48.8,-65.2,0,0,0,0
48.8,-64.6,0,0,0,0
48.8,-64.4,0,0,0,0
48.8,-58.6,0,0,0,0
48.8,-57.9,0,0,0,0
48.8,-57.6,0,0,0,0
48.8,-57.0,0,0,0,0
48.8,-56.6,0,0,0,0
48.8,-56.4,0,0,0,0
48.8,-56.0,0,0,0,0
48.8,-55.4,0,0,0,0
48.8,-55.0,0,0,0,0
48.8,-54.4,0,0,0,0
48.8,-54.0,0,0,0,0
48.9,-125.3,0,0,0,0
48.9,-125.0,0,0,0,0
48.9,-124.3,0,0,0,0
48.9,-123.7,0,0,0,0
48.9,-123.1,0,0,0,0
48.9,-122.5,0,0,0,0
48.9,-121.9,0,0,0,0
48.9,-121.3,0,0,0,0
48.9,-120.7,0,0,0,0
48.9,-120.1,0,0,0,0
48.9,-119.5,0,0,0,0
48.9,-118.9,0,0,0,0
48.9,-118.2,0,0,0,0
48.9,-117.4,0,0,0,0
48.9,-116.8,0,0,0,0
48.9,-115.9,0,0,0,0
48.9,-115.3,0,0,0,0
48.9,-114.4,0,0,0,0
48.9,-113.8,0,0,0,0
48.9,-113.6,0,0,0,0
48.9,-113.0,0,0,0,0
48.9,-112.1,0,0,0,0
48.9,-111.3,0,0,0,0
48.9,-111.0,0,0,0,0
48.9,-110.1,0,0,0,0
48.9,-109.3,0,0,0,0
48.9,-108.1,0,0,0,0
48.9,-107.0,0,0,0,0
48.9,-105.9,0,0,0,0
48.9,-104.5,0,0,0,0
48.9,-103.1,0,0,0,0
48.9,-102.8,0,0,0,0
48.9,-101.5,0,0,0,0
48.9,-101.2,0,0,0,0
48.9,-99.5,0,0,0,0
48.9,-99.3,0,0,0,0
48.9,-99.0,0,0,0,0
48.9,-96.5,0,0,0,0
48.9,-96.2,0,0,0,0
48.9,-96.0,0,0,0,0
48.9,-87.8,0,1,0,0
48.9,-87.5,0,1,0,0
48.9,-87.2,0,0,0,0
48.9,-87.0,0,0,0,0
48.9,-86.7,0,0,0,0
48.9,-86.4,0,0,0,0
48.9,-86.1,1,0,0,0
48.9,-84.8,0,1,0,0
48.9,-84.5,0,0,0,0
48.9,-84.2,0,0,0,0
48.9,-83.9,0,0,0,0
48.9,-83.7,0,0,0,0
48.9,-82.6,0,1,0,0
48.9,-82.3,0,0,0,0
48.9,-82.0,0,0,0,0
48.9,-81.8,0,0,0,0
48.9,-80.9,0,1,0,0
48.9,-80.6,0,0,0,0
48.9,-80.4,0,0,0,0
48.9,-80.1,0,0,0,0
48.9,-79.2,0,0,0,0
48.9,-79.0,0,0,0,0
48.9,-78.7,1,0,0,0
48.9,-77.9,0,0,0,0
48.9,-77.6,0,0,0,0
48.9,-76.7,0,0,0,0
48.9,-76.5,0,0,0,0
48.9,-75.6,0,0,0,0
48.9,-75.3,0,0,0,0
48.9,-74.5,0,0,0,0
48.9,-74.2,0,0,0,0
48.9,-73.6,0,0,0,0
48.9,-73.4,0,0,0,0
48.9,-72.8,0,1,0,0
48.9,-72.5,0,0,0,0
48.9,-71.6,0,0,0,0
48.9,-70.8,0,0,0,0
48.9,-69.9,0,0,0,0
48.9,-69.3,0,0,0,0
48.9,-69.0,0,0,0,0
48.9,-67.6,0,0,0,0
48.9,-67.0,0,0,0,0
48.9,-66.4,0,0,0,0
48.9,-66.1,0,0,0,0
48.9,-65.5,0,0,0,0
48.9,-64.9,0,0,0,0
48.9,-64.3,0,0,0,0
48.9,-58.8,0,0,0,0
48.9,-58.4,0,0,0,0
48.9,-58.2,0,0,0,0
48.9,-57.8,0,0,0,0
48.9,-57.2,0,0,0,0
48.9,-56.8,0,0,0,0
48.9,-56.2,0,0,0,0
48.9,-55.6,0,0,0,0
48.9,-55.2,0,0,0,0
48.9,-54.6,0,0,0,0
48.9,-54.3,0,0,0,0
48.9,-53.6,0,0,0,0
49.0,-125.7,0,0,0,0
49.0,-125.1,0,0,0,0
49.0,-124.7,0,0,0,0
49.0,-124.5,0,0,0,0
49.0,-124.1,0,0,0,0
49.0,-123.5,0,0,0,0
49.0,-122.9,0,0,0,0
49.0,-122.3,0,0,0,0
49.0,-121.7,0,0,0,0
49.0,-121.1,0,0,0,0
49.0,-120.4,0,0,0,0
49.0,-119.8,0,0,0,0
49.0,-119.2,0,0,0,0
49.0,-118.6,0,0,0,0
49.0,-118.0,0,0,0,0
49.0,-117.7,0,0,0,0
49.0,-117.1,0,0,0,0
49.0,-116.5,0,0,0,0
49.0,-116.3,0,0,0,0
49.0,-115.7,0,0,0,0
49.0,-115.1,0,0,0,0
49.0,-114.8,0,0,0,0
49.0,-114.2,0,0,0,0
49.0,-113.3,0,0,0,0
49.0,-112.7,0,0,0,0
49.0,-112.5,0,0,0,0
49.0,-111.9,1,0,0,0
49.0,-111.6,0,0,0,0
49.0,-110.7,0,0,0,0
49.0,-109.9,0,0,0,0
49.0,-109.6,0,0,0,0
49.0,-109.0,0,0,0,0
49.0,-108.7,0,0,0,0
49.0,-108.5,0,0,0,0
49.0,-107.9,0,0,0,0
49.0,-107.6,0,0,0,0
49.0,-106.8,1,0,0,0
49.0,-106.5,0,0,0,0
49.0,-106.2,0,0,0,0
49.0,-105.6,0,0,0,0
49.0,-105.4,0,0,0,0
49.0,-105.1,0,0,0,0
49.0,-104.2,0,0,0,0
49.0,-104.0,0,0,0,0
49.0,-103.7,0,0,0,0
49.0,-102.6,0,0,0,0
49.0,-102.3,0,0,0,0
49.0,-102.0,0,0,0,0
49.0,-100.9,0,0,0,0
49.0,-100.6,0,0,0,0
49.0,-100.4,0,0,0,0
49.0,-100.1,0,0,0,0
49.0,-98.7,1,0,0,0
49.0,-98.4,0,0,0,0
49.0,-98.2,0,0,0,0
49.0,-97.9,0,0,0,0
49.0,-97.6,0,0,0,0
49.0,-95.7,1,0,0,0
49.0,-95.4,1,0,0,0
49.0,-95.2,0,0,0,0
49.0,-94.6,0,0,0,0
49.0,-94.3,0,0,0,0
49.0,-94.1,0,0,0,0
49.0,-93.8,0,0,0,0
49.0,-93.5,0,0,0,0
49.0,-93.2,0,0,0,0
49.0,-93.0,0,0,0,0
49.0,-92.7,0,0,0,0
49.0,-92.4,0,0,0,0
49.0,-92.1,0,0,0,0
49.0,-91.9,0,0,0,0
49.0,-91.6,0,0,0,0
49.0,-91.3,0,0,0,0
49.0,-91.1,0,0,0,0
49.0,-90.8,0,0,0,0
49.0,-90.5,0,0,0,0
49.0,-90.2,0,0,0,0
49.0,-90.0,0,0,0,0
49.0,-89.7,0,0,0,0
49.0,-89.4,0,0,0,0
49.0,-89.1,0,0,0,0
49.0,-88.9,0,0,0,0
49.0,-88.6,0,0,0,0
49.0,-88.3,1,0,0,0
49.0,-88.0,1,0,0,0
49.0,-86.1,0,1,0,0
49.0,-85.8,0,0,0,0
49.0,-85.6,0,0,0,0
49.0,-85.3,0,0,0,0
49.0,-85.0,1,0,0,0
49.0,-83.6,0,0,0,0
49.0,-83.4,0,0,0,0
49.0,-83.1,0,0,0,0
49.0,-82.8,1,0,0,0
49.0,-81.7,0,0,0,0
49.0,-81.4,0,0,0,0
49.0,-81.2,0,0,0,0
49.0,-80.0,0,0,0,0
49.0,-79.8,0,0,0,0
49.0,-79.5,1,0,0,0
49.0,-78.7,0,1,0,0
49.0,-78.4,0,0,0,0
49.0,-78.1,1,0,0,0
49.0,-77.5,0,0,0,0
49.0,-77.3,0,0,0,0
49.0,-77.0,0,0,0,0
49.0,-76.1,0,0,0,0
49.0,-75.9,0,0,0,0
49.0,-75.0,0,0,0,0
49.0,-74.7,1,0,0,0
49.0,-74.1,0,0,0,0
49.0,-73.9,0,0,0,0
49.0,-73.0,0,0,0,0
49.0,-72.1,0,0,0,0
49.0,-71.9,0,0,0,0
49.0,-71.3,0,0,0,0
49.0,-71.0,0,0,0,0
49.0,-70.4,0,0,0,0
49.0,-70.2,0,0,0,0
49.0,-69.6,0,0,0,0
49.0,-68.9,0,0,0,0
49.0,-68.7,0,0,0,0
49.0,-67.2,0,0,0,0
49.0,-66.6,0,0,0,0
49.0,-66.0,0,0,0,0
49.0,-65.7,0,0,0,0
49.0,-65.1,0,0,0,0
49.0,-64.5,0,0,0,0
49.0,-62.1,0,0,0,0
49.0,-58.0,0,0,0,0
49.0,-57.4,0,0,0,0
49.0,-57.1,0,0,0,0
49.0,-56.5,0,0,0,0
49.0,-55.8,0,0,0,0
49.0,-55.5,0,0,0,0
49.0,-54.9,0,0,0,0
49.0,-54.5,0,0,0,0
49.0,-53.9,0,0,0,0
49.0,-53.5,0,0,0,0
49.1,-126.1,0,0,0,0
49.1,-125.5,0,0,0,0
49.1,-124.9,0,0,0,0
49.1,-124.2,0,0,0,0
49.1,-123.9,0,0,0,0
49.1,-123.3,0,0,0,0
49.1,-122.6,0,0,0,0
49.1,-122.0,0,0,0,0
49.1,-121.4,0,0,0,0
49.1,-120.8,0,0,0,0
49.1,-120.2,0,0,0,0
49.1,-119.6,0,0,0,0
49.1,-119.0,0,0,0,0
49.1,-118.7,0,0,0,0
49.1,-118.4,0,0,0,0
49.1,-118.1,0,0,0,0
49.1,-117.5,0,0,0,0
49.1,-116.9,0,0,0,0
49.1,-116.6,0,0,0,0
49.1,-116.0,0,0,0,0
49.1,-115.4,0,0,0,0
49.1,-115.2,0,0,0,0
49.1,-114.5,0,0,0,0
49.1,-113.9,0,0,0,0
49.1,-113.7,0,0,0,0
49.1,-113.1,0,0,0,0
49.1,-112.8,0,0,0,0
49.1,-112.2,0,0,0,0
49.1,-111.9,0,1,0,0
49.1,-111.3,0,0,0,0
49.1,-111.1,0,0,0,0
49.1,-110.5,0,0,0,0
49.1,-110.2,0,0,0,0
49.1,-109.3,0,0,0,0
49.1,-109.1,0,0,0,0
49.1,-108.2,0,0,0,0
49.1,-108.0,0,0,0,0
49.1,-107.4,1,0,0,0
49.1,-107.1,0,0,0,0
49.1,-106.8,0,1,0,0
49.1,-106.0,0,0,0,0
49.1,-105.7,0,0,0,0
49.1,-104.8,0,0,0,0
49.1,-104.6,0,0,0,0
49.1,-104.3,0,0,0,0
49.1,-103.4,0,0,0,0
49.1,-103.2,0,0,0,0
49.1,-102.9,0,0,0,0
49.1,-101.8,1,0,0,0
49.1,-101.5,0,0,0,0
49.1,-101.2,0,0,0,0
49.1,-101.0,0,0,0,0
49.1,-99.8,0,0,0,0
49.1,-99.6,0,0,0,0
49.1,-99.3,0,0,0,0
49.1,-99.0,0,0,0,0
49.1,-98.7,0,1,0,0
49.1,-97.4,1,0,0,0
49.1,-97.1,1,0,0,0
49.1,-96.8,0,0,0,0
49.1,-96.5,0,0,0,0
49.1,-96.3,0,0,0,0
49.1,-96.0,0,0,0,0
49.1,-95.7,0,1,0,0
49.1,-95.4,0,1,0,0
49.1,-88.3,0,1,0,0
49.1,-88.0,0,1,0,0
49.1,-87.8,0,0,0,0
49.1,-87.5,0,0,0,0
49.1,-87.2,0,0,0,0
49.1,-86.9,0,0,0,0
49.1,-86.7,0,0,0,0
49.1,-86.4,1,0,0,0
49.1,-85.0,0,1,0,0
49.1,-84.7,0,0,0,0
49.1,-84.5,0,0,0,0
49.1,-84.2,0,0,0,0
49.1,-83.9,1,0,0,0
49.1,-82.8,0,1,0,0
49.1,-82.5,0,0,0,0
49.1,-82.3,0,0,0,0
49.1,-82.0,0,0,0,0
49.1,-80.9,0,0,0,0
49.1,-80.6,0,0,0,0
49.1,-80.3,1,0,0,0
49.1,-79.5,0,1,0,0
49.1,-79.2,0,0,0,0
49.1,-78.9,1,0,0,0
49.1,-78.1,0,1,0,0
49.1,-77.8,0,0,0,0
49.1,-76.9,0,0,0,0
49.1,-76.7,0,0,0,0
49.1,-76.4,0,0,0,0
49.1,-75.8,0,0,0,0
49.1,-75.5,0,0,0,0
49.1,-75.3,0,0,0,0
49.1,-74.7,0,1,0,0
49.1,-74.4,0,0,0,0
49.1,-73.5,0,0,0,0
49.1,-73.3,0,0,0,0
49.1,-72.7,0,0,0,0
49.1,-72.4,0,0,0,0
49.1,-71.8,0,0,0,0
49.1,-71.5,1,0,0,0
49.1,-70.9,0,0,0,0
49.1,-70.7,0,0,0,0
49.1,-70.1,0,0,0,0
49.1,-69.8,0,0,0,0
49.1,-69.2,0,0,0,0
49.1,-68.6,0,0,0,0
49.1,-68.3,0,0,0,0
49.1,-66.9,0,0,0,0
49.1,-66.3,0,0,0,0
49.1,-65.6,0,0,0,0
49.1,-65.4,0,0,0,0
49.1,-65.0,0,0,0,0
49.1,-64.8,0,0,0,0
49.1,-62.9,0,0,0,0
49.1,-62.3,0,0,0,0
49.1,-61.7,0,0,0,0
49.1,-58.3,0,0,0,0
49.1,-57.7,0,0,0,0
49.1,-57.3,0,0,0,0
49.1,-56.7,0,0,0,0
49.1,-56.1,0,0,0,0
49.1,-55.7,0,0,0,0
49.1,-55.1,0,0,0,0
49.1,-54.7,0,0,0,0
49.1,-54.1,0,0,0,0
49.1,-53.7,0,0,0,0
49.2,-126.2,0,0,0,0
49.2,-125.8,0,0,0,0
49.2,-125.6,0,0,0,0
49.2,-125.2,0,0,0,0
49.2,-124.6,0,0,0,0
49.2,-124.0,0,0,0,0
49.2,-123.6,0,0,0,0
49.2,-123.4,0,0,0,0
49.2,-123.0,0,0,0,0
49.2,-122.8,0,0,0,0
49.2,-122.4,0,0,0,0
49.2,-121.8,0,0,0,0
49.2,-121.2,0,0,0,0
49.2,-120.6,0,0,0,0
49.2,-119.9,0,0,0,0
49.2,-119.7,0,0,0,0
49.2,-119.3,0,0,0,0
49.2,-119.1,0,0,0,0
49.2,-118.5,0,0,0,0
49.2,-117.9,0,0,0,0
49.2,-117.2,0,0,0,0
49.2,-117.0,0,0,0,0
49.2,-116.4,0,0,0,0
49.2,-115.8,0,0,0,0
49.2,-115.5,0,0,0,0
49.2,-114.9,0,0,0,0
49.2,-114.3,0,0,0,0
49.2,-114.0,0,0,0,0
49.2,-113.4,0,0,0,0
49.2,-113.2,0,0,0,0
49.2,-112.6,0,0,0,0
49.2,-112.3,0,0,0,0
49.2,-111.7,0,0,0,0
49.2,-111.4,0,0,0,0
49.2,-110.8,0,0,0,0
49.2,-110.6,0,0,0,0
49.2,-109.9,0,0,0,0
49.2,-109.7,0,0,0,0
49.2,-108.8,0,0,0,0
49.2,-108.6,0,0,0,0
49.2,-107.7,0,0,0,0
49.2,-107.4,0,1,0,0
49.2,-106.6,0,0,0,0
49.2,-106.3,0,0,0,0
49.2,-105.4,0,0,0,0
49.2,-105.2,0,0,0,0
49.2,-104.9,0,0,0,0
49.2,-104.0,0,0,0,0
49.2,-103.8,0,0,0,0
49.2,-103.5,0,0,0,0
49.2,-102.6,0,0,0,0
49.2,-102.4,0,0,0,0
49.2,-102.1,0,0,0,0
49.2,-101.8,0,1,0,0
49.2,-100.7,0,0,0,0
49.2,-100.4,0,0,0,0
49.2,-100.1,0,0,0,0
49.2,-99.9,0,0,0,0
49.2,-98.5,0,0,0,0
49.2,-98.2,0,0,0,0
49.2,-97.9,0,0,0,0
49.2,-97.7,0,0,0,0
49.2,-97.4,0,1,0,0
49.2,-97.1,0,1,0,0
49.2,-95.2,0,0,0,0
49.2,-94.9,0,0,0,0
49.2,-94.6,0,0,0,0
49.2,-94.3,0,0,0,0
49.2,-94.1,0,0,0,0
49.2,-93.8,0,0,0,0
49.2,-93.5,0,0,0,0
49.2,-93.2,0,0,0,0
49.2,-93.0,0,0,0,0
49.2,-92.7,0,0,0,0
49.2,-92.4,0,0,0,0
49.2,-92.1,0,0,0,0
49.2,-91.9,0,0,0,0
49.2,-91.6,0,0,0,0
49.2,-91.3,0,0,0,0
49.2,-91.1,0,0,0,0
49.2,-90.8,0,0,0,0
49.2,-90.5,0,0,0,0
49.2,-90.2,0,0,0,0
49.2,-90.0,0,0,0,0
49.2,-89.7,0,0,0,0
49.2,-89.4,0,0,0,0
49.2,-89.1,0,0,0,0
49.2,-88.9,0,0,0,0
49.2,-88.6,0,0,0,0
49.2,-86.6,0,0,0,0
49.2,-86.4,0,1,0,0
49.2,-86.1,0,0,0,0
49.2,-85.8,0,0,0,0
49.2,-85.5,0,0,0,0
49.2,-85.3,0,0,0,0
49.2,-83.9,0,1,0,0
49.2,-83.6,0,0,0,0
49.2,-83.3,0,0,0,0
49.2,-83.1,0,0,0,0
49.2,-81.9,0,0,0,0
49.2,-81.7,0,0,0,0
49.2,-81.4,0,0,0,0
49.2,-81.1,0,0,0,0
49.2,-80.3,0,1,0,0
49.2,-80.0,0,0,0,0
49.2,-79.7,0,0,0,0
49.2,-78.9,0,1,0,0
49.2,-78.6,0,0,0,0
49.2,-78.3,0,0,0,0
49.2,-77.5,0,0,0,0
49.2,-77.2,0,0,0,0
49.2,-76.3,0,0,0,0
49.2,-76.1,0,0,0,0
49.2,-75.2,0,0,0,0
49.2,-74.9,0,0,0,0
49.2,-74.1,0,0,0,0
49.2,-73.8,0,0,0,0
49.2,-73.2,0,0,0,0
49.2,-72.9,0,0,0,0
49.2,-72.3,0,0,0,0
49.2,-72.1,0,0,0,0
49.2,-71.5,0,1,0,0
49.2,-71.2,0,0,0,0
49.2,-70.6,0,0,0,0
49.2,-70.3,0,0,0,0
49.2,-69.7,0,0,0,0
49.2,-69.5,0,0,0,0
49.2,-68.8,0,0,0,0
49.2,-68.2,0,0,0,0
49.2,-68.0,0,0,0,0
49.2,-67.4,0,0,0,0
49.2,-66.5,0,0,0,0
49.2,-65.9,0,0,0,0
49.2,-65.3,0,0,0,0
49.2,-63.2,0,0,0,0
49.2,-62.6,0,0,0,0
49.2,-62.0,0,0,0,0
49.2,-58.5,0,0,0,0
49.2,-57.9,0,0,0,0
49.2,-57.5,0,0,0,0
49.2,-56.9,0,0,0,0
49.2,-56.5,0,0,0,0
49.2,-56.3,0,0,0,0
49.2,-55.9,0,0,0,0
49.2,-55.3,0,0,0,0
49.2,-54.9,0,0,0,0
49.2,-54.3,0,0,0,0
49.2,-53.9,0,0,0,0
49.2,-53.3,0,0,0,0
49.3,-126.6,0,0,0,0
49.3,-126.0,0,0,0,0
49.3,-125.4,0,0,0,0
49.3,-125.0,0,0,0,0
49.3,-124.4,0,0,0,0
49.3,-123.8,0,0,0,0
49.3,-123.1,0,0,0,0
49.3,-122.5,0,0,0,0
49.3,-122.2,0,0,0,0
49.3,-121.9,0,0,0,0
49.3,-121.5,0,0,0,0
49.3,-121.3,0,0,0,0
49.3,-120.9,0,0,0,0
49.3,-120.7,0,0,0,0
49.3,-120.3,0,0,0,0
49.3,-120.1,0,0,0,0
49.3,-119.4,0,0,0,0
49.3,-118.8,0,0,0,0
49.3,-118.2,0,0,0,0
49.3,-117.6,0,0,0,0
49.3,-117.4,0,0,0,0
49.3,-116.7,0,0,0,0
49.3,-116.1,0,0,0,0
49.3,-115.9,0,0,0,0
49.3,-115.3,0,0,0,0
49.3,-114.6,0,0,0,0
49.3,-114.4,0,0,0,0
49.3,-113.8,0,0,0,0
49.3,-113.5,0,0,0,0
49.3,-112.9,0,0,0,0
49.3,-112.0,0,0,0,0
49.3,-111.2,0,0,0,0
49.3,-110.9,0,0,0,0
49.3,-110.3,0,0,0,0
49.3,-110.0,0,0,0,0
49.3,-109.4,0,0,0,0
49.3,-109.2,0,0,0,0
49.3,-108.9,0,0,0,0
49.3,-108.3,0,0,0,0
49.3,-108.0,0,0,0,0
49.3,-107.2,1,0,0,0
49.3,-106.9,0,0,0,0
49.3,-106.0,0,0,0,0
49.3,-105.8,0,0,0,0
49.3,-105.5,0,0,0,0
49.3,-104.6,0,0,0,0
49.3,-104.3,0,0,0,0
49.3,-104.1,0,0,0,0
49.3,-103.2,0,0,0,0
49.3,-102.9,0,0,0,0
49.3,-102.7,0,0,0,0
49.3,-101.5,0,0,0,0
49.3,-101.3,0,0,0,0
49.3,-101.0,0,0,0,0
49.3,-100.7,0,0,0,0
49.3,-99.6,1,0,0,0
49.3,-99.3,0,0,0,0
49.3,-99.0,0,0,0,0
49.3,-98.8,0,0,0,0
49.3,-98.5,0,0,0,0
49.3,-96.8,0,0,0,0
49.3,-96.6,0,0,0,0
49.3,-96.3,0,0,0,0
49.3,-96.0,0,0,0,0
49.3,-95.7,0,0,0,0
49.3,-95.5,0,0,0,0
49.3,-95.2,0,0,0,0
49.3,-94.9,0,0,0,0
49.3,-94.6,0,0,0,0
49.3,-89.1,0,0,0,0
49.3,-88.8,0,0,0,0
49.3,-88.6,0,0,0,0
49.3,-88.3,0,0,0,0
49.3,-88.0,0,0,0,0
49.3,-87.7,0,0,0,0
49.3,-87.5,0,0,0,0
49.3,-87.2,0,0,0,0
49.3,-86.9,1,0,0,0
49.3,-85.2,0,0,0,0
49.3,-85.0,0,0,0,0
49.3,-84.7,0,0,0,0
49.3,-84.4,0,0,0,0
49.3,-84.2,0,0,0,0
49.3,-83.0,0,0,0,0
49.3,-82.8,0,0,0,0
49.3,-82.5,0,0,0,0
49.3,-82.2,1,0,0,0
49.3,-81.1,0,0,0,0
49.3,-80.8,0,0,0,0
49.3,-80.5,1,0,0,0
49.3,-79.7,0,0,0,0
49.3,-79.4,0,0,0,0
49.3,-79.1,0,0,0,0
49.3,-78.3,0,0,0,0
49.3,-78.0,0,0,0,0
49.3,-77.7,1,0,0,0
49.3,-76.9,0,0,0,0
49.3,-76.6,0,0,0,0
49.3,-75.7,0,0,0,0
49.3,-75.5,0,0,0,0
49.3,-74.6,0,0,0,0
49.3,-74.3,1,0,0,0
49.3,-73.7,0,0,0,0
49.3,-73.5,0,0,0,0
49.3,-72.9,0,0,0,0
49.3,-72.6,0,0,0,0
49.3,-71.7,0,0,0,0
49.3,-70.8,0,0,0,0
49.3,-70.2,0,0,0,0
49.3,-70.0,0,0,0,0
49.3,-69.4,0,0,0,0
49.3,-69.1,0,0,0,0
49.3,-68.5,0,0,0,0
49.3,-67.6,0,0,0,0
49.3,-66.1,0,0,0,0
49.3,-65.5,0,0,0,0
49.3,-63.7,0,0,0,0
49.3,-63.4,0,0,0,0
49.3,-63.1,0,0,0,0
49.3,-62.8,0,0,0,0
49.3,-62.5,0,0,0,0
49.3,-62.2,0,0,0,0
49.3,-61.8,0,0,0,0
49.3,-61.6,0,0,0,0
49.3,-58.4,0,0,0,0
49.3,-58.1,0,0,0,0
49.3,-57.8,0,0,0,0
49.3,-57.2,0,0,0,0
49.3,-56.8,0,0,0,0
49.3,-56.2,0,0,0,0
49.3,-55.5,0,0,0,0
49.3,-55.2,0,0,0,0
49.3,-54.6,0,0,0,0
49.3,-54.2,0,0,0,0
49.3,-53.6,0,0,0,0
49.4,-126.7,0,0,0,0
49.4,-126.4,0,0,0,0
49.4,-125.7,0,0,0,0
49.4,-125.1,0,0,0,0
49.4,-124.8,0,0,0,0
49.4,-124.1,0,0,0,0
49.4,-123.5,0,0,0,0
49.4,-122.9,0,0,0,0
49.4,-122.3,0,0,0,0
49.4,-121.7,0,0,0,0
49.4,-121.0,0,0,0,0
49.4,-120.4,0,0,0,0
49.4,-119.8,0,0,0,0
49.4,-119.2,0,0,0,0
49.4,-118.6,0,0,0,0
49.4,-118.0,0,0,0,0
49.4,-117.7,0,0,0,0
49.4,-117.1,0,0,0,0
49.4,-116.5,0,0,0,0
49.4,-116.2,0,0,0,0
49.4,-115.6,0,0,0,0
49.4,-115.0,0,0,0,0
49.4,-114.7,0,0,0,0
49.4,-114.1,0,0,0,0
49.4,-113.3,0,0,0,0
49.4,-112.6,0,0,0,0
49.4,-112.4,0,0,0,0
49.4,-111.8,0,0,0,0
49.4,-111.5,0,0,0,0
49.4,-110.6,0,0,0,0
49.4,-110.4,0,0,0,0
49.4,-109.8,1,0,0,0
49.4,-109.5,0,0,0,0
49.4,-108.6,0,0,0,0
49.4,-108.4,0,0,0,0
49.4,-107.8,1,0,0,0
49.4,-107.5,0,0,0,0
49.4,-107.2,0,1,0,0
49.4,-106.6,0,0,0,0
49.4,-106.3,0,0,0,0
49.4,-106.1,0,0,0,0
49.4,-105.2,0,0,0,0
49.4,-104.9,0,0,0,0
49.4,-103.8,0,0,0,0
49.4,-103.5,0,0,0,0
49.4,-103.3,0,0,0,0
49.4,-102.4,1,0,0,0
49.4,-102.1,0,0,0,0
49.4,-101.9,0,0,0,0
49.4,-101.6,0,0,0,0
49.4,-100.4,0,0,0,0
49.4,-100.2,0,0,0,0
49.4,-99.9,0,0,0,0
49.4,-99.6,0,1,0,0
49.4,-98.2,0,0,0,0
49.4,-98.0,0,0,0,0
49.4,-97.7,0,0,0,0
49.4,-97.4,0,0,0,0
49.4,-97.1,0,0,0,0
49.4,-96.9,0,0,0,0
49.4,-94.4,1,0,0,0
49.4,-94.1,1,0,0,0
49.4,-93.8,1,0,0,0
49.4,-93.5,0,0,0,0
49.4,-93.3,0,0,0,0
49.4,-93.0,0,0,0,0
49.4,-92.7,0,0,0,0
49.4,-92.4,0,0,0,0
49.4,-92.2,0,0,0,0
49.4,-91.9,0,0,0,0
49.4,-91.6,0,0,0,0
49.4,-91.3,0,0,0,0
49.4,-91.0,0,0,0,0
49.4,-90.8,0,0,0,0
49.4,-90.5,0,0,0,0
49.4,-90.2,0,0,0,0
49.4,-89.9,1,0,0,0
49.4,-89.7,1,0,0,0
49.4,-89.4,1,0,0,0
49.4,-86.9,0,1,0,0
49.4,-86.6,0,0,0,0
49.4,-86.3,0,0,0,0
49.4,-86.1,0,0,0,0
49.4,-85.8,0,0,0,0
49.4,-85.5,1,0,0,0
49.4,-84.1,0,0,0,0
49.4,-83.8,0,0,0,0
49.4,-83.6,0,0,0,0
49.4,-83.3,0,0,0,0
49.4,-82.2,0,1,0,0
49.4,-81.9,0,0,0,0
49.4,-81.6,0,0,0,0
49.4,-81.3,1,0,0,0
49.4,-80.5,0,1,0,0
49.4,-80.2,0,0,0,0
49.4,-79.9,0,0,0,0
49.4,-78.8,0,0,0,0
49.4,-78.5,0,0,0,0
49.4,-77.7,0,1,0,0
49.4,-77.4,0,0,0,0
49.4,-77.1,1,0,0,0
49.4,-76.5,0,0,0,0
49.4,-76.3,0,0,0,0
49.4,-76.0,0,0,0,0
49.4,-75.4,0,0,0,0
49.4,-75.1,0,0,0,0
49.4,-74.9,0,0,0,0
49.4,-74.3,0,1,0,0
49.4,-74.0,0,0,0,0
49.4,-73.1,0,0,0,0
49.4,-72.2,0,0,0,0
49.4,-72.0,0,0,0,0
49.4,-71.4,0,0,0,0
49.4,-71.1,0,0,0,0
49.4,-70.5,0,0,0,0
49.4,-69.6,0,0,0,0
49.4,-69.0,0,0,0,0
49.4,-68.8,0,0,0,0
49.4,-68.1,0,0,0,0
49.4,-67.9,0,0,0,0
49.4,-67.3,0,0,0,0
49.4,-63.3,0,0,0,0
49.4,-62.7,0,0,0,0
49.4,-62.1,0,0,0,0
49.4,-58.0,0,0,0,0
49.4,-57.4,0,0,0,0
49.4,-57.0,0,0,0,0
49.4,-56.4,0,0,0,0
49.4,-55.8,0,0,0,0
49.4,-55.4,0,0,0,0
49.4,-54.8,0,0,0,0
49.4,-54.4,0,0,0,0
49.4,-53.8,0,0,0,0
49.5,-126.5,0,0,0,0
49.5,-126.1,0,0,0,0
49.5,-125.5,0,0,0,0
49.5,-124.9,0,0,0,0
49.5,-124.5,0,0,0,0
49.5,-124.3,0,0,0,0
49.5,-123.9,0,0,0,0
49.5,-123.3,0,0,0,0
49.5,-122.7,0,0,0,0
49.5,-122.0,0,0,0,0
49.5,-121.4,0,0,0,0
49.5,-120.8,0,0,0,0
49.5,-120.2,0,0,0,0
49.5,-119.6,0,0,0,0
49.5,-118.9,0,0,0,0
49.5,-118.7,0,0,0,0
49.5,-118.3,0,0,0,0
49.5,-118.1,0,0,0,0
49.5,-117.5,0,0,0,0
49.5,-116.8,0,0,0,0
49.5,-116.6,0,0,0,0
49.5,-116.0,0,0,0,0
49.5,-115.4,0,0,0,0
49.5,-115.1,0,0,0,0
49.5,-114.5,0,0,0,0
49.5,-113.9,0,0,0,0
49.5,-113.6,0,0,0,0
49.5,-113.0,0,0,0,0
49.5,-112.7,0,0,0,0
49.5,-112.1,0,0,0,0
49.5,-111.9,0,0,0,0
49.5,-111.2,0,0,0,0
49.5,-111.0,0,0,0,0
49.5,-110.1,0,0,0,0
49.5,-109.8,0,1,0,0
49.5,-109.2,0,0,0,0
49.5,-109.0,0,0,0,0
49.5,-108.1,0,0,0,0
49.5,-107.8,0,1,0,0
49.5,-106.9,0,0,0,0
49.5,-106.7,0,0,0,0
49.5,-105.8,0,0,0,0
49.5,-105.5,0,0,0,0
49.5,-104.7,1,0,0,0
49.5,-104.4,0,0,0,0
49.5,-104.1,0,0,0,0
49.5,-103.0,0,0,0,0
49.5,-102.7,0,0,0,0
49.5,-102.4,0,1,0,0
49.5,-101.3,0,0,0,0
49.5,-101.0,0,0,0,0
49.5,-100.8,0,0,0,0
49.5,-100.5,0,0,0,0
49.5,-99.4,1,0,0,0
49.5,-99.1,0,0,0,0
49.5,-98.8,0,0,0,0
49.5,-98.5,0,0,0,0
49.5,-98.3,0,0,0,0
49.5,-96.6,1,0,0,0
49.5,-96.3,1,0,0,0
49.5,-96.0,0,0,0,0
49.5,-95.7,0,0,0,0
49.5,-95.5,0,0,0,0
49.5,-95.2,0,0,0,0
49.5,-94.9,0,0,0,0
49.5,-94.6,0,0,0,0
49.5,-94.4,0,1,0,0
49.5,-94.1,0,1,0,0
49.5,-93.8,0,1,0,0
49.5,-89.9,0,1,0,0
49.5,-89.7,0,1,0,0
49.5,-89.4,0,1,0,0
49.5,-89.1,0,0,0,0
49.5,-88.8,0,0,0,0
49.5,-88.6,0,0,0,0
49.5,-88.3,0,0,0,0
49.5,-88.0,0,0,0,0
49.5,-87.7,0,0,0,0
49.5,-87.4,1,0,0,0
49.5,-87.2,1,0,0,0
49.5,-85.5,0,1,0,0
49.5,-85.2,0,0,0,0
49.5,-84.9,0,0,0,0
49.5,-84.7,0,0,0,0
49.5,-84.4,1,0,0,0
49.5,-83.0,0,0,0,0
49.5,-82.7,0,0,0,0
49.5,-82.4,0,0,0,0
49.5,-81.3,0,1,0,0
49.5,-81.0,0,0,0,0
49.5,-80.8,0,0,0,0
49.5,-79.6,0,0,0,0
49.5,-79.3,0,0,0,0
49.5,-79.1,0,0,0,0
49.5,-78.2,0,0,0,0
49.5,-77.9,0,0,0,0
49.5,-77.1,0,1,0,0
49.5,-76.8,0,0,0,0
49.5,-75.9,0,0,0,0
49.5,-75.7,0,0,0,0
49.5,-74.8,0,0,0,0
49.5,-74.5,0,0,0,0
49.5,-73.6,0,0,0,0
49.5,-73.4,0,0,0,0
49.5,-72.8,0,0,0,0
49.5,-72.5,0,0,0,0
49.5,-71.9,0,0,0,0
49.5,-71.6,0,0,0,0
49.5,-71.0,0,0,0,0
49.5,-70.8,0,0,0,0
49.5,-70.1,0,0,0,0
49.5,-69.9,0,0,0,0
49.5,-69.3,0,0,0,0
49.5,-68.7,0,0,0,0
49.5,-68.4,0,0,0,0
49.5,-67.8,0,0,0,0
49.5,-67.5,0,0,0,0
49.5,-67.2,0,0,0,0
49.5,-63.6,0,0,0,0
49.5,-62.9,0,0,0,0
49.5,-62.3,0,0,0,0
49.5,-58.2,0,0,0,0
49.5,-57.6,0,0,0,0
49.5,-57.2,0,0,0,0
49.5,-56.6,0,0,0,0
49.5,-56.0,0,0,0,0
49.5,-55.6,0,0,0,0
49.5,-55.0,0,0,0,0
49.5,-54.6,0,0,0,0
49.5,-54.0,0,0,0,0
49.6,-126.9,0,0,0,0
49.6,-126.3,0,0,0,0
49.6,-125.9,0,0,0,0
49.6,-125.6,0,0,0,0
49.6,-125.3,0,0,0,0
49.6,-124.6,0,0,0,0
49.6,-124.0,0,0,0,0
49.6,-123.7,0,0,0,0
49.6,-123.4,0,0,0,0
49.6,-123.0,0,0,0,0
49.6,-122.4,0,0,0,0
49.6,-121.8,0,0,0,0
49.6,-121.2,0,0,0,0
49.6,-120.6,0,0,0,0
49.6,-119.9,0,0,0,0
49.6,-119.7,0,0,0,0
49.6,-119.3,0,0,0,0
49.6,-119.1,0,0,0,0
49.6,-118.4,0,0,0,0
49.6,-117.8,0,0,0,0
49.6,-117.2,0,0,0,0
49.6,-116.9,0,0,0,0
49.6,-116.3,0,0,0,0
49.6,-115.7,0,0,0,0
49.6,-115.5,0,0,0,0
49.6,-114.8,0,0,0,0
49.6,-114.2,0,0,0,0
49.6,-114.0,0,0,0,0
49.6,-113.3,0,0,0,0
49.6,-113.1,0,0,0,0
49.6,-112.5,0,0,0,0
49.6,-112.2,0,0,0,0
49.6,-111.6,0,0,0,0
49.6,-111.3,0,0,0,0
49.6,-110.7,0,0,0,0
49.6,-110.4,0,0,0,0
49.6,-109.6,0,0,0,0
49.6,-109.3,0,0,0,0
49.6,-108.7,0,0,0,0
49.6,-108.4,0,0,0,0
49.6,-107.6,0,0,0,0
49.6,-107.3,0,0,0,0
49.6,-106.4,0,0,0,0
49.6,-106.1,0,0,0,0
49.6,-105.3,1,0,0,0
49.6,-105.0,0,0,0,0
49.6,-104.7,0,1,0,0
49.6,-103.9,1,0,0,0
49.6,-103.6,0,0,0,0
49.6,-103.3,0,0,0,0
49.6,-102.2,1,0,0,0
49.6,-101.9,0,0,0,0
49.6,-101.6,0,0,0,0
49.6,-100.2,0,0,0,0
49.6,-99.9,0,0,0,0
49.6,-99.7,0,0,0,0
49.6,-99.4,0,1,0,0
49.6,-98.0,1,0,0,0
49.6,-97.7,0,0,0,0
49.6,-97.4,0,0,0,0
49.6,-97.2,0,0,0,0
49.6,-96.9,0,0,0,0
49.6,-96.6,0,1,0,0
49.6,-96.3,0,1,0,0
49.6,-93.5,1,0,0,0
49.6,-93.3,1,0,0,0
49.6,-93.0,1,0,0,0
49.6,-92.7,1,0,0,0
49.6,-92.4,1,0,0,0
49.6,-92.2,1,0,0,0
49.6,-91.9,1,0,0,0
49.6,-91.6,1,0,0,0
49.6,-91.3,1,0,0,0
49.6,-91.0,1,0,0,0
49.6,-90.8,1,0,0,0
49.6,-90.5,1,0,0,0
49.6,-90.2,1,0,0,0
49.6,-87.4,0,1,0,0
49.6,-87.2,0,1,0,0
49.6,-86.9,0,0,0,0
49.6,-86.6,0,0,0,0
49.6,-86.3,0,0,0,0
49.6,-86.0,0,0,0,0
49.6,-85.8,0,0,0,0
49.6,-84.4,0,1,0,0
49.6,-84.1,0,0,0,0
49.6,-83.8,0,0,0,0
49.6,-83.5,0,0,0,0
49.6,-83.3,0,0,0,0
49.6,-82.1,0,0,0,0
49.6,-81.9,0,0,0,0
49.6,-81.6,0,0,0,0
49.6,-80.4,0,0,0,0
49.6,-80.2,0,0,0,0
49.6,-79.9,0,0,0,0
49.6,-79.0,0,0,0,0
49.6,-78.8,0,0,0,0
49.6,-78.5,0,0,0,0
49.6,-77.6,0,0,0,0
49.6,-77.3,0,0,0,0
49.6,-76.5,0,0,0,0
49.6,-76.2,0,0,0,0
49.6,-75.3,0,0,0,0
49.6,-75.1,0,0,0,0
49.6,-74.2,0,0,0,0
49.6,-73.9,0,0,0,0
49.6,-73.3,0,0,0,0
49.6,-73.0,1,0,0,0
49.6,-72.4,0,0,0,0
49.6,-72.2,0,0,0,0
49.6,-71.5,0,0,0,0
49.6,-71.3,0,0,0,0
49.6,-70.7,0,0,0,0
49.6,-70.4,0,0,0,0
49.6,-69.8,0,0,0,0
49.6,-69.5,0,0,0,0
49.6,-68.9,0,0,0,0
49.6,-68.3,0,0,0,0
49.6,-68.0,0,0,0,0
49.6,-67.4,0,0,0,0
49.6,-63.8,0,0,0,0
49.6,-63.2,0,0,0,0
49.6,-62.6,0,0,0,0
49.6,-57.9,0,0,0,0
49.6,-57.5,0,0,0,0
49.6,-56.9,0,0,0,0
49.6,-56.2,0,0,0,0
49.6,-55.9,0,0,0,0
49.6,-55.2,0,0,0,0
49.6,-54.9,0,0,0,0
49.6,-54.2,0,0,0,0
49.6,-53.9,0,0,0,0
49.7,-127.0,0,0,0,0
49.7,-126.6,0,0,0,0
49.7,-126.0,0,0,0,0
49.7,-125.4,0,0,0,0
49.7,-125.0,0,0,0,0
49.7,-124.4,0,0,0,0
49.7,-123.8,0,0,0,0
49.7,-123.2,0,0,0,0
49.7,-122.8,0,0,0,0
49.7,-122.5,0,0,0,0
49.7,-122.2,0,0,0,0
49.7,-121.9,0,0,0,0
49.7,-121.5,0,0,0,0
49.7,-121.3,0,0,0,0
49.7,-120.9,0,0,0,0
49.7,-120.7,0,0,0,0
49.7,-120.3,0,0,0,0
49.7,-120.1,0,0,0,0
49.7,-119.4,0,0,0,0
49.7,-118.8,0,0,0,0
49.7,-118.2,0,0,0,0
49.7,-117.6,0,0,0,0
49.7,-117.3,0,0,0,0
49.7,-116.7,0,0,0,0
49.7,-116.1,0,0,0,0
49.7,-115.8,0,0,0,0
49.7,-115.2,0,0,0,0
49.7,-114.6,0,0,0,0
49.7,-114.3,0,0,0,0
49.7,-113.7,0,0,0,0
49.7,-113.4,0,0,0,0
49.7,-112.8,0,0,0,0
49.7,-111.9,0,0,0,0
49.7,-111.1,0,0,0,0
49.7,-110.8,0,0,0,0
49.7,-110.2,0,0,0,0
49.7,-109.9,0,0,0,0
49.7,-109.0,0,0,0,0
49.7,-108.8,0,0,0,0
49.7,-108.2,0,0,0,0
49.7,-107.9,0,0,0,0
49.7,-107.0,0,0,0,0
49.7,-106.7,0,0,0,0
49.7,-106.5,0,0,0,0
49.7,-105.9,0,0,0,0
49.7,-105.6,0,0,0,0
49.7,-105.3,0,1,0,0
49.7,-104.5,0,0,0,0
49.7,-104.2,0,0,0,0
49.7,-103.9,0,1,0,0
49.7,-103.0,0,0,0,0
49.7,-102.8,0,0,0,0
49.7,-102.5,0,0,0,0
49.7,-102.2,0,1,0,0
49.7,-101.3,0,0,0,0
49.7,-101.1,0,0,0,0
49.7,-100.8,0,0,0,0
49.7,-100.5,0,0,0,0
49.7,-99.1,0,0,0,0
49.7,-98.8,0,0,0,0
49.7,-98.6,0,0,0,0
49.7,-98.3,0,0,0,0
49.7,-98.0,0,1,0,0
49.7,-96.0,0,0,0,0
49.7,-95.8,0,0,0,0
49.7,-95.5,0,0,0,0
49.7,-95.2,0,0,0,0
49.7,-94.9,0,0,0,0
49.7,-94.7,0,0,0,0
49.7,-94.4,0,0,0,0
49.7,-94.1,0,0,0,0
49.7,-93.8,0,0,0,0
49.7,-93.5,0,1,0,0
49.7,-93.3,0,1,0,0
49.7,-93.0,0,1,0,0
49.7,-92.7,0,1,0,0
49.7,-92.4,0,1,0,0
49.7,-92.2,0,1,0,0
49.7,-91.9,0,1,0,0
49.7,-91.6,0,1,0,0
49.7,-91.3,0,1,0,0
49.7,-91.0,0,1,0,0
49.7,-90.8,0,1,0,0
49.7,-90.5,0,1,0,0
49.7,-90.2,0,1,0,0
49.7,-89.9,0,0,0,0
49.7,-89.6,0,0,0,0
49.7,-89.4,0,0,0,0
49.7,-89.1,0,0,0,0
49.7,-88.8,0,0,0,0
49.7,-88.5,0,0,0,0
49.7,-88.3,0,0,0,0
49.7,-88.0,0,0,0,0
49.7,-87.7,0,0,0,0
49.7,-85.7,0,0,0,0
49.7,-85.5,0,0,0,0
49.7,-85.2,0,0,0,0
49.7,-84.9,0,0,0,0
49.7,-84.6,0,0,0,0
49.7,-83.2,0,0,0,0
49.7,-82.9,0,0,0,0
49.7,-82.7,0,0,0,0
49.7,-82.4,0,0,0,0
49.7,-81.5,0,0,0,0
49.7,-81.3,0,0,0,0
49.7,-81.0,0,0,0,0
49.7,-80.7,0,0,0,0
49.7,-79.8,0,0,0,0
49.7,-79.6,0,0,0,0
49.7,-79.3,0,0,0,0
49.7,-78.4,0,0,0,0
49.7,-78.1,0,0,0,0
49.7,-77.9,0,0,0,0
49.7,-77.0,0,0,0,0
49.7,-76.7,0,0,0,0
49.7,-75.9,0,0,0,0
49.7,-75.6,0,0,0,0
49.7,-75.0,0,0,0,0
49.7,-74.7,0,0,0,0
49.7,-74.4,0,0,0,0
49.7,-73.8,0,0,0,0
49.7,-73.6,0,0,0,0
49.7,-73.0,0,1,0,0
49.7,-72.7,0,0,0,0
49.7,-71.8,0,0,0,0
49.7,-70.9,0,0,0,0
49.7,-70.3,0,0,0,0
49.7,-70.1,0,0,0,0
49.7,-69.4,0,0,0,0
49.7,-69.2,0,0,0,0
49.7,-68.6,0,0,0,0
49.7,-67.7,0,0,0,0
49.7,-67.1,0,0,0,0
49.7,-64.3,0,0,0,0
49.7,-64.1,0,0,0,0
49.7,-63.7,0,0,0,0
49.7,-63.4,0,0,0,0
49.7,-63.1,0,0,0,0
49.7,-62.8,0,0,0,0
49.7,-58.1,0,0,0,0
49.7,-57.7,0,0,0,0
49.7,-57.1,0,0,0,0
49.7,-56.7,0,0,0,0
49.7,-56.5,0,0,0,0
49.7,-56.1,0,0,0,0
49.7,-55.5,0,0,0,0
49.7,-54.5,0,0,0,0
49.7,-54.1,0,0,0,0
49.7,-53.1,0,0,0,0
49.8,-126.8,0,0,0,0
49.8,-126.4,0,0,0,0
49.8,-125.8,0,0,0,0
49.8,-125.2,0,0,0,0
49.8,-124.8,0,0,0,0
49.8,-124.2,0,0,0,0
49.8,-123.5,0,0,0,0
49.8,-122.9,0,0,0,0
49.8,-122.3,0,0,0,0
49.8,-121.7,0,0,0,0
49.8,-121.0,0,0,0,0
49.8,-120.4,0,0,0,0
49.8,-119.8,0,0,0,0
49.8,-119.2,0,0,0,0
49.8,-118.6,0,0,0,0
49.8,-117.9,0,0,0,0
49.8,-117.7,0,0,0,0
49.8,-117.1,0,0,0,0
49.8,-116.4,0,0,0,0
49.8,-116.2,0,0,0,0
49.8,-115.6,0,0,0,0
49.8,-114.9,0,0,0,0
49.8,-114.7,0,0,0,0
49.8,-114.1,0,0,0,0
49.8,-113.2,0,0,0,0
49.8,-112.6,1,0,0,0
49.8,-112.3,0,0,0,0
49.8,-111.7,0,0,0,0
49.8,-111.4,0,0,0,0
49.8,-110.5,0,0,0,0
49.8,-110.3,0,0,0,0
49.8,-109.6,0,0,0,0
49.8,-109.4,0,0,0,0
49.8,-108.5,0,0,0,0
49.8,-108.2,0,0,0,0
49.8,-107.6,0,0,0,0
49.8,-107.4,0,0,0,0
49.8,-107.1,0,0,0,0
49.8,-106.2,0,0,0,0
49.8,-105.9,0,0,0,0
49.8,-105.1,1,0,0,0
49.8,-104.8,0,0,0,0
49.8,-104.5,0,0,0,0
49.8,-103.6,0,0,0,0
49.8,-103.4,0,0,0,0
49.8,-103.1,0,0,0,0
49.8,-101.9,0,0,0,0
49.8,-101.7,0,0,0,0
49.8,-101.4,0,0,0,0
49.8,-100.2,0,0,0,0
49.8,-100.0,0,0,0,0
49.8,-99.7,0,0,0,0
49.8,-99.4,0,0,0,0
49.8,-99.1,0,0,0,0
49.8,-97.7,0,0,0,0
49.8,-97.5,0,0,0,0
49.8,-97.2,0,0,0,0
49.8,-96.9,0,0,0,0
49.8,-96.6,0,0,0,0
49.8,-96.3,0,0,0,0
49.8,-96.1,0,0,0,0
49.8,-87.7,0,0,0,0
49.8,-87.4,0,0,0,0
49.8,-87.1,0,0,0,0
49.8,-86.9,0,0,0,0
49.8,-86.6,0,0,0,0
49.8,-86.3,0,0,0,0
49.8,-86.0,1,0,0,0
49.8,-84.6,0,0,0,0
49.8,-84.3,0,0,0,0
49.8,-84.1,0,0,0,0
49.8,-83.8,0,0,0,0
49.8,-83.5,1,0,0,0
49.8,-82.4,0,0,0,0
49.8,-82.1,0,0,0,0
49.8,-81.8,0,0,0,0
49.8,-80.7,0,0,0,0
49.8,-80.4,0,0,0,0
49.8,-80.1,1,0,0,0
49.8,-79.2,0,0,0,0
49.8,-79.0,0,0,0,0
49.8,-78.7,0,0,0,0
49.8,-77.8,0,0,0,0
49.8,-77.5,0,0,0,0
49.8,-77.3,0,0,0,0
49.8,-76.7,0,0,0,0
49.8,-76.4,0,0,0,0
49.8,-76.1,1,0,0,0
49.8,-75.5,0,0,0,0
49.8,-75.2,0,0,0,0
49.8,-74.4,0,0,0,0
49.8,-74.1,0,0,0,0
49.8,-73.5,0,0,0,0
49.8,-73.2,0,0,0,0
49.8,-72.3,0,0,0,0
49.8,-72.1,0,0,0,0
49.8,-71.5,0,0,0,0
49.8,-71.2,0,0,0,0
49.8,-70.6,0,0,0,0
49.8,-69.7,0,0,0,0
49.8,-69.1,0,0,0,0
49.8,-68.8,0,0,0,0
49.8,-68.2,0,0,0,0
49.8,-67.9,0,0,0,0
49.8,-67.3,0,0,0,0
49.8,-64.6,0,0,0,0
49.8,-63.9,0,0,0,0
49.8,-63.3,0,0,0,0
49.8,-58.0,0,0,0,0
49.8,-57.3,0,0,0,0
49.8,-57.0,0,0,0,0
49.8,-56.3,0,0,0,0
49.8,-55.7,0,0,0,0
49.8,-54.7,0,0,0,0
49.8,-54.3,0,0,0,0
49.9,-127.2,0,0,0,0
49.9,-126.6,0,0,0,0
49.9,-126.2,0,0,0,0
49.9,-125.5,0,0,0,0
49.9,-124.9,0,0,0,0
49.9,-124.5,0,0,0,0
49.9,-124.3,0,0,0,0
49.9,-123.9,0,0,0,0
49.9,-123.3,0,0,0,0
49.9,-122.7,0,0,0,0
49.9,-122.0,0,0,0,0
49.9,-121.4,0,0,0,0
49.9,-120.8,0,0,0,0
49.9,-120.2,0,0,0,0
49.9,-119.5,0,0,0,0
49.9,-118.9,0,0,0,0
49.9,-118.7,0,0,0,0
49.9,-118.3,0,0,0,0
49.9,-118.0,0,0,0,0
49.9,-117.4,0,0,0,0
49.9,-116.8,0,0,0,0
49.9,-116.5,0,0,0,0
49.9,-115.9,0,0,0,0
49.9,-115.3,0,0,0,0
49.9,-115.0,0,0,0,0
49.9,-114.4,0,0,0,0
49.9,-113.8,0,0,0,0
49.9,-113.5,0,0,0,0
49.9,-112.9,0,0,0,0
49.9,-112.6,0,1,0,0
49.9,-112.0,0,0,0,0
49.9,-111.8,0,0,0,0
49.9,-111.1,0,0,0,0
49.9,-110.9,0,0,0,0
49.9,-110.0,0,0,0,0
49.9,-109.7,0,0,0,0
49.9,-109.1,0,0,0,0
49.9,-108.8,0,0,0,0
49.9,-108.0,0,0,0,0
49.9,-107.7,0,0,0,0
49.9,-106.8,0,0,0,0
49.9,-106.5,0,0,0,0
49.9,-105.7,1,0,0,0
49.9,-105.4,0,0,0,0
49.9,-105.1,0,1,0,0
49.9,-104.2,0,0,0,0
49.9,-104.0,0,0,0,0
49.9,-103.7,0,0,0,0
49.9,-102.8,0,0,0,0
49.9,-102.5,0,0,0,0
49.9,-102.3,0,0,0,0
49.9,-101.1,0,0,0,0
49.9,-100.8,0,0,0,0
49.9,-100.6,0,0,0,0
49.9,-100.3,0,0,0,0
49.9,-98.9,1,0,0,0
49.9,-98.6,0,0,0,0
49.9,-98.3,0,0,0,0
49.9,-98.0,0,0,0,0
49.9,-97.8,0,0,0,0
49.9,-95.8,1,0,0,0
49.9,-95.5,1,0,0,0
49.9,-95.2,0,0,0,0
49.9,-94.9,0,0,0,0
49.9,-94.7,0,0,0,0
49.9,-94.4,0,0,0,0
49.9,-94.1,0,0,0,0
49.9,-93.8,0,0,0,0
49.9,-93.6,0,0,0,0
49.9,-93.3,0,0,0,0
49.9,-93.0,0,0,0,0
49.9,-92.7,0,0,0,0
49.9,-92.4,0,0,0,0
49.9,-92.2,0,0,0,0
49.9,-91.9,0,0,0,0
49.9,-91.6,0,0,0,0
49.9,-91.3,0,0,0,0
49.9,-91.0,0,0,0,0
49.9,-90.8,0,0,0,0
49.9,-90.5,0,0,0,0
49.9,-90.2,0,0,0,0
49.9,-89.9,0,0,0,0
49.9,-89.6,0,0,0,0
49.9,-89.4,0,0,0,0
49.9,-89.1,0,0,0,0
49.9,-88.8,0,0,0,0
49.9,-88.5,0,0,0,0
49.9,-88.2,1,0,0,0
49.9,-88.0,0,0,0,0
49.9,-86.0,0,1,0,0
49.9,-85.7,0,0,0,0
49.9,-85.4,0,0,0,0
49.9,-85.2,0,0,0,0
49.9,-84.9,1,0,0,0
49.9,-83.5,0,1,0,0
49.9,-83.2,0,0,0,0
49.9,-82.9,0,0,0,0
49.9,-82.6,1,0,0,0
49.9,-81.5,0,0,0,0
49.9,-81.2,0,0,0,0
49.9,-80.9,1,0,0,0
49.9,-80.1,0,1,0,0
49.9,-79.8,0,0,0,0
49.9,-79.5,0,0,0,0
49.9,-78.6,0,0,0,0
49.9,-78.4,0,0,0,0
49.9,-78.1,0,0,0,0
49.9,-77.2,0,0,0,0
49.9,-76.9,0,0,0,0
49.9,-76.1,0,1,0,0
49.9,-75.8,0,0,0,0
49.9,-74.9,0,0,0,0
49.9,-74.6,1,0,0,0
49.9,-74.0,0,0,0,0
49.9,-73.8,0,0,0,0
49.9,-72.9,0,0,0,0
49.9,-72.6,0,0,0,0
49.9,-72.0,0,0,0,0
49.9,-71.7,0,0,0,0
49.9,-71.1,0,0,0,0
49.9,-70.8,0,0,0,0
49.9,-70.2,0,0,0,0
49.9,-70.0,0,0,0,0
49.9,-69.3,0,0,0,0
49.9,-68.7,0,0,0,0
49.9,-68.5,0,0,0,0
49.9,-67.8,0,0,0,0
49.9,-67.6,0,0,0,0
49.9,-67.0,0,0,0,0
49.9,-64.2,0,0,0,0
49.9,-63.6,0,0,0,0
49.9,-57.6,0,0,0,0
49.9,-57.2,0,0,0,0
49.9,-56.6,0,0,0,0
49.9,-56.0,0,0,0,0
49.9,-55.6,0,0,0,0
49.9,-53.9,0,0,0,0
50.0,-127.9,0,0,0,0
50.0,-127.6,0,0,0,0
50.0,-127.3,0,0,0,0
50.0,-126.9,0,0,0,0
50.0,-126.3,0,0,0,0
50.0,-125.9,0,0,0,0
50.0,-125.3,0,0,0,0
50.0,-124.7,0,0,0,0
50.0,-124.1,0,0,0,0
50.0,-123.7,0,0,0,0
50.0,-123.4,0,0,0,0
50.0,-123.0,0,0,0,0
50.0,-122.4,0,0,0,0
50.0,-121.8,0,0,0,0
50.0,-121.2,0,0,0,0
50.0,-120.5,0,0,0,0
50.0,-119.9,0,0,0,0
50.0,-119.3,0,0,0,0
50.0,-119.0,0,0,0,0
50.0,-118.4,0,0,0,0
50.0,-117.8,0,0,0,0
50.0,-117.2,0,0,0,0
50.0,-116.9,0,0,0,0
50.0,-116.3,0,0,0,0
50.0,-115.7,0,0,0,0
50.0,-115.4,0,0,0,0
50.0,-114.8,0,0,0,0
50.0,-114.1,0,0,0,0
50.0,-113.9,0,0,0,0
50.0,-113.3,0,0,0,0
50.0,-113.0,0,0,0,0
50.0,-112.4,0,0,0,0
50.0,-112.1,0,0,0,0
50.0,-111.5,0,0,0,0
50.0,-111.2,0,0,0,0
50.0,-110.6,0,0,0,0
50.0,-110.3,0,0,0,0
50.0,-109.5,0,0,0,0
50.0,-109.2,0,0,0,0
50.0,-108.6,1,0,0,0
50.0,-108.3,0,0,0,0
50.0,-107.4,0,0,0,0
50.0,-107.1,0,0,0,0
50.0,-106.3,1,0,0,0
50.0,-106.0,0,0,0,0
50.0,-105.7,0,1,0,0
50.0,-104.8,0,0,0,0
50.0,-104.6,0,0,0,0
50.0,-103.4,0,0,0,0
50.0,-103.1,0,0,0,0
50.0,-102.9,0,0,0,0
50.0,-102.0,1,0,0,0
50.0,-101.7,0,0,0,0
50.0,-101.4,0,0,0,0
50.0,-101.2,0,0,0,0
50.0,-100.0,1,0,0,0
50.0,-99.7,0,0,0,0
50.0,-99.5,0,0,0,0
50.0,-99.2,0,0,0,0
50.0,-98.9,0,1,0,0
50.0,-97.5,1,0,0,0
50.0,-97.2,1,0,0,0
50.0,-96.9,0,0,0,0
50.0,-96.6,0,0,0,0
50.0,-96.4,0,0,0,0
50.0,-96.1,0,0,0,0
50.0,-95.8,0,1,0,0
50.0,-95.5,0,1,0,0
50.0,-88.2,0,1,0,0
50.0,-87.9,0,0,0,0
50.0,-87.7,0,0,0,0
50.0,-87.4,0,0,0,0
50.0,-87.1,0,0,0,0
50.0,-86.8,0,0,0,0
50.0,-86.6,0,0,0,0
50.0,-86.3,0,0,0,0
50.0,-84.9,0,1,0,0
50.0,-84.6,0,0,0,0
50.0,-84.3,0,0,0,0
50.0,-84.0,0,0,0,0
50.0,-83.7,1,0,0,0
50.0,-82.6,0,1,0,0
50.0,-82.3,0,0,0,0
50.0,-82.0,0,0,0,0
50.0,-81.8,0,0,0,0
50.0,-80.9,0,1,0,0
50.0,-80.6,0,0,0,0
50.0,-80.3,0,0,0,0
50.0,-79.2,0,0,0,0
50.0,-78.9,0,0,0,0
50.0,-78.0,0,0,0,0
50.0,-77.8,0,0,0,0
50.0,-77.5,0,0,0,0
50.0,-76.6,0,0,0,0
50.0,-76.3,0,0,0,0
50.0,-75.4,0,0,0,0
50.0,-75.2,0,0,0,0
50.0,-74.6,0,1,0,0
50.0,-74.3,0,0,0,0
50.0,-73.4,0,0,0,0
50.0,-73.1,1,0,0,0
50.0,-72.5,0,0,0,0
50.0,-72.3,0,0,0,0
50.0,-71.6,0,0,0,0
50.0,-71.4,0,0,0,0
50.0,-70.7,0,0,0,0
50.0,-70.5,0,0,0,0
50.0,-69.9,0,0,0,0
50.0,-69.6,0,0,0,0
50.0,-69.0,0,0,0,0
50.0,-68.1,0,0,0,0
50.0,-67.5,0,0,0,0
50.0,-67.2,0,0,0,0
50.0,-64.5,0,0,0,0
50.0,-63.8,0,0,0,0
50.0,-57.8,0,0,0,0
50.0,-57.4,0,0,0,0
50.0,-56.8,0,0,0,0
50.0,-56.2,0,0,0,0
50.0,-55.8,0,0,0,0
50.1,-127.7,0,0,0,0
50.1,-127.1,0,0,0,0
50.1,-126.7,0,0,0,0
50.1,-126.1,0,0,0,0
50.1,-125.7,0,0,0,0
50.1,-125.4,0,0,0,0
50.1,-125.1,0,0,0,0
50.1,-124.4,0,0,0,0
50.1,-123.8,0,0,0,0
50.1,-123.2,0,0,0,0
50.1,-122.8,0,0,0,0
50.1,-122.6,0,0,0,0
50.1,-122.2,0,0,0,0
50.1,-121.9,0,0,0,0
50.1,-121.5,0,0,0,0
50.1,-121.3,0,0,0,0
50.1,-120.9,0,0,0,0
50.1,-120.7,0,0,0,0
50.1,-120.3,0,0,0,0
50.1,-120.0,0,0,0,0
50.1,-119.7,0,0,0,0
50.1,-119.4,0,0,0,0
50.1,-118.8,0,0,0,0
50.1,-118.2,0,0,0,0
50.1,-117.5,0,0,0,0
50.1,-117.3,0,0,0,0
50.1,-116.6,0,0,0,0
50.1,-116.0,0,0,0,0
50.1,-115.8,0,0,0,0
50.1,-115.1,0,0,0,0
50.1,-114.5,0,0,0,0
50.1,-114.2,0,0,0,0
50.1,-113.6,0,0,0,0
50.1,-113.4,0,0,0,0
50.1,-112.7,0,0,0,0
50.1,-111.8,0,0,0,0
50.1,-111.6,0,0,0,0
50.1,-111.0,0,0,0,0
50.1,-110.7,0,0,0,0
50.1,-110.1,0,0,0,0
50.1,-109.8,0,0,0,0
50.1,-108.9,0,0,0,0
50.1,-108.6,0,1,0,0
50.1,-108.0,0,0,0,0
50.1,-107.8,0,0,0,0
50.1,-107.5,0,0,0,0
50.1,-106.9,1,0,0,0
50.1,-106.6,0,0,0,0
50.1,-106.3,0,1,0,0
50.1,-105.4,0,0,0,0
50.1,-105.2,0,0,0,0
50.1,-104.3,1,0,0,0
50.1,-104.0,0,0,0,0
50.1,-103.7,0,0,0,0
50.1,-102.6,1,0,0,0
50.1,-102.3,0,0,0,0
50.1,-102.0,0,1,0,0
50.1,-100.9,1,0,0,0
50.1,-100.6,0,0,0,0
50.1,-100.3,0,0,0,0
50.1,-100.0,0,1,0,0
50.1,-98.6,1,0,0,0
50.1,-98.3,0,0,0,0
50.1,-98.1,0,0,0,0
50.1,-97.8,0,0,0,0
50.1,-97.5,0,1,0,0
50.1,-97.2,0,1,0,0
50.1,-95.2,0,0,0,0
50.1,-95.0,1,0,0,0
50.1,-94.7,0,0,0,0
50.1,-94.4,0,0,0,0
50.1,-94.1,0,0,0,0
50.1,-93.8,0,0,0,0
50.1,-93.6,0,0,0,0
50.1,-93.3,0,0,0,0
50.1,-93.0,0,0,0,0
50.1,-92.7,0,0,0,0
50.1,-92.4,0,0,0,0
50.1,-92.2,0,0,0,0
50.1,-91.9,0,0,0,0
50.1,-91.6,0,0,0,0
50.1,-91.3,0,0,0,0
50.1,-91.0,0,0,0,0
50.1,-90.8,0,0,0,0
50.1,-90.5,0,0,0,0
50.1,-90.2,0,0,0,0
50.1,-89.9,0,0,0,0
50.1,-89.6,0,0,0,0
50.1,-89.3,0,0,0,0
50.1,-89.1,0,0,0,0
50.1,-88.8,1,0,0,0
50.1,-88.5,1,0,0,0
50.1,-86.5,0,0,0,0
50.1,-86.2,0,0,0,0
50.1,-86.0,0,0,0,0
50.1,-85.7,0,0,0,0
50.1,-85.4,0,0,0,0
50.1,-85.1,1,0,0,0
50.1,-83.7,0,1,0,0
50.1,-83.4,0,0,0,0
50.1,-83.1,0,0,0,0
50.1,-82.9,0,0,0,0
50.1,-81.7,0,0,0,0
50.1,-81.4,0,0,0,0
50.1,-81.2,0,0,0,0
50.1,-80.0,0,0,0,0
50.1,-79.7,0,0,0,0
50.1,-79.5,0,0,0,0
50.1,-78.6,0,0,0,0
50.1,-78.3,0,0,0,0
50.1,-77.4,0,0,0,0
50.1,-77.1,0,0,0,0
50.1,-76.9,0,0,0,0
50.1,-76.0,0,0,0,0
50.1,-75.7,0,0,0,0
50.1,-75.1,0,0,0,0
50.1,-74.8,0,0,0,0
50.1,-73.9,0,0,0,0
50.1,-73.7,0,0,0,0
50.1,-73.1,0,1,0,0
50.1,-72.8,0,0,0,0
50.1,-71.9,0,0,0,0
50.1,-71.0,0,0,0,0
50.1,-70.1,0,0,0,0
50.1,-69.5,0,0,0,0
50.1,-69.2,0,0,0,0
50.1,-68.6,0,0,0,0
50.1,-68.4,0,0,0,0
50.1,-67.7,0,0,0,0
50.1,-67.1,0,0,0,0
50.1,-66.8,0,0,0,0
50.1,-66.5,0,0,0,0
50.1,-66.2,0,0,0,0
50.1,-63.7,0,0,0,0
50.1,-63.1,0,0,0,0
50.1,-61.8,0,0,0,0
50.1,-61.6,0,0,0,0
50.1,-61.2,0,0,0,0
50.1,-60.6,0,0,0,0
50.1,-59.9,0,0,0,0
50.1,-57.7,0,0,0,0
50.1,-57.0,0,0,0,0
50.1,-56.7,0,0,0,0
50.1,-56.4,0,0,0,0
50.1,-56.0,0,0,0,0
50.1,-55.4,0,0,0,0
50.2,-128.1,0,0,0,0
50.2,-127.5,0,0,0,0
50.2,-126.8,0,0,0,0
50.2,-126.5,0,0,0,0
50.2,-125.8,0,0,0,0
50.2,-125.2,0,0,0,0
50.2,-124.8,0,0,0,0
50.2,-124.2,0,0,0,0
50.2,-123.6,0,0,0,0
50.2,-122.9,0,0,0,0
50.2,-122.3,0,0,0,0
50.2,-121.7,0,0,0,0
50.2,-121.0,0,0,0,0
50.2,-120.4,0,0,0,0
50.2,-119.8,0,0,0,0
50.2,-119.2,0,0,0,0
50.2,-118.5,0,0,0,0
50.2,-117.9,0,0,0,0
50.2,-117.6,0,0,0,0
50.2,-117.0,0,0,0,0
50.2,-116.4,0,0,0,0
50.2,-115.5,0,0,0,0
50.2,-114.9,0,0,0,0
50.2,-114.6,0,0,0,0
50.2,-114.0,0,0,0,0
50.2,-113.1,0,0,0,0
50.2,-112.5,0,0,0,0
50.2,-112.2,0,0,0,0
50.2,-111.3,0,0,0,0
50.2,-110.4,0,0,0,0
50.2,-110.2,0,0,0,0
50.2,-109.5,0,0,0,0
50.2,-109.3,0,0,0,0
50.2,-108.4,0,0,0,0
50.2,-108.1,0,0,0,0
50.2,-107.2,0,0,0,0
50.2,-106.9,0,1,0,0
50.2,-106.1,0,0,0,0
50.2,-105.8,0,0,0,0
50.2,-104.9,0,0,0,0
50.2,-104.6,0,0,0,0
50.2,-104.3,0,1,0,0
50.2,-103.5,0,0,0,0
50.2,-103.2,0,0,0,0
50.2,-102.9,0,0,0,0
50.2,-102.6,0,1,0,0
50.2,-101.8,0,0,0,0
50.2,-101.5,0,0,0,0
50.2,-101.2,0,0,0,0
50.2,-100.9,0,1,0,0
50.2,-99.8,0,0,0,0
50.2,-99.5,0,0,0,0
50.2,-99.2,0,0,0,0
50.2,-98.9,0,0,0,0
50.2,-98.6,0,1,0,0
50.2,-96.9,0,0,0,0
50.2,-96.7,0,0,0,0
50.2,-96.4,0,0,0,0
50.2,-96.1,0,0,0,0
50.2,-95.8,0,0,0,0
50.2,-95.5,0,0,0,0
50.2,-95.3,0,0,0,0
50.2,-95.0,0,1,0,0
50.2,-88.8,0,1,0,0
50.2,-88.5,0,1,0,0
50.2,-88.2,0,0,0,0
50.2,-87.9,0,0,0,0
50.2,-87.7,0,0,0,0
50.2,-87.4,0,0,0,0
50.2,-87.1,0,0,0,0
50.2,-86.8,0,0,0,0
50.2,-85.1,0,1,0,0
50.2,-84.8,0,0,0,0
50.2,-84.5,0,0,0,0
50.2,-84.3,0,0,0,0
50.2,-84.0,0,0,0,0
50.2,-82.8,0,0,0,0
50.2,-82.6,0,0,0,0
50.2,-82.3,0,0,0,0
50.2,-82.0,0,0,0,0
50.2,-80.8,0,0,0,0
50.2,-80.6,0,0,0,0
50.2,-80.3,0,0,0,0
50.2,-79.4,0,0,0,0
50.2,-79.1,0,0,0,0
50.2,-78.9,0,0,0,0
50.2,-78.0,0,0,0,0
50.2,-77.7,0,0,0,0
50.2,-76.8,0,0,0,0
50.2,-76.5,0,0,0,0
50.2,-76.3,0,0,0,0
50.2,-75.6,0,0,0,0
50.2,-75.4,0,0,0,0
50.2,-74.5,0,0,0,0
50.2,-74.2,0,0,0,0
50.2,-73.6,0,0,0,0
50.2,-73.3,0,0,0,0
50.2,-72.4,0,0,0,0
50.2,-72.2,0,0,0,0
50.2,-71.5,0,0,0,0
50.2,-71.3,0,0,0,0
50.2,-70.7,0,0,0,0
50.2,-70.4,0,0,0,0
50.2,-69.8,0,0,0,0
50.2,-69.1,0,0,0,0
50.2,-68.9,0,0,0,0
50.2,-68.3,0,0,0,0
50.2,-68.0,0,0,0,0
50.2,-67.4,0,0,0,0
50.2,-66.7,0,0,0,0
50.2,-66.1,0,0,0,0
50.2,-65.8,0,0,0,0
50.2,-65.2,0,0,0,0
50.2,-64.6,0,0,0,0
50.2,-64.0,0,0,0,0
50.2,-63.3,0,0,0,0
50.2,-62.7,0,0,0,0
50.2,-62.5,0,0,0,0
50.2,-62.1,0,0,0,0
50.2,-61.4,0,0,0,0
50.2,-60.8,0,0,0,0
50.2,-60.2,0,0,0,0
50.2,-57.3,0,0,0,0
50.2,-56.9,0,0,0,0
50.2,-56.3,0,0,0,0
50.2,-55.7,0,0,0,0
50.3,-127.9,0,0,0,0
50.3,-127.2,0,0,0,0
50.3,-126.6,0,0,0,0
50.3,-126.2,0,0,0,0
50.3,-125.6,0,0,0,0
50.3,-125.0,0,0,0,0
50.3,-124.6,0,0,0,0
50.3,-124.3,0,0,0,0
50.3,-123.9,0,0,0,0
50.3,-123.3,0,0,0,0
50.3,-122.7,0,0,0,0
50.3,-122.1,0,0,0,0
50.3,-121.4,0,0,0,0
50.3,-120.8,0,0,0,0
50.3,-120.2,0,0,0,0
50.3,-119.5,0,0,0,0
50.3,-118.9,0,0,0,0
50.3,-118.3,0,0,0,0
50.3,-118.0,0,0,0,0
50.3,-117.4,0,0,0,0
50.3,-116.8,0,0,0,0
50.3,-116.1,0,0,0,0
50.3,-115.9,0,0,0,0
50.3,-115.2,0,0,0,0
50.3,-115.0,0,0,0,0
50.3,-114.3,0,0,0,0
50.3,-113.7,0,0,0,0
50.3,-113.5,0,0,0,0
50.3,-112.8,0,0,0,0
50.3,-112.6,0,0,0,0
50.3,-111.9,0,0,0,0
50.3,-111.7,0,0,0,0
50.3,-111.0,0,0,0,0
50.3,-110.8,0,0,0,0
50.3,-109.9,0,0,0,0
50.3,-109.6,0,0,0,0
50.3,-109.0,0,0,0,0
50.3,-108.7,0,0,0,0
50.3,-107.8,0,0,0,0
50.3,-107.6,0,0,0,0
50.3,-106.7,0,0,0,0
50.3,-106.4,0,0,0,0
50.3,-105.5,0,0,0,0
50.3,-105.2,0,0,0,0
50.3,-105.0,0,0,0,0
50.3,-104.1,1,0,0,0
50.3,-103.8,0,0,0,0
50.3,-103.5,0,0,0,0
50.3,-102.4,0,0,0,0
50.3,-102.1,0,0,0,0
50.3,-101.8,0,0,0,0
50.3,-100.6,0,0,0,0
50.3,-100.4,0,0,0,0
50.3,-100.1,0,0,0,0
50.3,-99.8,0,0,0,0
50.3,-98.4,1,0,0,0
50.3,-98.1,0,0,0,0
50.3,-97.8,0,0,0,0
50.3,-97.5,0,0,0,0
50.3,-97.2,0,0,0,0
50.3,-97.0,0,0,0,0
50.3,-94.7,1,0,0,0
50.3,-94.4,1,0,0,0
50.3,-94.1,1,0,0,0
50.3,-93.8,0,0,0,0
50.3,-93.6,0,0,0,0
50.3,-93.3,0,0,0,0
50.3,-93.0,0,0,0,0
50.3,-92.7,0,0,0,0
50.3,-92.4,0,0,0,0
50.3,-92.2,0,0,0,0
50.3,-91.9,0,0,0,0
50.3,-91.6,0,0,0,0
50.3,-91.3,0,0,0,0
50.3,-91.0,0,0,0,0
50.3,-90.7,0,0,0,0
50.3,-90.5,0,0,0,0
50.3,-90.2,0,0,0,0
50.3,-89.9,0,0,0,0
50.3,-89.6,1,0,0,0
50.3,-89.3,1,0,0,0
50.3,-89.1,0,0,0,0
50.3,-86.8,0,0,0,0
50.3,-86.5,0,0,0,0
50.3,-86.2,0,0,0,0
50.3,-85.9,0,0,0,0
50.3,-85.7,0,0,0,0
50.3,-85.4,1,0,0,0
50.3,-83.9,0,0,0,0
50.3,-83.7,0,0,0,0
50.3,-83.4,0,0,0,0
50.3,-83.1,1,0,0,0
50.3,-82.0,0,0,0,0
50.3,-81.7,0,0,0,0
50.3,-81.4,0,0,0,0
50.3,-81.1,1,0,0,0
50.3,-80.2,0,0,0,0
50.3,-80.0,0,0,0,0
50.3,-79.7,0,0,0,0
50.3,-78.8,0,0,0,0
50.3,-78.5,0,0,0,0
50.3,-78.2,1,0,0,0
50.3,-77.4,0,0,0,0
50.3,-77.1,0,0,0,0
50.3,-76.2,0,0,0,0
50.3,-75.9,0,0,0,0
50.3,-75.0,0,0,0,0
50.3,-74.8,0,0,0,0
50.3,-74.1,0,0,0,0
50.3,-73.9,0,0,0,0
50.3,-73.0,0,0,0,0
50.3,-72.7,0,0,0,0
50.3,-72.1,0,0,0,0
50.3,-71.8,0,0,0,0
50.3,-71.2,0,0,0,0
50.3,-70.9,0,0,0,0
50.3,-70.3,0,0,0,0
50.3,-70.0,0,0,0,0
50.3,-69.4,0,0,0,0
50.3,-68.8,0,0,0,0
50.3,-68.5,0,0,0,0
50.3,-67.9,0,0,0,0
50.3,-67.6,0,0,0,0
50.3,-67.0,0,0,0,0
50.3,-66.4,0,0,0,0
50.3,-65.7,0,0,0,0
50.3,-65.5,0,0,0,0
50.3,-64.8,0,0,0,0
50.3,-64.2,0,0,0,0
50.3,-63.6,0,0,0,0
50.3,-63.0,0,0,0,0
50.3,-62.3,0,0,0,0
50.3,-61.7,0,0,0,0
50.3,-61.1,0,0,0,0
50.3,-60.4,0,0,0,0
50.3,-59.8,0,0,0,0
50.3,-57.5,0,0,0,0
50.3,-57.1,0,0,0,0
50.3,-56.5,0,0,0,0
50.3,-55.9,0,0,0,0
50.4,-128.0,0,0,0,0
50.4,-127.6,0,0,0,0
50.4,-127.4,0,0,0,0
50.4,-127.0,0,0,0,0
50.4,-126.4,0,0,0,0
50.4,-126.0,0,0,0,0
50.4,-125.3,0,0,0,0
50.4,-124.7,0,0,0,0
50.4,-124.1,0,0,0,0
50.4,-123.7,0,0,0,0
50.4,-123.4,0,0,0,0
50.4,-123.1,0,0,0,0
50.4,-122.4,0,0,0,0
50.4,-121.8,0,0,0,0
50.4,-121.2,0,0,0,0
50.4,-120.5,0,0,0,0
50.4,-119.9,0,0,0,0
50.4,-119.3,0,0,0,0
50.4,-119.0,0,0,0,0
50.4,-118.6,0,0,0,0
50.4,-118.4,0,0,0,0
50.4,-117.8,0,0,0,0
50.4,-117.1,0,0,0,0
50.4,-116.9,0,0,0,0
50.4,-116.5,0,0,0,0
50.4,-116.2,0,0,0,0
50.4,-115.6,0,0,0,0
50.4,-115.3,0,0,0,0
50.4,-114.7,0,0,0,0
50.4,-114.1,0,0,0,0
50.4,-113.8,0,0,0,0
50.4,-113.2,0,0,0,0
50.4,-112.9,0,0,0,0
50.4,-112.3,0,0,0,0
50.4,-112.0,0,0,0,0
50.4,-111.4,0,0,0,0
50.4,-111.1,0,0,0,0
50.4,-110.5,0,0,0,0
50.4,-110.2,0,0,0,0
50.4,-109.3,0,0,0,0
50.4,-109.1,0,0,0,0
50.4,-108.4,0,0,0,0
50.4,-108.2,0,0,0,0
50.4,-107.3,1,0,0,0
50.4,-107.0,0,0,0,0
50.4,-106.1,0,0,0,0
50.4,-105.8,0,0,0,0
50.4,-105.6,0,0,0,0
50.4,-104.7,1,0,0,0
50.4,-104.4,0,0,0,0
50.4,-104.1,0,1,0,0
50.4,-103.2,0,0,0,0
50.4,-103.0,0,0,0,0
50.4,-102.7,0,0,0,0
50.4,-101.5,0,0,0,0
50.4,-101.2,0,0,0,0
50.4,-101.0,0,0,0,0
50.4,-100.7,0,0,0,0
50.4,-99.5,0,0,0,0
50.4,-99.2,0,0,0,0
50.4,-99.0,0,0,0,0
50.4,-98.7,0,0,0,0
50.4,-98.4,0,1,0,0
50.4,-96.7,1,0,0,0
50.4,-96.4,1,0,0,0
50.4,-96.1,0,0,0,0
50.4,-95.8,0,0,0,0
50.4,-95.6,0,0,0,0
50.4,-95.3,0,0,0,0
50.4,-95.0,0,0,0,0
50.4,-94.7,0,1,0,0
50.4,-94.4,0,1,0,0
50.4,-94.1,0,1,0,0
50.4,-89.6,0,1,0,0
50.4,-89.3,0,1,0,0
50.4,-89.0,0,0,0,0
50.4,-88.8,0,0,0,0
50.4,-88.5,0,0,0,0
50.4,-88.2,0,0,0,0
50.4,-87.9,0,0,0,0
50.4,-87.6,0,0,0,0
50.4,-87.4,0,0,0,0
50.4,-87.1,0,0,0,0
50.4,-85.4,0,1,0,0
50.4,-85.1,0,0,0,0
50.4,-84.8,0,0,0,0
50.4,-84.5,0,0,0,0
50.4,-84.2,1,0,0,0
50.4,-83.1,0,1,0,0
50.4,-82.8,0,0,0,0
50.4,-82.5,0,0,0,0
50.4,-82.2,1,0,0,0
50.4,-81.1,0,1,0,0
50.4,-80.8,0,0,0,0
50.4,-80.5,1,0,0,0
50.4,-79.6,0,0,0,0
50.4,-79.3,0,0,0,0
50.4,-79.1,0,0,0,0
50.4,-78.2,0,1,0,0
50.4,-77.9,0,0,0,0
50.4,-77.6,1,0,0,0
50.4,-76.7,0,0,0,0
50.4,-76.5,0,0,0,0
50.4,-75.6,0,0,0,0
50.4,-75.3,0,0,0,0
50.4,-74.7,0,0,0,0
50.4,-74.4,0,0,0,0
50.4,-73.5,0,0,0,0
50.4,-73.2,1,0,0,0
50.4,-72.6,0,0,0,0
50.4,-72.4,0,0,0,0
50.4,-71.7,0,0,0,0
50.4,-71.5,0,0,0,0
50.4,-70.8,0,0,0,0
50.4,-70.6,0,0,0,0
50.4,-69.9,0,0,0,0
50.4,-69.7,0,0,0,0
50.4,-69.0,0,0,0,0
50.4,-68.1,0,0,0,0
50.4,-67.5,0,0,0,0
50.4,-67.3,0,0,0,0
50.4,-66.6,0,0,0,0
50.4,-66.0,0,0,0,0
50.4,-65.4,0,0,0,0
50.4,-65.1,0,0,0,0
50.4,-64.7,0,0,0,0
50.4,-64.5,0,0,0,0
50.4,-63.8,0,0,0,0
50.4,-63.2,0,0,0,0
50.4,-62.6,0,0,0,0
50.4,-61.9,0,0,0,0
50.4,-61.3,0,0,0,0
50.4,-60.7,0,0,0,0
50.4,-60.1,0,0,0,0
50.4,-59.7,0,0,0,0
50.4,-57.4,0,0,0,0
50.4,-56.8,0,0,0,0
50.5,-127.8,0,0,0,0
50.5,-127.1,0,0,0,0
50.5,-126.8,0,0,0,0
50.5,-126.1,0,0,0,0
50.5,-125.7,0,0,0,0
50.5,-125.5,0,0,0,0
50.5,-125.1,0,0,0,0
50.5,-124.5,0,0,0,0
50.5,-123.8,0,0,0,0
50.5,-123.2,0,0,0,0
50.5,-122.8,0,0,0,0
50.5,-122.6,0,0,0,0
50.5,-122.2,0,0,0,0
50.5,-121.9,0,0,0,0
50.5,-121.5,0,0,0,0
50.5,-120.9,0,0,0,0
50.5,-120.7,0,0,0,0
50.5,-120.3,0,0,0,0
50.5,-120.0,0,0,0,0
50.5,-119.6,0,0,0,0
50.5,-119.4,0,0,0,0
50.5,-118.8,0,0,0,0
50.5,-118.1,0,0,0,0
50.5,-117.5,0,0,0,0
50.5,-117.2,0,0,0,0
50.5,-116.6,0,0,0,0
50.5,-116.0,0,0,0,0
50.5,-115.1,0,0,0,0
50.5,-114.4,0,0,0,0
50.5,-114.2,0,0,0,0
50.5,-113.5,0,0,0,0
50.5,-113.3,0,0,0,0
50.5,-112.6,0,0,0,0
50.5,-111.8,0,0,0,0
50.5,-111.5,0,0,0,0
50.5,-110.9,0,0,0,0
50.5,-110.6,0,0,0,0
50.5,-110.0,1,0,0,0
50.5,-109.7,0,0,0,0
50.5,-108.8,0,0,0,0
50.5,-108.5,0,0,0,0
50.5,-107.9,0,0,0,0
50.5,-107.6,0,0,0,0
50.5,-107.3,0,1,0,0
50.5,-106.7,0,0,0,0
50.5,-106.5,0,0,0,0
50.5,-106.2,0,0,0,0
50.5,-105.3,0,0,0,0
50.5,-105.0,0,0,0,0
50.5,-104.7,0,1,0,0
50.5,-103.8,0,0,0,0
50.5,-103.6,0,0,0,0
50.5,-103.3,0,0,0,0
50.5,-102.4,1,0,0,0
50.5,-102.1,0,0,0,0
50.5,-101.8,0,0,0,0
50.5,-101.6,0,0,0,0
50.5,-100.4,1,0,0,0
50.5,-100.1,0,0,0,0
50.5,-99.8,0,0,0,0
50.5,-99.6,0,0,0,0
50.5,-98.1,1,0,0,0
50.5,-97.8,0,0,0,0
50.5,-97.6,0,0,0,0
50.5,-97.3,0,0,0,0
50.5,-97.0,0,0,0,0
50.5,-96.7,0,1,0,0
50.5,-96.4,0,1,0,0
50.5,-93.9,1,0,0,0
50.5,-93.6,1,0,0,0
50.5,-93.3,1,0,0,0
50.5,-93.0,1,0,0,0
50.5,-92.7,1,0,0,0
50.5,-92.4,0,0,0,0
50.5,-92.2,0,0,0,0
50.5,-91.9,0,0,0,0
50.5,-91.6,0,0,0,0
50.5,-91.3,0,0,0,0
50.5,-91.0,1,0,0,0
50.5,-90.7,1,0,0,0
50.5,-90.5,1,0,0,0
50.5,-90.2,1,0,0,0
50.5,-89.9,1,0,0,0
50.5,-87.3,0,0,0,0
50.5,-87.0,0,0,0,0
50.5,-86.8,0,0,0,0
50.5,-86.5,0,0,0,0
50.5,-86.2,0,0,0,0
50.5,-85.9,0,0,0,0
50.5,-85.6,1,0,0,0
50.5,-84.2,0,1,0,0
50.5,-83.9,0,0,0,0
50.5,-83.6,0,0,0,0
50.5,-83.4,0,0,0,0
50.5,-82.2,0,1,0,0
50.5,-81.9,0,0,0,0
50.5,-81.6,0,0,0,0
50.5,-81.3,1,0,0,0
50.5,-80.5,0,1,0,0
50.5,-80.2,0,0,0,0
50.5,-79.9,0,0,0,0
50.5,-78.7,0,0,0,0
50.5,-78.5,0,0,0,0
50.5,-77.6,0,1,0,0
50.5,-77.3,0,0,0,0
50.5,-77.0,1,0,0,0
50.5,-76.4,0,0,0,0
50.5,-76.1,0,0,0,0
50.5,-75.8,1,0,0,0
50.5,-75.2,0,0,0,0
50.5,-75.0,0,0,0,0
50.5,-74.1,0,0,0,0
50.5,-73.8,0,0,0,0
50.5,-73.2,0,1,0,0
50.5,-72.9,0,0,0,0
50.5,-72.0,0,0,0,0
50.5,-71.1,0,0,0,0
50.5,-70.2,0,0,0,0
50.5,-69.6,0,0,0,0
50.5,-69.3,0,0,0,0
50.5,-68.7,0,0,0,0
50.5,-68.4,0,0,0,0
50.5,-67.8,0,0,0,0
50.5,-67.2,0,0,0,0
50.5,-66.9,0,0,0,0
50.5,-66.3,0,0,0,0
50.5,-65.6,0,0,0,0
50.5,-65.0,0,0,0,0
50.5,-64.4,0,0,0,0
50.5,-64.1,0,0,0,0
50.5,-63.7,0,0,0,0
50.5,-63.5,0,0,0,0
50.5,-62.8,0,0,0,0
50.5,-62.2,0,0,0,0
50.5,-61.6,0,0,0,0
50.5,-61.2,0,0,0,0
50.5,-60.9,0,0,0,0
50.5,-60.5,0,0,0,0
50.5,-60.3,0,0,0,0
50.5,-59.9,0,0,0,0
50.5,-59.3,0,0,0,0
50.5,-57.0,0,0,0,0
50.5,-56.4,0,0,0,0
50.6,-128.2,0,0,0,0
50.6,-127.5,0,0,0,0
50.6,-126.9,0,0,0,0
50.6,-126.5,0,0,0,0
50.6,-125.9,0,0,0,0
50.6,-125.2,0,0,0,0
50.6,-124.9,0,0,0,0
50.6,-124.2,0,0,0,0
50.6,-123.6,0,0,0,0
50.6,-122.9,0,0,0,0
50.6,-122.3,0,0,0,0
50.6,-121.7,0,0,0,0
50.6,-121.3,0,0,0,0
50.6,-121.0,0,0,0,0
50.6,-120.4,0,0,0,0
50.6,-119.8,0,0,0,0
50.6,-119.1,0,0,0,0
50.6,-118.5,0,0,0,0
50.6,-117.9,0,0,0,0
50.6,-117.6,0,0,0,0
50.6,-117.0,0,0,0,0
50.6,-116.3,0,0,0,0
50.6,-115.7,0,0,0,0
50.6,-115.4,0,0,0,0
50.6,-114.8,0,0,0,0
50.6,-114.5,0,0,0,0
50.6,-113.9,0,0,0,0
50.6,-113.0,0,0,0,0
50.6,-112.4,0,0,0,0
50.6,-112.1,0,0,0,0
50.6,-111.2,0,0,0,0
50.6,-110.3,0,0,0,0
50.6,-110.0,0,1,0,0
50.6,-109.4,0,0,0,0
50.6,-109.1,0,0,0,0
50.6,-108.2,0,0,0,0
50.6,-108.0,0,0,0,0
50.6,-107.1,0,0,0,0
50.6,-106.8,0,0,0,0
50.6,-105.9,0,0,0,0
50.6,-105.6,0,0,0,0
50.6,-104.5,0,0,0,0
50.6,-104.2,0,0,0,0
50.6,-103.0,0,0,0,0
50.6,-102.7,0,0,0,0
50.6,-102.4,0,1,0,0
50.6,-101.3,1,0,0,0
50.6,-101.0,0,0,0,0
50.6,-100.7,0,0,0,0
50.6,-100.4,0,1,0,0
50.6,-99.3,1,0,0,0
50.6,-99.0,0,0,0,0
50.6,-98.7,0,0,0,0
50.6,-98.4,0,0,0,0
50.6,-98.1,0,1,0,0
50.6,-96.1,0,0,0,0
50.6,-95.9,0,0,0,0
50.6,-95.6,0,0,0,0
50.6,-95.3,0,0,0,0
50.6,-95.0,0,0,0,0
50.6,-94.7,0,0,0,0
50.6,-94.4,0,0,0,0
50.6,-94.1,0,0,0,0
50.6,-93.9,0,1,0,0
50.6,-93.6,0,1,0,0
50.6,-93.3,0,1,0,0
50.6,-93.0,0,1,0,0
50.6,-92.7,0,1,0,0
50.6,-91.0,0,1,0,0
50.6,-90.7,0,1,0,0
50.6,-90.5,0,1,0,0
50.6,-90.2,0,1,0,0
50.6,-89.9,0,1,0,0
50.6,-89.6,0,0,0,0
50.6,-89.3,0,0,0,0
50.6,-89.0,0,0,0,0
50.6,-88.7,0,0,0,0
50.6,-88.5,0,0,0,0
50.6,-88.2,0,0,0,0
50.6,-87.9,0,0,0,0
50.6,-87.6,1,0,0,0
50.6,-85.6,0,1,0,0
50.6,-85.3,0,0,0,0
50.6,-85.0,0,0,0,0
50.6,-84.8,0,0,0,0
50.6,-84.5,0,0,0,0
50.6,-83.3,0,0,0,0
50.6,-83.0,0,0,0,0
50.6,-82.8,0,0,0,0
50.6,-82.5,0,0,0,0
50.6,-81.3,0,1,0,0
50.6,-81.0,0,0,0,0
50.6,-80.7,0,0,0,0
50.6,-79.6,0,0,0,0
50.6,-79.3,0,0,0,0
50.6,-79.0,1,0,0,0
50.6,-78.1,0,0,0,0
50.6,-77.8,0,0,0,0
50.6,-77.0,0,1,0,0
50.6,-76.7,0,0,0,0
50.6,-75.8,0,1,0,0
50.6,-75.5,0,0,0,0
50.6,-74.6,0,0,0,0
50.6,-74.3,1,0,0,0
50.6,-73.7,0,0,0,0
50.6,-73.4,0,0,0,0
50.6,-72.5,0,0,0,0
50.6,-72.3,0,0,0,0
50.6,-71.6,0,0,0,0
50.6,-71.4,0,0,0,0
50.6,-70.7,0,0,0,0
50.6,-70.5,0,0,0,0
50.6,-69.8,0,0,0,0
50.6,-69.2,0,0,0,0
50.6,-68.9,0,0,0,0
50.6,-68.3,0,0,0,0
50.6,-68.0,0,0,0,0
50.6,-67.4,0,0,0,0
50.6,-66.8,0,0,0,0
50.6,-66.5,0,0,0,0
50.6,-66.1,0,0,0,0
50.6,-65.9,0,0,0,0
50.6,-65.2,0,0,0,0
50.6,-64.6,0,0,0,0
50.6,-64.0,0,0,0,0
50.6,-63.3,0,0,0,0
50.6,-63.1,0,0,0,0
50.6,-62.7,0,0,0,0
50.6,-62.5,0,0,0,0
50.6,-62.1,0,0,0,0
50.6,-61.8,0,0,0,0
50.6,-61.4,0,0,0,0
50.6,-60.8,0,0,0,0
50.6,-60.2,0,0,0,0
50.6,-59.5,0,0,0,0
50.6,-57.2,0,0,0,0
50.6,-56.8,0,0,0,0
50.6,-56.6,0,0,0,0
50.6,-56.2,0,0,0,0
50.6,-55.6,0,0,0,0
50.7,-128.3,0,0,0,0
50.7,-127.9,0,0,0,0
50.7,-127.3,0,0,0,0
50.7,-126.7,0,0,0,0
50.7,-126.3,0,0,0,0
50.7,-125.6,0,0,0,0
50.7,-125.0,0,0,0,0
50.7,-124.6,0,0,0,0
50.7,-124.4,0,0,0,0
50.7,-124.0,0,0,0,0
50.7,-123.3,0,0,0,0
50.7,-122.7,0,0,0,0
50.7,-122.1,0,0,0,0
50.7,-121.4,0,0,0,0
50.7,-120.8,0,0,0,0
50.7,-120.1,0,0,0,0
50.7,-119.5,0,0,0,0
50.7,-118.9,0,0,0,0
50.7,-118.2,0,0,0,0
50.7,-118.0,0,0,0,0
50.7,-117.3,0,0,0,0
50.7,-116.7,0,0,0,0
50.7,-116.1,0,0,0,0
50.7,-115.8,0,0,0,0
50.7,-115.2,0,0,0,0
50.7,-114.9,0,0,0,0
50.7,-114.3,0,0,0,0
50.7,-113.6,0,0,0,0
50.7,-113.4,0,0,0,0
50.7,-112.7,0,0,0,0
50.7,-112.5,0,0,0,0
50.7,-111.8,0,0,0,0
50.7,-111.6,0,0,0,0
50.7,-110.9,0,0,0,0
50.7,-110.7,0,0,0,0
50.7,-109.8,0,0,0,0
50.7,-109.5,0,0,0,0
50.7,-108.9,0,0,0,0
50.7,-108.6,0,0,0,0
50.7,-107.7,0,0,0,0
50.7,-107.4,0,0,0,0
50.7,-106.5,0,0,0,0
50.7,-106.2,0,0,0,0
50.7,-105.3,0,0,0,0
50.7,-105.1,0,0,0,0
50.7,-104.8,0,0,0,0
50.7,-103.9,0,0,0,0
50.7,-103.6,0,0,0,0
50.7,-103.3,0,0,0,0
50.7,-102.2,0,0,0,0
50.7,-101.9,0,0,0,0
50.7,-101.6,0,0,0,0
50.7,-101.3,0,1,0,0
50.7,-100.2,0,0,0,0
50.7,-99.9,0,0,0,0
50.7,-99.6,0,0,0,0
50.7,-99.3,0,1,0,0
50.7,-97.9,0,0,0,0
50.7,-97.6,0,0,0,0
50.7,-97.3,0,0,0,0
50.7,-97.0,0,0,0,0
50.7,-96.7,0,0,0,0
50.7,-96.4,0,0,0,0
50.7,-96.2,0,0,0,0
50.7,-92.4,0,0,0,0
50.7,-92.2,0,0,0,0
50.7,-91.9,0,0,0,0
50.7,-91.6,0,0,0,0
50.7,-91.3,0,0,0,0
50.7,-87.6,0,1,0,0
50.7,-87.3,0,0,0,0
50.7,-87.0,0,0,0,0
50.7,-86.7,0,0,0,0
50.7,-86.5,0,0,0,0
50.7,-86.2,0,0,0,0
50.7,-85.9,0,0,0,0
50.7,-84.4,0,0,0,0
50.7,-84.2,0,0,0,0
50.7,-83.9,0,0,0,0
50.7,-83.6,0,0,0,0
50.7,-82.1,0,0,0,0
50.7,-81.9,0,0,0,0
50.7,-81.6,0,0,0,0
50.7,-80.4,0,0,0,0
50.7,-80.1,0,0,0,0
50.7,-79.9,0,0,0,0
50.7,-79.0,0,1,0,0
50.7,-78.7,0,0,0,0
50.7,-78.4,0,0,0,0
50.7,-77.5,0,0,0,0
50.7,-77.2,0,0,0,0
50.7,-76.3,0,0,0,0
50.7,-76.1,0,0,0,0
50.7,-75.2,0,0,0,0
50.7,-74.9,0,0,0,0
50.7,-74.3,0,1,0,0
50.7,-74.0,0,0,0,0
50.7,-73.1,0,0,0,0
50.7,-72.8,0,0,0,0
50.7,-72.2,0,0,0,0
50.7,-71.9,0,0,0,0
50.7,-71.3,0,0,0,0
50.7,-71.0,0,0,0,0
50.7,-70.4,0,0,0,0
50.7,-70.1,0,0,0,0
50.7,-69.5,0,0,0,0
50.7,-68.6,0,0,0,0
50.7,-67.9,0,0,0,0
50.7,-67.7,0,0,0,0
50.7,-67.0,0,0,0,0
50.7,-66.4,0,0,0,0
50.7,-65.8,0,0,0,0
50.7,-65.5,0,0,0,0
50.7,-64.9,0,0,0,0
50.7,-64.2,0,0,0,0
50.7,-63.6,0,0,0,0
50.7,-63.0,0,0,0,0
50.7,-62.3,0,0,0,0
50.7,-61.7,0,0,0,0
50.7,-61.1,0,0,0,0
50.7,-60.4,0,0,0,0
50.7,-59.8,0,0,0,0
50.7,-59.1,0,0,0,0
50.7,-58.8,0,0,0,0
50.7,-57.5,0,0,0,0
50.7,-57.1,0,0,0,0
50.7,-56.5,0,0,0,0
50.7,-55.4,0,0,0,0
50.8,-129.1,0,0,0,0
50.8,-128.7,0,0,0,0
50.8,-128.1,0,0,0,0
50.8,-127.7,0,0,0,0
50.8,-127.0,0,0,0,0
50.8,-126.4,0,0,0,0
50.8,-126.0,0,0,0,0
50.8,-125.4,0,0,0,0
50.8,-124.7,0,0,0,0
50.8,-124.1,0,0,0,0
50.8,-123.7,0,0,0,0
50.8,-123.1,0,0,0,0
50.8,-122.4,0,0,0,0
50.8,-121.8,0,0,0,0
50.8,-121.2,0,0,0,0
50.8,-120.5,0,0,0,0
50.8,-119.9,0,0,0,0
50.8,-119.3,0,0,0,0
50.8,-119.0,0,0,0,0
50.8,-118.6,0,0,0,0
50.8,-118.4,0,0,0,0
50.8,-117.7,0,0,0,0
50.8,-117.1,0,0,0,0
50.8,-116.4,0,0,0,0
50.8,-116.2,0,0,0,0
50.8,-115.5,0,0,0,0
50.8,-114.6,0,0,0,0
50.8,-114.0,0,0,0,0
50.8,-113.7,0,0,0,0
50.8,-113.1,0,0,0,0
50.8,-112.8,0,0,0,0
50.8,-112.2,0,0,0,0
50.8,-111.9,0,0,0,0
50.8,-111.3,0,0,0,0
50.8,-111.0,0,0,0,0
50.8,-110.4,0,0,0,0
50.8,-110.1,0,0,0,0
50.8,-109.2,0,0,0,0
50.8,-108.9,0,0,0,0
50.8,-108.3,0,0,0,0
50.8,-108.0,0,0,0,0
50.8,-107.8,0,0,0,0
50.8,-107.1,0,0,0,0
50.8,-106.9,0,0,0,0
50.8,-106.6,0,0,0,0
50.8,-106.0,1,0,0,0
50.8,-105.7,0,0,0,0
50.8,-105.4,0,0,0,0
50.8,-104.5,0,0,0,0
50.8,-104.2,0,0,0,0
50.8,-104.0,0,0,0,0
50.8,-103.1,1,0,0,0
50.8,-102.8,0,0,0,0
50.8,-102.5,0,0,0,0
50.8,-102.2,0,0,0,0
50.8,-101.0,0,0,0,0
50.8,-100.8,0,0,0,0
50.8,-100.5,0,0,0,0
50.8,-99.0,0,0,0,0
50.8,-98.7,0,0,0,0
50.8,-98.5,0,0,0,0
50.8,-98.2,0,0,0,0
50.8,-97.9,0,0,0,0
50.8,-95.9,1,0,0,0
50.8,-95.6,1,0,0,0
50.8,-95.3,0,0,0,0
50.8,-95.0,0,0,0,0
50.8,-94.7,0,0,0,0
50.8,-94.4,0,0,0,0
50.8,-94.2,0,0,0,0
50.8,-93.9,0,0,0,0
50.8,-93.6,0,0,0,0
50.8,-93.3,0,0,0,0
50.8,-93.0,0,0,0,0
50.8,-92.7,0,0,0,0
50.8,-92.4,0,0,0,0
50.8,-92.2,0,0,0,0
50.8,-91.9,0,0,0,0
50.8,-91.6,0,0,0,0
50.8,-91.3,0,0,0,0
50.8,-91.0,0,0,0,0
50.8,-90.7,0,0,0,0
50.8,-90.4,0,0,0,0
50.8,-90.2,0,0,0,0
50.8,-89.9,0,0,0,0
50.8,-89.6,0,0,0,0
50.8,-89.3,0,0,0,0
50.8,-89.0,0,0,0,0
50.8,-88.7,0,0,0,0
50.8,-88.4,0,0,0,0
50.8,-88.2,0,0,0,0
50.8,-87.9,1,0,0,0
50.8,-85.9,0,0,0,0
50.8,-85.6,0,0,0,0
50.8,-85.3,0,0,0,0
50.8,-85.0,0,0,0,0
50.8,-84.7,1,0,0,0
50.8,-83.3,0,0,0,0
50.8,-83.0,0,0,0,0
50.8,-82.7,0,0,0,0
50.8,-82.4,1,0,0,0
50.8,-81.5,0,0,0,0
50.8,-81.3,0,0,0,0
50.8,-81.0,0,0,0,0
50.8,-80.7,0,0,0,0
50.8,-79.8,0,0,0,0
50.8,-79.5,0,0,0,0
50.8,-79.2,1,0,0,0
50.8,-78.3,0,0,0,0
50.8,-78.1,0,0,0,0
50.8,-77.8,0,0,0,0
50.8,-77.2,0,0,0,0
50.8,-76.9,0,0,0,0
50.8,-76.6,0,0,0,0
50.8,-75.7,0,0,0,0
50.8,-75.4,1,0,0,0
50.8,-74.8,0,0,0,0
50.8,-74.5,0,0,0,0
50.8,-73.6,0,0,0,0
50.8,-73.4,0,0,0,0
50.8,-72.7,0,0,0,0
50.8,-72.5,0,0,0,0
50.8,-71.8,0,0,0,0
50.8,-71.5,0,0,0,0
50.8,-70.9,0,0,0,0
50.8,-70.6,0,0,0,0
50.8,-70.0,0,0,0,0
50.8,-69.7,0,0,0,0
50.8,-69.1,0,0,0,0
50.8,-68.8,0,0,0,0
50.8,-68.2,0,0,0,0
50.8,-67.6,0,0,0,0
50.8,-67.3,0,0,0,0
50.8,-66.7,0,0,0,0
50.8,-66.0,0,0,0,0
50.8,-65.4,0,0,0,0
50.8,-65.1,0,0,0,0
50.8,-64.5,0,0,0,0
50.8,-63.9,0,0,0,0
50.8,-63.2,0,0,0,0
50.8,-62.6,0,0,0,0
50.8,-61.9,0,0,0,0
50.8,-61.3,0,0,0,0
50.8,-60.7,0,0,0,0
50.8,-60.0,0,0,0,0
50.8,-59.6,0,0,0,0
50.8,-59.4,0,0,0,0
50.8,-59.0,0,0,0,0
50.8,-57.3,0,0,0,0
50.8,-56.7,0,0,0,0
50.8,-56.1,0,0,0,0
50.8,-55.7,0,0,0,0
50.9,-128.9,0,0,0,0
50.9,-128.5,0,0,0,0
50.9,-127.8,0,0,0,0
50.9,-127.4,0,0,0,0
50.9,-127.2,0,0,0,0
50.9,-126.8,0,0,0,0
50.9,-126.2,0,0,0,0
50.9,-125.8,0,0,0,0
50.9,-125.5,0,0,0,0
50.9,-125.1,0,0,0,0
50.9,-124.5,0,0,0,0
50.9,-123.9,0,0,0,0
50.9,-123.5,0,0,0,0
50.9,-123.2,0,0,0,0
50.9,-122.8,0,0,0,0
50.9,-122.6,0,0,0,0
50.9,-122.2,0,0,0,0
50.9,-121.6,0,0,0,0
50.9,-120.9,0,0,0,0
50.9,-120.3,0,0,0,0
50.9,-120.0,0,0,0,0
50.9,-119.6,0,0,0,0
50.9,-119.4,0,0,0,0
50.9,-118.7,0,0,0,0
50.9,-118.1,0,0,0,0
50.9,-117.5,0,0,0,0
50.9,-117.2,0,0,0,0
50.9,-116.8,0,0,0,0
50.9,-116.6,0,0,0,0
50.9,-115.9,0,0,0,0
50.9,-115.3,0,0,0,0
50.9,-115.0,0,0,0,0
50.9,-114.4,0,0,0,0
50.9,-114.1,0,0,0,0
50.9,-113.5,0,0,0,0
50.9,-113.2,0,0,0,0
50.9,-112.6,0,0,0,0
50.9,-111.7,0,0,0,0
50.9,-111.4,0,0,0,0
50.9,-110.8,0,0,0,0
50.9,-110.5,0,0,0,0
50.9,-109.8,0,0,0,0
50.9,-109.6,0,0,0,0
50.9,-108.7,0,0,0,0
50.9,-108.4,0,0,0,0
50.9,-107.5,0,0,0,0
50.9,-107.2,0,0,0,0
50.9,-106.3,0,0,0,0
50.9,-106.0,0,1,0,0
50.9,-105.1,0,0,0,0
50.9,-104.8,0,0,0,0
50.9,-104.6,0,0,0,0
50.9,-103.7,1,0,0,0
50.9,-103.4,0,0,0,0
50.9,-103.1,0,1,0,0
50.9,-101.9,0,0,0,0
50.9,-101.6,0,0,0,0
50.9,-101.4,0,0,0,0
50.9,-100.2,1,0,0,0
50.9,-99.9,0,0,0,0
50.9,-99.6,0,0,0,0
50.9,-99.3,0,0,0,0
50.9,-99.1,0,0,0,0
50.9,-97.6,1,0,0,0
50.9,-97.3,1,0,0,0
50.9,-97.0,0,0,0,0
50.9,-96.7,0,0,0,0
50.9,-96.5,0,0,0,0
50.9,-96.2,0,0,0,0
50.9,-95.9,0,1,0,0
50.9,-95.6,0,1,0,0
50.9,-88.1,0,0,0,0
50.9,-87.9,0,1,0,0
50.9,-87.6,0,0,0,0
50.9,-87.3,0,0,0,0
50.9,-87.0,0,0,0,0
50.9,-86.7,0,0,0,0
50.9,-86.4,1,0,0,0
50.9,-86.1,1,0,0,0
50.9,-84.7,0,1,0,0
50.9,-84.4,0,0,0,0
50.9,-84.1,0,0,0,0
50.9,-83.8,0,0,0,0
50.9,-83.6,0,0,0,0
50.9,-82.4,0,1,0,0
50.9,-82.1,0,0,0,0
50.9,-81.8,0,0,0,0
50.9,-80.6,0,0,0,0
50.9,-80.4,0,0,0,0
50.9,-80.1,0,0,0,0
50.9,-79.2,0,1,0,0
50.9,-78.9,0,0,0,0
50.9,-78.6,1,0,0,0
50.9,-77.7,0,0,0,0
50.9,-77.4,0,0,0,0
50.9,-76.5,0,0,0,0
50.9,-76.3,0,0,0,0
50.9,-76.0,0,0,0,0
50.9,-75.4,0,1,0,0
50.9,-75.1,0,0,0,0
50.9,-74.2,0,0,0,0
50.9,-73.9,0,0,0,0
50.9,-73.3,0,0,0,0
50.9,-73.0,0,0,0,0
50.9,-72.1,0,0,0,0
50.9,-71.2,0,0,0,0
50.9,-70.3,0,0,0,0
50.9,-69.6,0,0,0,0
50.9,-69.4,0,0,0,0
50.9,-68.7,0,0,0,0
50.9,-68.5,0,0,0,0
50.9,-67.8,0,0,0,0
50.9,-67.2,0,0,0,0
50.9,-66.9,0,0,0,0
50.9,-66.3,0,0,0,0
50.9,-65.7,0,0,0,0
50.9,-65.0,0,0,0,0
50.9,-64.8,0,0,0,0
50.9,-64.4,0,0,0,0
50.9,-64.1,0,0,0,0
50.9,-63.5,0,0,0,0
50.9,-62.8,0,0,0,0
50.9,-62.2,0,0,0,0
50.9,-61.6,0,0,0,0
50.9,-60.9,0,0,0,0
50.9,-60.5,0,0,0,0
50.9,-60.3,0,0,0,0
50.9,-59.9,0,0,0,0
50.9,-59.3,0,0,0,0
50.9,-56.9,0,0,0,0
50.9,-56.3,0,0,0,0
50.9,-55.9,0,0,0,0
51.0,-127.6,0,0,0,0
51.0,-127.0,0,0,0,0
51.0,-126.6,0,0,0,0
51.0,-125.9,0,0,0,0
51.0,-125.3,0,0,0,0
51.0,-124.9,0,0,0,0
51.0,-124.2,0,0,0,0
51.0,-123.6,0,0,0,0
51.0,-123.0,0,0,0,0
51.0,-122.3,0,0,0,0
51.0,-121.9,0,0,0,0
51.0,-121.7,0,0,0,0
51.0,-121.3,0,0,0,0
51.0,-121.0,0,0,0,0
51.0,-120.7,0,0,0,0
51.0,-120.4,0,0,0,0
51.0,-119.8,0,0,0,0
51.0,-119.1,0,0,0,0
51.0,-118.5,0,0,0,0
51.0,-117.8,0,0,0,0
51.0,-117.6,0,0,0,0
51.0,-116.9,0,0,0,0
51.0,-116.3,0,0,0,0
51.0,-115.6,0,0,0,0
51.0,-115.4,0,0,0,0
51.0,-114.7,0,0,0,0
51.0,-114.5,0,0,0,0
51.0,-113.8,0,0,0,0
51.0,-112.9,0,0,0,0
51.0,-112.3,0,0,0,0
51.0,-112.0,0,0,0,0
51.0,-111.1,0,0,0,0
51.0,-110.2,0,0,0,0
51.0,-109.9,0,0,0,0
51.0,-109.3,0,0,0,0
51.0,-109.0,0,0,0,0
51.0,-108.1,0,0,0,0
51.0,-107.8,0,0,0,0
51.0,-106.9,0,0,0,0
51.0,-106.7,0,0,0,0
51.0,-105.7,0,0,0,0
51.0,-105.5,0,0,0,0
51.0,-105.2,0,0,0,0
51.0,-104.3,0,0,0,0
51.0,-104.0,0,0,0,0
51.0,-103.7,0,1,0,0
51.0,-102.8,0,0,0,0
51.0,-102.5,0,0,0,0
51.0,-102.3,0,0,0,0
51.0,-101.1,1,0,0,0
51.0,-100.8,0,0,0,0
51.0,-100.5,0,0,0,0
51.0,-100.2,0,1,0,0
51.0,-98.8,1,0,0,0
51.0,-98.5,0,0,0,0
51.0,-98.2,0,0,0,0
51.0,-97.9,0,0,0,0
51.0,-97.6,0,1,0,0
51.0,-97.3,0,1,0,0
51.0,-95.3,1,0,0,0
51.0,-95.0,1,0,0,0
51.0,-94.7,0,0,0,0
51.0,-94.5,0,0,0,0
51.0,-94.2,0,0,0,0
51.0,-93.9,0,0,0,0
51.0,-93.6,0,0,0,0
51.0,-93.3,0,0,0,0
51.0,-93.0,0,0,0,0
51.0,-92.7,0,0,0,0
51.0,-92.4,0,0,0,0
51.0,-92.2,0,0,0,0
51.0,-91.9,0,0,0,0
51.0,-91.6,0,0,0,0
51.0,-91.3,0,0,0,0
51.0,-91.0,0,0,0,0
51.0,-90.7,0,0,0,0
51.0,-90.4,0,0,0,0
51.0,-90.2,0,0,0,0
51.0,-89.9,0,0,0,0
51.0,-89.6,0,0,0,0
51.0,-89.3,0,0,0,0
51.0,-89.0,0,0,0,0
51.0,-88.7,1,0,0,0
51.0,-88.4,1,0,0,0
51.0,-86.4,0,1,0,0
51.0,-86.1,0,1,0,0
51.0,-85.8,0,0,0,0
51.0,-85.6,0,0,0,0
51.0,-85.3,0,0,0,0
51.0,-85.0,0,0,0,0
51.0,-83.5,0,0,0,0
51.0,-83.2,0,0,0,0
51.0,-83.0,0,0,0,0
51.0,-82.7,0,0,0,0
51.0,-81.5,0,0,0,0
51.0,-81.2,0,0,0,0
51.0,-80.9,1,0,0,0
51.0,-80.0,0,0,0,0
51.0,-79.7,0,0,0,0
51.0,-79.5,0,0,0,0
51.0,-78.6,0,1,0,0
51.0,-78.3,0,0,0,0
51.0,-78.0,0,0,0,0
51.0,-77.1,0,0,0,0
51.0,-76.8,0,0,0,0
51.0,-75.9,0,0,0,0
51.0,-75.6,0,0,0,0
51.0,-74.7,0,0,0,0
51.0,-74.5,0,0,0,0
51.0,-73.8,0,0,0,0
51.0,-73.5,0,0,0,0
51.0,-72.6,0,0,0,0
51.0,-72.4,0,0,0,0
51.0,-71.7,0,0,0,0
51.0,-71.5,0,0,0,0
51.0,-70.8,0,0,0,0
51.0,-70.6,0,0,0,0
51.0,-69.9,0,0,0,0
51.0,-69.3,0,0,0,0
51.0,-69.0,0,0,0,0
51.0,-68.4,0,0,0,0
51.0,-68.1,0,0,0,0
51.0,-67.5,0,0,0,0
51.0,-66.8,0,0,0,0
51.0,-66.6,0,0,0,0
51.0,-66.2,0,0,0,0
51.0,-65.9,0,0,0,0
51.0,-65.3,0,0,0,0
51.0,-64.6,0,0,0,0
51.0,-64.0,0,0,0,0
51.0,-63.7,0,0,0,0
51.0,-63.4,0,0,0,0
51.0,-63.1,0,0,0,0
51.0,-62.7,0,0,0,0
51.0,-62.5,0,0,0,0
51.0,-62.1,0,0,0,0
51.0,-61.8,0,0,0,0
51.0,-61.4,0,0,0,0
51.0,-61.2,0,0,0,0
51.0,-60.8,0,0,0,0
51.0,-60.1,0,0,0,0
51.0,-59.5,0,0,0,0
51.0,-58.9,0,0,0,0
51.0,-58.5,0,0,0,0
51.0,-57.2,0,0,0,0
51.0,-56.8,0,0,0,0
51.0,-56.5,0,0,0,0
51.0,-56.2,0,0,0,0
51.0,-55.5,0,0,0,0
51.1,-127.4,0,0,0,0
51.1,-126.7,0,0,0,0
51.1,-126.3,0,0,0,0
51.1,-125.7,0,0,0,0
51.1,-125.0,0,0,0,0
51.1,-124.6,0,0,0,0
51.1,-124.0,0,0,0,0
51.1,-123.4,0,0,0,0
51.1,-122.7,0,0,0,0
51.1,-122.1,0,0,0,0
51.1,-121.4,0,0,0,0
51.1,-120.8,0,0,0,0
51.1,-120.1,0,0,0,0
51.1,-119.5,0,0,0,0
51.1,-118.8,0,0,0,0
51.1,-118.2,0,0,0,0
51.1,-117.9,0,0,0,0
51.1,-117.3,0,0,0,0
51.1,-116.7,0,0,0,0
51.1,-116.0,0,0,0,0
51.1,-115.8,0,0,0,0
51.1,-115.1,0,0,0,0
51.1,-114.2,0,0,0,0
51.1,-113.6,0,0,0,0
51.1,-113.3,0,0,0,0
51.1,-112.7,1,0,0,0
51.1,-112.4,0,0,0,0
51.1,-111.7,0,0,0,0
51.1,-111.5,0,0,0,0
51.1,-110.8,0,0,0,0
51.1,-110.6,0,0,0,0
51.1,-109.7,0,0,0,0
51.1,-109.4,0,0,0,0
51.1,-108.7,0,0,0,0
51.1,-108.5,0,0,0,0
51.1,-107.6,1,0,0,0
51.1,-107.3,0,0,0,0
51.1,-106.4,1,0,0,0
51.1,-106.1,0,0,0,0
51.1,-105.8,0,0,0,0
51.1,-104.9,0,0,0,0
51.1,-104.6,0,0,0,0
51.1,-103.4,0,0,0,0
51.1,-103.2,0,0,0,0
51.1,-102.9,0,0,0,0
51.1,-102.0,1,0,0,0
51.1,-101.7,0,0,0,0
51.1,-101.4,0,0,0,0
51.1,-101.1,0,1,0,0
51.1,-99.9,0,0,0,0
51.1,-99.7,0,0,0,0
51.1,-99.4,0,0,0,0
51.1,-99.1,0,0,0,0
51.1,-98.8,0,1,0,0
51.1,-97.1,1,0,0,0
51.1,-96.8,0,0,0,0
51.1,-96.5,0,0,0,0
51.1,-96.2,0,0,0,0
51.1,-95.9,0,0,0,0
51.1,-95.6,0,0,0,0
51.1,-95.3,0,1,0,0
51.1,-95.0,0,1,0,0
51.1,-88.7,0,1,0,0
51.1,-88.4,0,1,0,0
51.1,-88.1,0,0,0,0
51.1,-87.8,0,0,0,0
51.1,-87.6,0,0,0,0
51.1,-87.3,0,0,0,0
51.1,-87.0,0,0,0,0
51.1,-86.7,1,0,0,0
51.1,-84.9,0,0,0,0
51.1,-84.7,0,0,0,0
51.1,-84.4,0,0,0,0
51.1,-84.1,0,0,0,0
51.1,-83.8,1,0,0,0
51.1,-82.6,0,0,0,0
51.1,-82.3,0,0,0,0
51.1,-82.1,0,0,0,0
51.1,-81.8,0,0,0,0
51.1,-80.9,0,1,0,0
51.1,-80.6,0,0,0,0
51.1,-80.3,0,0,0,0
51.1,-79.1,0,0,0,0
51.1,-78.8,0,0,0,0
51.1,-77.9,0,0,0,0
51.1,-77.7,0,0,0,0
51.1,-77.4,0,0,0,0
51.1,-76.5,0,0,0,0
51.1,-76.2,0,0,0,0
51.1,-75.3,0,0,0,0
51.1,-75.0,0,0,0,0
51.1,-74.4,0,0,0,0
51.1,-74.1,0,0,0,0
51.1,-73.2,0,0,0,0
51.1,-72.9,0,0,0,0
51.1,-72.3,0,0,0,0
51.1,-72.0,0,0,0,0
51.1,-71.4,0,0,0,0
51.1,-71.1,0,0,0,0
51.1,-70.5,0,0,0,0
51.1,-70.2,0,0,0,0
51.1,-69.5,0,0,0,0
51.1,-68.6,0,0,0,0
51.1,-68.0,0,0,0,0
51.1,-67.7,0,0,0,0
51.1,-67.1,0,0,0,0
51.1,-66.4,0,0,0,0
51.1,-65.8,0,0,0,0
51.1,-65.5,0,0,0,0
51.1,-64.9,0,0,0,0
51.1,-64.3,0,0,0,0
51.1,-63.6,0,0,0,0
51.1,-63.0,0,0,0,0
51.1,-62.3,0,0,0,0
51.1,-61.7,0,0,0,0
51.1,-61.0,0,0,0,0
51.1,-60.4,0,0,0,0
51.1,-59.8,0,0,0,0
51.1,-59.1,0,0,0,0
51.1,-58.7,0,0,0,0
51.1,-57.0,0,0,0,0
51.1,-56.4,0,0,0,0
51.1,-55.8,0,0,0,0
51.2,-127.7,0,0,0,0
51.2,-127.1,0,0,0,0
51.2,-126.5,0,0,0,0
51.2,-126.1,0,0,0,0
51.2,-125.4,0,0,0,0
51.2,-124.8,0,0,0,0
51.2,-124.4,0,0,0,0
51.2,-124.1,0,0,0,0
51.2,-123.7,0,0,0,0
51.2,-123.1,0,0,0,0
51.2,-122.5,0,0,0,0
51.2,-121.8,0,0,0,0
51.2,-121.2,0,0,0,0
51.2,-120.5,0,0,0,0
51.2,-119.9,0,0,0,0
51.2,-119.2,0,0,0,0
51.2,-118.6,0,0,0,0
51.2,-118.3,0,0,0,0
51.2,-117.7,0,0,0,0
51.2,-117.0,0,0,0,0
51.2,-116.4,0,0,0,0
51.2,-116.1,0,0,0,0
51.2,-115.5,0,0,0,0
51.2,-114.8,0,0,0,0
51.2,-114.6,0,0,0,0
51.2,-113.9,0,0,0,0
51.2,-113.7,0,0,0,0
51.2,-113.0,0,0,0,0
51.2,-112.7,0,1,0,0
51.2,-112.1,0,0,0,0
51.2,-111.8,0,0,0,0
51.2,-111.2,0,0,0,0
51.2,-110.9,0,0,0,0
51.2,-110.3,0,0,0,0
51.2,-110.0,0,0,0,0
51.2,-109.1,0,0,0,0
51.2,-108.8,0,0,0,0
51.2,-108.2,0,0,0,0
51.2,-107.9,0,0,0,0
51.2,-107.6,0,1,0,0
51.2,-107.0,0,0,0,0
51.2,-106.7,0,0,0,0
51.2,-106.4,0,1,0,0
51.2,-105.5,0,0,0,0
51.2,-105.2,0,0,0,0
51.2,-104.3,0,0,0,0
51.2,-104.1,0,0,0,0
51.2,-103.8,0,0,0,0
51.2,-102.6,0,0,0,0
51.2,-102.3,0,0,0,0
51.2,-102.0,0,1,0,0
51.2,-100.8,0,0,0,0
51.2,-100.6,0,0,0,0
51.2,-100.3,0,0,0,0
51.2,-100.0,0,0,0,0
51.2,-98.5,0,0,0,0
51.2,-98.2,0,0,0,0
51.2,-97.9,0,0,0,0
51.2,-97.7,0,0,0,0
51.2,-97.4,0,0,0,0
51.2,-97.1,0,1,0,0
51.2,-94.8,0,0,0,0
51.2,-94.5,0,0,0,0
51.2,-94.2,0,0,0,0
51.2,-93.9,0,0,0,0
51.2,-93.6,0,0,0,0
51.2,-93.3,0,0,0,0
51.2,-93.0,0,0,0,0
51.2,-92.7,0,0,0,0
51.2,-92.5,0,0,0,0
51.2,-92.2,0,0,0,0
51.2,-91.9,0,0,0,0
51.2,-91.6,0,0,0,0
51.2,-91.3,0,0,0,0
51.2,-91.0,0,0,0,0
51.2,-90.7,0,0,0,0
51.2,-90.4,0,0,0,0
51.2,-90.1,0,0,0,0
51.2,-89.9,0,0,0,0
51.2,-89.6,0,0,0,0
51.2,-89.3,0,0,0,0
51.2,-89.0,0,0,0,0
51.2,-86.7,0,1,0,0
51.2,-86.4,0,0,0,0
51.2,-86.1,0,0,0,0
51.2,-85.8,0,0,0,0
51.2,-85.5,0,0,0,0
51.2,-85.2,0,0,0,0
51.2,-83.8,0,1,0,0
51.2,-83.5,0,0,0,0
51.2,-83.2,0,0,0,0
51.2,-82.9,0,0,0,0
51.2,-81.7,0,0,0,0
51.2,-81.4,0,0,0,0
51.2,-81.2,0,0,0,0
51.2,-80.0,0,0,0,0
51.2,-79.7,0,0,0,0
51.2,-79.4,0,0,0,0
51.2,-78.5,0,0,0,0
51.2,-78.2,0,0,0,0
51.2,-77.3,0,0,0,0
51.2,-77.0,0,0,0,0
51.2,-76.8,0,0,0,0
51.2,-76.1,0,0,0,0
51.2,-75.8,0,0,0,0
51.2,-75.6,0,0,0,0
51.2,-74.9,0,0,0,0
51.2,-74.7,0,0,0,0
51.2,-73.7,0,0,0,0
51.2,-73.5,0,0,0,0
51.2,-72.8,0,0,0,0
51.2,-72.6,0,0,0,0
51.2,-71.9,0,0,0,0
51.2,-71.6,0,0,0,0
51.2,-71.0,0,0,0,0
51.2,-70.7,0,0,0,0
51.2,-70.1,0,0,0,0
51.2,-69.8,0,0,0,0
51.2,-69.2,0,0,0,0
51.2,-68.9,0,0,0,0
51.2,-68.3,0,0,0,0
51.2,-67.6,0,0,0,0
51.2,-67.4,0,0,0,0
51.2,-66.7,0,0,0,0
51.2,-66.1,0,0,0,0
51.2,-65.4,0,0,0,0
51.2,-65.2,0,0,0,0
51.2,-64.5,0,0,0,0
51.2,-63.9,0,0,0,0
51.2,-63.2,0,0,0,0
51.2,-62.6,0,0,0,0
51.2,-61.9,0,0,0,0
51.2,-61.3,0,0,0,0
51.2,-60.6,0,0,0,0
51.2,-60.0,0,0,0,0
51.2,-59.6,0,0,0,0
51.2,-59.4,0,0,0,0
51.2,-59.0,0,0,0,0
51.2,-58.3,0,0,0,0
51.2,-56.6,0,0,0,0
51.2,-56.0,0,0,0,0
51.2,-55.6,0,0,0,0
51.3,-127.9,0,0,0,0
51.3,-127.5,0,0,0,0
51.3,-126.9,0,0,0,0
51.3,-126.2,0,0,0,0
51.3,-125.8,0,0,0,0
51.3,-125.2,0,0,0,0
51.3,-124.5,0,0,0,0
51.3,-123.9,0,0,0,0
51.3,-123.5,0,0,0,0
51.3,-123.2,0,0,0,0
51.3,-122.8,0,0,0,0
51.3,-122.2,0,0,0,0
51.3,-121.6,0,0,0,0
51.3,-120.9,0,0,0,0
51.3,-120.3,0,0,0,0
51.3,-119.6,0,0,0,0
51.3,-119.4,0,0,0,0
51.3,-119.0,0,0,0,0
51.3,-118.7,0,0,0,0
51.3,-118.1,0,0,0,0
51.3,-117.4,0,0,0,0
51.3,-116.8,0,0,0,0
51.3,-116.5,0,0,0,0
51.3,-115.9,0,0,0,0
51.3,-115.2,0,0,0,0
51.3,-114.9,0,0,0,0
51.3,-114.3,0,0,0,0
51.3,-114.0,0,0,0,0
51.3,-113.4,0,0,0,0
51.3,-112.5,0,0,0,0
51.3,-111.6,0,0,0,0
51.3,-111.3,0,0,0,0
51.3,-110.6,0,0,0,0
51.3,-110.4,0,0,0,0
51.3,-109.7,0,0,0,0
51.3,-109.5,0,0,0,0
51.3,-108.5,0,0,0,0
51.3,-108.3,0,0,0,0
51.3,-107.3,0,0,0,0
51.3,-107.1,0,0,0,0
51.3,-106.2,0,0,0,0
51.3,-105.9,0,0,0,0
51.3,-105.0,1,0,0,0
51.3,-104.7,0,0,0,0
51.3,-104.4,0,0,0,0
51.3,-103.5,1,0,0,0
51.3,-103.2,0,0,0,0
51.3,-102.9,0,0,0,0
51.3,-101.7,0,0,0,0
51.3,-101.5,0,0,0,0
51.3,-101.2,0,0,0,0
51.3,-100.9,0,0,0,0
51.3,-99.7,1,0,0,0
51.3,-99.4,0,0,0,0
51.3,-99.1,0,0,0,0
51.3,-98.8,0,0,0,0
51.3,-98.5,0,0,0,0
51.3,-96.8,1,0,0,0
51.3,-96.5,0,0,0,0
51.3,-96.2,0,0,0,0
51.3,-95.9,0,0,0,0
51.3,-95.6,0,0,0,0
51.3,-95.3,0,0,0,0
51.3,-95.1,0,0,0,0
51.3,-94.8,0,0,0,0
51.3,-94.5,0,0,0,0
51.3,-94.2,0,0,0,0
51.3,-89.3,0,0,0,0
51.3,-89.0,0,0,0,0
51.3,-88.7,0,0,0,0
51.3,-88.4,0,0,0,0
51.3,-88.1,0,0,0,0
51.3,-87.8,0,0,0,0
51.3,-87.5,0,0,0,0
51.3,-87.2,0,0,0,0
51.3,-87.0,0,0,0,0
51.3,-85.2,0,0,0,0
51.3,-84.9,0,0,0,0
51.3,-84.6,0,0,0,0
51.3,-84.3,0,0,0,0
51.3,-84.1,0,0,0,0
51.3,-82.9,0,0,0,0
51.3,-82.6,0,0,0,0
51.3,-82.3,0,0,0,0
51.3,-82.0,1,0,0,0
51.3,-80.8,0,0,0,0
51.3,-80.5,0,0,0,0
51.3,-80.3,0,0,0,0
51.3,-79.4,0,0,0,0
51.3,-79.1,0,0,0,0
51.3,-78.8,0,0,0,0
51.3,-77.9,0,0,0,0
51.3,-77.6,0,0,0,0
51.3,-76.7,0,0,0,0
51.3,-76.4,0,0,0,0
51.3,-75.5,0,0,0,0
51.3,-75.2,0,0,0,0
51.3,-74.3,0,0,0,0
51.3,-74.0,0,0,0,0
51.3,-73.4,0,0,0,0
51.3,-73.1,0,0,0,0
51.3,-72.2,0,0,0,0
51.3,-71.3,0,0,0,0
51.3,-70.4,0,0,0,0
51.3,-69.7,0,0,0,0
51.3,-69.4,0,0,0,0
51.3,-68.8,0,0,0,0
51.3,-68.5,0,0,0,0
51.3,-67.9,0,0,0,0
51.3,-67.2,0,0,0,0
51.3,-67.0,0,0,0,0
51.3,-66.3,0,0,0,0
51.3,-65.7,0,0,0,0
51.3,-65.0,0,0,0,0
51.3,-64.8,0,0,0,0
51.3,-64.4,0,0,0,0
51.3,-64.1,0,0,0,0
51.3,-63.5,0,0,0,0
51.3,-62.8,0,0,0,0
51.3,-62.2,0,0,0,0
51.3,-61.5,0,0,0,0
51.3,-60.9,0,0,0,0
51.3,-60.5,0,0,0,0
51.3,-60.3,0,0,0,0
51.3,-59.9,0,0,0,0
51.3,-59.2,0,0,0,0
51.3,-58.6,0,0,0,0
51.3,-57.9,0,0,0,0
51.3,-57.5,0,0,0,0
51.3,-56.9,0,0,0,0
51.3,-56.2,0,0,0,0
51.3,-55.8,0,0,0,0
51.4,-127.7,0,0,0,0
51.4,-127.3,0,0,0,0
51.4,-127.0,0,0,0,0
51.4,-126.6,0,0,0,0
51.4,-126.0,0,0,0,0
51.4,-125.6,0,0,0,0
51.4,-125.3,0,0,0,0
51.4,-124.9,0,0,0,0
51.4,-124.3,0,0,0,0
51.4,-123.6,0,0,0,0
51.4,-123.0,0,0,0,0
51.4,-122.6,0,0,0,0
51.4,-122.3,0,0,0,0
51.4,-121.9,0,0,0,0
51.4,-121.7,0,0,0,0
51.4,-121.3,0,0,0,0
51.4,-121.0,0,0,0,0
51.4,-120.6,0,0,0,0
51.4,-120.4,0,0,0,0
51.4,-120.0,0,0,0,0
51.4,-119.7,0,0,0,0
51.4,-119.1,0,0,0,0
51.4,-118.4,0,0,0,0
51.4,-117.8,0,0,0,0
51.4,-117.1,0,0,0,0
51.4,-116.9,0,0,0,0
51.4,-116.2,0,0,0,0
51.4,-115.6,0,0,0,0
51.4,-115.3,0,0,0,0
51.4,-114.7,0,0,0,0
51.4,-114.4,0,0,0,0
51.4,-113.8,0,0,0,0
51.4,-113.1,0,0,0,0
51.4,-112.8,0,0,0,0
51.4,-112.2,0,0,0,0
51.4,-111.9,0,0,0,0
51.4,-111.0,0,0,0,0
51.4,-110.1,0,0,0,0
51.4,-109.8,0,0,0,0
51.4,-109.2,0,0,0,0
51.4,-108.9,0,0,0,0
51.4,-108.0,0,0,0,0
51.4,-107.7,0,0,0,0
51.4,-106.8,0,0,0,0
51.4,-106.5,0,0,0,0
51.4,-105.6,0,0,0,0
51.4,-105.3,0,0,0,0
51.4,-105.0,0,1,0,0
51.4,-104.1,0,0,0,0
51.4,-103.8,0,0,0,0
51.4,-103.5,0,1,0,0
51.4,-102.6,0,0,0,0
51.4,-102.4,0,0,0,0
51.4,-102.1,0,0,0,0
51.4,-101.8,0,0,0,0
51.4,-100.6,1,0,0,0
51.4,-100.3,0,0,0,0
51.4,-100.0,0,0,0,0
51.4,-99.7,0,1,0,0
51.4,-98.3,1,0,0,0
51.4,-98.0,0,0,0,0
51.4,-97.7,0,0,0,0
51.4,-97.4,0,0,0,0
51.4,-97.1,0,0,0,0
51.4,-96.8,0,1,0,0
51.4,-93.9,1,0,0,0
51.4,-93.6,1,0,0,0
51.4,-93.3,1,0,0,0
51.4,-93.0,0,0,0,0
51.4,-92.7,0,0,0,0
51.4,-92.5,0,0,0,0
51.4,-92.2,0,0,0,0
51.4,-91.9,0,0,0,0
51.4,-91.6,0,0,0,0
51.4,-91.3,0,0,0,0
51.4,-91.0,0,0,0,0
51.4,-90.7,0,0,0,0
51.4,-90.4,1,0,0,0
51.4,-90.1,1,0,0,0
51.4,-89.8,1,0,0,0
51.4,-89.6,0,0,0,0
51.4,-86.9,0,0,0,0
51.4,-86.6,0,0,0,0
51.4,-86.4,0,0,0,0
51.4,-86.1,0,0,0,0
51.4,-85.8,0,0,0,0
51.4,-85.5,1,0,0,0
51.4,-84.0,0,0,0,0
51.4,-83.7,0,0,0,0
51.4,-83.4,0,0,0,0
51.4,-83.2,0,0,0,0
51.4,-82.0,0,1,0,0
51.4,-81.7,0,0,0,0
51.4,-81.4,0,0,0,0
51.4,-81.1,1,0,0,0
51.4,-79.6,1,0,0,0
51.4,-78.7,0,0,0,0
51.4,-78.4,0,0,0,0
51.4,-78.2,0,0,0,0
51.4,-77.2,0,0,0,0
51.4,-77.0,0,0,0,0
51.4,-76.0,0,0,0,0
51.4,-75.8,0,0,0,0
51.4,-74.9,0,0,0,0
51.4,-74.6,0,0,0,0
51.4,-73.9,0,0,0,0
51.4,-73.7,0,0,0,0
51.4,-72.7,0,0,0,0
51.4,-72.5,0,0,0,0
51.4,-71.8,0,0,0,0
51.4,-71.6,0,0,0,0
51.4,-70.9,0,0,0,0
51.4,-70.6,0,0,0,0
51.4,-70.0,0,0,0,0
51.4,-69.1,0,0,0,0
51.4,-68.4,0,0,0,0
51.4,-68.2,0,0,0,0
51.4,-67.5,0,0,0,0
51.4,-66.9,0,0,0,0
51.4,-66.6,0,0,0,0
51.4,-66.0,0,0,0,0
51.4,-65.3,0,0,0,0
51.4,-64.7,0,0,0,0
51.4,-64.0,0,0,0,0
51.4,-63.7,0,0,0,0
51.4,-63.4,0,0,0,0
51.4,-63.1,0,0,0,0
51.4,-62.7,0,0,0,0
51.4,-62.5,0,0,0,0
51.4,-62.1,0,0,0,0
51.4,-61.8,0,0,0,0
51.4,-61.4,0,0,0,0
51.4,-61.2,0,0,0,0
51.4,-60.8,0,0,0,0
51.4,-60.1,0,0,0,0
51.4,-59.5,0,0,0,0
51.4,-58.8,0,0,0,0
51.4,-58.2,0,0,0,0
51.4,-57.8,0,0,0,0
51.4,-57.1,0,0,0,0
51.4,-56.5,0,0,0,0
51.4,-56.1,0,0,0,0
51.4,-55.4,0,0,0,0
51.5,-128.1,0,0,0,0
51.5,-127.4,0,0,0,0
51.5,-126.8,0,0,0,0
51.5,-126.4,0,0,0,0
51.5,-125.7,0,0,0,0
51.5,-125.1,0,0,0,0
51.5,-124.7,0,0,0,0
51.5,-124.0,0,0,0,0
51.5,-123.4,0,0,0,0
51.5,-122.7,0,0,0,0
51.5,-122.1,0,0,0,0
51.5,-121.4,0,0,0,0
51.5,-120.8,0,0,0,0
51.5,-120.1,0,0,0,0
51.5,-119.5,0,0,0,0
51.5,-118.8,0,0,0,0
51.5,-118.2,0,0,0,0
51.5,-117.9,0,0,0,0
51.5,-117.5,0,0,0,0
51.5,-117.3,0,0,0,0
51.5,-116.6,0,0,0,0
51.5,-116.0,0,0,0,0
51.5,-115.7,0,0,0,0
51.5,-115.0,0,0,0,0
51.5,-114.1,0,0,0,0
51.5,-113.5,0,0,0,0
51.5,-113.2,0,0,0,0
51.5,-112.6,0,0,0,0
51.5,-112.3,0,0,0,0
51.5,-111.6,0,0,0,0
51.5,-111.4,0,0,0,0
51.5,-110.7,0,0,0,0
51.5,-110.5,0,0,0,0
51.5,-109.5,0,0,0,0
51.5,-109.3,0,0,0,0
51.5,-108.6,0,0,0,0
51.5,-108.3,0,0,0,0
51.5,-107.4,0,0,0,0
51.5,-107.1,0,0,0,0
51.5,-106.2,0,0,0,0
51.5,-105.9,0,0,0,0
51.5,-105.7,0,0,0,0
51.5,-104.7,0,0,0,0
51.5,-104.5,0,0,0,0
51.5,-104.2,0,0,0,0
51.5,-103.3,1,0,0,0
51.5,-103.0,0,0,0,0
51.5,-102.7,0,0,0,0
51.5,-101.5,1,0,0,0
51.5,-101.2,0,0,0,0
51.5,-100.9,0,0,0,0
51.5,-100.6,0,1,0,0
51.5,-99.4,0,0,0,0
51.5,-99.2,0,0,0,0
51.5,-98.9,0,0,0,0
51.5,-98.6,0,0,0,0
51.5,-98.3,0,1,0,0
51.5,-96.5,1,0,0,0
51.5,-96.2,0,0,0,0
51.5,-95.9,0,0,0,0
51.5,-95.7,0,0,0,0
51.5,-95.4,0,0,0,0
51.5,-95.1,0,0,0,0
51.5,-94.8,0,0,0,0
51.5,-94.5,0,0,0,0
51.5,-94.2,0,0,0,0
51.5,-93.9,0,1,0,0
51.5,-93.6,0,1,0,0
51.5,-93.3,0,1,0,0
51.5,-90.4,0,1,0,0
51.5,-90.1,0,1,0,0
51.5,-89.8,0,1,0,0
51.5,-89.5,0,0,0,0
51.5,-89.3,0,0,0,0
51.5,-89.0,0,0,0,0
51.5,-88.7,0,0,0,0
51.5,-88.4,0,0,0,0
51.5,-88.1,0,0,0,0
51.5,-87.8,0,0,0,0
51.5,-87.5,1,0,0,0
51.5,-87.2,1,0,0,0
51.5,-85.5,0,1,0,0
51.5,-85.2,0,0,0,0
51.5,-84.9,0,0,0,0
51.5,-84.6,0,0,0,0
51.5,-84.3,1,0,0,0
51.5,-83.1,0,0,0,0
51.5,-82.8,0,0,0,0
51.5,-82.5,0,0,0,0
51.5,-82.3,0,0,0,0
51.5,-81.1,0,1,0,0
51.5,-80.8,0,0,0,0
51.5,-80.5,0,0,0,0
51.5,-79.6,0,1,0,0
51.5,-79.3,0,0,0,0
51.5,-79.0,0,0,0,0
51.5,-78.1,0,0,0,0
51.5,-77.8,0,0,0,0
51.5,-77.5,1,0,0,0
51.5,-76.6,0,0,0,0
51.5,-76.3,1,0,0,0
51.5,-75.4,0,0,0,0
51.5,-75.1,1,0,0,0
51.5,-74.5,0,0,0,0
51.5,-74.2,0,0,0,0
51.5,-73.3,0,0,0,0
51.5,-73.0,0,0,0,0
51.5,-72.4,0,0,0,0
51.5,-72.1,0,0,0,0
51.5,-71.5,0,0,0,0
51.5,-71.2,0,0,0,0
51.5,-70.5,0,0,0,0
51.5,-70.3,0,0,0,0
51.5,-69.6,0,0,0,0
51.5,-69.3,0,0,0,0
51.5,-68.7,0,0,0,0
51.5,-68.1,0,0,0,0
51.5,-67.8,0,0,0,0
51.5,-67.1,0,0,0,0
51.5,-66.5,0,0,0,0
51.5,-66.2,0,0,0,0
51.5,-65.8,0,0,0,0
51.5,-65.6,0,0,0,0
51.5,-64.9,0,0,0,0
51.5,-64.3,0,0,0,0
51.5,-63.6,0,0,0,0
51.5,-63.0,0,0,0,0
51.5,-62.3,0,0,0,0
51.5,-61.7,0,0,0,0
51.5,-61.0,0,0,0,0
51.5,-60.4,0,0,0,0
51.5,-59.7,0,0,0,0
51.5,-59.1,0,0,0,0
51.5,-58.7,0,0,0,0
51.5,-58.4,0,0,0,0
51.5,-58.0,0,0,0,0
51.5,-57.4,0,0,0,0
51.5,-57.0,0,0,0,0
51.5,-56.7,0,0,0,0
51.5,-56.3,0,0,0,0
51.5,-55.7,0,0,0,0
51.5,-55.3,0,0,0,0
51.6,-128.2,0,0,0,0
51.6,-127.8,0,0,0,0
51.6,-127.2,0,0,0,0
51.6,-126.5,0,0,0,0
51.6,-126.1,0,0,0,0
51.6,-125.5,0,0,0,0
51.6,-124.8,0,0,0,0
51.6,-124.4,0,0,0,0
51.6,-124.2,0,0,0,0
51.6,-123.8,0,0,0,0
51.6,-123.1,0,0,0,0
51.6,-122.5,0,0,0,0
51.6,-121.8,0,0,0,0
51.6,-121.2,0,0,0,0
51.6,-120.5,0,0,0,0
51.6,-119.9,0,0,0,0
51.6,-119.2,0,0,0,0
51.6,-118.6,0,0,0,0
51.6,-118.3,0,0,0,0
51.6,-117.6,0,0,0,0
51.6,-117.0,0,0,0,0
51.6,-116.3,0,0,0,0
51.6,-116.1,0,0,0,0
51.6,-115.4,0,0,0,0
51.6,-114.8,0,0,0,0
51.6,-114.5,0,0,0,0
51.6,-113.9,0,0,0,0
51.6,-113.6,0,0,0,0
51.6,-112.9,0,0,0,0
51.6,-112.7,0,0,0,0
51.6,-112.0,0,0,0,0
51.6,-111.7,0,0,0,0
51.6,-111.1,0,0,0,0
51.6,-110.8,0,0,0,0
51.6,-110.2,0,0,0,0
51.6,-109.9,0,0,0,0
51.6,-109.0,0,0,0,0
51.6,-108.7,0,0,0,0
51.6,-108.1,1,0,0,0
51.6,-107.8,0,0,0,0
51.6,-107.5,0,0,0,0
51.6,-106.9,1,0,0,0
51.6,-106.6,0,0,0,0
51.6,-106.3,0,0,0,0
51.6,-105.4,0,0,0,0
51.6,-105.1,0,0,0,0
51.6,-103.9,0,0,0,0
51.6,-103.6,0,0,0,0
51.6,-103.3,0,1,0,0
51.6,-102.4,1,0,0,0
51.6,-102.1,0,0,0,0
51.6,-101.8,0,0,0,0
51.6,-101.5,0,1,0,0
51.6,-100.3,0,0,0,0
51.6,-100.1,0,0,0,0
51.6,-99.8,0,0,0,0
51.6,-99.5,0,0,0,0
51.6,-98.0,1,0,0,0
51.6,-97.7,0,0,0,0
51.6,-97.4,0,0,0,0
51.6,-97.1,0,0,0,0
51.6,-96.8,0,0,0,0
51.6,-96.5,0,1,0,0
51.6,-96.3,0,0,0,0
51.6,-93.0,1,0,0,0
51.6,-92.7,0,0,0,0
51.6,-92.5,1,0,0,0
51.6,-92.2,1,0,0,0
51.6,-91.9,1,0,0,0
51.6,-91.6,1,0,0,0
51.6,-91.3,1,0,0,0
51.6,-91.0,1,0,0,0
51.6,-90.7,1,0,0,0
51.6,-87.5,0,1,0,0
51.6,-87.2,0,1,0,0
51.6,-86.9,0,0,0,0
51.6,-86.6,0,0,0,0
51.6,-86.3,0,0,0,0
51.6,-86.0,0,0,0,0
51.6,-85.8,0,0,0,0
51.6,-84.3,0,1,0,0
51.6,-84.0,0,0,0,0
51.6,-83.7,0,0,0,0
51.6,-83.4,0,0,0,0
51.6,-82.2,0,0,0,0
51.6,-81.9,0,0,0,0
51.6,-81.6,0,0,0,0
51.6,-81.3,1,0,0,0
51.6,-80.4,0,0,0,0
51.6,-78.7,0,0,0,0
51.6,-78.4,0,0,0,0
51.6,-77.5,0,1,0,0
51.6,-77.2,0,0,0,0
51.6,-76.9,0,0,0,0
51.6,-76.3,0,1,0,0
51.6,-76.0,0,0,0,0
51.6,-75.7,0,0,0,0
51.6,-75.1,0,1,0,0
51.6,-74.8,0,0,0,0
51.6,-73.9,0,0,0,0
51.6,-73.6,0,0,0,0
51.6,-72.9,0,0,0,0
51.6,-72.7,0,0,0,0
51.6,-72.0,0,0,0,0
51.6,-71.7,0,0,0,0
51.6,-71.1,0,0,0,0
51.6,-70.8,0,0,0,0
51.6,-70.2,0,0,0,0
51.6,-69.9,0,0,0,0
51.6,-69.2,0,0,0,0
51.6,-69.0,0,0,0,0
51.6,-68.3,0,0,0,0
51.6,-67.7,0,0,0,0
51.6,-67.4,0,0,0,0
51.6,-66.8,0,0,0,0
51.6,-66.1,0,0,0,0
51.6,-65.5,0,0,0,0
51.6,-65.2,0,0,0,0
51.6,-64.5,0,0,0,0
51.6,-63.9,0,0,0,0
51.6,-63.2,0,0,0,0
51.6,-62.6,0,0,0,0
51.6,-61.9,0,0,0,0
51.6,-61.3,0,0,0,0
51.6,-60.6,0,0,0,0
51.6,-60.0,0,0,0,0
51.6,-59.3,0,0,0,0
51.6,-58.9,0,0,0,0
51.6,-58.3,0,0,0,0
51.6,-57.6,0,0,0,0
51.6,-57.2,0,0,0,0
51.6,-56.6,0,0,0,0
51.6,-55.9,0,0,0,0
51.6,-55.5,0,0,0,0
51.7,-128.0,0,0,0,0
51.7,-127.6,0,0,0,0
51.7,-126.9,0,0,0,0
51.7,-126.3,0,0,0,0
51.7,-125.9,0,0,0,0
51.7,-125.2,0,0,0,0
51.7,-124.6,0,0,0,0
51.7,-123.9,0,0,0,0
51.7,-123.5,0,0,0,0
51.7,-123.3,0,0,0,0
51.7,-122.9,0,0,0,0
51.7,-122.2,0,0,0,0
51.7,-121.6,0,0,0,0
51.7,-120.9,0,0,0,0
51.7,-120.2,0,0,0,0
51.7,-119.6,0,0,0,0
51.7,-119.3,0,0,0,0
51.7,-118.9,0,0,0,0
51.7,-118.7,0,0,0,0
51.7,-118.0,0,0,0,0
51.7,-117.4,0,0,0,0
51.7,-116.7,0,0,0,0
51.7,-116.5,0,0,0,0
51.7,-115.8,0,0,0,0
51.7,-115.2,0,0,0,0
51.7,-114.9,0,0,0,0
51.7,-114.2,0,0,0,0
51.7,-114.0,0,0,0,0
51.7,-113.3,0,0,0,0
51.7,-112.4,0,0,0,0
51.7,-111.5,0,0,0,0
51.7,-111.2,0,0,0,0
51.7,-110.5,0,0,0,0
51.7,-110.3,0,0,0,0
51.7,-109.6,0,0,0,0
51.7,-109.3,0,0,0,0
51.7,-108.4,0,0,0,0
51.7,-108.1,0,1,0,0
51.7,-107.2,0,0,0,0
51.7,-106.9,0,1,0,0
51.7,-106.0,0,0,0,0
51.7,-105.7,0,0,0,0
51.7,-104.8,0,0,0,0
51.7,-104.5,0,0,0,0
51.7,-104.2,0,0,0,0
51.7,-103.0,0,0,0,0
51.7,-102.7,0,0,0,0
51.7,-102.4,0,1,0,0
51.7,-101.2,0,0,0,0
51.7,-101.0,0,0,0,0
51.7,-100.7,0,0,0,0
51.7,-100.4,0,0,0,0
51.7,-99.2,0,0,0,0
51.7,-98.9,0,0,0,0
51.7,-98.6,0,0,0,0
51.7,-98.3,0,0,0,0
51.7,-98.0,0,1,0,0
51.7,-96.0,0,0,0,0
51.7,-95.7,0,0,0,0
51.7,-95.4,0,0,0,0
51.7,-95.1,0,0,0,0
51.7,-94.8,0,0,0,0
51.7,-94.5,0,0,0,0
51.7,-94.2,0,0,0,0
51.7,-93.9,0,0,0,0
51.7,-93.6,0,0,0,0
51.7,-93.3,0,0,0,0
51.7,-93.0,0,1,0,0
51.7,-92.8,0,0,0,0
51.7,-92.5,0,1,0,0
51.7,-92.2,0,1,0,0
51.7,-91.9,0,1,0,0
51.7,-91.6,0,1,0,0
51.7,-91.3,0,1,0,0
51.7,-91.0,0,1,0,0
51.7,-90.7,0,1,0,0
51.7,-90.4,0,0,0,0
51.7,-90.1,0,0,0,0
51.7,-89.8,0,0,0,0
51.7,-89.5,0,0,0,0
51.7,-89.2,0,0,0,0
51.7,-89.0,0,0,0,0
51.7,-88.7,0,0,0,0
51.7,-88.4,0,0,0,0
51.7,-88.1,0,0,0,0
51.7,-87.8,0,0,0,0
51.7,-85.7,0,0,0,0
51.7,-85.4,0,0,0,0
51.7,-85.1,0,0,0,0
51.7,-84.9,0,0,0,0
51.7,-84.6,0,0,0,0
51.7,-83.1,0,0,0,0
51.7,-82.8,0,0,0,0
51.7,-82.5,0,0,0,0
51.7,-81.3,0,1,0,0
51.7,-81.0,0,0,0,0
51.7,-80.7,0,0,0,0
51.7,-79.2,0,0,0,0
51.7,-79.0,0,0,0,0
51.7,-78.0,0,0,0,0
51.7,-77.7,0,0,0,0
51.7,-76.8,0,0,0,0
51.7,-76.5,0,0,0,0
51.7,-75.6,0,0,0,0
51.7,-75.3,0,0,0,0
51.7,-74.4,0,0,0,0
51.7,-74.1,0,0,0,0
51.7,-73.5,0,0,0,0
51.7,-73.2,0,0,0,0
51.7,-72.3,0,0,0,0
51.7,-71.4,0,0,0,0
51.7,-70.4,0,0,0,0
51.7,-69.8,0,0,0,0
51.7,-69.5,0,0,0,0
51.7,-68.9,0,0,0,0
51.7,-68.6,0,0,0,0
51.7,-67.9,0,0,0,0
51.7,-67.3,0,0,0,0
51.7,-67.0,0,0,0,0
51.7,-66.4,0,0,0,0
51.7,-65.7,0,0,0,0
51.7,-65.1,0,0,0,0
51.7,-64.8,0,0,0,0
51.7,-64.2,0,0,0,0
51.7,-63.5,0,0,0,0
51.7,-62.8,0,0,0,0
51.7,-62.2,0,0,0,0
51.7,-61.5,0,0,0,0
51.7,-60.9,0,0,0,0
51.7,-60.2,0,0,0,0
51.7,-59.8,0,0,0,0
51.7,-59.6,0,0,0,0
51.7,-59.2,0,0,0,0
51.7,-58.5,0,0,0,0
51.7,-57.9,0,0,0,0
51.7,-57.5,0,0,0,0
51.7,-56.8,0,0,0,0
51.7,-56.2,0,0,0,0
51.8,-128.4,0,0,0,0
51.8,-127.7,0,0,0,0
51.8,-127.3,0,0,0,0
51.8,-126.7,0,0,0,0
51.8,-126.0,0,0,0,0
51.8,-125.6,0,0,0,0
51.8,-125.0,0,0,0,0
51.8,-124.3,0,0,0,0
51.8,-123.7,0,0,0,0
51.8,-123.0,0,0,0,0
51.8,-122.6,0,0,0,0
51.8,-122.3,0,0,0,0
51.8,-121.9,0,0,0,0
51.8,-121.7,0,0,0,0
51.8,-121.3,0,0,0,0
51.8,-121.0,0,0,0,0
51.8,-120.6,0,0,0,0
51.8,-120.4,0,0,0,0
51.8,-120.0,0,0,0,0
51.8,-119.7,0,0,0,0
51.8,-119.1,0,0,0,0
51.8,-118.4,0,0,0,0
51.8,-117.8,0,0,0,0
51.8,-117.1,0,0,0,0
51.8,-116.8,0,0,0,0
51.8,-116.2,0,0,0,0
51.8,-115.5,0,0,0,0
51.8,-115.3,0,0,0,0
51.8,-114.6,0,0,0,0
51.8,-113.7,0,0,0,0
51.8,-113.0,0,0,0,0
51.8,-112.8,0,0,0,0
51.8,-112.1,0,0,0,0
51.8,-111.8,0,0,0,0
51.8,-110.9,0,0,0,0
51.8,-110.0,0,0,0,0
51.8,-109.7,0,0,0,0
51.8,-109.0,0,0,0,0
51.8,-108.8,0,0,0,0
51.8,-107.8,0,0,0,0
51.8,-107.6,0,0,0,0
51.8,-106.6,0,0,0,0
51.8,-106.4,0,0,0,0
51.8,-105.4,0,0,0,0
51.8,-105.1,0,0,0,0
51.8,-104.9,0,0,0,0
51.8,-103.9,0,0,0,0
51.8,-103.7,0,0,0,0
51.8,-103.4,0,0,0,0
51.8,-102.2,1,0,0,0
51.8,-101.9,0,0,0,0
51.8,-101.6,0,0,0,0
51.8,-100.1,0,0,0,0
51.8,-99.8,0,0,0,0
51.8,-99.5,0,0,0,0
51.8,-99.2,0,0,0,0
51.8,-97.7,0,0,0,0
51.8,-97.4,0,0,0,0
51.8,-97.1,0,0,0,0
51.8,-96.9,0,0,0,0
51.8,-96.6,0,0,0,0
51.8,-96.3,0,0,0,0
51.8,-96.0,0,0,0,0
51.8,-95.7,0,0,0,0
51.8,-87.8,0,0,0,0
51.8,-87.5,0,0,0,0
51.8,-87.2,0,0,0,0
51.8,-86.9,0,0,0,0
51.8,-86.6,0,0,0,0
51.8,-86.3,0,0,0,0
51.8,-86.0,1,0,0,0
51.8,-84.5,0,0,0,0
51.8,-84.2,0,0,0,0
51.8,-83.9,0,0,0,0
51.8,-83.7,0,0,0,0
51.8,-83.4,0,0,0,0
51.8,-82.2,0,0,0,0
51.8,-81.9,0,0,0,0
51.8,-81.6,0,0,0,0
51.8,-78.9,0,0,0,0
51.8,-78.6,0,0,0,0
51.8,-78.3,1,0,0,0
51.8,-77.4,0,0,0,0
51.8,-77.1,0,0,0,0
51.8,-76.2,0,0,0,0
51.8,-75.9,0,0,0,0
51.8,-75.0,0,0,0,0
51.8,-74.7,0,0,0,0
51.8,-74.1,0,0,0,0
51.8,-73.8,0,0,0,0
51.8,-72.8,0,0,0,0
51.8,-72.6,0,0,0,0
51.8,-71.9,0,0,0,0
51.8,-71.6,1,0,0,0
51.8,-71.0,0,0,0,0
51.8,-70.7,0,0,0,0
51.8,-70.1,0,0,0,0
51.8,-69.1,0,0,0,0
51.8,-68.5,0,0,0,0
51.8,-68.2,0,0,0,0
51.8,-67.6,0,0,0,0
51.8,-66.9,0,0,0,0
51.8,-66.6,0,0,0,0
51.8,-66.0,0,0,0,0
51.8,-65.3,0,0,0,0
51.8,-64.7,0,0,0,0
51.8,-64.4,0,0,0,0
51.8,-64.0,0,0,0,0
51.8,-63.8,0,0,0,0
51.8,-63.4,0,0,0,0
51.8,-63.1,0,0,0,0
51.8,-62.5,0,0,0,0
51.8,-61.8,0,0,0,0
51.8,-61.4,0,0,0,0
51.8,-61.1,0,0,0,0
51.8,-60.8,0,0,0,0
51.8,-60.5,0,0,0,0
51.8,-60.1,0,0,0,0
51.8,-59.4,0,0,0,0
51.8,-58.8,0,0,0,0
51.8,-58.1,0,0,0,0
51.8,-57.7,0,0,0,0
51.8,-57.1,0,0,0,0
51.8,-56.4,0,0,0,0
51.8,-56.0,0,0,0,0
51.8,-55.4,0,0,0,0
51.9,-128.5,0,0,0,0
51.9,-128.1,0,0,0,0
51.9,-127.5,0,0,0,0
51.9,-127.1,0,0,0,0
51.9,-126.8,0,0,0,0
51.9,-126.4,0,0,0,0
51.9,-125.8,0,0,0,0
51.9,-125.4,0,0,0,0
51.9,-125.1,0,0,0,0
51.9,-124.7,0,0,0,0
51.9,-124.1,0,0,0,0
51.9,-123.4,0,0,0,0
51.9,-122.7,0,0,0,0
51.9,-122.1,0,0,0,0
51.9,-121.4,0,0,0,0
51.9,-120.8,0,0,0,0
51.9,-120.1,0,0,0,0
51.9,-119.5,0,0,0,0
51.9,-118.8,0,0,0,0
51.9,-118.1,0,0,0,0
51.9,-117.5,0,0,0,0
51.9,-117.2,0,0,0,0
51.9,-116.6,0,0,0,0
51.9,-115.9,0,0,0,0
51.9,-115.6,0,0,0,0
51.9,-115.0,0,0,0,0
51.9,-114.3,0,0,0,0
51.9,-114.1,0,0,0,0
51.9,-113.4,0,0,0,0
51.9,-113.1,0,0,0,0
51.9,-112.5,0,0,0,0
51.9,-112.2,0,0,0,0
51.9,-111.5,0,0,0,0
51.9,-111.3,0,0,0,0
51.9,-110.6,0,0,0,0
51.9,-110.3,0,0,0,0
51.9,-109.4,0,0,0,0
51.9,-109.1,0,0,0,0
51.9,-108.5,0,0,0,0
51.9,-108.2,0,0,0,0
51.9,-107.9,0,0,0,0
51.9,-107.3,1,0,0,0
51.9,-107.0,0,0,0,0
51.9,-106.7,0,0,0,0
51.9,-106.1,1,0,0,0
51.9,-105.8,0,0,0,0
51.9,-105.5,0,0,0,0
51.9,-104.6,1,0,0,0
51.9,-104.3,0,0,0,0
51.9,-104.0,0,0,0,0
51.9,-103.1,1,0,0,0
51.9,-102.8,0,0,0,0
51.9,-102.5,0,0,0,0
51.9,-102.2,0,1,0,0
51.9,-101.3,1,0,0,0
51.9,-101.0,0,0,0,0
51.9,-100.7,0,0,0,0
51.9,-100.4,0,0,0,0
51.9,-98.9,0,0,0,0
51.9,-98.6,0,0,0,0
51.9,-98.3,0,0,0,0
51.9,-98.1,0,0,0,0
51.9,-97.8,0,0,0,0
51.9,-95.4,1,0,0,0
51.9,-95.1,0,0,0,0
51.9,-94.8,0,0,0,0
51.9,-94.5,0,0,0,0
51.9,-94.2,0,0,0,0
51.9,-93.9,0,0,0,0
51.9,-93.6,0,0,0,0
51.9,-93.3,0,0,0,0
51.9,-93.0,0,0,0,0
51.9,-92.8,0,0,0,0
51.9,-92.5,0,0,0,0
51.9,-92.2,0,0,0,0
51.9,-91.9,0,0,0,0
51.9,-91.6,0,0,0,0
51.9,-91.3,0,0,0,0
51.9,-91.0,0,0,0,0
51.9,-90.7,0,0,0,0
51.9,-90.4,0,0,0,0
51.9,-90.1,0,0,0,0
51.9,-89.8,0,0,0,0
51.9,-89.5,0,0,0,0
51.9,-89.2,0,0,0,0
51.9,-88.9,0,0,0,0
51.9,-88.6,0,0,0,0
51.9,-88.4,0,0,0,0
51.9,-88.1,0,0,0,0
51.9,-86.0,0,1,0,0
51.9,-85.7,0,0,0,0
51.9,-85.4,0,0,0,0
51.9,-85.1,0,0,0,0
51.9,-84.8,1,0,0,0
51.9,-83.3,0,0,0,0
51.9,-83.0,0,0,0,0
51.9,-82.7,0,0,0,0
51.9,-82.5,0,0,0,0
51.9,-81.5,0,0,0,0
51.9,-81.3,0,0,0,0
51.9,-81.0,0,0,0,0
51.9,-80.7,0,0,0,0
51.9,-79.8,0,0,0,0
51.9,-79.5,0,0,0,0
51.9,-79.2,0,0,0,0
51.9,-78.3,0,1,0,0
51.9,-78.0,0,0,0,0
51.9,-77.7,0,0,0,0
51.9,-77.0,0,0,0,0
51.9,-76.8,0,0,0,0
51.9,-76.5,0,0,0,0
51.9,-75.5,0,0,0,0
51.9,-75.3,0,0,0,0
51.9,-74.6,0,0,0,0
51.9,-74.3,0,0,0,0
51.9,-73.4,0,0,0,0
51.9,-73.1,0,0,0,0
51.9,-72.5,0,0,0,0
51.9,-72.2,0,0,0,0
51.9,-71.6,0,1,0,0
51.9,-71.3,0,0,0,0
51.9,-70.6,0,0,0,0
51.9,-70.3,0,0,0,0
51.9,-69.7,0,0,0,0
51.9,-69.4,0,0,0,0
51.9,-68.8,0,0,0,0
51.9,-68.1,0,0,0,0
51.9,-67.8,0,0,0,0
51.9,-67.2,0,0,0,0
51.9,-66.5,0,0,0,0
51.9,-66.3,0,0,0,0
51.9,-65.6,0,0,0,0
51.9,-65.0,0,0,0,0
51.9,-64.3,0,0,0,0
51.9,-63.6,0,0,0,0
51.9,-63.0,0,0,0,0
51.9,-62.7,0,0,0,0
51.9,-62.3,0,0,0,0
51.9,-62.1,0,0,0,0
51.9,-61.7,0,0,0,0
51.9,-61.0,0,0,0,0
51.9,-60.4,0,0,0,0
51.9,-59.7,0,0,0,0
51.9,-59.0,0,0,0,0
51.9,-58.6,0,0,0,0
51.9,-58.4,0,0,0,0
51.9,-58.0,0,0,0,0
51.9,-57.3,0,0,0,0
51.9,-56.7,0,0,0,0
51.9,-56.3,0,0,0,0
51.9,-55.6,0,0,0,0
51.9,-55.2,0,0,0,0
52.0,-131.1,0,0,0,0
52.0,-128.3,0,0,0,0
52.0,-127.9,0,0,0,0
52.0,-127.2,0,0,0,0
52.0,-126.6,0,0,0,0
52.0,-126.2,0,0,0,0
52.0,-125.5,0,0,0,0
52.0,-124.9,0,0,0,0
52.0,-124.4,0,0,0,0
52.0,-123.8,0,0,0,0
52.0,-123.1,0,0,0,0
52.0,-122.5,0,0,0,0
52.0,-121.8,0,0,0,0
52.0,-121.2,0,0,0,0
52.0,-120.5,0,0,0,0
52.0,-119.8,0,0,0,0
52.0,-119.2,0,0,0,0
52.0,-118.5,0,0,0,0
52.0,-118.3,0,0,0,0
52.0,-117.9,0,0,0,0
52.0,-117.6,0,0,0,0
52.0,-116.9,0,0,0,0
52.0,-116.3,0,0,0,0
52.0,-116.0,0,0,0,0
52.0,-115.4,0,0,0,0
52.0,-114.7,0,0,0,0
52.0,-114.4,0,0,0,0
52.0,-113.8,0,0,0,0
52.0,-113.5,0,0,0,0
52.0,-112.8,0,0,0,0
52.0,-112.6,0,0,0,0
52.0,-111.9,0,0,0,0
52.0,-111.6,0,0,0,0
52.0,-111.0,0,0,0,0
52.0,-110.7,0,0,0,0
52.0,-110.1,1,0,0,0
52.0,-109.8,0,0,0,0
52.0,-108.8,0,0,0,0
52.0,-108.6,0,0,0,0
52.0,-107.6,0,0,0,0
52.0,-107.3,0,1,0,0
52.0,-106.4,0,0,0,0
52.0,-106.1,0,1,0,0
52.0,-105.2,0,0,0,0
52.0,-104.9,0,0,0,0
52.0,-104.6,0,1,0,0
52.0,-103.7,0,0,0,0
52.0,-103.4,0,0,0,0
52.0,-103.1,0,1,0,0
52.0,-101.9,0,0,0,0
52.0,-101.6,0,0,0,0
52.0,-101.3,0,1,0,0
52.0,-100.1,0,0,0,0
52.0,-99.8,0,0,0,0
52.0,-99.5,0,0,0,0
52.0,-99.3,0,0,0,0
52.0,-99.0,0,0,0,0
52.0,-97.5,1,0,0,0
52.0,-97.2,1,0,0,0
52.0,-96.9,0,0,0,0
52.0,-96.6,0,0,0,0
52.0,-96.3,0,0,0,0
52.0,-96.0,0,0,0,0
52.0,-95.7,0,0,0,0
52.0,-95.4,0,1,0,0
52.0,-88.3,0,0,0,0
52.0,-88.0,0,0,0,0
52.0,-87.7,0,0,0,0
52.0,-87.5,0,0,0,0
52.0,-87.2,0,0,0,0
52.0,-86.9,0,0,0,0
52.0,-86.6,1,0,0,0
52.0,-86.3,1,0,0,0
52.0,-84.8,0,1,0,0
52.0,-84.5,0,0,0,0
52.0,-84.2,0,0,0,0
52.0,-83.9,0,0,0,0
52.0,-83.6,1,0,0,0
52.0,-82.4,0,0,0,0
52.0,-82.1,0,0,0,0
52.0,-81.8,0,0,0,0
52.0,-79.1,0,0,0,0
52.0,-78.8,0,0,0,0
52.0,-78.5,1,0,0,0
52.0,-77.6,0,0,0,0
52.0,-77.3,0,0,0,0
52.0,-76.4,0,0,0,0
52.0,-76.1,0,0,0,0
52.0,-75.8,1,0,0,0
52.0,-75.2,0,0,0,0
52.0,-74.9,0,0,0,0
52.0,-74.0,0,0,0,0
52.0,-73.7,0,0,0,0
52.0,-73.0,0,0,0,0
52.0,-72.8,0,0,0,0
52.0,-72.1,0,0,0,0
52.0,-71.8,0,0,0,0
52.0,-71.2,0,0,0,0
52.0,-70.9,0,0,0,0
52.0,-70.2,0,0,0,0
52.0,-70.0,0,0,0,0
52.0,-69.3,0,0,0,0
52.0,-69.0,0,0,0,0
52.0,-68.4,0,0,0,0
52.0,-67.7,0,0,0,0
52.0,-67.5,0,0,0,0
52.0,-66.8,0,0,0,0
52.0,-66.1,0,0,0,0
52.0,-65.9,0,0,0,0
52.0,-65.5,0,0,0,0
52.0,-65.2,0,0,0,0
52.0,-64.6,0,0,0,0
52.0,-63.9,0,0,0,0
52.0,-63.2,0,0,0,0
52.0,-62.6,0,0,0,0
52.0,-61.9,0,0,0,0
52.0,-61.3,0,0,0,0
52.0,-60.6,0,0,0,0
52.0,-60.0,0,0,0,0
52.0,-59.3,0,0,0,0
52.0,-58.9,0,0,0,0
52.0,-58.2,0,0,0,0
52.0,-57.6,0,0,0,0
52.0,-57.2,0,0,0,0
52.0,-56.9,0,0,0,0
52.0,-56.5,0,0,0,0
52.0,-55.9,0,0,0,0
52.0,-55.5,0,0,0,0
52.1,-131.2,0,0,0,0
52.1,-130.8,0,0,0,0
52.1,-128.0,0,0,0,0
52.1,-127.6,0,0,0,0
52.1,-127.0,0,0,0,0
52.1,-126.3,0,0,0,0
52.1,-125.9,0,0,0,0
52.1,-125.3,0,0,0,0
52.1,-124.6,0,0,0,0
52.1,-124.2,0,0,0,0
52.1,-123.9,0,0,0,0
52.1,-123.5,0,0,0,0
52.1,-122.9,0,0,0,0
52.1,-122.2,0,0,0,0
52.1,-121.6,0,0,0,0
52.1,-120.9,0,0,0,0
52.1,-120.2,0,0,0,0
52.1,-119.6,0,0,0,0
52.1,-118.9,0,0,0,0
52.1,-118.6,0,0,0,0
52.1,-118.0,0,0,0,0
52.1,-117.3,0,0,0,0
52.1,-116.7,0,0,0,0
52.1,-116.4,0,0,0,0
52.1,-115.7,0,0,0,0
52.1,-115.1,0,0,0,0
52.1,-114.8,0,0,0,0
52.1,-114.2,0,0,0,0
52.1,-113.9,0,0,0,0
52.1,-113.2,0,0,0,0
52.1,-112.3,0,0,0,0
52.1,-111.4,0,0,0,0
52.1,-111.1,0,0,0,0
52.1,-110.4,0,0,0,0
52.1,-110.1,0,1,0,0
52.1,-109.5,0,0,0,0
52.1,-109.2,0,0,0,0
52.1,-108.3,0,0,0,0
52.1,-108.0,0,0,0,0
52.1,-107.1,0,0,0,0
52.1,-106.8,0,0,0,0
52.1,-105.8,0,0,0,0
52.1,-105.6,0,0,0,0
52.1,-105.3,0,0,0,0
52.1,-104.3,0,0,0,0
52.1,-104.1,0,0,0,0
52.1,-103.8,0,0,0,0
52.1,-102.8,0,0,0,0
52.1,-102.5,0,0,0,0
52.1,-102.3,0,0,0,0
52.1,-101.0,0,0,0,0
52.1,-100.8,0,0,0,0
52.1,-100.5,0,0,0,0
52.1,-100.2,0,0,0,0
52.1,-98.7,1,0,0,0
52.1,-98.4,0,0,0,0
52.1,-98.1,0,0,0,0
52.1,-97.8,0,0,0,0
52.1,-97.5,0,1,0,0
52.1,-97.2,0,1,0,0
52.1,-95.1,1,0,0,0
52.1,-94.8,1,0,0,0
52.1,-94.5,1,0,0,0
52.1,-94.2,0,0,0,0
52.1,-93.9,0,0,0,0
52.1,-93.6,0,0,0,0
52.1,-93.4,0,0,0,0
52.1,-93.1,0,0,0,0
52.1,-92.8,0,0,0,0
52.1,-92.5,0,0,0,0
52.1,-92.2,0,0,0,0
52.1,-91.9,0,0,0,0
52.1,-91.6,0,0,0,0
52.1,-91.3,0,0,0,0
52.1,-91.0,0,0,0,0
52.1,-90.7,0,0,0,0
52.1,-90.4,0,0,0,0
52.1,-90.1,0,0,0,0
52.1,-89.8,0,0,0,0
52.1,-89.5,0,0,0,0
52.1,-89.2,0,0,0,0
52.1,-88.9,1,0,0,0
52.1,-88.6,1,0,0,0
52.1,-86.6,0,1,0,0
52.1,-86.3,0,1,0,0
52.1,-86.0,0,0,0,0
52.1,-85.7,0,0,0,0
52.1,-85.4,0,0,0,0
52.1,-85.1,1,0,0,0
52.1,-83.6,0,1,0,0
52.1,-83.3,0,0,0,0
52.1,-83.0,0,0,0,0
52.1,-82.7,1,0,0,0
52.1,-81.5,0,0,0,0
52.1,-81.2,0,0,0,0
52.1,-80.9,0,0,0,0
52.1,-79.4,0,0,0,0
52.1,-78.5,0,1,0,0
52.1,-78.2,0,0,0,0
52.1,-77.9,0,0,0,0
52.1,-77.0,0,0,0,0
52.1,-76.7,0,0,0,0
52.1,-75.8,0,1,0,0
52.1,-75.5,0,0,0,0
52.1,-74.5,0,0,0,0
52.1,-74.3,0,0,0,0
52.1,-73.6,0,0,0,0
52.1,-73.3,0,0,0,0
52.1,-72.4,0,0,0,0
52.1,-71.5,0,0,0,0
52.1,-70.5,0,0,0,0
52.1,-69.9,0,0,0,0
52.1,-69.6,0,0,0,0
52.1,-68.9,0,0,0,0
52.1,-68.7,0,0,0,0
52.1,-68.0,0,0,0,0
52.1,-67.3,0,0,0,0
52.1,-67.1,0,0,0,0
52.1,-66.4,0,0,0,0
52.1,-65.8,0,0,0,0
52.1,-65.1,0,0,0,0
52.1,-64.8,0,0,0,0
52.1,-64.2,0,0,0,0
52.1,-63.5,0,0,0,0
52.1,-62.9,0,0,0,0
52.1,-62.2,0,0,0,0
52.1,-61.5,0,0,0,0
52.1,-60.9,0,0,0,0
52.1,-60.2,0,0,0,0
52.1,-59.8,0,0,0,0
52.1,-59.6,0,0,0,0
52.1,-59.2,0,0,0,0
52.1,-58.5,0,0,0,0
52.1,-57.8,0,0,0,0
52.1,-57.4,0,0,0,0
52.1,-56.8,0,0,0,0
52.1,-56.1,0,0,0,0
52.1,-55.7,0,0,0,0
52.2,-131.0,0,0,0,0
52.2,-128.9,0,0,0,0
52.2,-128.4,0,0,0,0
52.2,-127.8,0,0,0,0
52.2,-127.4,0,0,0,0
52.2,-126.7,0,0,0,0
52.2,-126.1,0,0,0,0
52.2,-125.7,0,0,0,0
52.2,-125.0,0,0,0,0
52.2,-124.3,0,0,0,0
52.2,-123.7,0,0,0,0
52.2,-123.3,0,0,0,0
52.2,-123.0,0,0,0,0
52.2,-122.6,0,0,0,0
52.2,-122.4,0,0,0,0
52.2,-122.0,0,0,0,0
52.2,-121.3,0,0,0,0
52.2,-120.6,0,0,0,0
52.2,-120.4,0,0,0,0
52.2,-120.0,0,0,0,0
52.2,-119.7,0,0,0,0
52.2,-119.3,0,0,0,0
52.2,-119.0,0,0,0,0
52.2,-118.4,0,0,0,0
52.2,-117.7,0,0,0,0
52.2,-117.1,0,0,0,0
52.2,-116.8,0,0,0,0
52.2,-116.1,0,0,0,0
52.2,-115.5,0,0,0,0
52.2,-115.2,0,0,0,0
52.2,-114.5,0,0,0,0
52.2,-113.6,0,0,0,0
52.2,-112.9,0,0,0,0
52.2,-112.7,0,0,0,0
52.2,-112.0,0,0,0,0
52.2,-111.7,0,0,0,0
52.2,-110.8,0,0,0,0
52.2,-109.9,0,0,0,0
52.2,-109.6,0,0,0,0
52.2,-108.9,0,0,0,0
52.2,-108.6,0,0,0,0
52.2,-107.7,0,0,0,0
52.2,-107.4,0,0,0,0
52.2,-106.5,0,0,0,0
52.2,-106.2,0,0,0,0
52.2,-105.9,0,0,0,0
52.2,-105.0,0,0,0,0
52.2,-104.7,0,0,0,0
52.2,-103.5,0,0,0,0
52.2,-103.2,0,0,0,0
52.2,-102.9,0,0,0,0
52.2,-102.0,0,0,0,0
52.2,-101.7,0,0,0,0
52.2,-101.4,0,0,0,0
52.2,-101.1,0,0,0,0
52.2,-99.9,0,0,0,0
52.2,-99.6,0,0,0,0
52.2,-99.3,0,0,0,0
52.2,-99.0,0,0,0,0
52.2,-98.7,0,1,0,0
52.2,-96.9,0,0,0,0
52.2,-96.6,0,0,0,0
52.2,-96.3,0,0,0,0
52.2,-96.0,0,0,0,0
52.2,-95.7,0,0,0,0
52.2,-95.4,0,0,0,0
52.2,-95.1,0,1,0,0
52.2,-94.8,0,1,0,0
52.2,-94.5,0,1,0,0
52.2,-88.9,0,1,0,0
52.2,-88.6,0,1,0,0
52.2,-88.3,0,0,0,0
52.2,-88.0,0,0,0,0
52.2,-87.7,0,0,0,0
52.2,-87.4,0,0,0,0
52.2,-87.1,0,0,0,0
52.2,-86.8,0,0,0,0
52.2,-85.1,0,1,0,0
52.2,-84.8,0,0,0,0
52.2,-84.5,0,0,0,0
52.2,-84.2,0,0,0,0
52.2,-83.9,0,0,0,0
52.2,-82.7,0,1,0,0
52.2,-82.4,0,0,0,0
52.2,-82.1,0,0,0,0
52.2,-81.8,0,0,0,0
52.2,-79.1,0,0,0,0
52.2,-78.8,0,0,0,0
52.2,-77.8,0,0,0,0
52.2,-77.6,0,0,0,0
52.2,-77.3,0,0,0,0
52.2,-76.3,0,0,0,0
52.2,-76.0,0,0,0,0
52.2,-75.1,0,0,0,0
52.2,-74.8,0,0,0,0
52.2,-74.2,0,0,0,0
52.2,-73.9,0,0,0,0
52.2,-73.0,0,0,0,0
52.2,-72.7,0,0,0,0
52.2,-72.0,0,0,0,0
52.2,-71.7,0,0,0,0
52.2,-71.1,0,0,0,0
52.2,-70.8,0,0,0,0
52.2,-70.2,0,0,0,0
52.2,-69.2,0,0,0,0
52.2,-68.6,0,0,0,0
52.2,-68.3,0,0,0,0
52.2,-67.6,0,0,0,0
52.2,-67.0,0,0,0,0
52.2,-66.7,0,0,0,0
52.2,-66.0,0,0,0,0
52.2,-65.4,0,0,0,0
52.2,-64.7,0,0,0,0
52.2,-64.4,0,0,0,0
52.2,-64.0,0,0,0,0
52.2,-63.8,0,0,0,0
52.2,-63.1,0,0,0,0
52.2,-62.5,0,0,0,0
52.2,-61.8,0,0,0,0
52.2,-61.1,0,0,0,0
52.2,-60.7,0,0,0,0
52.2,-60.5,0,0,0,0
52.2,-60.1,0,0,0,0
52.2,-59.4,0,0,0,0
52.2,-58.8,0,0,0,0
52.2,-58.1,0,0,0,0
52.2,-57.7,0,0,0,0
52.2,-57.0,0,0,0,0
52.2,-56.4,0,0,0,0
52.2,-56.0,0,0,0,0
52.3,-131.4,0,0,0,0
52.3,-128.6,0,0,0,0
52.3,-128.2,0,0,0,0
52.3,-127.5,0,0,0,0
52.3,-127.1,0,0,0,0
52.3,-126.5,0,0,0,0
52.3,-125.8,0,0,0,0
52.3,-125.4,0,0,0,0
52.3,-125.1,0,0,0,0
52.3,-124.7,0,0,0,0
52.3,-124.1,0,0,0,0
52.3,-123.4,0,0,0,0
52.3,-122.8,0,0,0,0
52.3,-122.1,0,0,0,0
52.3,-121.7,0,0,0,0
52.3,-121.4,0,0,0,0
52.3,-121.0,0,0,0,0
52.3,-120.8,0,0,0,0
52.3,-120.1,0,0,0,0
52.3,-119.4,0,0,0,0
52.3,-118.8,0,0,0,0
52.3,-118.1,0,0,0,0
52.3,-117.4,0,0,0,0
52.3,-117.2,0,0,0,0
52.3,-116.5,0,0,0,0
52.3,-115.9,0,0,0,0
52.3,-115.6,0,0,0,0
52.3,-114.9,0,0,0,0
52.3,-114.3,0,0,0,0
52.3,-114.0,0,0,0,0
52.3,-113.3,0,0,0,0
52.3,-113.0,0,0,0,0
52.3,-112.4,0,0,0,0
52.3,-112.1,0,0,0,0
52.3,-111.4,0,0,0,0
52.3,-111.2,0,0,0,0
52.3,-110.5,0,0,0,0
52.3,-110.2,0,0,0,0
52.3,-109.3,0,0,0,0
52.3,-109.0,0,0,0,0
52.3,-108.4,1,0,0,0
52.3,-108.1,0,0,0,0
52.3,-107.8,0,0,0,0
52.3,-107.1,0,0,0,0
52.3,-106.8,0,0,0,0
52.3,-106.6,0,0,0,0
52.3,-105.6,0,0,0,0
52.3,-105.3,0,0,0,0
52.3,-104.4,0,0,0,0
52.3,-104.1,0,0,0,0
52.3,-103.8,0,0,0,0
52.3,-102.6,0,0,0,0
52.3,-102.3,0,0,0,0
52.3,-102.0,0,0,0,0
52.3,-100.8,1,0,0,0
52.3,-100.5,0,0,0,0
52.3,-100.2,0,0,0,0
52.3,-99.9,0,0,0,0
52.3,-98.4,1,0,0,0
52.3,-98.1,0,0,0,0
52.3,-97.8,0,0,0,0
52.3,-97.5,0,0,0,0
52.3,-97.2,0,0,0,0
52.3,-96.9,0,0,0,0
52.3,-94.2,0,0,0,0
52.3,-93.9,0,0,0,0
52.3,-93.7,0,0,0,0
52.3,-93.4,0,0,0,0
52.3,-93.1,0,0,0,0
52.3,-92.8,0,0,0,0
52.3,-92.5,0,0,0,0
52.3,-92.2,0,0,0,0
52.3,-91.9,0,0,0,0
52.3,-91.6,0,0,0,0
52.3,-91.3,0,0,0,0
52.3,-91.0,0,0,0,0
52.3,-90.7,0,0,0,0
52.3,-90.4,0,0,0,0
52.3,-90.1,0,0,0,0
52.3,-89.8,1,0,0,0
52.3,-89.5,1,0,0,0
52.3,-89.2,1,0,0,0
52.3,-86.8,0,0,0,0
52.3,-86.5,0,0,0,0
52.3,-86.2,0,0,0,0
52.3,-85.9,0,0,0,0
52.3,-85.6,0,0,0,0
52.3,-85.3,1,0,0,0
52.3,-83.8,0,0,0,0
52.3,-83.5,0,0,0,0
52.3,-83.2,0,0,0,0
52.3,-83.0,0,0,0,0
52.3,-81.7,0,0,0,0
52.3,-81.4,0,0,0,0
52.3,-79.4,0,0,0,0
52.3,-78.4,0,0,0,0
52.3,-78.1,0,0,0,0
52.3,-77.2,0,0,0,0
52.3,-76.9,0,0,0,0
52.3,-76.6,0,0,0,0
52.3,-76.0,0,0,0,0
52.3,-75.7,0,0,0,0
52.3,-75.4,0,0,0,0
52.3,-74.7,0,0,0,0
52.3,-74.5,0,0,0,0
52.3,-73.5,0,0,0,0
52.3,-73.2,1,0,0,0
52.3,-72.6,0,0,0,0
52.3,-72.3,0,0,0,0
52.3,-71.6,0,0,0,0
52.3,-71.4,0,0,0,0
52.3,-70.7,0,0,0,0
52.3,-70.4,0,0,0,0
52.3,-69.8,0,0,0,0
52.3,-69.5,0,0,0,0
52.3,-68.8,0,0,0,0
52.3,-68.2,0,0,0,0
52.3,-67.9,0,0,0,0
52.3,-67.2,0,0,0,0
52.3,-66.6,0,0,0,0
52.3,-66.3,0,0,0,0
52.3,-65.6,0,0,0,0
52.3,-65.0,0,0,0,0
52.3,-64.3,0,0,0,0
52.3,-63.7,0,0,0,0
52.3,-63.4,0,0,0,0
52.3,-63.0,0,0,0,0
52.3,-62.7,0,0,0,0
52.3,-62.3,0,0,0,0
52.3,-62.1,0,0,0,0
52.3,-61.7,0,0,0,0
52.3,-61.4,0,0,0,0
52.3,-61.0,0,0,0,0
52.3,-60.3,0,0,0,0
52.3,-59.7,0,0,0,0
52.3,-59.0,0,0,0,0
52.3,-58.3,0,0,0,0
52.3,-57.9,0,0,0,0
52.3,-57.3,0,0,0,0
52.3,-56.6,0,0,0,0
52.3,-56.2,0,0,0,0
52.3,-55.5,0,0,0,0
52.4,-131.6,0,0,0,0
52.4,-131.2,0,0,0,0
52.4,-129.4,0,0,0,0
52.4,-129.0,0,0,0,0
52.4,-128.4,0,0,0,0
52.4,-127.9,0,0,0,0
52.4,-127.3,0,0,0,0
52.4,-126.9,0,0,0,0
52.4,-126.6,0,0,0,0
52.4,-126.2,0,0,0,0
52.4,-125.6,0,0,0,0
52.4,-124.9,0,0,0,0
52.4,-124.5,0,0,0,0
52.4,-123.8,0,0,0,0
52.4,-123.2,0,0,0,0
52.4,-122.5,0,0,0,0
52.4,-121.8,0,0,0,0
52.4,-121.2,0,0,0,0
52.4,-120.5,0,0,0,0
52.4,-119.8,0,0,0,0
52.4,-119.2,0,0,0,0
52.4,-118.5,0,0,0,0
52.4,-117.8,0,0,0,0
52.4,-117.6,0,0,0,0
52.4,-116.9,0,0,0,0
52.4,-116.2,0,0,0,0
52.4,-116.0,0,0,0,0
52.4,-115.3,0,0,0,0
52.4,-114.6,0,0,0,0
52.4,-114.4,0,0,0,0
52.4,-113.7,0,0,0,0
52.4,-113.4,0,0,0,0
52.4,-112.8,0,0,0,0
52.4,-112.5,0,0,0,0
52.4,-111.8,0,0,0,0
52.4,-111.5,0,0,0,0
52.4,-110.9,0,0,0,0
52.4,-110.6,0,0,0,0
52.4,-109.9,0,0,0,0
52.4,-109.7,0,0,0,0
52.4,-108.7,0,0,0,0
52.4,-108.4,0,1,0,0
52.4,-107.5,0,0,0,0
52.4,-107.2,0,0,0,0
52.4,-106.3,0,0,0,0
52.4,-106.0,0,0,0,0
52.4,-105.0,0,0,0,0
52.4,-104.7,0,0,0,0
52.4,-104.5,0,0,0,0
52.4,-103.5,0,0,0,0
52.4,-103.2,0,0,0,0
52.4,-102.9,0,0,0,0
52.4,-101.7,0,0,0,0
52.4,-101.4,0,0,0,0
52.4,-101.1,0,0,0,0
52.4,-100.8,0,1,0,0
52.4,-99.6,0,0,0,0
52.4,-99.3,0,0,0,0
52.4,-99.0,0,0,0,0
52.4,-98.7,0,0,0,0
52.4,-98.4,0,1,0,0
52.4,-96.6,0,0,0,0
52.4,-96.3,0,0,0,0
52.4,-96.0,0,0,0,0
52.4,-95.7,0,0,0,0
52.4,-95.4,0,0,0,0
52.4,-95.1,0,0,0,0
52.4,-94.9,0,0,0,0
52.4,-94.6,0,0,0,0
52.4,-94.3,0,0,0,0
52.4,-94.0,0,0,0,0
52.4,-89.8,0,1,0,0
52.4,-89.5,0,1,0,0
52.4,-89.2,0,1,0,0
52.4,-88.9,0,0,0,0
52.4,-88.6,0,0,0,0
52.4,-88.3,0,0,0,0
52.4,-88.0,0,0,0,0
52.4,-87.7,0,0,0,0
52.4,-87.4,0,0,0,0
52.4,-87.1,1,0,0,0
52.4,-85.3,0,1,0,0
52.4,-85.0,0,0,0,0
52.4,-84.7,0,0,0,0
52.4,-84.4,0,0,0,0
52.4,-84.1,1,0,0,0
52.4,-82.9,0,0,0,0
52.4,-82.6,0,0,0,0
52.4,-82.3,0,0,0,0
52.4,-82.0,1,0,0,0
52.4,-80.2,0,0,0,0
52.4,-79.3,0,0,0,0
52.4,-79.0,0,0,0,0
52.4,-78.7,0,0,0,0
52.4,-77.8,0,0,0,0
52.4,-77.5,0,0,0,0
52.4,-76.5,0,0,0,0
52.4,-76.3,0,0,0,0
52.4,-75.3,0,0,0,0
52.4,-75.0,0,0,0,0
52.4,-74.1,0,0,0,0
52.4,-73.8,0,0,0,0
52.4,-73.2,0,1,0,0
52.4,-72.9,0,0,0,0
52.4,-72.2,0,0,0,0
52.4,-71.9,0,0,0,0
52.4,-71.3,0,0,0,0
52.4,-71.0,0,0,0,0
52.4,-70.3,0,0,0,0
52.4,-70.1,0,0,0,0
52.4,-69.4,0,0,0,0
52.4,-69.1,0,0,0,0
52.4,-68.5,0,0,0,0
52.4,-67.8,0,0,0,0
52.4,-67.5,0,0,0,0
52.4,-66.8,0,0,0,0
52.4,-66.2,0,0,0,0
52.4,-65.9,0,0,0,0
52.4,-65.2,0,0,0,0
52.4,-64.6,0,0,0,0
52.4,-63.9,0,0,0,0
52.4,-63.3,0,0,0,0
52.4,-62.6,0,0,0,0
52.4,-61.9,0,0,0,0
52.4,-61.3,0,0,0,0
52.4,-60.6,0,0,0,0
52.4,-59.9,0,0,0,0
52.4,-59.3,0,0,0,0
52.4,-58.9,0,0,0,0
52.4,-58.6,0,0,0,0
52.4,-58.2,0,0,0,0
52.4,-57.5,0,0,0,0
52.4,-56.9,0,0,0,0
52.4,-56.5,0,0,0,0
52.4,-55.8,0,0,0,0
52.5,-131.3,0,0,0,0
52.5,-129.2,0,0,0,0
52.5,-128.8,0,0,0,0
52.5,-128.1,0,0,0,0
52.5,-127.7,0,0,0,0
52.5,-127.0,0,0,0,0
52.5,-126.4,0,0,0,0
52.5,-126.0,0,0,0,0
52.5,-125.3,0,0,0,0
52.5,-124.6,0,0,0,0
52.5,-124.2,0,0,0,0
52.5,-124.0,0,0,0,0
52.5,-123.6,0,0,0,0
52.5,-122.9,0,0,0,0
52.5,-122.2,0,0,0,0
52.5,-121.6,0,0,0,0
52.5,-120.9,0,0,0,0
52.5,-120.2,0,0,0,0
52.5,-119.6,0,0,0,0
52.5,-118.9,0,0,0,0
52.5,-118.6,0,0,0,0
52.5,-118.2,0,0,0,0
52.5,-118.0,0,0,0,0
52.5,-117.3,0,0,0,0
52.5,-116.6,0,0,0,0
52.5,-116.3,0,0,0,0
52.5,-115.7,0,0,0,0
52.5,-115.0,0,0,0,0
52.5,-114.7,0,0,0,0
52.5,-114.1,0,0,0,0
52.5,-113.8,0,0,0,0
52.5,-113.1,0,0,0,0
52.5,-112.2,0,0,0,0
52.5,-111.3,0,0,0,0
52.5,-110.3,0,0,0,0
52.5,-110.0,0,0,0,0
52.5,-109.4,1,0,0,0
52.5,-109.1,0,0,0,0
52.5,-108.1,0,0,0,0
52.5,-107.9,0,0,0,0
52.5,-106.9,0,0,0,0
52.5,-106.6,0,0,0,0
52.5,-105.7,1,0,0,0
52.5,-105.4,0,0,0,0
52.5,-105.1,0,0,0,0
52.5,-104.2,1,0,0,0
52.5,-103.9,0,0,0,0
52.5,-103.6,0,0,0,0
52.5,-102.6,0,0,0,0
52.5,-102.4,0,0,0,0
52.5,-102.1,0,0,0,0
52.5,-101.8,0,0,0,0
52.5,-100.5,0,0,0,0
52.5,-100.2,0,0,0,0
52.5,-99.9,0,0,0,0
52.5,-99.7,0,0,0,0
52.5,-98.1,0,0,0,0
52.5,-97.8,0,0,0,0
52.5,-97.5,0,0,0,0
52.5,-97.2,0,0,0,0
52.5,-97.0,0,0,0,0
52.5,-96.7,0,0,0,0
52.5,-93.7,1,0,0,0
52.5,-93.4,1,0,0,0
52.5,-93.1,1,0,0,0
52.5,-92.8,1,0,0,0
52.5,-92.5,1,0,0,0
52.5,-92.2,1,0,0,0
52.5,-91.9,1,0,0,0
52.5,-91.6,1,0,0,0
52.5,-91.3,1,0,0,0
52.5,-91.0,1,0,0,0
52.5,-90.7,1,0,0,0
52.5,-90.4,1,0,0,0
52.5,-90.1,1,0,0,0
52.5,-87.1,0,1,0,0
52.5,-86.8,0,0,0,0
52.5,-86.5,0,0,0,0
52.5,-86.2,0,0,0,0
52.5,-85.9,0,0,0,0
52.5,-85.6,1,0,0,0
52.5,-84.1,0,1,0,0
52.5,-83.8,0,0,0,0
52.5,-83.5,0,0,0,0
52.5,-83.2,0,0,0,0
52.5,-82.0,0,1,0,0
52.5,-81.7,0,0,0,0
52.5,-81.4,0,0,0,0
52.5,-79.6,0,0,0,0
52.5,-78.6,0,0,0,0
52.5,-78.4,0,0,0,0
52.5,-78.1,0,0,0,0
52.5,-77.1,0,0,0,0
52.5,-76.8,0,0,0,0
52.5,-75.9,0,0,0,0
52.5,-75.6,0,0,0,0
52.5,-74.7,0,0,0,0
52.5,-74.4,0,0,0,0
52.5,-73.7,0,0,0,0
52.5,-73.4,0,0,0,0
52.5,-72.5,0,0,0,0
52.5,-71.6,0,0,0,0
52.5,-70.6,0,0,0,0
52.5,-69.7,0,0,0,0
52.5,-69.0,0,0,0,0
52.5,-68.7,0,0,0,0
52.5,-68.1,0,0,0,0
52.5,-67.4,0,0,0,0
52.5,-67.1,0,0,0,0
52.5,-66.5,0,0,0,0
52.5,-65.8,0,0,0,0
52.5,-65.5,0,0,0,0
52.5,-65.1,0,0,0,0
52.5,-64.9,0,0,0,0
52.5,-64.2,0,0,0,0
52.5,-63.5,0,0,0,0
52.5,-62.9,0,0,0,0
52.5,-62.2,0,0,0,0
52.5,-61.5,0,0,0,0
52.5,-60.9,0,0,0,0
52.5,-60.2,0,0,0,0
52.5,-59.5,0,0,0,0
52.5,-59.1,0,0,0,0
52.5,-58.5,0,0,0,0
52.5,-57.8,0,0,0,0
52.5,-57.4,0,0,0,0
52.5,-57.1,0,0,0,0
52.5,-56.7,0,0,0,0
52.5,-56.1,0,0,0,0
52.5,-55.6,0,0,0,0
52.6,-131.8,0,0,0,0
52.6,-129.6,0,0,0,0
52.6,-128.9,0,0,0,0
52.6,-128.5,0,0,0,0
52.6,-127.9,0,0,0,0
52.6,-127.4,0,0,0,0
52.6,-126.8,0,0,0,0
52.6,-126.1,0,0,0,0
52.6,-125.7,0,0,0,0
52.6,-125.0,0,0,0,0
52.6,-124.4,0,0,0,0
52.6,-123.7,0,0,0,0
52.6,-123.3,0,0,0,0
52.6,-123.0,0,0,0,0
52.6,-122.6,0,0,0,0
52.6,-122.0,0,0,0,0
52.6,-121.3,0,0,0,0
52.6,-120.6,0,0,0,0
52.6,-120.0,0,0,0,0
52.6,-119.7,0,0,0,0
52.6,-119.3,0,0,0,0
52.6,-119.0,0,0,0,0
52.6,-118.3,0,0,0,0
52.6,-117.7,0,0,0,0
52.6,-117.0,0,0,0,0
52.6,-116.7,0,0,0,0
52.6,-116.1,0,0,0,0
52.6,-115.4,0,0,0,0
52.6,-115.1,0,0,0,0
52.6,-114.5,0,0,0,0
52.6,-113.5,0,0,0,0
52.6,-112.9,0,0,0,0
52.6,-112.6,0,0,0,0
52.6,-111.9,0,0,0,0
52.6,-111.6,0,0,0,0
52.6,-111.0,0,0,0,0
52.6,-110.7,0,0,0,0
52.6,-109.7,0,0,0,0
52.6,-109.4,0,1,0,0
52.6,-108.8,0,0,0,0
52.6,-108.5,0,0,0,0
52.6,-107.6,1,0,0,0
52.6,-107.3,0,0,0,0
52.6,-106.3,0,0,0,0
52.6,-106.0,0,0,0,0
52.6,-105.7,0,1,0,0
52.6,-104.8,0,0,0,0
52.6,-104.5,0,0,0,0
52.6,-104.2,0,1,0,0
52.6,-103.3,0,0,0,0
52.6,-103.0,0,0,0,0
52.6,-102.7,0,0,0,0
52.6,-101.5,0,0,0,0
52.6,-101.2,0,0,0,0
52.6,-100.9,0,0,0,0
52.6,-100.6,0,0,0,0
52.6,-99.4,1,0,0,0
52.6,-99.1,0,0,0,0
52.6,-98.8,0,0,0,0
52.6,-98.5,0,0,0,0
52.6,-98.2,0,0,0,0
52.6,-96.4,1,0,0,0
52.6,-96.1,1,0,0,0
52.6,-95.8,0,0,0,0
52.6,-95.5,0,0,0,0
52.6,-95.2,0,0,0,0
52.6,-94.9,0,0,0,0
52.6,-94.6,0,0,0,0
52.6,-94.3,0,0,0,0
52.6,-94.0,0,0,0,0
52.6,-93.7,0,1,0,0
52.6,-93.4,0,1,0,0
52.6,-93.1,0,1,0,0
52.6,-92.8,0,1,0,0
52.6,-92.5,0,1,0,0
52.6,-92.2,0,1,0,0
52.6,-91.9,0,1,0,0
52.6,-91.6,0,1,0,0
52.6,-91.3,0,1,0,0
52.6,-91.0,0,1,0,0
52.6,-90.7,0,1,0,0
52.6,-90.4,0,1,0,0
52.6,-90.1,0,1,0,0
52.6,-89.8,0,0,0,0
52.6,-89.5,0,0,0,0
52.6,-89.2,0,0,0,0
52.6,-88.9,0,0,0,0
52.6,-88.6,0,0,0,0
52.6,-88.3,0,0,0,0
52.6,-88.0,0,0,0,0
52.6,-87.7,1,0,0,0
52.6,-87.4,1,0,0,0
52.6,-85.6,0,1,0,0
52.6,-85.3,0,0,0,0
52.6,-85.0,0,0,0,0
52.6,-84.7,0,0,0,0
52.6,-84.4,1,0,0,0
52.6,-82.9,0,0,0,0
52.6,-82.6,0,0,0,0
52.6,-82.3,0,0,0,0
52.6,-80.8,0,0,0,0
52.6,-79.2,0,0,0,0
52.6,-78.9,0,0,0,0
52.6,-78.0,0,0,0,0
52.6,-77.7,0,0,0,0
52.6,-77.4,1,0,0,0
52.6,-76.5,0,0,0,0
52.6,-76.2,0,0,0,0
52.6,-75.2,0,0,0,0
52.6,-75.0,0,0,0,0
52.6,-74.3,0,0,0,0
52.6,-74.0,0,0,0,0
52.6,-73.1,0,0,0,0
52.6,-72.8,0,0,0,0
52.6,-72.1,0,0,0,0
52.6,-71.8,0,0,0,0
52.6,-71.2,0,0,0,0
52.6,-70.9,0,0,0,0
52.6,-70.2,0,0,0,0
52.6,-70.0,0,0,0,0
52.6,-69.3,0,0,0,0
52.6,-68.6,0,0,0,0
52.6,-68.3,0,0,0,0
52.6,-67.7,0,0,0,0
52.6,-67.0,0,0,0,0
52.6,-66.7,0,0,0,0
52.6,-66.1,0,0,0,0
52.6,-65.4,0,0,0,0
52.6,-64.7,0,0,0,0
52.6,-64.5,0,0,0,0
52.6,-63.8,0,0,0,0
52.6,-63.1,0,0,0,0
52.6,-62.5,0,0,0,0
52.6,-61.8,0,0,0,0
52.6,-61.1,0,0,0,0
52.6,-60.5,0,0,0,0
52.6,-60.0,0,0,0,0
52.6,-59.8,0,0,0,0
52.6,-59.4,0,0,0,0
52.6,-58.7,0,0,0,0
52.6,-58.0,0,0,0,0
52.6,-57.6,0,0,0,0
52.6,-57.0,0,0,0,0
52.6,-56.3,0,0,0,0
52.6,-55.9,0,0,0,0
52.7,-131.9,0,0,0,0
52.7,-131.5,0,0,0,0
52.7,-129.3,0,0,0,0
52.7,-128.7,0,0,0,0
52.7,-128.3,0,0,0,0
52.7,-127.6,0,0,0,0
52.7,-127.2,0,0,0,0
52.7,-126.5,0,0,0,0
52.7,-125.9,0,0,0,0
52.7,-125.4,0,0,0,0
52.7,-124.8,0,0,0,0
52.7,-124.1,0,0,0,0
52.7,-123.4,0,0,0,0
52.7,-122.8,0,0,0,0
52.7,-122.4,0,0,0,0
52.7,-122.1,0,0,0,0
52.7,-121.7,0,0,0,0
52.7,-121.4,0,0,0,0
52.7,-121.0,0,0,0,0
52.7,-120.8,0,0,0,0
52.7,-120.4,0,0,0,0
52.7,-120.1,0,0,0,0
52.7,-119.4,0,0,0,0
52.7,-118.7,0,0,0,0
52.7,-118.1,0,0,0,0
52.7,-117.4,0,0,0,0
52.7,-117.1,0,0,0,0
52.7,-116.5,0,0,0,0
52.7,-115.8,0,0,0,0
52.7,-115.5,0,0,0,0
52.7,-114.8,0,0,0,0
52.7,-114.2,0,0,0,0
52.7,-113.9,0,0,0,0
52.7,-113.2,0,0,0,0
52.7,-113.0,0,0,0,0
52.7,-112.3,0,0,0,0
52.7,-112.0,0,0,0,0
52.7,-111.3,0,0,0,0
52.7,-111.1,0,0,0,0
52.7,-110.4,0,0,0,0
52.7,-110.1,0,0,0,0
52.7,-109.2,0,0,0,0
52.7,-108.9,0,0,0,0
52.7,-108.2,0,0,0,0
52.7,-107.9,0,0,0,0
52.7,-107.6,0,1,0,0
52.7,-107.0,0,0,0,0
52.7,-106.7,0,0,0,0
52.7,-106.4,0,0,0,0
52.7,-105.5,0,0,0,0
52.7,-105.2,0,0,0,0
52.7,-103.9,0,0,0,0
52.7,-103.6,0,0,0,0
52.7,-102.4,0,0,0,0
52.7,-102.1,0,0,0,0
52.7,-101.8,0,0,0,0
52.7,-100.3,0,0,0,0
52.7,-100.0,0,0,0,0
52.7,-99.7,0,0,0,0
52.7,-99.4,0,1,0,0
52.7,-97.9,0,0,0,0
52.7,-97.6,0,0,0,0
52.7,-97.3,0,0,0,0
52.7,-97.0,0,0,0,0
52.7,-96.7,0,0,0,0
52.7,-96.4,0,1,0,0
52.7,-96.1,0,1,0,0
52.7,-87.7,0,1,0,0
52.7,-87.4,0,1,0,0
52.7,-87.1,0,0,0,0
52.7,-86.8,0,0,0,0
52.7,-86.5,0,0,0,0
52.7,-86.2,0,0,0,0
52.7,-85.9,0,0,0,0
52.7,-84.4,0,1,0,0
52.7,-84.1,0,0,0,0
52.7,-83.8,0,0,0,0
52.7,-83.5,0,0,0,0
52.7,-83.2,0,0,0,0
52.7,-81.9,0,0,0,0
52.7,-81.6,0,0,0,0
52.7,-79.5,0,0,0,0
52.7,-78.6,0,0,0,0
52.7,-78.3,0,0,0,0
52.7,-77.4,0,1,0,0
52.7,-77.1,0,0,0,0
52.7,-76.8,0,0,0,0
52.7,-76.1,0,0,0,0
52.7,-75.8,0,0,0,0
52.7,-75.5,0,0,0,0
52.7,-74.9,0,0,0,0
52.7,-74.6,0,0,0,0
52.7,-73.6,0,0,0,0
52.7,-73.4,0,0,0,0
52.7,-72.7,0,0,0,0
52.7,-72.4,0,0,0,0
52.7,-71.7,0,0,0,0
52.7,-71.5,0,0,0,0
52.7,-70.8,0,0,0,0
52.7,-70.5,0,0,0,0
52.7,-69.8,0,0,0,0
52.7,-69.6,0,0,0,0
52.7,-68.9,0,0,0,0
52.7,-68.2,0,0,0,0
52.7,-68.0,0,0,0,0
52.7,-67.3,0,0,0,0
52.7,-66.6,0,0,0,0
52.7,-66.3,0,0,0,0
52.7,-65.7,0,0,0,0
52.7,-65.0,0,0,0,0
52.7,-64.3,0,0,0,0
52.7,-64.1,0,0,0,0
52.7,-63.7,0,0,0,0
52.7,-63.4,0,0,0,0
52.7,-63.0,0,0,0,0
52.7,-62.7,0,0,0,0
52.7,-62.3,0,0,0,0
52.7,-62.1,0,0,0,0
52.7,-61.7,0,0,0,0
52.7,-61.4,0,0,0,0
52.7,-61.0,0,0,0,0
52.7,-60.7,0,0,0,0
52.7,-60.3,0,0,0,0
52.7,-59.6,0,0,0,0
52.7,-59.0,0,0,0,0
52.7,-58.3,0,0,0,0
52.7,-57.9,0,0,0,0
52.7,-57.2,0,0,0,0
52.7,-56.6,0,0,0,0
52.7,-56.1,0,0,0,0
52.8,-132.1,0,0,0,0
52.8,-131.7,0,0,0,0
52.8,-129.5,0,0,0,0
52.8,-129.1,0,0,0,0
52.8,-128.4,0,0,0,0
52.8,-128.0,0,0,0,0
52.8,-127.3,0,0,0,0
52.8,-126.9,0,0,0,0
52.8,-126.3,0,0,0,0
52.8,-125.6,0,0,0,0
52.8,-125.2,0,0,0,0
52.8,-124.9,0,0,0,0
52.8,-124.5,0,0,0,0
52.8,-123.8,0,0,0,0
52.8,-123.2,0,0,0,0
52.8,-122.5,0,0,0,0
52.8,-121.8,0,0,0,0
52.8,-121.2,0,0,0,0
52.8,-120.5,0,0,0,0
52.8,-119.8,0,0,0,0
52.8,-119.1,0,0,0,0
52.8,-118.5,0,0,0,0
52.8,-117.8,0,0,0,0
52.8,-117.5,0,0,0,0
52.8,-116.9,0,0,0,0
52.8,-116.2,0,0,0,0
52.8,-115.9,0,0,0,0
52.8,-115.2,0,0,0,0
52.8,-114.6,0,0,0,0
52.8,-114.3,0,0,0,0
52.8,-113.6,0,0,0,0
52.8,-113.3,0,0,0,0
52.8,-112.7,0,0,0,0
52.8,-112.4,0,0,0,0
52.8,-111.7,0,0,0,0
52.8,-111.4,0,0,0,0
52.8,-110.8,0,0,0,0
52.8,-110.5,0,0,0,0
52.8,-109.8,0,0,0,0
52.8,-109.5,0,0,0,0
52.8,-108.6,0,0,0,0
52.8,-108.3,0,0,0,0
52.8,-107.3,0,0,0,0
52.8,-107.1,0,0,0,0
52.8,-106.1,0,0,0,0
52.8,-105.8,0,0,0,0
52.8,-104.9,1,0,0,0
52.8,-104.6,0,0,0,0
52.8,-104.3,0,0,0,0
52.8,-103.3,0,0,0,0
52.8,-103.0,0,0,0,0
52.8,-102.7,0,0,0,0
52.8,-102.5,0,0,0,0
52.8,-101.5,0,0,0,0
52.8,-101.2,0,0,0,0
52.8,-100.9,0,0,0,0
52.8,-100.6,0,0,0,0
52.8,-99.1,1,0,0,0
52.8,-98.8,0,0,0,0
52.8,-98.5,0,0,0,0
52.8,-98.2,0,0,0,0
52.8,-97.9,0,0,0,0
52.8,-95.8,1,0,0,0
52.8,-95.5,1,0,0,0
52.8,-95.2,0,0,0,0
52.8,-94.9,0,0,0,0
52.8,-94.6,0,0,0,0
52.8,-94.3,0,0,0,0
52.8,-94.0,0,0,0,0
52.8,-93.7,0,0,0,0
52.8,-93.4,0,0,0,0
52.8,-93.1,0,0,0,0
52.8,-92.8,0,0,0,0
52.8,-92.5,0,0,0,0
52.8,-92.2,0,0,0,0
52.8,-91.9,0,0,0,0
52.8,-91.6,0,0,0,0
52.8,-91.3,0,0,0,0
52.8,-91.0,0,0,0,0
52.8,-90.7,0,0,0,0
52.8,-90.4,0,0,0,0
52.8,-90.1,0,0,0,0
52.8,-89.8,0,0,0,0
52.8,-89.5,0,0,0,0
52.8,-89.2,0,0,0,0
52.8,-88.9,0,0,0,0
52.8,-88.6,0,0,0,0
52.8,-88.3,0,0,0,0
52.8,-88.0,1,0,0,0
52.8,-85.9,0,0,0,0
52.8,-85.6,0,0,0,0
52.8,-85.3,0,0,0,0
52.8,-85.0,0,0,0,0
52.8,-84.7,0,0,0,0
52.8,-83.1,0,0,0,0
52.8,-82.8,0,0,0,0
52.8,-82.5,0,0,0,0
52.8,-82.2,1,0,0,0
52.8,-81.3,0,0,0,0
52.8,-81.0,0,0,0,0
52.8,-80.7,0,0,0,0
52.8,-79.2,0,0,0,0
52.8,-78.9,0,0,0,0
52.8,-77.9,0,0,0,0
52.8,-77.6,0,0,0,0
52.8,-76.7,0,0,0,0
52.8,-76.4,0,0,0,0
52.8,-75.5,0,0,0,0
52.8,-75.2,0,0,0,0
52.8,-74.2,0,0,0,0
52.8,-73.9,0,0,0,0
52.8,-73.3,0,0,0,0
52.8,-73.0,0,0,0,0
52.8,-72.3,0,0,0,0
52.8,-72.0,0,0,0,0
52.8,-71.1,0,0,0,0
52.8,-70.4,0,0,0,0
52.8,-70.1,0,0,0,0
52.8,-69.5,0,0,0,0
52.8,-69.2,0,0,0,0
52.8,-68.5,0,0,0,0
52.8,-67.8,0,0,0,0
52.8,-67.6,0,0,0,0
52.8,-66.9,0,0,0,0
52.8,-66.2,0,0,0,0
52.8,-65.9,0,0,0,0
52.8,-65.3,0,0,0,0
52.8,-64.6,0,0,0,0
52.8,-63.9,0,0,0,0
52.8,-63.3,0,0,0,0
52.8,-62.6,0,0,0,0
52.8,-61.9,0,0,0,0
52.8,-61.2,0,0,0,0
52.8,-60.6,0,0,0,0
52.8,-59.9,0,0,0,0
52.8,-59.2,0,0,0,0
52.8,-58.8,0,0,0,0
52.8,-58.6,0,0,0,0
52.8,-58.2,0,0,0,0
52.8,-57.5,0,0,0,0
52.8,-56.8,0,0,0,0
52.8,-56.4,0,0,0,0
52.8,-55.7,0,0,0,0
52.9,-131.4,0,0,0,0
52.9,-129.3,0,0,0,0
52.9,-128.8,0,0,0,0
52.9,-128.2,0,0,0,0
52.9,-127.8,0,0,0,0
52.9,-127.1,0,0,0,0
52.9,-126.7,0,0,0,0
52.9,-126.4,0,0,0,0
52.9,-126.0,0,0,0,0
52.9,-125.3,0,0,0,0
52.9,-124.7,0,0,0,0
52.9,-124.3,0,0,0,0
52.9,-123.6,0,0,0,0
52.9,-122.9,0,0,0,0
52.9,-122.2,0,0,0,0
52.9,-121.6,0,0,0,0
52.9,-120.9,0,0,0,0
52.9,-120.2,0,0,0,0
52.9,-119.5,0,0,0,0
52.9,-118.9,0,0,0,0
52.9,-118.6,0,0,0,0
52.9,-118.2,0,0,0,0
52.9,-117.9,0,0,0,0
52.9,-117.2,0,0,0,0
52.9,-116.6,0,0,0,0
52.9,-116.3,0,0,0,0
52.9,-115.6,0,0,0,0
52.9,-115.0,0,0,0,0
52.9,-114.7,0,0,0,0
52.9,-114.0,0,0,0,0
52.9,-113.0,0,0,0,0
52.9,-112.1,0,0,0,0
52.9,-111.1,0,0,0,0
52.9,-110.2,0,0,0,0
52.9,-109.9,0,0,0,0
52.9,-109.2,0,0,0,0
52.9,-109.0,0,0,0,0
52.9,-108.0,0,0,0,0
52.9,-107.7,0,0,0,0
52.9,-106.8,0,0,0,0
52.9,-106.5,0,0,0,0
52.9,-105.5,0,0,0,0
52.9,-105.2,0,0,0,0
52.9,-104.9,0,1,0,0
52.9,-104.0,1,0,0,0
52.9,-103.7,0,0,0,0
52.9,-103.4,0,0,0,0
52.9,-102.2,0,0,0,0
52.9,-101.9,0,0,0,0
52.9,-101.6,0,0,0,0
52.9,-100.3,0,0,0,0
52.9,-100.0,0,0,0,0
52.9,-99.7,0,0,0,0
52.9,-99.4,0,0,0,0
52.9,-99.1,0,1,0,0
52.9,-97.6,1,0,0,0
52.9,-97.3,0,0,0,0
52.9,-97.0,0,0,0,0
52.9,-96.7,0,0,0,0
52.9,-96.4,0,0,0,0
52.9,-96.1,0,0,0,0
52.9,-95.8,0,1,0,0
52.9,-95.5,0,1,0,0
52.9,-88.0,0,1,0,0
52.9,-87.7,0,0,0,0
52.9,-87.4,0,0,0,0
52.9,-87.1,0,0,0,0
52.9,-86.8,0,0,0,0
52.9,-86.5,0,0,0,0
52.9,-86.2,0,0,0,0
52.9,-84.6,0,0,0,0
52.9,-84.3,0,0,0,0
52.9,-84.0,0,0,0,0
52.9,-83.7,0,0,0,0
52.9,-83.4,1,0,0,0
52.9,-82.2,0,1,0,0
52.9,-81.9,0,0,0,0
52.9,-81.6,0,0,0,0
52.9,-78.8,0,0,0,0
52.9,-78.5,0,0,0,0
52.9,-78.2,1,0,0,0
52.9,-77.3,0,0,0,0
52.9,-77.0,0,0,0,0
52.9,-76.0,0,0,0,0
52.9,-75.7,0,0,0,0
52.9,-74.8,0,0,0,0
52.9,-74.5,0,0,0,0
52.9,-73.8,0,0,0,0
52.9,-73.6,0,0,0,0
52.9,-72.6,0,0,0,0
52.9,-71.7,0,0,0,0
52.9,-71.4,0,0,0,0
52.9,-70.7,0,0,0,0
52.9,-69.7,0,0,0,0
52.9,-69.1,0,0,0,0
52.9,-68.8,0,0,0,0
52.9,-68.1,0,0,0,0
52.9,-67.5,0,0,0,0
52.9,-67.2,0,0,0,0
52.9,-66.5,0,0,0,0
52.9,-65.8,0,0,0,0
52.9,-65.6,0,0,0,0
52.9,-64.9,0,0,0,0
52.9,-64.2,0,0,0,0
52.9,-63.5,0,0,0,0
52.9,-62.9,0,0,0,0
52.9,-62.2,0,0,0,0
52.9,-61.5,0,0,0,0
52.9,-60.8,0,0,0,0
52.9,-60.2,0,0,0,0
52.9,-59.5,0,0,0,0
52.9,-59.1,0,0,0,0
52.9,-58.4,0,0,0,0
52.9,-57.7,0,0,0,0
52.9,-57.1,0,0,0,0
52.9,-56.7,0,0,0,0
52.9,-56.0,0,0,0,0
53.0,-132.3,0,0,0,0
53.0,-131.9,0,0,0,0
53.0,-129.7,0,0,0,0
53.0,-129.0,0,0,0,0
53.0,-128.6,0,0,0,0
53.0,-127.9,0,0,0,0
53.0,-127.5,0,0,0,0
53.0,-126.8,0,0,0,0
53.0,-126.2,0,0,0,0
53.0,-125.7,0,0,0,0
53.0,-125.1,0,0,0,0
53.0,-124.4,0,0,0,0
53.0,-124.0,0,0,0,0
53.0,-123.7,0,0,0,0
53.0,-123.3,0,0,0,0
53.0,-122.6,0,0,0,0
53.0,-122.0,0,0,0,0
53.0,-121.3,0,0,0,0
53.0,-120.6,0,0,0,0
53.0,-119.9,0,0,0,0
53.0,-119.3,0,0,0,0
53.0,-119.0,0,0,0,0
53.0,-118.3,0,0,0,0
53.0,-117.6,0,0,0,0
53.0,-117.0,0,0,0,0
53.0,-116.7,0,0,0,0
53.0,-116.0,0,0,0,0
53.0,-115.3,0,0,0,0
53.0,-115.1,0,0,0,0
53.0,-114.4,0,0,0,0
53.0,-113.7,0,0,0,0
53.0,-113.4,0,0,0,0
53.0,-112.8,0,0,0,0
53.0,-112.5,0,0,0,0
53.0,-111.8,0,0,0,0
53.0,-111.5,0,0,0,0
53.0,-110.9,1,0,0,0
53.0,-110.6,0,0,0,0
53.0,-109.6,0,0,0,0
53.0,-109.3,0,0,0,0
53.0,-108.7,1,0,0,0
53.0,-108.4,0,0,0,0
53.0,-108.1,0,0,0,0
53.0,-107.4,0,0,0,0
53.0,-107.1,0,0,0,0
53.0,-106.2,1,0,0,0
53.0,-105.9,0,0,0,0
53.0,-105.6,0,0,0,0
53.0,-104.6,0,0,0,0
53.0,-104.3,0,0,0,0
53.0,-104.0,0,1,0,0
53.0,-103.1,1,0,0,0
53.0,-102.8,0,0,0,0
53.0,-102.5,0,0,0,0
53.0,-101.3,1,0,0,0
53.0,-101.0,0,0,0,0
53.0,-100.7,0,0,0,0
53.0,-100.4,0,0,0,0
53.0,-98.8,0,0,0,0
53.0,-98.5,0,0,0,0
53.0,-98.2,0,0,0,0
53.0,-97.9,0,0,0,0
53.0,-97.6,0,1,0,0
53.0,-95.2,1,0,0,0
53.0,-94.9,0,0,0,0
53.0,-94.6,0,0,0,0
53.0,-94.3,0,0,0,0
53.0,-94.0,0,0,0,0
53.0,-93.7,0,0,0,0
53.0,-93.4,0,0,0,0
53.0,-93.1,0,0,0,0
53.0,-92.8,0,0,0,0
53.0,-92.5,0,0,0,0
53.0,-92.2,0,0,0,0
53.0,-91.9,0,0,0,0
53.0,-91.6,0,0,0,0
53.0,-91.3,0,0,0,0
53.0,-91.0,0,0,0,0
53.0,-90.7,0,0,0,0
53.0,-90.4,0,0,0,0
53.0,-90.1,0,0,0,0
53.0,-89.8,0,0,0,0
53.0,-89.5,0,0,0,0
53.0,-89.2,0,0,0,0
53.0,-88.9,0,0,0,0
53.0,-88.6,0,0,0,0
53.0,-88.3,0,0,0,0
53.0,-86.1,0,0,0,0
53.0,-85.8,0,0,0,0
53.0,-85.5,0,0,0,0
53.0,-85.2,0,0,0,0
53.0,-84.9,1,0,0,0
53.0,-83.4,0,1,0,0
53.0,-83.1,0,0,0,0
53.0,-82.8,0,0,0,0
53.0,-82.5,0,0,0,0
53.0,-81.2,0,0,0,0
53.0,-81.0,0,0,0,0
53.0,-80.7,0,0,0,0
53.0,-79.7,0,0,0,0
53.0,-79.1,0,0,0,0
53.0,-78.2,0,1,0,0
53.0,-77.9,0,0,0,0
53.0,-77.6,0,0,0,0
53.0,-76.6,0,0,0,0
53.0,-76.3,1,0,0,0
53.0,-75.4,0,0,0,0
53.0,-75.1,0,0,0,0
53.0,-74.4,0,0,0,0
53.0,-74.1,0,0,0,0
53.0,-73.2,0,0,0,0
53.0,-72.9,0,0,0,0
53.0,-72.2,0,0,0,0
53.0,-71.9,0,0,0,0
53.0,-71.3,0,0,0,0
53.0,-71.0,0,0,0,0
53.0,-70.3,0,0,0,0
53.0,-70.0,0,0,0,0
53.0,-69.4,0,0,0,0
53.0,-68.7,0,0,0,0
53.0,-68.4,0,0,0,0
53.0,-67.7,0,0,0,0
53.0,-67.1,0,0,0,0
53.0,-66.8,0,0,0,0
53.0,-66.1,0,0,0,0
53.0,-65.4,0,0,0,0
53.0,-65.2,0,0,0,0
53.0,-64.8,0,0,0,0
53.0,-64.5,0,0,0,0
53.0,-63.8,0,0,0,0
53.0,-63.1,0,0,0,0
53.0,-62.5,0,0,0,0
53.0,-61.8,0,0,0,0
53.0,-61.1,0,0,0,0
53.0,-60.4,0,0,0,0
53.0,-60.0,0,0,0,0
53.0,-59.8,0,0,0,0
53.0,-59.3,0,0,0,0
53.0,-58.7,0,0,0,0
53.0,-58.0,0,0,0,0
53.0,-57.6,0,0,0,0
53.0,-57.3,0,0,0,0
53.0,-56.9,0,0,0,0
53.0,-56.2,0,0,0,0
53.0,-55.8,0,0,0,0
53.1,-132.5,0,0,0,0
53.1,-132.0,0,0,0,0
53.1,-131.6,0,0,0,0
53.1,-129.9,0,0,0,0
53.1,-129.4,0,0,0,0
53.1,-128.8,0,0,0,0
53.1,-128.3,0,0,0,0
53.1,-127.7,0,0,0,0
53.1,-127.3,0,0,0,0
53.1,-126.6,0,0,0,0
53.1,-125.9,0,0,0,0
53.1,-125.5,0,0,0,0
53.1,-124.8,0,0,0,0
53.1,-124.1,0,0,0,0
53.1,-123.5,0,0,0,0
53.1,-123.0,0,0,0,0
53.1,-122.8,0,0,0,0
53.1,-122.4,0,0,0,0
53.1,-122.1,0,0,0,0
53.1,-121.7,0,0,0,0
53.1,-121.4,0,0,0,0
53.1,-121.0,0,0,0,0
53.1,-120.7,0,0,0,0
53.1,-120.3,0,0,0,0
53.1,-120.1,0,0,0,0
53.1,-119.7,0,0,0,0
53.1,-119.4,0,0,0,0
53.1,-118.7,0,0,0,0
53.1,-118.0,0,0,0,0
53.1,-117.4,0,0,0,0
53.1,-117.1,0,0,0,0
53.1,-116.4,0,0,0,0
53.1,-115.7,0,0,0,0
53.1,-115.5,0,0,0,0
53.1,-114.8,0,0,0,0
53.1,-114.1,0,0,0,0
53.1,-113.8,0,0,0,0
53.1,-113.1,0,0,0,0
53.1,-112.9,0,0,0,0
53.1,-112.2,0,0,0,0
53.1,-111.9,0,0,0,0
53.1,-111.2,0,0,0,0
53.1,-110.9,0,1,0,0
53.1,-110.3,0,0,0,0
53.1,-110.0,0,0,0,0
53.1,-109.0,0,0,0,0
53.1,-108.7,0,1,0,0
53.1,-107.8,0,0,0,0
53.1,-107.5,0,0,0,0
53.1,-106.8,0,0,0,0
53.1,-106.5,0,0,0,0
53.1,-106.2,0,1,0,0
53.1,-105.3,0,0,0,0
53.1,-105.0,0,0,0,0
53.1,-104.7,0,0,0,0
53.1,-103.7,0,0,0,0
53.1,-103.4,0,0,0,0
53.1,-103.1,0,1,0,0
53.1,-102.2,0,0,0,0
53.1,-101.9,0,0,0,0
53.1,-101.6,0,0,0,0
53.1,-101.3,0,1,0,0
53.1,-100.1,1,0,0,0
53.1,-99.8,0,0,0,0
53.1,-99.5,0,0,0,0
53.1,-99.2,0,0,0,0
53.1,-98.9,0,0,0,0
53.1,-97.3,0,0,0,0
53.1,-97.0,0,0,0,0
53.1,-96.7,0,0,0,0
53.1,-96.4,0,0,0,0
53.1,-96.1,0,0,0,0
53.1,-95.8,0,0,0,0
53.1,-95.5,0,0,0,0
53.1,-95.2,0,1,0,0
53.1,-88.5,0,0,0,0
53.1,-88.2,0,0,0,0
53.1,-87.9,0,0,0,0
53.1,-87.6,0,0,0,0
53.1,-87.3,0,0,0,0
53.1,-87.0,0,0,0,0
53.1,-86.7,0,0,0,0
53.1,-86.4,1,0,0,0
53.1,-84.9,0,1,0,0
53.1,-84.6,0,0,0,0
53.1,-84.3,0,0,0,0
53.1,-84.0,0,0,0,0
53.1,-83.7,0,0,0,0
53.1,-82.4,0,0,0,0
53.1,-82.1,0,0,0,0
53.1,-81.8,0,0,0,0
53.1,-81.5,1,0,0,0
53.1,-80.0,0,0,0,0
53.1,-78.8,0,0,0,0
53.1,-78.5,0,0,0,0
53.1,-77.5,0,0,0,0
53.1,-77.2,0,0,0,0
53.1,-76.9,0,0,0,0
53.1,-76.3,0,1,0,0
53.1,-76.0,0,0,0,0
53.1,-75.7,0,0,0,0
53.1,-75.0,0,0,0,0
53.1,-74.7,0,0,0,0
53.1,-73.8,0,0,0,0
53.1,-73.5,0,0,0,0
53.1,-72.8,0,0,0,0
53.1,-72.5,0,0,0,0
53.1,-71.8,0,0,0,0
53.1,-71.6,0,0,0,0
53.1,-70.9,0,0,0,0
53.1,-70.6,0,0,0,0
53.1,-69.9,0,0,0,0
53.1,-69.6,0,0,0,0
53.1,-69.0,0,0,0,0
53.1,-68.0,0,0,0,0
53.1,-67.3,0,0,0,0
53.1,-66.7,0,0,0,0
53.1,-66.4,0,0,0,0
53.1,-65.7,0,0,0,0
53.1,-65.0,0,0,0,0
53.1,-64.4,0,0,0,0
53.1,-64.1,0,0,0,0
53.1,-63.7,0,0,0,0
53.1,-63.4,0,0,0,0
53.1,-62.7,0,0,0,0
53.1,-62.1,0,0,0,0
53.1,-61.4,0,0,0,0
53.1,-61.0,0,0,0,0
53.1,-60.7,0,0,0,0
53.1,-60.3,0,0,0,0
53.1,-59.6,0,0,0,0
53.1,-58.9,0,0,0,0
53.1,-58.3,0,0,0,0
53.1,-57.8,0,0,0,0
53.1,-57.2,0,0,0,0
53.1,-56.5,0,0,0,0
53.1,-56.1,0,0,0,0
53.2,-132.2,0,0,0,0
53.2,-131.8,0,0,0,0
53.2,-129.6,0,0,0,0
53.2,-129.2,0,0,0,0
53.2,-128.5,0,0,0,0
53.2,-128.1,0,0,0,0
53.2,-127.4,0,0,0,0
53.2,-127.0,0,0,0,0
53.2,-126.3,0,0,0,0
53.2,-125.6,0,0,0,0
53.2,-125.2,0,0,0,0
53.2,-124.5,0,0,0,0
53.2,-123.9,0,0,0,0
53.2,-123.2,0,0,0,0
53.2,-122.5,0,0,0,0
53.2,-121.8,0,0,0,0
53.2,-121.2,0,0,0,0
53.2,-120.5,0,0,0,0
53.2,-119.8,0,0,0,0
53.2,-119.1,0,0,0,0
53.2,-118.4,0,0,0,0
53.2,-117.8,0,0,0,0
53.2,-117.5,0,0,0,0
53.2,-116.8,0,0,0,0
53.2,-116.1,0,0,0,0
53.2,-115.2,0,0,0,0
53.2,-114.5,0,0,0,0
53.2,-114.2,0,0,0,0
53.2,-113.5,0,0,0,0
53.2,-113.2,0,0,0,0
53.2,-112.6,0,0,0,0
53.2,-111.6,0,0,0,0
53.2,-111.3,0,0,0,0
53.2,-110.7,0,0,0,0
53.2,-110.4,0,0,0,0
53.2,-109.7,0,0,0,0
53.2,-109.4,0,0,0,0
53.2,-108.4,0,0,0,0
53.2,-108.2,0,0,0,0
53.2,-107.2,0,0,0,0
53.2,-106.9,0,0,0,0
53.2,-105.9,0,0,0,0
53.2,-105.6,0,0,0,0
53.2,-104.4,0,0,0,0
53.2,-104.1,0,0,0,0
53.2,-102.9,0,0,0,0
53.2,-102.6,0,0,0,0
53.2,-102.3,0,0,0,0
53.2,-101.0,0,0,0,0
53.2,-100.7,0,0,0,0
53.2,-100.4,0,0,0,0
53.2,-100.1,0,1,0,0
53.2,-98.6,0,0,0,0
53.2,-98.3,0,0,0,0
53.2,-98.0,0,0,0,0
53.2,-97.7,0,0,0,0
53.2,-97.4,0,0,0,0
53.2,-94.9,0,0,0,0
53.2,-94.6,0,0,0,0
53.2,-94.3,0,0,0,0
53.2,-94.0,0,0,0,0
53.2,-93.7,0,0,0,0
53.2,-93.4,0,0,0,0
53.2,-93.1,0,0,0,0
53.2,-92.8,0,0,0,0
53.2,-92.5,0,0,0,0
53.2,-92.2,0,0,0,0
53.2,-91.9,0,0,0,0
53.2,-91.6,0,0,0,0
53.2,-91.3,0,0,0,0
53.2,-91.0,0,0,0,0
53.2,-90.7,0,0,0,0
53.2,-90.4,0,0,0,0
53.2,-90.1,0,0,0,0
53.2,-89.8,0,0,0,0
53.2,-89.4,0,0,0,0
53.2,-89.1,0,0,0,0
53.2,-88.8,0,0,0,0
53.2,-86.4,0,1,0,0
53.2,-86.1,0,0,0,0
53.2,-85.8,0,0,0,0
53.2,-85.5,0,0,0,0
53.2,-85.2,0,0,0,0
53.2,-83.6,0,0,0,0
53.2,-83.3,0,0,0,0
53.2,-83.0,0,0,0,0
53.2,-82.7,0,0,0,0
53.2,-81.5,0,1,0,0
53.2,-81.2,0,0,0,0
53.2,-80.9,0,0,0,0
53.2,-79.7,0,0,0,0
53.2,-79.1,0,0,0,0
53.2,-78.1,0,0,0,0
53.2,-77.8,0,0,0,0
53.2,-76.8,0,0,0,0
53.2,-76.6,0,0,0,0
53.2,-75.6,0,0,0,0
53.2,-75.3,0,0,0,0
53.2,-74.3,0,0,0,0
53.2,-74.1,0,0,0,0
53.2,-73.4,0,0,0,0
53.2,-73.1,0,0,0,0
53.2,-72.4,0,0,0,0
53.2,-72.1,0,0,0,0
53.2,-71.2,0,0,0,0
53.2,-70.2,0,0,0,0
53.2,-69.5,0,0,0,0
53.2,-69.3,0,0,0,0
53.2,-68.6,0,0,0,0
53.2,-68.3,0,0,0,0
53.2,-67.6,0,0,0,0
53.2,-66.9,0,0,0,0
53.2,-66.3,0,0,0,0
53.2,-66.0,0,0,0,0
53.2,-65.3,0,0,0,0
53.2,-64.6,0,0,0,0
53.2,-64.0,0,0,0,0
53.2,-63.3,0,0,0,0
53.2,-63.0,0,0,0,0
53.2,-62.6,0,0,0,0
53.2,-62.3,0,0,0,0
53.2,-61.9,0,0,0,0
53.2,-61.6,0,0,0,0
53.2,-61.2,0,0,0,0
53.2,-60.6,0,0,0,0
53.2,-59.9,0,0,0,0
53.2,-59.2,0,0,0,0
53.2,-58.5,0,0,0,0
53.2,-58.1,0,0,0,0
53.2,-57.4,0,0,0,0
53.2,-56.8,0,0,0,0
53.2,-56.3,0,0,0,0
53.2,-55.7,0,0,0,0
53.3,-132.6,0,0,0,0
53.3,-130.4,0,0,0,0
53.3,-130.0,0,0,0,0
53.3,-129.4,0,0,0,0
53.3,-128.9,0,0,0,0
53.3,-128.3,0,0,0,0
53.3,-127.8,0,0,0,0
53.3,-127.2,0,0,0,0
53.3,-126.7,0,0,0,0
53.3,-126.1,0,0,0,0
53.3,-125.4,0,0,0,0
53.3,-125.0,0,0,0,0
53.3,-124.7,0,0,0,0
53.3,-124.3,0,0,0,0
53.3,-123.6,0,0,0,0
53.3,-122.9,0,0,0,0
53.3,-122.2,0,0,0,0
53.3,-121.6,0,0,0,0
53.3,-120.9,0,0,0,0
53.3,-120.2,0,0,0,0
53.3,-119.5,0,0,0,0
53.3,-118.8,0,0,0,0
53.3,-118.2,0,0,0,0
53.3,-117.9,0,0,0,0
53.3,-117.2,0,0,0,0
53.3,-116.5,0,0,0,0
53.3,-115.8,0,0,0,0
53.3,-115.6,0,0,0,0
53.3,-114.9,0,0,0,0
53.3,-114.6,0,0,0,0
53.3,-113.9,0,0,0,0
53.3,-113.0,0,0,0,0
53.3,-112.3,0,0,0,0
53.3,-112.0,0,0,0,0
53.3,-111.0,0,0,0,0
53.3,-110.1,0,0,0,0
53.3,-109.8,0,0,0,0
53.3,-109.1,0,0,0,0
53.3,-108.8,0,0,0,0
53.3,-107.9,1,0,0,0
53.3,-107.6,0,0,0,0
53.3,-106.6,0,0,0,0
53.3,-106.3,0,0,0,0
53.3,-105.4,1,0,0,0
53.3,-105.1,0,0,0,0
53.3,-104.8,0,0,0,0
53.3,-103.8,0,0,0,0
53.3,-103.5,0,0,0,0
53.3,-103.2,0,0,0,0
53.3,-102.0,1,0,0,0
53.3,-101.7,0,0,0,0
53.3,-101.4,0,0,0,0
53.3,-101.0,0,0,0,0
53.3,-99.8,1,0,0,0
53.3,-99.5,0,0,0,0
53.3,-99.2,0,0,0,0
53.3,-98.9,0,0,0,0
53.3,-98.6,0,0,0,0
53.3,-97.0,0,0,0,0
53.3,-96.7,0,0,0,0
53.3,-96.4,0,0,0,0
53.3,-96.1,0,0,0,0
53.3,-95.8,0,0,0,0
53.3,-95.5,0,0,0,0
53.3,-95.2,0,0,0,0
53.3,-94.9,0,0,0,0
53.3,-94.6,0,0,0,0
53.3,-94.3,0,0,0,0
53.3,-89.4,0,0,0,0
53.3,-89.1,0,0,0,0
53.3,-88.8,0,0,0,0
53.3,-88.5,0,0,0,0
53.3,-88.2,0,0,0,0
53.3,-87.9,0,0,0,0
53.3,-87.6,0,0,0,0
53.3,-87.3,0,0,0,0
53.3,-87.0,1,0,0,0
53.3,-86.7,1,0,0,0
53.3,-85.2,0,0,0,0
53.3,-84.9,0,0,0,0
53.3,-84.6,0,0,0,0
53.3,-84.3,0,0,0,0
53.3,-83.9,1,0,0,0
53.3,-82.7,0,0,0,0
53.3,-82.4,0,0,0,0
53.3,-82.1,0,0,0,0
53.3,-81.8,0,0,0,0
53.3,-80.2,0,0,0,0
53.3,-79.9,1,0,0,0
53.3,-79.0,0,0,0,0
53.3,-78.7,0,0,0,0
53.3,-78.4,0,0,0,0
53.3,-77.4,0,0,0,0
53.3,-77.1,1,0,0,0
53.3,-76.2,0,0,0,0
53.3,-75.9,0,0,0,0
53.3,-74.9,0,0,0,0
53.3,-74.6,1,0,0,0
53.3,-74.0,0,0,0,0
53.3,-73.7,0,0,0,0
53.3,-72.7,0,0,0,0
53.3,-71.8,0,0,0,0
53.3,-71.5,0,0,0,0
53.3,-70.8,0,0,0,0
53.3,-70.5,0,0,0,0
53.3,-69.8,0,0,0,0
53.3,-69.1,0,0,0,0
53.3,-68.9,0,0,0,0
53.3,-68.2,0,0,0,0
53.3,-67.9,0,0,0,0
53.3,-67.2,0,0,0,0
53.3,-66.5,0,0,0,0
53.3,-65.9,0,0,0,0
53.3,-65.6,0,0,0,0
53.3,-64.9,0,0,0,0
53.3,-64.2,0,0,0,0
53.3,-63.5,0,0,0,0
53.3,-62.9,0,0,0,0
53.3,-62.2,0,0,0,0
53.3,-61.5,0,0,0,0
53.3,-60.8,0,0,0,0
53.3,-60.1,0,0,0,0
53.3,-59.5,0,0,0,0
53.3,-59.0,0,0,0,0
53.3,-58.8,0,0,0,0
53.3,-58.4,0,0,0,0
53.3,-57.7,0,0,0,0
53.3,-57.0,0,0,0,0
53.3,-56.6,0,0,0,0
53.3,-55.9,0,0,0,0
53.4,-132.8,0,0,0,0
53.4,-132.4,0,0,0,0
53.4,-132.0,0,0,0,0
53.4,-130.2,0,0,0,0
53.4,-129.8,0,0,0,0
53.4,-129.1,0,0,0,0
53.4,-128.7,0,0,0,0
53.4,-128.0,0,0,0,0
53.4,-127.6,0,0,0,0
53.4,-126.9,0,0,0,0
53.4,-126.5,0,0,0,0
53.4,-126.2,0,0,0,0
53.4,-125.8,0,0,0,0
53.4,-125.1,0,0,0,0
53.4,-124.4,0,0,0,0
53.4,-124.0,0,0,0,0
53.4,-123.8,0,0,0,0
53.4,-123.3,0,0,0,0
53.4,-122.7,0,0,0,0
53.4,-122.0,0,0,0,0
53.4,-121.3,0,0,0,0
53.4,-120.6,0,0,0,0
53.4,-119.9,0,0,0,0
53.4,-119.2,0,0,0,0
53.4,-119.0,0,0,0,0
53.4,-118.6,0,0,0,0
53.4,-118.3,0,0,0,0
53.4,-117.6,0,0,0,0
53.4,-116.9,0,0,0,0
53.4,-116.2,0,0,0,0
53.4,-116.0,0,0,0,0
53.4,-115.3,0,0,0,0
53.4,-115.0,0,0,0,0
53.4,-114.3,0,0,0,0
53.4,-113.6,0,0,0,0
53.4,-113.3,0,0,0,0
53.4,-112.7,0,0,0,0
53.4,-112.4,0,0,0,0
53.4,-111.7,0,0,0,0
53.4,-111.4,0,0,0,0
53.4,-110.7,0,0,0,0
53.4,-110.5,0,0,0,0
53.4,-109.5,0,0,0,0
53.4,-109.2,0,0,0,0
53.4,-108.5,0,0,0,0
53.4,-108.2,0,0,0,0
53.4,-107.9,0,1,0,0
53.4,-107.3,1,0,0,0
53.4,-107.0,0,0,0,0
53.4,-106.7,0,0,0,0
53.4,-106.0,0,0,0,0
53.4,-105.7,0,0,0,0
53.4,-105.4,0,1,0,0
53.4,-104.5,1,0,0,0
53.4,-104.2,0,0,0,0
53.4,-103.9,0,0,0,0
53.4,-102.9,0,0,0,0
53.4,-102.6,0,0,0,0
53.4,-102.3,0,0,0,0
53.4,-102.0,0,1,0,0
53.4,-100.7,0,0,0,0
53.4,-100.4,0,0,0,0
53.4,-100.1,0,0,0,0
53.4,-99.8,0,1,0,0
53.4,-98.3,1,0,0,0
53.4,-98.0,0,0,0,0
53.4,-97.7,0,0,0,0
53.4,-97.4,0,0,0,0
53.4,-97.1,0,0,0,0
53.4,-96.8,0,0,0,0
53.4,-94.0,1,0,0,0
53.4,-93.7,1,0,0,0
53.4,-93.4,1,0,0,0
53.4,-93.1,0,0,0,0
53.4,-92.8,0,0,0,0
53.4,-92.5,0,0,0,0
53.4,-92.2,0,0,0,0
53.4,-91.9,0,0,0,0
53.4,-91.6,0,0,0,0
53.4,-91.3,0,0,0,0
53.4,-91.0,0,0,0,0
53.4,-90.7,0,0,0,0
53.4,-90.4,0,0,0,0
53.4,-90.0,1,0,0,0
53.4,-89.7,1,0,0,0
53.4,-87.0,0,1,0,0
53.4,-86.7,0,1,0,0
53.4,-86.4,0,0,0,0
53.4,-86.1,0,0,0,0
53.4,-85.8,0,0,0,0
53.4,-85.5,0,0,0,0
53.4,-83.9,0,1,0,0
53.4,-83.6,0,0,0,0
53.4,-83.3,0,0,0,0
53.4,-83.0,0,0,0,0
53.4,-79.9,0,1,0,0
53.4,-79.6,0,0,0,0
53.4,-79.3,0,0,0,0
53.4,-78.3,0,0,0,0
53.4,-78.0,0,0,0,0
53.4,-77.7,1,0,0,0
53.4,-77.1,0,1,0,0
53.4,-76.8,0,0,0,0
53.4,-76.5,0,0,0,0
53.4,-75.5,0,0,0,0
53.4,-75.2,0,0,0,0
53.4,-74.6,0,1,0,0
53.4,-74.3,0,0,0,0
53.4,-73.3,0,0,0,0
53.4,-73.0,0,0,0,0
53.4,-72.3,0,0,0,0
53.4,-72.0,0,0,0,0
53.4,-71.4,0,0,0,0
53.4,-71.1,0,0,0,0
53.4,-70.4,0,0,0,0
53.4,-70.1,0,0,0,0
53.4,-69.4,0,0,0,0
53.4,-68.5,0,0,0,0
53.4,-67.8,0,0,0,0
53.4,-67.5,0,0,0,0
53.4,-66.8,0,0,0,0
53.4,-66.1,0,0,0,0
53.4,-65.5,0,0,0,0
53.4,-65.2,0,0,0,0
53.4,-64.5,0,0,0,0
53.4,-63.8,0,0,0,0
53.4,-63.1,0,0,0,0
53.4,-62.5,0,0,0,0
53.4,-61.8,0,0,0,0
53.4,-61.1,0,0,0,0
53.4,-60.4,0,0,0,0
53.4,-59.7,0,0,0,0
53.4,-59.3,0,0,0,0
53.4,-58.6,0,0,0,0
53.4,-58.0,0,0,0,0
53.4,-57.3,0,0,0,0
53.4,-56.9,0,0,0,0
53.4,-56.2,0,0,0,0
53.4,-55.8,0,0,0,0
53.5,-132.6,0,0,0,0
53.5,-132.2,0,0,0,0
53.5,-131.7,0,0,0,0
53.5,-130.6,0,0,0,0
53.5,-129.9,0,0,0,0
53.5,-129.5,0,0,0,0
53.5,-128.8,0,0,0,0
53.5,-128.4,0,0,0,0
53.5,-127.7,0,0,0,0
53.5,-127.3,0,0,0,0
53.5,-126.6,0,0,0,0
53.5,-126.0,0,0,0,0
53.5,-125.5,0,0,0,0
53.5,-124.8,0,0,0,0
53.5,-124.2,0,0,0,0
53.5,-123.5,0,0,0,0
53.5,-123.1,0,0,0,0
53.5,-122.8,0,0,0,0
53.5,-122.4,0,0,0,0
53.5,-121.7,0,0,0,0
53.5,-121.0,0,0,0,0
53.5,-120.3,0,0,0,0
53.5,-120.1,0,0,0,0
53.5,-119.6,0,0,0,0
53.5,-119.4,0,0,0,0
53.5,-118.7,0,0,0,0
53.5,-118.0,0,0,0,0
53.5,-117.3,0,0,0,0
53.5,-116.6,0,0,0,0
53.5,-116.4,0,0,0,0
53.5,-115.7,0,0,0,0
53.5,-114.7,0,0,0,0
53.5,-114.0,0,0,0,0
53.5,-113.7,0,0,0,0
53.5,-113.1,0,0,0,0
53.5,-112.8,0,0,0,0
53.5,-112.1,0,0,0,0
53.5,-111.8,0,0,0,0
53.5,-111.1,0,0,0,0
53.5,-110.8,0,0,0,0
53.5,-110.2,1,0,0,0
53.5,-109.9,0,0,0,0
53.5,-108.9,0,0,0,0
53.5,-108.6,0,0,0,0
53.5,-107.6,0,0,0,0
53.5,-107.3,0,1,0,0
53.5,-106.4,0,0,0,0
53.5,-106.1,0,0,0,0
53.5,-105.1,0,0,0,0
53.5,-104.8,0,0,0,0
53.5,-104.5,0,1,0,0
53.5,-103.6,1,0,0,0
53.5,-103.3,0,0,0,0
53.5,-103.0,0,0,0,0
53.5,-101.7,0,0,0,0
53.5,-101.4,0,0,0,0
53.5,-101.1,0,0,0,0
53.5,-99.5,0,0,0,0
53.5,-99.2,0,0,0,0
53.5,-98.9,0,0,0,0
53.5,-98.6,0,0,0,0
53.5,-98.3,0,1,0,0
53.5,-96.5,1,0,0,0
53.5,-96.2,0,0,0,0
53.5,-95.9,0,0,0,0
53.5,-95.5,0,0,0,0
53.5,-95.2,0,0,0,0
53.5,-94.9,0,0,0,0
53.5,-94.6,0,0,0,0
53.5,-94.3,0,0,0,0
53.5,-94.0,0,1,0,0
53.5,-93.7,0,1,0,0
53.5,-93.4,0,1,0,0
53.5,-90.3,0,0,0,0
53.5,-90.0,0,1,0,0
53.5,-89.7,0,1,0,0
53.5,-89.4,0,0,0,0
53.5,-89.1,0,0,0,0
53.5,-88.8,0,0,0,0
53.5,-88.5,0,0,0,0
53.5,-88.2,0,0,0,0
53.5,-87.9,0,0,0,0
53.5,-87.6,0,0,0,0
53.5,-87.3,1,0,0,0
53.5,-85.4,0,0,0,0
53.5,-85.1,0,0,0,0
53.5,-84.8,0,0,0,0
53.5,-84.5,0,0,0,0
53.5,-84.2,1,0,0,0
53.5,-82.7,0,0,0,0
53.5,-82.4,0,0,0,0
53.5,-82.1,0,0,0,0
53.5,-80.2,0,0,0,0
53.5,-79.2,0,0,0,0
53.5,-78.9,0,0,0,0
53.5,-78.6,1,0,0,0
53.5,-77.7,0,1,0,0
53.5,-77.4,0,0,0,0
53.5,-76.4,0,0,0,0
53.5,-76.1,0,0,0,0
53.5,-75.8,0,0,0,0
53.5,-75.1,0,0,0,0
53.5,-74.8,0,0,0,0
53.5,-73.9,0,0,0,0
53.5,-73.6,0,0,0,0
53.5,-72.9,0,0,0,0
53.5,-72.6,0,0,0,0
53.5,-71.9,0,0,0,0
53.5,-71.7,0,0,0,0
53.5,-71.0,0,0,0,0
53.5,-70.7,0,0,0,0
53.5,-70.0,0,0,0,0
53.5,-69.7,0,0,0,0
53.5,-69.0,0,0,0,0
53.5,-68.8,0,0,0,0
53.5,-68.1,0,0,0,0
53.5,-67.4,0,0,0,0
53.5,-67.1,0,0,0,0
53.5,-66.4,0,0,0,0
53.5,-65.7,0,0,0,0
53.5,-65.1,0,0,0,0
53.5,-64.8,0,0,0,0
53.5,-64.4,0,0,0,0
53.5,-64.1,0,0,0,0
53.5,-63.4,0,0,0,0
53.5,-62.7,0,0,0,0
53.5,-62.0,0,0,0,0
53.5,-61.4,0,0,0,0
53.5,-60.7,0,0,0,0
53.5,-60.3,0,0,0,0
53.5,-60.0,0,0,0,0
53.5,-59.6,0,0,0,0
53.5,-58.9,0,0,0,0
53.5,-58.2,0,0,0,0
53.5,-57.8,0,0,0,0
53.5,-57.5,0,0,0,0
53.5,-57.1,0,0,0,0
53.5,-56.4,0,0,0,0
53.5,-56.0,0,0,0,0
53.6,-133.0,0,0,0,0
53.6,-132.3,0,0,0,0
53.6,-131.9,0,0,0,0
53.6,-130.4,0,0,0,0
53.6,-129.7,0,0,0,0
53.6,-129.3,0,0,0,0
53.6,-128.6,0,0,0,0
53.6,-128.2,0,0,0,0
53.6,-127.5,0,0,0,0
53.6,-127.1,0,0,0,0
53.6,-126.4,0,0,0,0
53.6,-125.7,0,0,0,0
53.6,-125.3,0,0,0,0
53.6,-124.6,0,0,0,0
53.6,-123.9,0,0,0,0
53.6,-123.2,0,0,0,0
53.6,-122.5,0,0,0,0
53.6,-122.1,0,0,0,0
53.6,-121.8,0,0,0,0
53.6,-121.4,0,0,0,0
53.6,-121.2,0,0,0,0
53.6,-120.7,0,0,0,0
53.6,-120.5,0,0,0,0
53.6,-119.8,0,0,0,0
53.6,-119.1,0,0,0,0
53.6,-118.4,0,0,0,0
53.6,-117.7,0,0,0,0
53.6,-117.4,0,0,0,0
53.6,-117.0,0,0,0,0
53.6,-116.8,0,0,0,0
53.6,-116.1,0,0,0,0
53.6,-115.4,0,0,0,0
53.6,-115.1,0,0,0,0
53.6,-114.4,0,0,0,0
53.6,-114.1,0,0,0,0
53.6,-113.5,0,0,0,0
53.6,-112.5,0,0,0,0
53.6,-111.5,0,0,0,0
53.6,-111.2,0,0,0,0
53.6,-110.5,0,0,0,0
53.6,-110.2,0,1,0,0
53.6,-109.6,0,0,0,0
53.6,-109.3,0,0,0,0
53.6,-108.3,0,0,0,0
53.6,-108.0,0,0,0,0
53.6,-107.0,0,0,0,0
53.6,-106.7,0,0,0,0
53.6,-105.8,1,0,0,0
53.6,-105.5,0,0,0,0
53.6,-105.2,0,0,0,0
53.6,-104.2,0,0,0,0
53.6,-103.9,0,0,0,0
53.6,-103.6,0,1,0,0
53.6,-102.7,1,0,0,0
53.6,-102.4,0,0,0,0
53.6,-102.0,0,0,0,0
53.6,-100.8,1,0,0,0
53.6,-100.5,0,0,0,0
53.6,-100.2,0,0,0,0
53.6,-99.9,0,0,0,0
53.6,-99.6,0,0,0,0
53.6,-98.0,1,0,0,0
53.6,-97.7,0,0,0,0
53.6,-97.4,0,0,0,0
53.6,-97.1,0,0,0,0
53.6,-96.8,0,0,0,0
53.6,-96.5,0,1,0,0
53.6,-93.1,1,0,0,0
53.6,-92.8,1,0,0,0
53.6,-92.5,1,0,0,0
53.6,-92.2,1,0,0,0
53.6,-91.9,1,0,0,0
53.6,-91.6,1,0,0,0
53.6,-91.3,1,0,0,0
53.6,-91.0,1,0,0,0
53.6,-90.6,1,0,0,0
53.6,-87.3,0,1,0,0
53.6,-87.0,0,0,0,0
53.6,-86.7,0,0,0,0
53.6,-86.3,0,0,0,0
53.6,-86.0,0,0,0,0
53.6,-85.7,1,0,0,0
53.6,-84.2,0,1,0,0
53.6,-83.9,0,0,0,0
53.6,-83.6,0,0,0,0
53.6,-83.3,0,0,0,0
53.6,-83.0,0,0,0,0
53.6,-79.8,0,0,0,0
53.6,-79.5,0,0,0,0
53.6,-78.6,0,1,0,0
53.6,-78.3,0,0,0,0
53.6,-78.0,0,0,0,0
53.6,-77.0,0,0,0,0
53.6,-76.7,0,0,0,0
53.6,-75.7,0,0,0,0
53.6,-75.4,0,0,0,0
53.6,-74.5,0,0,0,0
53.6,-74.2,0,0,0,0
53.6,-73.5,0,0,0,0
53.6,-73.2,0,0,0,0
53.6,-72.2,0,0,0,0
53.6,-71.3,0,0,0,0
53.6,-70.3,0,0,0,0
53.6,-69.6,0,0,0,0
53.6,-69.3,0,0,0,0
53.6,-68.6,0,0,0,0
53.6,-68.4,0,0,0,0
53.6,-67.7,0,0,0,0
53.6,-67.0,0,0,0,0
53.6,-66.7,0,0,0,0
53.6,-66.0,0,0,0,0
53.6,-65.3,0,0,0,0
53.6,-64.7,0,0,0,0
53.6,-64.0,0,0,0,0
53.6,-63.7,0,0,0,0
53.6,-63.3,0,0,0,0
53.6,-63.0,0,0,0,0
53.6,-62.6,0,0,0,0
53.6,-62.3,0,0,0,0
53.6,-61.9,0,0,0,0
53.6,-61.6,0,0,0,0
53.6,-61.2,0,0,0,0
53.6,-61.0,0,0,0,0
53.6,-60.5,0,0,0,0
53.6,-59.9,0,0,0,0
53.6,-59.2,0,0,0,0
53.6,-58.5,0,0,0,0
53.6,-58.1,0,0,0,0
53.6,-57.4,0,0,0,0
53.6,-56.7,0,0,0,0
53.6,-56.3,0,0,0,0
53.7,-133.2,0,0,0,0
53.7,-132.8,0,0,0,0
53.7,-130.5,0,0,0,0
53.7,-130.1,0,0,0,0
53.7,-129.4,0,0,0,0
53.7,-129.0,0,0,0,0
53.7,-128.3,0,0,0,0
53.7,-127.9,0,0,0,0
53.7,-127.2,0,0,0,0
53.7,-126.8,0,0,0,0
53.7,-126.1,0,0,0,0
53.7,-125.4,0,0,0,0
53.7,-125.0,0,0,0,0
53.7,-124.7,0,0,0,0
53.7,-124.3,0,0,0,0
53.7,-123.6,0,0,0,0
53.7,-122.9,0,0,0,0
53.7,-122.3,0,0,0,0
53.7,-121.6,0,0,0,0
53.7,-120.9,0,0,0,0
53.7,-120.2,0,0,0,0
53.7,-119.5,0,0,0,0
53.7,-118.8,0,0,0,0
53.7,-118.1,0,0,0,0
53.7,-117.8,0,0,0,0
53.7,-117.2,0,0,0,0
53.7,-116.5,0,0,0,0
53.7,-115.8,0,0,0,0
53.7,-115.5,0,0,0,0
53.7,-114.8,0,0,0,0
53.7,-114.5,0,0,0,0
53.7,-113.8,0,0,0,0
53.7,-113.2,0,0,0,0
53.7,-112.9,0,0,0,0
53.7,-112.2,0,0,0,0
53.7,-111.9,0,0,0,0
53.7,-110.9,0,0,0,0
53.7,-110.0,0,0,0,0
53.7,-109.7,0,0,0,0
53.7,-109.0,0,0,0,0
53.7,-108.7,0,0,0,0
53.7,-107.7,0,0,0,0
53.7,-107.4,0,0,0,0
53.7,-106.4,0,0,0,0
53.7,-106.1,0,0,0,0
53.7,-105.8,0,1,0,0
53.7,-104.9,0,0,0,0
53.7,-104.6,0,0,0,0
53.7,-103.3,0,0,0,0
53.7,-103.0,0,0,0,0
53.7,-102.7,0,1,0,0
53.7,-101.7,0,0,0,0
53.7,-101.4,0,0,0,0
53.7,-101.1,0,0,0,0
53.7,-100.8,0,1,0,0
53.7,-99.3,0,0,0,0
53.7,-99.0,0,0,0,0
53.7,-98.7,0,0,0,0
53.7,-98.4,0,0,0,0
53.7,-98.0,0,1,0,0
53.7,-96.2,0,0,0,0
53.7,-95.9,0,0,0,0
53.7,-95.6,0,0,0,0
53.7,-95.3,0,0,0,0
53.7,-95.0,0,0,0,0
53.7,-94.6,0,0,0,0
53.7,-94.3,0,0,0,0
53.7,-94.0,0,0,0,0
53.7,-93.7,0,0,0,0
53.7,-93.4,0,0,0,0
53.7,-93.1,0,1,0,0
53.7,-92.8,0,1,0,0
53.7,-92.5,0,1,0,0
53.7,-92.2,0,1,0,0
53.7,-91.9,0,1,0,0
53.7,-91.6,0,1,0,0
53.7,-91.3,0,1,0,0
53.7,-91.0,0,1,0,0
53.7,-90.6,0,1,0,0
53.7,-90.3,0,0,0,0
53.7,-90.0,0,0,0,0
53.7,-89.7,0,0,0,0
53.7,-89.4,0,0,0,0
53.7,-89.1,0,0,0,0
53.7,-88.8,0,0,0,0
53.7,-88.5,0,0,0,0
53.7,-88.2,0,0,0,0
53.7,-87.9,0,0,0,0
53.7,-87.6,0,0,0,0
53.7,-85.7,0,1,0,0
53.7,-85.4,0,0,0,0
53.7,-85.1,0,0,0,0
53.7,-84.8,0,0,0,0
53.7,-84.5,0,0,0,0
53.7,-82.9,0,0,0,0
53.7,-82.6,0,0,0,0
53.7,-82.3,0,0,0,0
53.7,-79.2,0,0,0,0
53.7,-78.9,0,0,0,0
53.7,-77.9,0,0,0,0
53.7,-77.6,0,0,0,0
53.7,-77.3,0,0,0,0
53.7,-76.3,0,0,0,0
53.7,-76.0,0,0,0,0
53.7,-75.1,0,0,0,0
53.7,-74.8,0,0,0,0
53.7,-74.1,0,0,0,0
53.7,-73.8,0,0,0,0
53.7,-72.8,0,0,0,0
53.7,-72.5,0,0,0,0
53.7,-71.9,0,0,0,0
53.7,-71.6,0,0,0,0
53.7,-70.9,0,0,0,0
53.7,-70.6,0,0,0,0
53.7,-69.9,0,0,0,0
53.7,-68.9,0,0,0,0
53.7,-68.2,0,0,0,0
53.7,-68.0,0,0,0,0
53.7,-67.3,0,0,0,0
53.7,-66.6,0,0,0,0
53.7,-66.3,0,0,0,0
53.7,-65.9,0,0,0,0
53.7,-65.6,0,0,0,0
53.7,-64.9,0,0,0,0
53.7,-64.2,0,0,0,0
53.7,-63.6,0,0,0,0
53.7,-62.9,0,0,0,0
53.7,-62.2,0,0,0,0
53.7,-61.5,0,0,0,0
53.7,-60.8,0,0,0,0
53.7,-60.1,0,0,0,0
53.7,-59.4,0,0,0,0
53.7,-58.7,0,0,0,0
53.7,-58.3,0,0,0,0
53.7,-57.6,0,0,0,0
53.7,-57.0,0,0,0,0
53.7,-56.5,0,0,0,0
53.7,-55.8,0,0,0,0
53.8,-132.9,0,0,0,0
53.8,-132.5,0,0,0,0
53.8,-132.1,0,0,0,0
53.8,-130.3,0,0,0,0
53.8,-129.9,0,0,0,0
53.8,-129.2,0,0,0,0
53.8,-128.8,0,0,0,0
53.8,-128.1,0,0,0,0
53.8,-127.6,0,0,0,0
53.8,-127.0,0,0,0,0
53.8,-126.5,0,0,0,0
53.8,-125.8,0,0,0,0
53.8,-125.2,0,0,0,0
53.8,-124.5,0,0,0,0
53.8,-124.0,0,0,0,0
53.8,-123.4,0,0,0,0
53.8,-122.7,0,0,0,0
53.8,-122.0,0,0,0,0
53.8,-121.3,0,0,0,0
53.8,-120.6,0,0,0,0
53.8,-119.9,0,0,0,0
53.8,-119.2,0,0,0,0
53.8,-118.5,0,0,0,0
53.8,-118.3,0,0,0,0
53.8,-117.6,0,0,0,0
53.8,-116.9,0,0,0,0
53.8,-116.2,0,0,0,0
53.8,-115.9,0,0,0,0
53.8,-115.2,0,0,0,0
53.8,-114.2,0,0,0,0
53.8,-113.6,0,0,0,0
53.8,-113.3,0,0,0,0
53.8,-112.6,0,0,0,0
53.8,-112.3,0,0,0,0
53.8,-111.6,0,0,0,0
53.8,-111.3,0,0,0,0
53.8,-110.6,0,0,0,0
53.8,-110.3,0,0,0,0
53.8,-109.4,0,0,0,0
53.8,-109.1,0,0,0,0
53.8,-108.4,0,0,0,0
53.8,-108.1,0,0,0,0
53.8,-107.8,0,0,0,0
53.8,-107.1,0,0,0,0
53.8,-106.8,0,0,0,0
53.8,-106.5,0,0,0,0
53.8,-105.5,0,0,0,0
53.8,-105.2,0,0,0,0
53.8,-104.3,1,0,0,0
53.8,-104.0,0,0,0,0
53.8,-103.7,0,0,0,0
53.8,-102.4,0,0,0,0
53.8,-102.1,0,0,0,0
53.8,-101.8,0,0,0,0
53.8,-100.5,0,0,0,0
53.8,-100.2,0,0,0,0
53.8,-99.9,0,0,0,0
53.8,-99.6,0,0,0,0
53.8,-97.7,0,0,0,0
53.8,-97.4,0,0,0,0
53.8,-97.1,0,0,0,0
53.8,-96.8,0,0,0,0
53.8,-96.5,0,0,0,0
53.8,-96.2,0,0,0,0
53.8,-95.9,0,0,0,0
53.8,-87.9,0,0,0,0
53.8,-87.5,0,0,0,0
53.8,-87.2,0,0,0,0
53.8,-86.9,0,0,0,0
53.8,-86.6,0,0,0,0
53.8,-86.3,0,0,0,0
53.8,-86.0,1,0,0,0
53.8,-84.1,0,0,0,0
53.8,-83.8,0,0,0,0
53.8,-83.5,0,0,0,0
53.8,-83.2,1,0,0,0
53.8,-82.0,0,0,0,0
53.8,-80.1,0,0,0,0
53.8,-79.8,0,0,0,0
53.8,-78.5,0,0,0,0
53.8,-78.2,0,0,0,0
53.8,-77.2,0,0,0,0
53.8,-76.9,0,0,0,0
53.8,-76.6,1,0,0,0
53.8,-75.7,0,0,0,0
53.8,-75.4,0,0,0,0
53.8,-74.7,0,0,0,0
53.8,-74.4,0,0,0,0
53.8,-73.4,0,0,0,0
53.8,-73.1,0,0,0,0
53.8,-72.4,0,0,0,0
53.8,-72.1,1,0,0,0
53.8,-71.5,0,0,0,0
53.8,-71.2,0,0,0,0
53.8,-70.5,0,0,0,0
53.8,-70.2,0,0,0,0
53.8,-69.5,0,0,0,0
53.8,-69.2,0,0,0,0
53.8,-68.5,0,0,0,0
53.8,-67.8,0,0,0,0
53.8,-67.6,0,0,0,0
53.8,-66.9,0,0,0,0
53.8,-66.2,0,0,0,0
53.8,-65.5,0,0,0,0
53.8,-65.2,0,0,0,0
53.8,-64.5,0,0,0,0
53.8,-63.8,0,0,0,0
53.8,-63.1,0,0,0,0
53.8,-62.5,0,0,0,0
53.8,-61.8,0,0,0,0
53.8,-61.1,0,0,0,0
53.8,-60.4,0,0,0,0
53.8,-59.7,0,0,0,0
53.8,-59.3,0,0,0,0
53.8,-59.0,0,0,0,0
53.8,-58.6,0,0,0,0
53.8,-57.9,0,0,0,0
53.8,-57.2,0,0,0,0
53.8,-56.8,0,0,0,0
53.9,-132.7,0,0,0,0
53.9,-132.3,0,0,0,0
53.9,-131.8,0,0,0,0
53.9,-130.7,0,0,0,0
53.9,-130.0,0,0,0,0
53.9,-129.6,0,0,0,0
53.9,-128.9,0,0,0,0
53.9,-128.5,0,0,0,0
53.9,-127.8,0,0,0,0
53.9,-127.4,0,0,0,0
53.9,-126.7,0,0,0,0
53.9,-126.3,0,0,0,0
53.9,-126.0,0,0,0,0
53.9,-125.6,0,0,0,0
53.9,-124.9,0,0,0,0
53.9,-124.2,0,0,0,0
53.9,-123.8,0,0,0,0
53.9,-123.5,0,0,0,0
53.9,-123.1,0,0,0,0
53.9,-122.4,0,0,0,0
53.9,-121.7,0,0,0,0
53.9,-121.0,0,0,0,0
53.9,-120.3,0,0,0,0
53.9,-119.6,0,0,0,0
53.9,-119.4,0,0,0,0
53.9,-118.9,0,0,0,0
53.9,-118.7,0,0,0,0
53.9,-118.0,0,0,0,0
53.9,-117.3,0,0,0,0
53.9,-116.6,0,0,0,0
53.9,-116.3,0,0,0,0
53.9,-115.6,0,0,0,0
53.9,-114.9,0,0,0,0
53.9,-114.6,0,0,0,0
53.9,-113.9,0,0,0,0
53.9,-113.7,0,0,0,0
53.9,-113.0,0,0,0,0
53.9,-112.7,0,0,0,0
53.9,-112.0,0,0,0,0
53.9,-111.7,0,0,0,0
53.9,-111.0,0,0,0,0
53.9,-110.7,0,0,0,0
53.9,-110.0,0,0,0,0
53.9,-109.7,0,0,0,0
53.9,-108.8,0,0,0,0
53.9,-108.5,0,0,0,0
53.9,-107.5,0,0,0,0
53.9,-107.2,0,0,0,0
53.9,-106.2,0,0,0,0
53.9,-105.9,0,0,0,0
53.9,-104.9,0,0,0,0
53.9,-104.6,0,0,0,0
53.9,-104.3,0,1,0,0
53.9,-103.4,1,0,0,0
53.9,-103.1,0,0,0,0
53.9,-102.8,0,0,0,0
53.9,-101.5,1,0,0,0
53.9,-101.2,0,0,0,0
53.9,-100.9,0,0,0,0
53.9,-100.6,0,0,0,0
53.9,-99.3,1,0,0,0
53.9,-99.0,0,0,0,0
53.9,-98.7,0,0,0,0
53.9,-98.4,0,0,0,0
53.9,-98.1,0,0,0,0
53.9,-97.8,0,0,0,0
53.9,-95.6,1,0,0,0
53.9,-95.3,0,0,0,0
53.9,-95.0,0,0,0,0
53.9,-94.7,0,0,0,0
53.9,-94.3,0,0,0,0
53.9,-94.0,0,0,0,0
53.9,-93.7,0,0,0,0
53.9,-93.4,0,0,0,0
53.9,-93.1,0,0,0,0
53.9,-92.8,0,0,0,0
53.9,-92.5,0,0,0,0
53.9,-92.2,0,0,0,0
53.9,-91.9,0,0,0,0
53.9,-91.6,0,0,0,0
53.9,-91.3,0,0,0,0
53.9,-90.9,0,0,0,0
53.9,-90.6,0,0,0,0
53.9,-90.3,0,0,0,0
53.9,-90.0,0,0,0,0
53.9,-89.7,0,0,0,0
53.9,-89.4,0,0,0,0
53.9,-89.1,0,0,0,0
53.9,-88.8,0,0,0,0
53.9,-88.5,0,0,0,0
53.9,-88.2,0,0,0,0
53.9,-86.0,0,1,0,0
53.9,-85.7,0,0,0,0
53.9,-85.4,0,0,0,0
53.9,-85.1,0,0,0,0
53.9,-84.8,0,0,0,0
53.9,-84.4,1,0,0,0
53.9,-83.2,0,1,0,0
53.9,-82.9,0,0,0,0
53.9,-82.6,0,0,0,0
53.9,-82.3,0,0,0,0
53.9,-79.4,0,0,0,0
53.9,-79.1,0,0,0,0
53.9,-78.8,0,0,0,0
53.9,-77.8,0,0,0,0
53.9,-77.5,0,0,0,0
53.9,-76.6,0,1,0,0
53.9,-76.3,0,0,0,0
53.9,-76.0,0,0,0,0
53.9,-75.3,0,0,0,0
53.9,-75.0,0,0,0,0
53.9,-74.0,0,0,0,0
53.9,-73.7,0,0,0,0
53.9,-73.0,0,0,0,0
53.9,-72.7,0,0,0,0
53.9,-72.1,0,1,0,0
53.9,-71.8,0,0,0,0
53.9,-71.1,0,0,0,0
53.9,-70.8,0,0,0,0
53.9,-70.1,0,0,0,0
53.9,-69.8,0,0,0,0
53.9,-69.1,0,0,0,0
53.9,-68.8,0,0,0,0
53.9,-68.1,0,0,0,0
53.9,-67.4,0,0,0,0
53.9,-67.2,0,0,0,0
53.9,-66.5,0,0,0,0
53.9,-65.8,0,0,0,0
53.9,-65.1,0,0,0,0
53.9,-64.8,0,0,0,0
53.9,-64.1,0,0,0,0
53.9,-63.4,0,0,0,0
53.9,-62.7,0,0,0,0
53.9,-62.0,0,0,0,0
53.9,-61.4,0,0,0,0
53.9,-60.7,0,0,0,0
53.9,-60.2,0,0,0,0
53.9,-60.0,0,0,0,0
53.9,-59.6,0,0,0,0
53.9,-58.9,0,0,0,0
53.9,-58.2,0,0,0,0
53.9,-57.5,0,0,0,0
53.9,-57.1,0,0,0,0
53.9,-56.4,0,0,0,0
54.0,-133.1,0,0,0,0
54.0,-132.0,0,0,0,0
54.0,-131.6,0,0,0,0
54.0,-130.9,0,0,0,0
54.0,-130.5,0,0,0,0
54.0,-129.8,0,0,0,0
54.0,-129.4,0,0,0,0
54.0,-128.7,0,0,0,0
54.0,-128.2,0,0,0,0
54.0,-127.5,0,0,0,0
54.0,-127.1,0,0,0,0
54.0,-126.4,0,0,0,0
54.0,-125.7,0,0,0,0
54.0,-125.3,0,0,0,0
54.0,-124.6,0,0,0,0
54.0,-123.9,0,0,0,0
54.0,-123.2,0,0,0,0
54.0,-122.8,0,0,0,0
54.0,-122.5,0,0,0,0
54.0,-122.1,0,0,0,0
54.0,-121.8,0,0,0,0
54.0,-121.4,0,0,0,0
54.0,-121.2,0,0,0,0
54.0,-120.7,0,0,0,0
54.0,-120.5,0,0,0,0
54.0,-120.0,0,0,0,0
54.0,-119.8,0,0,0,0
54.0,-119.1,0,0,0,0
54.0,-118.4,0,0,0,0
54.0,-117.7,0,0,0,0
54.0,-117.0,0,0,0,0
54.0,-116.7,0,0,0,0
54.0,-116.0,0,0,0,0
54.0,-115.3,0,0,0,0
54.0,-115.0,0,0,0,0
54.0,-114.3,0,0,0,0
54.0,-114.1,0,0,0,0
54.0,-113.4,0,0,0,0
54.0,-112.4,0,0,0,0
54.0,-111.4,0,0,0,0
54.0,-110.4,0,0,0,0
54.0,-110.1,0,0,0,0
54.0,-109.4,0,0,0,0
54.0,-109.1,0,0,0,0
54.0,-108.2,0,0,0,0
54.0,-107.9,0,0,0,0
54.0,-106.9,0,0,0,0
54.0,-106.6,0,0,0,0
54.0,-105.6,0,0,0,0
54.0,-105.3,0,0,0,0
54.0,-105.0,0,0,0,0
54.0,-104.0,0,0,0,0
54.0,-103.7,0,0,0,0
54.0,-103.4,0,1,0,0
54.0,-102.5,1,0,0,0
54.0,-102.1,0,0,0,0
54.0,-101.8,0,0,0,0
54.0,-101.5,0,1,0,0
54.0,-100.3,1,0,0,0
54.0,-100.0,0,0,0,0
54.0,-99.6,0,0,0,0
54.0,-99.3,0,1,0,0
54.0,-97.5,1,0,0,0
54.0,-97.1,0,0,0,0
54.0,-96.8,0,0,0,0
54.0,-96.5,0,0,0,0
54.0,-96.2,0,0,0,0
54.0,-95.9,0,0,0,0
54.0,-95.6,0,1,0,0
54.0,-88.1,0,0,0,0
54.0,-87.8,0,0,0,0
54.0,-87.5,0,0,0,0
54.0,-87.2,0,0,0,0
54.0,-86.9,0,0,0,0
54.0,-86.6,0,0,0,0
54.0,-86.3,1,0,0,0
54.0,-84.4,0,1,0,0
54.0,-84.1,0,0,0,0
54.0,-83.8,0,0,0,0
54.0,-83.5,0,0,0,0
54.0,-82.2,0,0,0,0
54.0,-80.0,0,0,0,0
54.0,-79.7,0,0,0,0
54.0,-78.7,0,0,0,0
54.0,-78.4,0,0,0,0
54.0,-78.1,1,0,0,0
54.0,-77.2,0,0,0,0
54.0,-76.9,0,0,0,0
54.0,-75.9,0,0,0,0
54.0,-75.6,0,0,0,0
54.0,-74.6,0,0,0,0
54.0,-74.3,0,0,0,0
54.0,-73.6,0,0,0,0
54.0,-73.3,0,0,0,0
54.0,-72.3,0,0,0,0
54.0,-71.4,0,0,0,0
54.0,-70.4,0,0,0,0
54.0,-69.7,0,0,0,0
54.0,-69.4,0,0,0,0
54.0,-68.7,0,0,0,0
54.0,-68.4,0,0,0,0
54.0,-67.7,0,0,0,0
54.0,-67.0,0,0,0,0
54.0,-66.8,0,0,0,0
54.0,-66.1,0,0,0,0
54.0,-65.4,0,0,0,0
54.0,-64.7,0,0,0,0
54.0,-64.4,0,0,0,0
54.0,-64.0,0,0,0,0
54.0,-63.7,0,0,0,0
54.0,-63.3,0,0,0,0
54.0,-63.0,0,0,0,0
54.0,-62.3,0,0,0,0
54.0,-61.6,0,0,0,0
54.0,-61.2,0,0,0,0
54.0,-60.9,0,0,0,0
54.0,-60.5,0,0,0,0
54.0,-59.8,0,0,0,0
54.0,-59.1,0,0,0,0
54.0,-58.4,0,0,0,0
54.0,-58.0,0,0,0,0
54.0,-57.7,0,0,0,0
54.0,-57.3,0,0,0,0
54.0,-56.6,0,0,0,0
54.1,-132.9,0,0,0,0
54.1,-132.5,0,0,0,0
54.1,-131.8,0,0,0,0
54.1,-130.6,0,0,0,0
54.1,-130.2,0,0,0,0
54.1,-129.5,0,0,0,0
54.1,-129.1,0,0,0,0
54.1,-128.4,0,0,0,0
54.1,-128.0,0,0,0,0
54.1,-127.3,0,0,0,0
54.1,-126.9,0,0,0,0
54.1,-126.2,0,0,0,0
54.1,-125.5,0,0,0,0
54.1,-125.0,0,0,0,0
54.1,-124.3,0,0,0,0
54.1,-123.7,0,0,0,0
54.1,-123.0,0,0,0,0
54.1,-122.3,0,0,0,0
54.1,-121.6,0,0,0,0
54.1,-120.9,0,0,0,0
54.1,-120.2,0,0,0,0
54.1,-119.5,0,0,0,0
54.1,-118.8,0,0,0,0
54.1,-118.1,0,0,0,0
54.1,-117.4,0,0,0,0
54.1,-117.1,0,0,0,0
54.1,-116.4,0,0,0,0
54.1,-115.7,0,0,0,0
54.1,-115.4,0,0,0,0
54.1,-114.7,0,0,0,0
54.1,-113.8,0,0,0,0
54.1,-113.1,0,0,0,0
54.1,-112.8,0,0,0,0
54.1,-112.1,0,0,0,0
54.1,-111.8,0,0,0,0
54.1,-111.1,0,0,0,0
54.1,-110.8,0,0,0,0
54.1,-109.8,0,0,0,0
54.1,-109.5,0,0,0,0
54.1,-108.8,0,0,0,0
54.1,-108.5,0,0,0,0
54.1,-107.6,1,0,0,0
54.1,-107.3,0,0,0,0
54.1,-106.3,0,0,0,0
54.1,-106.0,0,0,0,0
54.1,-105.7,0,0,0,0
54.1,-104.7,0,0,0,0
54.1,-104.4,0,0,0,0
54.1,-103.1,0,0,0,0
54.1,-102.8,0,0,0,0
54.1,-102.5,0,1,0,0
54.1,-101.2,0,0,0,0
54.1,-100.9,0,0,0,0
54.1,-100.6,0,0,0,0
54.1,-100.3,0,1,0,0
54.1,-99.0,0,0,0,0
54.1,-98.7,0,0,0,0
54.1,-98.4,0,0,0,0
54.1,-98.1,0,0,0,0
54.1,-97.8,0,0,0,0
54.1,-97.5,0,1,0,0
54.1,-95.3,1,0,0,0
54.1,-95.0,1,0,0,0
54.1,-94.7,0,0,0,0
54.1,-94.4,0,0,0,0
54.1,-94.1,0,0,0,0
54.1,-93.7,0,0,0,0
54.1,-93.4,0,0,0,0
54.1,-93.1,0,0,0,0
54.1,-92.8,0,0,0,0
54.1,-92.5,0,0,0,0
54.1,-92.2,0,0,0,0
54.1,-91.9,0,0,0,0
54.1,-91.6,0,0,0,0
54.1,-91.3,0,0,0,0
54.1,-90.9,0,0,0,0
54.1,-90.6,0,0,0,0
54.1,-90.3,0,0,0,0
54.1,-90.0,0,0,0,0
54.1,-89.7,0,0,0,0
54.1,-89.4,0,0,0,0
54.1,-89.1,0,0,0,0
54.1,-88.8,1,0,0,0
54.1,-88.5,0,0,0,0
54.1,-86.3,0,1,0,0
54.1,-86.0,0,0,0,0
54.1,-85.6,0,0,0,0
54.1,-85.3,0,0,0,0
54.1,-85.0,0,0,0,0
54.1,-84.7,1,0,0,0
54.1,-83.4,0,0,0,0
54.1,-83.1,0,0,0,0
54.1,-82.8,0,0,0,0
54.1,-82.5,0,0,0,0
54.1,-79.4,0,0,0,0
54.1,-79.0,0,0,0,0
54.1,-78.1,0,1,0,0
54.1,-77.8,0,0,0,0
54.1,-77.5,0,0,0,0
54.1,-76.5,0,0,0,0
54.1,-76.2,0,0,0,0
54.1,-75.2,0,0,0,0
54.1,-74.9,0,0,0,0
54.1,-74.2,0,0,0,0
54.1,-73.9,0,0,0,0
54.1,-72.9,0,0,0,0
54.1,-72.6,0,0,0,0
54.1,-72.0,0,0,0,0
54.1,-71.7,0,0,0,0
54.1,-71.0,0,0,0,0
54.1,-70.7,0,0,0,0
54.1,-70.0,0,0,0,0
54.1,-69.0,0,0,0,0
54.1,-68.3,0,0,0,0
54.1,-68.0,0,0,0,0
54.1,-67.3,0,0,0,0
54.1,-66.6,0,0,0,0
54.1,-66.4,0,0,0,0
54.1,-65.7,0,0,0,0
54.1,-65.0,0,0,0,0
54.1,-64.3,0,0,0,0
54.1,-63.6,0,0,0,0
54.1,-62.9,0,0,0,0
54.1,-62.6,0,0,0,0
54.1,-62.2,0,0,0,0
54.1,-61.9,0,0,0,0
54.1,-61.5,0,0,0,0
54.1,-60.8,0,0,0,0
54.1,-60.1,0,0,0,0
54.1,-59.4,0,0,0,0
54.1,-58.7,0,0,0,0
54.1,-58.3,0,0,0,0
54.1,-57.6,0,0,0,0
54.2,-133.1,0,0,0,0
54.2,-132.6,0,0,0,0
54.2,-132.2,0,0,0,0
54.2,-131.5,0,0,0,0
54.2,-130.4,0,0,0,0
54.2,-130.0,0,0,0,0
54.2,-129.3,0,0,0,0
54.2,-128.8,0,0,0,0
54.2,-128.1,0,0,0,0
54.2,-127.7,0,0,0,0
54.2,-127.0,0,0,0,0
54.2,-126.6,0,0,0,0
54.2,-125.9,0,0,0,0
54.2,-125.2,0,0,0,0
54.2,-124.8,0,0,0,0
54.2,-124.5,0,0,0,0
54.2,-124.1,0,0,0,0
54.2,-123.4,0,0,0,0
54.2,-122.7,0,0,0,0
54.2,-122.0,0,0,0,0
54.2,-121.3,0,0,0,0
54.2,-120.6,0,0,0,0
54.2,-119.9,0,0,0,0
54.2,-119.2,0,0,0,0
54.2,-118.5,0,0,0,0
54.2,-118.2,0,0,0,0
54.2,-117.8,0,0,0,0
54.2,-117.5,0,0,0,0
54.2,-116.8,0,0,0,0
54.2,-116.1,0,0,0,0
54.2,-115.8,0,0,0,0
54.2,-115.1,0,0,0,0
54.2,-114.5,0,0,0,0
54.2,-114.2,0,0,0,0
54.2,-113.5,0,0,0,0
54.2,-113.2,0,0,0,0
54.2,-112.5,0,0,0,0
54.2,-112.2,0,0,0,0
54.2,-111.5,0,0,0,0
54.2,-111.2,0,0,0,0
54.2,-110.5,0,0,0,0
54.2,-110.2,0,0,0,0
54.2,-109.2,0,0,0,0
54.2,-108.9,0,0,0,0
54.2,-108.2,0,0,0,0
54.2,-107.9,0,0,0,0
54.2,-107.6,0,1,0,0
54.2,-107.0,0,0,0,0
54.2,-106.7,0,0,0,0
54.2,-106.4,0,0,0,0
54.2,-105.4,0,0,0,0
54.2,-105.1,0,0,0,0
54.2,-104.1,0,0,0,0
54.2,-103.8,0,0,0,0
54.2,-103.5,0,0,0,0
54.2,-102.2,0,0,0,0
54.2,-101.9,0,0,0,0
54.2,-101.6,0,0,0,0
54.2,-101.3,0,0,0,0
54.2,-100.0,0,0,0,0
54.2,-99.7,0,0,0,0
54.2,-99.4,0,0,0,0
54.2,-99.1,0,0,0,0
54.2,-97.2,0,0,0,0
54.2,-96.9,0,0,0,0
54.2,-96.6,0,0,0,0
54.2,-96.2,0,0,0,0
54.2,-95.9,0,0,0,0
54.2,-95.6,0,0,0,0
54.2,-95.3,0,1,0,0
54.2,-95.0,0,1,0,0
54.2,-88.8,0,1,0,0
54.2,-88.4,0,0,0,0
54.2,-88.1,0,0,0,0
54.2,-87.8,0,0,0,0
54.2,-87.5,0,0,0,0
54.2,-87.2,0,0,0,0
54.2,-86.9,0,0,0,0
54.2,-86.6,0,0,0,0
54.2,-84.7,0,1,0,0
54.2,-84.4,0,0,0,0
54.2,-84.1,0,0,0,0
54.2,-83.8,0,0,0,0
54.2,-81.6,0,0,0,0
54.2,-79.7,0,0,0,0
54.2,-78.7,0,0,0,0
54.2,-78.4,0,0,0,0
54.2,-77.4,0,0,0,0
54.2,-77.1,0,0,0,0
54.2,-76.8,0,0,0,0
54.2,-76.1,0,0,0,0
54.2,-75.8,0,0,0,0
54.2,-75.5,0,0,0,0
54.2,-74.8,0,0,0,0
54.2,-74.5,0,0,0,0
54.2,-73.5,0,0,0,0
54.2,-73.2,0,0,0,0
54.2,-72.5,0,0,0,0
54.2,-72.3,0,0,0,0
54.2,-71.6,0,0,0,0
54.2,-71.3,0,0,0,0
54.2,-70.6,0,0,0,0
54.2,-70.3,0,0,0,0
54.2,-69.6,0,0,0,0
54.2,-69.3,0,0,0,0
54.2,-68.6,0,0,0,0
54.2,-67.9,0,0,0,0
54.2,-67.6,0,0,0,0
54.2,-66.9,0,0,0,0
54.2,-66.2,0,0,0,0
54.2,-65.9,0,0,0,0
54.2,-65.2,0,0,0,0
54.2,-64.6,0,0,0,0
54.2,-63.9,0,0,0,0
54.2,-63.2,0,0,0,0
54.2,-62.5,0,0,0,0
54.2,-61.8,0,0,0,0
54.2,-61.1,0,0,0,0
54.2,-60.4,0,0,0,0
54.2,-59.7,0,0,0,0
54.2,-59.0,0,0,0,0
54.2,-58.6,0,0,0,0
54.2,-57.9,0,0,0,0
54.2,-57.2,0,0,0,0
54.3,-130.8,0,0,0,0
54.3,-130.1,0,0,0,0
54.3,-129.7,0,0,0,0
54.3,-128.6,0,0,0,0
54.3,-127.9,0,0,0,0
54.3,-127.4,0,0,0,0
54.3,-126.7,0,0,0,0
54.3,-126.3,0,0,0,0
54.3,-125.6,0,0,0,0
54.3,-124.9,0,0,0,0
54.3,-124.2,0,0,0,0
54.3,-123.8,0,0,0,0
54.3,-123.1,0,0,0,0
54.3,-122.4,0,0,0,0
54.3,-121.7,0,0,0,0
54.3,-121.0,0,0,0,0
54.3,-120.3,0,0,0,0
54.3,-119.6,0,0,0,0
54.3,-118.9,0,0,0,0
54.3,-118.6,0,0,0,0
54.3,-117.9,0,0,0,0
54.3,-117.2,0,0,0,0
54.3,-116.5,0,0,0,0
54.3,-116.2,0,0,0,0
54.3,-115.5,0,0,0,0
54.3,-114.9,0,0,0,0
54.3,-114.6,0,0,0,0
54.3,-113.9,0,0,0,0
54.3,-113.6,0,0,0,0
54.3,-112.9,0,0,0,0
54.3,-112.6,0,0,0,0
54.3,-111.9,0,0,0,0
54.3,-111.6,0,0,0,0
54.3,-110.9,0,0,0,0
54.3,-110.6,0,0,0,0
54.3,-109.9,0,0,0,0
54.3,-109.6,0,0,0,0
54.3,-108.6,0,0,0,0
54.3,-108.3,0,0,0,0
54.3,-107.3,0,0,0,0
54.3,-107.0,0,0,0,0
54.3,-106.1,0,0,0,0
54.3,-105.7,0,0,0,0
54.3,-104.8,1,0,0,0
54.3,-104.5,0,0,0,0
54.3,-104.2,0,0,0,0
54.3,-103.2,1,0,0,0
54.3,-102.9,0,0,0,0
54.3,-102.6,0,0,0,0
54.3,-102.2,0,0,0,0
54.3,-101.0,0,0,0,0
54.3,-100.7,0,0,0,0
54.3,-100.3,0,0,0,0
54.3,-100.0,0,0,0,0
54.3,-98.8,1,0,0,0
54.3,-98.4,0,0,0,0
54.3,-98.1,0,0,0,0
54.3,-97.8,0,0,0,0
54.3,-97.5,0,0,0,0
54.3,-97.2,0,0,0,0
54.3,-94.7,1,0,0,0
54.3,-94.4,1,0,0,0
54.3,-94.1,0,0,0,0
54.3,-93.7,0,0,0,0
54.3,-93.4,0,0,0,0
54.3,-93.1,0,0,0,0
54.3,-92.8,0,0,0,0
54.3,-92.5,0,0,0,0
54.3,-92.2,0,0,0,0
54.3,-91.9,0,0,0,0
54.3,-91.6,0,0,0,0
54.3,-91.3,0,0,0,0
54.3,-90.9,0,0,0,0
54.3,-90.6,0,0,0,0
54.3,-90.3,0,0,0,0
54.3,-90.0,0,0,0,0
54.3,-89.7,0,0,0,0
54.3,-89.4,1,0,0,0
54.3,-89.1,1,0,0,0
54.3,-86.5,0,0,0,0
54.3,-86.2,0,0,0,0
54.3,-85.9,0,0,0,0
54.3,-85.6,0,0,0,0
54.3,-85.3,0,0,0,0
54.3,-85.0,1,0,0,0
54.3,-83.4,0,0,0,0
54.3,-83.1,0,0,0,0
54.3,-82.8,0,0,0,0
54.3,-82.5,0,0,0,0
54.3,-81.2,0,0,0,0
54.3,-80.6,0,0,0,0
54.3,-79.6,0,0,0,0
54.3,-79.3,0,0,0,0
54.3,-79.0,0,0,0,0
54.3,-78.0,0,0,0,0
54.3,-77.7,0,0,0,0
54.3,-76.7,0,0,0,0
54.3,-76.4,0,0,0,0
54.3,-75.4,0,0,0,0
54.3,-75.1,0,0,0,0
54.3,-74.1,0,0,0,0
54.3,-73.8,0,0,0,0
54.3,-73.1,0,0,0,0
54.3,-72.8,0,0,0,0
54.3,-72.2,0,0,0,0
54.3,-71.9,0,0,0,0
54.3,-70.9,0,0,0,0
54.3,-70.2,0,0,0,0
54.3,-69.9,0,0,0,0
54.3,-69.2,0,0,0,0
54.3,-68.9,0,0,0,0
54.3,-68.2,0,0,0,0
54.3,-67.5,0,0,0,0
54.3,-67.2,0,0,0,0
54.3,-66.5,0,0,0,0
54.3,-65.8,0,0,0,0
54.3,-65.5,0,0,0,0
54.3,-65.1,0,0,0,0
54.3,-64.8,0,0,0,0
54.3,-64.1,0,0,0,0
54.3,-63.4,0,0,0,0
54.3,-62.7,0,0,0,0
54.3,-62.0,0,0,0,0
54.3,-61.3,0,0,0,0
54.3,-60.6,0,0,0,0
54.3,-59.9,0,0,0,0
54.3,-59.5,0,0,0,0
54.3,-59.2,0,0,0,0
54.3,-58.8,0,0,0,0
54.3,-58.1,0,0,0,0
54.3,-57.4,0,0,0,0
54.4,-131.0,0,0,0,0
54.4,-130.6,0,0,0,0
54.4,-129.4,0,0,0,0
54.4,-129.0,0,0,0,0
54.4,-128.3,0,0,0,0
54.4,-127.6,0,0,0,0
54.4,-127.2,0,0,0,0
54.4,-126.5,0,0,0,0
54.4,-126.1,0,0,0,0
54.4,-125.8,0,0,0,0
54.4,-125.4,0,0,0,0
54.4,-124.7,0,0,0,0
54.4,-124.0,0,0,0,0
54.4,-123.5,0,0,0,0
54.4,-123.3,0,0,0,0
54.4,-122.8,0,0,0,0
54.4,-122.6,0,0,0,0
54.4,-122.1,0,0,0,0
54.4,-121.4,0,0,0,0
54.4,-120.7,0,0,0,0
54.4,-120.0,0,0,0,0
54.4,-119.7,0,0,0,0
54.4,-119.3,0,0,0,0
54.4,-119.0,0,0,0,0
54.4,-118.3,0,0,0,0
54.4,-117.6,0,0,0,0
54.4,-116.9,0,0,0,0
54.4,-116.7,0,0,0,0
54.4,-116.0,0,0,0,0
54.4,-115.3,0,0,0,0
54.4,-115.0,0,0,0,0
54.4,-114.3,0,0,0,0
54.4,-113.3,0,0,0,0
54.4,-112.3,0,0,0,0
54.4,-111.3,0,0,0,0
54.4,-110.3,0,0,0,0
54.4,-110.0,0,0,0,0
54.4,-109.3,0,0,0,0
54.4,-109.0,0,0,0,0
54.4,-108.0,0,0,0,0
54.4,-107.7,0,0,0,0
54.4,-106.7,0,0,0,0
54.4,-106.4,0,0,0,0
54.4,-105.4,0,0,0,0
54.4,-105.1,0,0,0,0
54.4,-104.8,0,1,0,0
54.4,-103.8,0,0,0,0
54.4,-103.5,0,0,0,0
54.4,-103.2,0,1,0,0
54.4,-101.9,0,0,0,0
54.4,-101.6,0,0,0,0
54.4,-101.3,0,0,0,0
54.4,-99.7,0,0,0,0
54.4,-99.4,0,0,0,0
54.4,-99.1,0,0,0,0
54.4,-98.8,0,1,0,0
54.4,-96.9,1,0,0,0
54.4,-96.6,0,0,0,0
54.4,-96.3,0,0,0,0
54.4,-96.0,0,0,0,0
54.4,-95.6,0,0,0,0
54.4,-95.3,0,0,0,0
54.4,-95.0,0,0,0,0
54.4,-94.7,0,1,0,0
54.4,-94.4,0,1,0,0
54.4,-89.4,0,1,0,0
54.4,-89.1,0,1,0,0
54.4,-88.7,0,0,0,0
54.4,-88.4,0,0,0,0
54.4,-88.1,0,0,0,0
54.4,-87.8,0,0,0,0
54.4,-87.5,0,0,0,0
54.4,-87.2,0,0,0,0
54.4,-86.9,0,0,0,0
54.4,-85.0,0,1,0,0
54.4,-84.6,0,0,0,0
54.4,-84.3,0,0,0,0
54.4,-84.0,0,0,0,0
54.4,-83.7,1,0,0,0
54.4,-82.4,0,0,0,0
54.4,-79.9,0,0,0,0
54.4,-78.9,0,0,0,0
54.4,-78.6,0,0,0,0
54.4,-78.3,0,0,0,0
54.4,-77.3,0,0,0,0
54.4,-77.0,0,0,0,0
54.4,-76.0,0,0,0,0
54.4,-75.7,0,0,0,0
54.4,-74.7,0,0,0,0
54.4,-74.4,1,0,0,0
54.4,-73.7,0,0,0,0
54.4,-73.4,0,0,0,0
54.4,-72.5,0,0,0,0
54.4,-71.5,0,0,0,0
54.4,-71.2,0,0,0,0
54.4,-70.5,0,0,0,0
54.4,-69.5,0,0,0,0
54.4,-68.8,0,0,0,0
54.4,-68.5,0,0,0,0
54.4,-67.8,0,0,0,0
54.4,-67.1,0,0,0,0
54.4,-66.8,0,0,0,0
54.4,-66.1,0,0,0,0
54.4,-65.4,0,0,0,0
54.4,-64.7,0,0,0,0
54.4,-64.4,0,0,0,0
54.4,-64.0,0,0,0,0
54.4,-63.7,0,0,0,0
54.4,-63.0,0,0,0,0
54.4,-62.3,0,0,0,0
54.4,-61.6,0,0,0,0
54.4,-60.9,0,0,0,0
54.4,-60.5,0,0,0,0
54.4,-60.2,0,0,0,0
54.4,-59.8,0,0,0,0
54.4,-59.1,0,0,0,0
54.4,-58.4,0,0,0,0
54.4,-57.7,0,0,0,0
54.4,-57.3,0,0,0,0
54.5,-130.7,0,0,0,0
54.5,-130.3,0,0,0,0
54.5,-129.9,0,0,0,0
54.5,-129.2,0,0,0,0
54.5,-128.7,0,0,0,0
54.5,-128.0,0,0,0,0
54.5,-127.3,0,0,0,0
54.5,-126.9,0,0,0,0
54.5,-126.2,0,0,0,0
54.5,-125.5,0,0,0,0
54.5,-125.1,0,0,0,0
54.5,-124.4,0,0,0,0
54.5,-123.7,0,0,0,0
54.5,-123.0,0,0,0,0
54.5,-122.3,0,0,0,0
54.5,-121.8,0,0,0,0
54.5,-121.6,0,0,0,0
54.5,-121.1,0,0,0,0
54.5,-120.9,0,0,0,0
54.5,-120.4,0,0,0,0
54.5,-120.2,0,0,0,0
54.5,-119.5,0,0,0,0
54.5,-118.8,0,0,0,0
54.5,-118.1,0,0,0,0
54.5,-117.4,0,0,0,0
54.5,-117.1,0,0,0,0
54.5,-116.4,0,0,0,0
54.5,-115.7,0,0,0,0
54.5,-115.4,0,0,0,0
54.5,-114.7,0,0,0,0
54.5,-114.0,0,0,0,0
54.5,-113.7,0,0,0,0
54.5,-113.0,0,0,0,0
54.5,-112.7,0,0,0,0
54.5,-112.0,0,0,0,0
54.5,-111.7,0,0,0,0
54.5,-111.0,0,0,0,0
54.5,-110.7,0,0,0,0
54.5,-109.7,0,0,0,0
54.5,-109.4,0,0,0,0
54.5,-108.7,0,0,0,0
54.5,-108.4,0,0,0,0
54.5,-107.4,0,0,0,0
54.5,-107.1,0,0,0,0
54.5,-106.1,0,0,0,0
54.5,-105.8,0,0,0,0
54.5,-105.5,0,0,0,0
54.5,-104.5,0,0,0,0
54.5,-104.2,0,0,0,0
54.5,-103.9,0,0,0,0
54.5,-102.9,0,0,0,0
54.5,-102.6,0,0,0,0
54.5,-102.3,0,0,0,0
54.5,-101.0,0,0,0,0
54.5,-100.7,0,0,0,0
54.5,-100.4,0,0,0,0
54.5,-100.1,0,0,0,0
54.5,-98.5,1,0,0,0
54.5,-98.2,0,0,0,0
54.5,-97.9,0,0,0,0
54.5,-97.5,0,0,0,0
54.5,-97.2,0,0,0,0
54.5,-96.9,0,1,0,0
54.5,-94.1,1,0,0,0
54.5,-93.8,1,0,0,0
54.5,-93.4,0,0,0,0
54.5,-93.1,1,0,0,0
54.5,-92.8,0,0,0,0
54.5,-92.5,0,0,0,0
54.5,-92.2,0,0,0,0
54.5,-91.9,0,0,0,0
54.5,-91.6,0,0,0,0
54.5,-91.2,0,0,0,0
54.5,-90.9,0,0,0,0
54.5,-90.6,1,0,0,0
54.5,-90.3,1,0,0,0
54.5,-90.0,1,0,0,0
54.5,-89.7,1,0,0,0
54.5,-86.8,0,0,0,0
54.5,-86.5,0,0,0,0
54.5,-86.2,0,0,0,0
54.5,-85.9,0,0,0,0
54.5,-85.6,0,0,0,0
54.5,-85.3,0,0,0,0
54.5,-83.7,0,1,0,0
54.5,-83.4,0,0,0,0
54.5,-83.1,0,0,0,0
54.5,-82.7,1,0,0,0
54.5,-81.1,0,0,0,0
54.5,-79.8,0,0,0,0
54.5,-79.5,0,0,0,0
54.5,-79.2,0,0,0,0
54.5,-78.2,0,0,0,0
54.5,-77.9,0,0,0,0
54.5,-77.6,1,0,0,0
54.5,-76.6,0,0,0,0
54.5,-76.3,1,0,0,0
54.5,-75.3,0,0,0,0
54.5,-75.0,1,0,0,0
54.5,-74.4,0,1,0,0
54.5,-74.0,0,0,0,0
54.5,-73.1,0,0,0,0
54.5,-72.8,0,0,0,0
54.5,-72.1,0,0,0,0
54.5,-71.8,0,0,0,0
54.5,-71.1,0,0,0,0
54.5,-70.8,0,0,0,0
54.5,-70.1,0,0,0,0
54.5,-69.8,0,0,0,0
54.5,-69.1,0,0,0,0
54.5,-68.4,0,0,0,0
54.5,-68.1,0,0,0,0
54.5,-67.4,0,0,0,0
54.5,-66.7,0,0,0,0
54.5,-66.4,0,0,0,0
54.5,-65.7,0,0,0,0
54.5,-65.0,0,0,0,0
54.5,-64.3,0,0,0,0
54.5,-63.6,0,0,0,0
54.5,-63.3,0,0,0,0
54.5,-62.9,0,0,0,0
54.5,-62.6,0,0,0,0
54.5,-62.2,0,0,0,0
54.5,-61.9,0,0,0,0
54.5,-61.5,0,0,0,0
54.5,-61.2,0,0,0,0
54.5,-60.8,0,0,0,0
54.5,-60.1,0,0,0,0
54.5,-59.4,0,0,0,0
54.5,-58.7,0,0,0,0
54.5,-58.2,0,0,0,0
54.5,-58.0,0,0,0,0
54.5,-57.5,0,0,0,0
54.5,-56.8,0,0,0,0
54.6,-131.2,0,0,0,0
54.6,-130.5,0,0,0,0
54.6,-130.1,0,0,0,0
54.6,-129.6,0,0,0,0
54.6,-128.9,0,0,0,0
54.6,-128.5,0,0,0,0
54.6,-127.8,0,0,0,0
54.6,-127.1,0,0,0,0
54.6,-126.6,0,0,0,0
54.6,-125.9,0,0,0,0
54.6,-125.2,0,0,0,0
54.6,-124.8,0,0,0,0
54.6,-124.1,0,0,0,0
54.6,-123.4,0,0,0,0
54.6,-122.7,0,0,0,0
54.6,-122.0,0,0,0,0
54.6,-121.3,0,0,0,0
54.6,-120.6,0,0,0,0
54.6,-119.9,0,0,0,0
54.6,-119.2,0,0,0,0
54.6,-118.5,0,0,0,0
54.6,-117.8,0,0,0,0
54.6,-117.5,0,0,0,0
54.6,-116.8,0,0,0,0
54.6,-116.1,0,0,0,0
54.6,-115.8,0,0,0,0
54.6,-115.1,0,0,0,0
54.6,-114.4,0,0,0,0
54.6,-114.1,0,0,0,0
54.6,-113.4,0,0,0,0
54.6,-113.1,0,0,0,0
54.6,-112.4,0,0,0,0
54.6,-112.1,0,0,0,0
54.6,-111.4,0,0,0,0
54.6,-111.1,0,0,0,0
54.6,-110.4,0,0,0,0
54.6,-110.1,0,0,0,0
54.6,-109.1,0,0,0,0
54.6,-108.8,0,0,0,0
54.6,-108.1,0,0,0,0
54.6,-107.8,0,0,0,0
54.6,-107.5,0,0,0,0
54.6,-106.8,0,0,0,0
54.6,-106.5,0,0,0,0
54.6,-106.2,0,0,0,0
54.6,-105.2,0,0,0,0
54.6,-104.9,0,0,0,0
54.6,-103.6,0,0,0,0
54.6,-103.3,0,0,0,0
54.6,-103.0,0,0,0,0
54.6,-102.0,1,0,0,0
54.6,-101.7,0,0,0,0
54.6,-101.4,0,0,0,0
54.6,-101.1,0,0,0,0
54.6,-99.8,1,0,0,0
54.6,-99.5,0,0,0,0
54.6,-99.1,0,0,0,0
54.6,-98.8,0,0,0,0
54.6,-98.5,0,1,0,0
54.6,-96.6,1,0,0,0
54.6,-96.3,1,0,0,0
54.6,-96.0,0,0,0,0
54.6,-95.7,0,0,0,0
54.6,-95.3,0,0,0,0
54.6,-95.0,0,0,0,0
54.6,-94.7,0,0,0,0
54.6,-94.4,0,0,0,0
54.6,-94.1,0,1,0,0
54.6,-93.8,0,1,0,0
54.6,-93.5,0,0,0,0
54.6,-93.1,0,1,0,0
54.6,-90.6,0,1,0,0
54.6,-90.3,0,1,0,0
54.6,-90.0,0,1,0,0
54.6,-89.7,0,1,0,0
54.6,-89.4,0,0,0,0
54.6,-89.0,0,0,0,0
54.6,-88.7,0,0,0,0
54.6,-88.4,0,0,0,0
54.6,-88.1,0,0,0,0
54.6,-87.8,0,0,0,0
54.6,-87.5,0,0,0,0
54.6,-87.2,0,0,0,0
54.6,-85.2,0,0,0,0
54.6,-84.9,0,0,0,0
54.6,-84.6,0,0,0,0
54.6,-84.3,0,0,0,0
54.6,-84.0,0,0,0,0
54.6,-82.7,0,1,0,0
54.6,-82.4,0,0,0,0
54.6,-78.9,0,0,0,0
54.6,-78.6,0,0,0,0
54.6,-77.6,0,1,0,0
54.6,-77.3,0,0,0,0
54.6,-76.9,1,0,0,0
54.6,-76.3,0,1,0,0
54.6,-76.0,0,0,0,0
54.6,-75.6,1,0,0,0
54.6,-75.0,0,1,0,0
54.6,-74.7,0,0,0,0
54.6,-73.7,0,0,0,0
54.6,-73.4,0,0,0,0
54.6,-72.7,0,0,0,0
54.6,-72.4,0,0,0,0
54.6,-71.7,0,0,0,0
54.6,-71.4,0,0,0,0
54.6,-70.7,0,0,0,0
54.6,-70.4,0,0,0,0
54.6,-69.7,0,0,0,0
54.6,-69.4,0,0,0,0
54.6,-68.7,0,0,0,0
54.6,-68.0,0,0,0,0
54.6,-67.7,0,0,0,0
54.6,-67.0,0,0,0,0
54.6,-66.3,0,0,0,0
54.6,-66.0,0,0,0,0
54.6,-65.3,0,0,0,0
54.6,-64.6,0,0,0,0
54.6,-63.9,0,0,0,0
54.6,-63.2,0,0,0,0
54.6,-62.5,0,0,0,0
54.6,-61.8,0,0,0,0
54.6,-61.1,0,0,0,0
54.6,-60.3,0,0,0,0
54.6,-59.6,0,0,0,0
54.6,-58.9,0,0,0,0
54.6,-58.5,0,0,0,0
54.6,-57.8,0,0,0,0
54.6,-57.1,0,0,0,0
54.7,-130.9,0,0,0,0
54.7,-129.8,0,0,0,0
54.7,-129.4,0,0,0,0
54.7,-128.7,0,0,0,0
54.7,-128.2,0,0,0,0
54.7,-127.9,0,0,0,0
54.7,-127.5,0,0,0,0
54.7,-126.8,0,0,0,0
54.7,-126.4,0,0,0,0
54.7,-125.7,0,0,0,0
54.7,-125.0,0,0,0,0
54.7,-124.5,0,0,0,0
54.7,-124.3,0,0,0,0
54.7,-123.8,0,0,0,0
54.7,-123.1,0,0,0,0
54.7,-122.4,0,0,0,0
54.7,-121.7,0,0,0,0
54.7,-121.0,0,0,0,0
54.7,-120.3,0,0,0,0
54.7,-119.6,0,0,0,0
54.7,-118.9,0,0,0,0
54.7,-118.6,0,0,0,0
54.7,-118.2,0,0,0,0
54.7,-117.9,0,0,0,0
54.7,-117.2,0,0,0,0
54.7,-116.5,0,0,0,0
54.7,-116.2,0,0,0,0
54.7,-115.5,0,0,0,0
54.7,-114.8,0,0,0,0
54.7,-114.5,0,0,0,0
54.7,-113.8,0,0,0,0
54.7,-113.5,0,0,0,0
54.7,-112.8,0,0,0,0
54.7,-111.8,0,0,0,0
54.7,-111.5,0,0,0,0
54.7,-110.8,0,0,0,0
54.7,-110.5,0,0,0,0
54.7,-109.8,0,0,0,0
54.7,-109.5,0,0,0,0
54.7,-108.5,0,0,0,0
54.7,-108.2,0,0,0,0
54.7,-107.2,0,0,0,0
54.7,-106.9,0,0,0,0
54.7,-105.9,0,0,0,0
54.7,-105.6,0,0,0,0
54.7,-104.6,0,0,0,0
54.7,-104.3,0,0,0,0
54.7,-104.0,0,0,0,0
54.7,-102.7,0,0,0,0
54.7,-102.4,0,0,0,0
54.7,-102.0,0,1,0,0
54.7,-100.7,0,0,0,0
54.7,-100.4,0,0,0,0
54.7,-100.1,0,0,0,0
54.7,-99.8,0,1,0,0
54.7,-98.2,0,0,0,0
54.7,-97.9,0,0,0,0
54.7,-97.6,0,0,0,0
54.7,-97.3,0,0,0,0
54.7,-96.9,0,0,0,0
54.7,-96.6,0,1,0,0
54.7,-96.3,0,1,0,0
54.7,-92.8,0,0,0,0
54.7,-92.5,0,0,0,0
54.7,-92.2,0,0,0,0
54.7,-91.9,0,0,0,0
54.7,-91.6,0,0,0,0
54.7,-91.2,0,0,0,0
54.7,-90.9,0,0,0,0
54.7,-87.4,0,0,0,0
54.7,-87.1,0,0,0,0
54.7,-86.8,0,0,0,0
54.7,-86.5,0,0,0,0
54.7,-86.2,0,0,0,0
54.7,-85.9,0,0,0,0
54.7,-85.6,0,0,0,0
54.7,-83.9,0,0,0,0
54.7,-83.6,0,0,0,0
54.7,-83.3,0,0,0,0
54.7,-83.0,0,0,0,0
54.7,-79.8,0,0,0,0
54.7,-79.5,0,0,0,0
54.7,-79.2,0,0,0,0
54.7,-78.2,0,0,0,0
54.7,-77.9,0,0,0,0
54.7,-76.9,0,1,0,0
54.7,-76.6,0,0,0,0
54.7,-75.6,0,1,0,0
54.7,-75.3,0,0,0,0
54.7,-74.3,0,0,0,0
54.7,-74.0,0,0,0,0
54.7,-73.3,0,0,0,0
54.7,-73.0,0,0,0,0
54.7,-72.0,0,0,0,0
54.7,-71.0,0,0,0,0
54.7,-70.0,0,0,0,0
54.7,-69.3,0,0,0,0
54.7,-69.0,0,0,0,0
54.7,-68.3,0,0,0,0
54.7,-67.6,0,0,0,0
54.7,-67.3,0,0,0,0
54.7,-66.6,0,0,0,0
54.7,-65.9,0,0,0,0
54.7,-65.6,0,0,0,0
54.7,-64.9,0,0,0,0
54.7,-64.2,0,0,0,0
54.7,-63.5,0,0,0,0
54.7,-62.7,0,0,0,0
54.7,-62.0,0,0,0,0
54.7,-61.3,0,0,0,0
54.7,-60.6,0,0,0,0
54.7,-59.9,0,0,0,0
54.7,-59.5,0,0,0,0
54.7,-59.2,0,0,0,0
54.7,-58.8,0,0,0,0
54.7,-58.1,0,0,0,0
54.7,-57.4,0,0,0,0
54.7,-56.9,0,0,0,0
54.8,-130.7,0,0,0,0
54.8,-130.2,0,0,0,0
54.8,-129.5,0,0,0,0
54.8,-129.1,0,0,0,0
54.8,-128.4,0,0,0,0
54.8,-127.7,0,0,0,0
54.8,-127.2,0,0,0,0
54.8,-126.5,0,0,0,0
54.8,-126.1,0,0,0,0
54.8,-125.4,0,0,0,0
54.8,-124.7,0,0,0,0
54.8,-124.0,0,0,0,0
54.8,-123.6,0,0,0,0
54.8,-123.3,0,0,0,0
54.8,-122.8,0,0,0,0
54.8,-122.1,0,0,0,0
54.8,-121.4,0,0,0,0
54.8,-120.7,0,0,0,0
54.8,-120.0,0,0,0,0
54.8,-119.3,0,0,0,0
54.8,-119.0,0,0,0,0
54.8,-118.3,0,0,0,0
54.8,-117.6,0,0,0,0
54.8,-116.9,0,0,0,0
54.8,-116.6,0,0,0,0
54.8,-115.9,0,0,0,0
54.8,-115.2,0,0,0,0
54.8,-114.9,0,0,0,0
54.8,-114.2,0,0,0,0
54.8,-113.2,0,0,0,0
54.8,-112.5,0,0,0,0
54.8,-112.2,0,0,0,0
54.8,-111.2,0,0,0,0
54.8,-110.2,0,0,0,0
54.8,-109.9,0,0,0,0
54.8,-109.2,0,0,0,0
54.8,-108.9,0,0,0,0
54.8,-107.9,0,0,0,0
54.8,-107.6,0,0,0,0
54.8,-106.6,0,0,0,0
54.8,-106.3,0,0,0,0
54.8,-105.3,1,0,0,0
54.8,-105.0,0,0,0,0
54.8,-104.6,0,0,0,0
54.8,-103.7,1,0,0,0
54.8,-103.3,0,0,0,0
54.8,-103.0,0,0,0,0
54.8,-101.7,0,0,0,0
54.8,-101.4,0,0,0,0
54.8,-101.1,0,0,0,0
54.8,-100.8,0,0,0,0
54.8,-99.5,1,0,0,0
54.8,-99.2,0,0,0,0
54.8,-98.9,0,0,0,0
54.8,-98.5,0,0,0,0
54.8,-98.2,0,0,0,0
54.8,-96.0,1,0,0,0
54.8,-95.7,0,0,0,0
54.8,-95.4,0,0,0,0
54.8,-95.0,0,0,0,0
54.8,-94.7,0,0,0,0
54.8,-94.4,0,0,0,0
54.8,-94.1,0,0,0,0
54.8,-93.8,0,0,0,0
54.8,-93.5,0,0,0,0
54.8,-93.1,0,0,0,0
54.8,-92.8,0,0,0,0
54.8,-92.5,0,0,0,0
54.8,-92.2,0,0,0,0
54.8,-91.9,0,0,0,0
54.8,-91.6,0,0,0,0
54.8,-91.2,0,0,0,0
54.8,-90.9,0,0,0,0
54.8,-90.6,0,0,0,0
54.8,-90.3,0,0,0,0
54.8,-90.0,0,0,0,0
54.8,-89.7,0,0,0,0
54.8,-89.3,0,0,0,0
54.8,-89.0,0,0,0,0
54.8,-88.7,0,0,0,0
54.8,-88.4,0,0,0,0
54.8,-88.1,0,0,0,0
54.8,-87.8,0,0,0,0
54.8,-85.5,0,0,0,0
54.8,-85.2,0,0,0,0
54.8,-84.9,0,0,0,0
54.8,-84.6,0,0,0,0
54.8,-84.3,0,0,0,0
54.8,-83.0,0,0,0,0
54.8,-82.7,0,0,0,0
54.8,-82.3,0,0,0,0
54.8,-79.1,0,0,0,0
54.8,-78.8,0,0,0,0
54.8,-78.5,0,0,0,0
54.8,-77.5,0,0,0,0
54.8,-77.2,0,0,0,0
54.8,-76.2,0,0,0,0
54.8,-75.9,0,0,0,0
54.8,-74.9,0,0,0,0
54.8,-74.6,0,0,0,0
54.8,-73.9,0,0,0,0
54.8,-73.6,0,0,0,0
54.8,-72.6,0,0,0,0
54.8,-72.3,0,0,0,0
54.8,-71.6,0,0,0,0
54.8,-71.3,0,0,0,0
54.8,-70.6,0,0,0,0
54.8,-70.3,0,0,0,0
54.8,-69.6,0,0,0,0
54.8,-68.9,0,0,0,0
54.8,-68.6,0,0,0,0
54.8,-67.9,0,0,0,0
54.8,-67.1,0,0,0,0
54.8,-66.9,0,0,0,0
54.8,-66.1,0,0,0,0
54.8,-65.4,0,0,0,0
54.8,-65.2,0,0,0,0
54.8,-64.7,0,0,0,0
54.8,-64.4,0,0,0,0
54.8,-63.7,0,0,0,0
54.8,-63.0,0,0,0,0
54.8,-62.3,0,0,0,0
54.8,-61.6,0,0,0,0
54.8,-60.9,0,0,0,0
54.8,-60.2,0,0,0,0
54.8,-59.8,0,0,0,0
54.8,-59.1,0,0,0,0
54.8,-58.4,0,0,0,0
54.8,-57.6,0,0,0,0
54.9,-130.4,0,0,0,0
54.9,-130.0,0,0,0,0
54.9,-129.3,0,0,0,0
54.9,-128.8,0,0,0,0
54.9,-128.1,0,0,0,0
54.9,-127.4,0,0,0,0
54.9,-127.0,0,0,0,0
54.9,-126.3,0,0,0,0
54.9,-125.8,0,0,0,0
54.9,-125.6,0,0,0,0
54.9,-125.1,0,0,0,0
54.9,-124.4,0,0,0,0
54.9,-123.7,0,0,0,0
54.9,-123.0,0,0,0,0
54.9,-122.6,0,0,0,0
54.9,-122.3,0,0,0,0
54.9,-121.9,0,0,0,0
54.9,-121.6,0,0,0,0
54.9,-121.1,0,0,0,0
54.9,-120.9,0,0,0,0
54.9,-120.4,0,0,0,0
54.9,-120.1,0,0,0,0
54.9,-119.7,0,0,0,0
54.9,-119.4,0,0,0,0
54.9,-118.7,0,0,0,0
54.9,-118.0,0,0,0,0
54.9,-117.3,0,0,0,0
54.9,-117.0,0,0,0,0
54.9,-116.3,0,0,0,0
54.9,-115.6,0,0,0,0
54.9,-115.3,0,0,0,0
54.9,-114.6,0,0,0,0
54.9,-113.9,0,0,0,0
54.9,-113.6,0,0,0,0
54.9,-112.9,0,0,0,0
54.9,-112.6,0,0,0,0
54.9,-111.9,0,0,0,0
54.9,-111.6,0,0,0,0
54.9,-110.9,0,0,0,0
54.9,-110.6,0,0,0,0
54.9,-109.6,0,0,0,0
54.9,-109.3,0,0,0,0
54.9,-108.6,0,0,0,0
54.9,-108.3,0,0,0,0
54.9,-107.3,1,0,0,0
54.9,-107.0,0,0,0,0
54.9,-106.0,1,0,0,0
54.9,-105.6,0,0,0,0
54.9,-105.3,0,1,0,0
54.9,-104.3,0,0,0,0
54.9,-104.0,0,0,0,0
54.9,-103.7,0,1,0,0
54.9,-102.7,0,0,0,0
54.9,-102.4,0,0,0,0
54.9,-102.1,0,0,0,0
54.9,-101.8,0,0,0,0
54.9,-100.5,0,0,0,0
54.9,-100.2,0,0,0,0
54.9,-99.8,0,0,0,0
54.9,-99.5,0,1,0,0
54.9,-97.9,1,0,0,0
54.9,-97.6,0,0,0,0
54.9,-97.3,0,0,0,0
54.9,-97.0,0,0,0,0
54.9,-96.6,0,0,0,0
54.9,-96.3,0,0,0,0
54.9,-96.0,0,1,0,0
54.9,-87.7,0,0,0,0
54.9,-87.4,0,0,0,0
54.9,-87.1,0,0,0,0
54.9,-86.8,0,0,0,0
54.9,-86.5,0,0,0,0
54.9,-86.2,0,0,0,0
54.9,-85.8,1,0,0,0
54.9,-84.2,0,0,0,0
54.9,-83.9,0,0,0,0
54.9,-83.6,0,0,0,0
54.9,-83.3,0,0,0,0
54.9,-79.7,0,0,0,0
54.9,-79.4,0,0,0,0
54.9,-78.4,0,0,0,0
54.9,-78.1,0,0,0,0
54.9,-77.8,0,0,0,0
54.9,-76.8,0,0,0,0
54.9,-76.5,0,0,0,0
54.9,-75.5,0,0,0,0
54.9,-75.2,0,0,0,0
54.9,-74.5,0,0,0,0
54.9,-74.2,0,0,0,0
54.9,-73.2,0,0,0,0
54.9,-72.9,0,0,0,0
54.9,-72.2,0,0,0,0
54.9,-71.9,0,0,0,0
54.9,-71.2,0,0,0,0
54.9,-70.9,0,0,0,0
54.9,-70.2,0,0,0,0
54.9,-69.9,0,0,0,0
54.9,-69.2,0,0,0,0
54.9,-68.4,0,0,0,0
54.9,-68.1,0,0,0,0
54.9,-67.4,0,0,0,0
54.9,-66.7,0,0,0,0
54.9,-66.4,0,0,0,0
54.9,-65.7,0,0,0,0
54.9,-65.0,0,0,0,0
54.9,-64.3,0,0,0,0
54.9,-64.0,0,0,0,0
54.9,-63.6,0,0,0,0
54.9,-63.3,0,0,0,0
54.9,-62.9,0,0,0,0
54.9,-62.6,0,0,0,0
54.9,-61.9,0,0,0,0
54.9,-61.5,0,0,0,0
54.9,-61.2,0,0,0,0
54.9,-60.8,0,0,0,0
54.9,-60.5,0,0,0,0
54.9,-60.0,0,0,0,0
54.9,-59.3,0,0,0,0
54.9,-58.6,0,0,0,0
54.9,-57.9,0,0,0,0
55.0,-130.1,0,0,0,0
55.0,-129.7,0,0,0,0
55.0,-129.0,0,0,0,0
55.0,-128.6,0,0,0,0
55.0,-127.9,0,0,0,0
55.0,-127.1,0,0,0,0
55.0,-126.7,0,0,0,0
55.0,-126.0,0,0,0,0
55.0,-125.3,0,0,0,0
55.0,-124.8,0,0,0,0
55.0,-124.1,0,0,0,0
55.0,-123.4,0,0,0,0
55.0,-122.7,0,0,0,0
55.0,-122.0,0,0,0,0
55.0,-121.3,0,0,0,0
55.0,-120.6,0,0,0,0
55.0,-119.9,0,0,0,0
55.0,-119.1,0,0,0,0
55.0,-118.4,0,0,0,0
55.0,-117.7,0,0,0,0
55.0,-117.4,0,0,0,0
55.0,-116.7,0,0,0,0
55.0,-116.0,0,0,0,0
55.0,-115.7,0,0,0,0
55.0,-115.0,0,0,0,0
55.0,-114.3,0,0,0,0
55.0,-114.0,0,0,0,0
55.0,-113.3,0,0,0,0
55.0,-113.0,0,0,0,0
55.0,-112.3,0,0,0,0
55.0,-112.0,0,0,0,0
55.0,-111.3,0,0,0,0
55.0,-111.0,0,0,0,0
55.0,-110.3,0,0,0,0
55.0,-110.0,0,0,0,0
55.0,-109.0,0,0,0,0
55.0,-108.7,0,0,0,0
55.0,-108.0,1,0,0,0
55.0,-107.6,0,0,0,0
55.0,-107.3,0,1,0,0
55.0,-106.6,0,0,0,0
55.0,-106.3,0,0,0,0
55.0,-106.0,0,1,0,0
55.0,-105.0,0,0,0,0
55.0,-104.7,0,0,0,0
55.0,-104.4,0,0,0,0
55.0,-103.4,0,0,0,0
55.0,-103.1,0,0,0,0
55.0,-102.8,0,0,0,0
55.0,-101.5,0,0,0,0
55.0,-101.1,0,0,0,0
55.0,-100.8,0,0,0,0
55.0,-99.2,1,0,0,0
55.0,-98.9,0,0,0,0
55.0,-98.6,0,0,0,0
55.0,-98.3,0,0,0,0
55.0,-97.9,0,1,0,0
55.0,-95.7,1,0,0,0
55.0,-95.4,1,0,0,0
55.0,-95.1,0,0,0,0
55.0,-94.7,0,0,0,0
55.0,-94.4,0,0,0,0
55.0,-94.1,0,0,0,0
55.0,-93.8,0,0,0,0
55.0,-93.5,0,0,0,0
55.0,-93.2,0,0,0,0
55.0,-92.8,0,0,0,0
55.0,-92.5,0,0,0,0
55.0,-92.2,0,0,0,0
55.0,-91.9,0,0,0,0
55.0,-91.6,0,0,0,0
55.0,-91.2,0,0,0,0
55.0,-90.9,0,0,0,0
55.0,-90.6,0,0,0,0
55.0,-90.3,0,0,0,0
55.0,-90.0,0,0,0,0
55.0,-89.6,0,0,0,0
55.0,-89.3,0,0,0,0
55.0,-89.0,0,0,0,0
55.0,-88.7,0,0,0,0
55.0,-88.4,1,0,0,0
55.0,-88.1,0,0,0,0
55.0,-85.8,0,1,0,0
55.0,-85.5,0,0,0,0
55.0,-85.2,0,0,0,0
55.0,-84.9,0,0,0,0
55.0,-84.5,1,0,0,0
55.0,-82.9,0,0,0,0
55.0,-82.6,0,0,0,0
55.0,-82.3,0,0,0,0
55.0,-79.0,0,0,0,0
55.0,-78.7,0,0,0,0
55.0,-77.7,0,0,0,0
55.0,-77.4,0,0,0,0
55.0,-77.1,0,0,0,0
55.0,-76.4,0,0,0,0
55.0,-76.1,0,0,0,0
55.0,-75.8,0,0,0,0
55.0,-75.1,0,0,0,0
55.0,-74.8,0,0,0,0
55.0,-73.8,0,0,0,0
55.0,-73.5,0,0,0,0
55.0,-72.8,0,0,0,0
55.0,-72.5,0,0,0,0
55.0,-71.8,0,0,0,0
55.0,-71.5,0,0,0,0
55.0,-70.8,0,0,0,0
55.0,-70.5,0,0,0,0
55.0,-69.8,0,0,0,0
55.0,-69.5,0,0,0,0
55.0,-68.7,0,0,0,0
55.0,-67.7,0,0,0,0
55.0,-67.0,0,0,0,0
55.0,-66.3,0,0,0,0
55.0,-66.0,0,0,0,0
55.0,-65.3,0,0,0,0
55.0,-64.6,0,0,0,0
55.0,-63.9,0,0,0,0
55.0,-63.2,0,0,0,0
55.0,-62.5,0,0,0,0
55.0,-62.2,0,0,0,0
55.0,-61.7,0,0,0,0
55.0,-61.0,0,0,0,0
55.0,-60.3,0,0,0,0
55.0,-59.6,0,0,0,0
55.0,-58.9,0,0,0,0
55.0,-58.5,0,0,0,0
55.0,-58.2,0,0,0,0
55.1,-129.9,0,0,0,0
55.1,-129.4,0,0,0,0
55.1,-128.7,0,0,0,0
55.1,-128.3,0,0,0,0
55.1,-127.6,0,0,0,0
55.1,-126.9,0,0,0,0
55.1,-126.4,0,0,0,0
55.1,-125.7,0,0,0,0
55.1,-125.0,0,0,0,0
55.1,-124.6,0,0,0,0
55.1,-123.9,0,0,0,0
55.1,-123.1,0,0,0,0
55.1,-122.4,0,0,0,0
55.1,-121.7,0,0,0,0
55.1,-121.0,0,0,0,0
55.1,-120.3,0,0,0,0
55.1,-119.6,0,0,0,0
55.1,-118.9,0,0,0,0
55.1,-118.1,0,0,0,0
55.1,-117.9,0,0,0,0
55.1,-117.1,0,0,0,0
55.1,-116.4,0,0,0,0
55.1,-115.4,0,0,0,0
55.1,-114.7,0,0,0,0
55.1,-114.4,0,0,0,0
55.1,-113.7,0,0,0,0
55.1,-112.7,0,0,0,0
55.1,-111.7,0,0,0,0
55.1,-110.7,0,0,0,0
55.1,-110.4,0,0,0,0
55.1,-109.7,1,0,0,0
55.1,-109.4,0,0,0,0
55.1,-108.3,0,0,0,0
55.1,-108.0,0,1,0,0
55.1,-107.0,0,0,0,0
55.1,-106.7,0,0,0,0
55.1,-105.7,0,0,0,0
55.1,-105.4,0,0,0,0
55.1,-104.1,0,0,0,0
55.1,-103.8,0,0,0,0
55.1,-102.5,1,0,0,0
55.1,-102.1,0,0,0,0
55.1,-101.8,0,0,0,0
55.1,-100.5,0,0,0,0
55.1,-100.2,0,0,0,0
55.1,-99.9,0,0,0,0
55.1,-99.6,0,0,0,0
55.1,-99.2,0,1,0,0
55.1,-97.6,0,0,0,0
55.1,-97.3,0,0,0,0
55.1,-97.0,0,0,0,0
55.1,-96.7,0,0,0,0
55.1,-96.4,0,0,0,0
55.1,-96.0,0,0,0,0
55.1,-95.7,0,1,0,0
55.1,-95.4,0,1,0,0
55.1,-88.4,0,1,0,0
55.1,-88.0,0,0,0,0
55.1,-87.7,0,0,0,0
55.1,-87.4,0,0,0,0
55.1,-87.1,0,0,0,0
55.1,-86.8,0,0,0,0
55.1,-86.4,0,0,0,0
55.1,-86.1,1,0,0,0
55.1,-84.5,0,1,0,0
55.1,-84.2,0,0,0,0
55.1,-83.9,0,0,0,0
55.1,-83.6,0,0,0,0
55.1,-83.2,1,0,0,0
55.1,-78.4,0,0,0,0
55.1,-78.0,0,0,0,0
55.1,-77.0,0,0,0,0
55.1,-76.7,0,0,0,0
55.1,-75.7,0,0,0,0
55.1,-75.4,0,0,0,0
55.1,-74.4,0,0,0,0
55.1,-74.1,0,0,0,0
55.1,-73.4,0,0,0,0
55.1,-73.1,0,0,0,0
55.1,-72.1,0,0,0,0
55.1,-71.1,0,0,0,0
55.1,-70.1,0,0,0,0
55.1,-69.3,0,0,0,0
55.1,-69.0,0,0,0,0
55.1,-68.3,0,0,0,0
55.1,-68.0,0,0,0,0
55.1,-67.3,0,0,0,0
55.1,-66.6,0,0,0,0
55.1,-65.9,0,0,0,0
55.1,-65.6,0,0,0,0
55.1,-64.9,0,0,0,0
55.1,-64.2,0,0,0,0
55.1,-63.5,0,0,0,0
55.1,-62.7,0,0,0,0
55.1,-62.0,0,0,0,0
55.1,-61.3,0,0,0,0
55.1,-60.6,0,0,0,0
55.1,-59.9,0,0,0,0
55.1,-59.2,0,0,0,0
55.1,-58.7,0,0,0,0
55.2,-130.3,0,0,0,0
55.2,-129.6,0,0,0,0
55.2,-129.2,0,0,0,0
55.2,-128.5,0,0,0,0
55.2,-128.0,0,0,0,0
55.2,-127.3,0,0,0,0
55.2,-126.6,0,0,0,0
55.2,-126.2,0,0,0,0
55.2,-125.4,0,0,0,0
55.2,-124.7,0,0,0,0
55.2,-124.3,0,0,0,0
55.2,-124.0,0,0,0,0
55.2,-123.6,0,0,0,0
55.2,-122.9,0,0,0,0
55.2,-122.1,0,0,0,0
55.2,-121.4,0,0,0,0
55.2,-120.7,0,0,0,0
55.2,-120.0,0,0,0,0
55.2,-119.3,0,0,0,0
55.2,-119.0,0,0,0,0
55.2,-118.6,0,0,0,0
55.2,-118.3,0,0,0,0
55.2,-117.6,0,0,0,0
55.2,-116.8,0,0,0,0
55.2,-116.1,0,0,0,0
55.2,-115.8,0,0,0,0
55.2,-115.1,0,0,0,0
55.2,-114.8,0,0,0,0
55.2,-114.1,0,0,0,0
55.2,-113.4,0,0,0,0
55.2,-113.1,0,0,0,0
55.2,-112.4,0,0,0,0
55.2,-112.1,0,0,0,0
55.2,-111.4,0,0,0,0
55.2,-111.1,0,0,0,0
55.2,-110.1,0,0,0,0
55.2,-109.7,0,1,0,0
55.2,-109.0,0,0,0,0
55.2,-108.7,0,0,0,0
55.2,-107.7,0,0,0,0
55.2,-107.4,0,0,0,0
55.2,-106.4,0,0,0,0
55.2,-106.1,0,0,0,0
55.2,-105.1,0,0,0,0
55.2,-104.8,0,0,0,0
55.2,-104.5,0,0,0,0
55.2,-103.5,0,0,0,0
55.2,-103.1,0,0,0,0
55.2,-102.8,0,0,0,0
55.2,-102.5,0,1,0,0
55.2,-101.5,0,0,0,0
55.2,-101.2,0,0,0,0
55.2,-100.9,0,0,0,0
55.2,-100.6,0,0,0,0
55.2,-98.9,0,0,0,0
55.2,-98.6,0,0,0,0
55.2,-98.3,0,0,0,0
55.2,-98.0,0,0,0,0
55.2,-97.7,0,0,0,0
55.2,-95.1,0,0,0,0
55.2,-94.8,0,0,0,0
55.2,-94.4,0,0,0,0
55.2,-94.1,0,0,0,0
55.2,-93.8,0,0,0,0
55.2,-93.5,0,0,0,0
55.2,-93.2,0,0,0,0
55.2,-92.8,0,0,0,0
55.2,-92.5,0,0,0,0
55.2,-92.2,0,0,0,0
55.2,-91.9,0,0,0,0
55.2,-91.6,0,0,0,0
55.2,-91.2,0,0,0,0
55.2,-90.9,0,0,0,0
55.2,-90.6,0,0,0,0
55.2,-90.3,0,0,0,0
55.2,-90.0,0,0,0,0
55.2,-89.6,0,0,0,0
55.2,-89.3,0,0,0,0
55.2,-89.0,0,0,0,0
55.2,-88.7,0,0,0,0
55.2,-86.1,0,1,0,0
55.2,-85.8,0,0,0,0
55.2,-85.5,0,0,0,0
55.2,-85.1,0,0,0,0
55.2,-84.8,0,0,0,0
55.2,-83.2,0,1,0,0
55.2,-82.9,0,0,0,0
55.2,-82.6,0,0,0,0
55.2,-82.2,0,0,0,0
55.2,-77.7,0,0,0,0
55.2,-77.3,0,0,0,0
55.2,-76.3,0,0,0,0
55.2,-76.0,0,0,0,0
55.2,-75.0,0,0,0,0
55.2,-74.7,0,0,0,0
55.2,-74.0,0,0,0,0
55.2,-73.7,0,0,0,0
55.2,-72.7,0,0,0,0
55.2,-72.4,0,0,0,0
55.2,-71.7,0,0,0,0
55.2,-71.4,0,0,0,0
55.2,-70.7,0,0,0,0
55.2,-70.4,0,0,0,0
55.2,-69.6,0,0,0,0
55.2,-68.9,0,0,0,0
55.2,-68.6,0,0,0,0
55.2,-67.9,0,0,0,0
55.2,-67.6,0,0,0,0
55.2,-66.9,0,0,0,0
55.2,-66.2,0,0,0,0
55.2,-65.5,0,0,0,0
55.2,-65.2,0,0,0,0
55.2,-64.5,0,0,0,0
55.2,-63.8,0,0,0,0
55.2,-63.0,0,0,0,0
55.2,-62.3,0,0,0,0
55.2,-61.6,0,0,0,0
55.2,-60.9,0,0,0,0
55.2,-60.2,0,0,0,0
55.2,-59.7,0,0,0,0
55.2,-59.5,0,0,0,0
55.2,-59.0,0,0,0,0
55.3,-130.1,0,0,0,0
55.3,-129.4,0,0,0,0
55.3,-128.9,0,0,0,0
55.3,-128.2,0,0,0,0
55.3,-127.8,0,0,0,0
55.3,-127.0,0,0,0,0
55.3,-126.3,0,0,0,0
55.3,-125.9,0,0,0,0
55.3,-125.2,0,0,0,0
55.3,-124.4,0,0,0,0
55.3,-123.7,0,0,0,0
55.3,-123.3,0,0,0,0
55.3,-123.0,0,0,0,0
55.3,-122.6,0,0,0,0
55.3,-121.9,0,0,0,0
55.3,-121.1,0,0,0,0
55.3,-120.4,0,0,0,0
55.3,-120.1,0,0,0,0
55.3,-119.7,0,0,0,0
55.3,-119.4,0,0,0,0
55.3,-118.7,0,0,0,0
55.3,-118.0,0,0,0,0
55.3,-117.3,0,0,0,0
55.3,-116.5,0,0,0,0
55.3,-116.3,0,0,0,0
55.3,-115.5,0,0,0,0
55.3,-114.5,0,0,0,0
55.3,-113.8,0,0,0,0
55.3,-113.5,0,0,0,0
55.3,-112.8,0,0,0,0
55.3,-112.5,0,0,0,0
55.3,-111.8,0,0,0,0
55.3,-111.5,0,0,0,0
55.3,-110.8,0,0,0,0
55.3,-110.5,0,0,0,0
55.3,-109.4,0,0,0,0
55.3,-109.1,0,0,0,0
55.3,-108.4,0,0,0,0
55.3,-108.1,0,0,0,0
55.3,-107.1,0,0,0,0
55.3,-106.8,0,0,0,0
55.3,-105.8,0,0,0,0
55.3,-105.5,0,0,0,0
55.3,-105.2,0,0,0,0
55.3,-104.1,0,0,0,0
55.3,-103.8,0,0,0,0
55.3,-103.5,0,0,0,0
55.3,-102.2,0,0,0,0
55.3,-101.9,0,0,0,0
55.3,-101.6,0,0,0,0
55.3,-100.2,0,0,0,0
55.3,-99.9,0,0,0,0
55.3,-99.6,0,0,0,0
55.3,-99.3,0,0,0,0
55.3,-99.0,0,0,0,0
55.3,-97.3,0,0,0,0
55.3,-97.0,0,0,0,0
55.3,-96.7,0,0,0,0
55.3,-96.4,0,0,0,0
55.3,-96.1,0,0,0,0
55.3,-95.7,0,0,0,0
55.3,-95.4,0,0,0,0
55.3,-95.1,0,0,0,0
55.3,-88.7,0,0,0,0
55.3,-88.3,0,0,0,0
55.3,-88.0,0,0,0,0
55.3,-87.7,0,0,0,0
55.3,-87.4,0,0,0,0
55.3,-87.1,0,0,0,0
55.3,-86.7,0,0,0,0
55.3,-86.4,1,0,0,0
55.3,-84.8,0,0,0,0
55.3,-84.5,0,0,0,0
55.3,-84.1,0,0,0,0
55.3,-83.8,0,0,0,0
55.3,-83.5,0,0,0,0
55.3,-79.9,0,0,0,0
55.3,-78.0,0,0,0,0
55.3,-77.0,0,0,0,0
55.3,-76.6,1,0,0,0
55.3,-75.6,0,0,0,0
55.3,-75.3,0,0,0,0
55.3,-74.6,0,0,0,0
55.3,-74.3,0,0,0,0
55.3,-73.3,0,0,0,0
55.3,-73.0,0,0,0,0
55.3,-72.3,0,0,0,0
55.3,-72.0,0,0,0,0
55.3,-71.3,0,0,0,0
55.3,-71.0,0,0,0,0
55.3,-70.2,0,0,0,0
55.3,-69.9,0,0,0,0
55.3,-69.2,0,0,0,0
55.3,-68.2,0,0,0,0
55.3,-67.5,0,0,0,0
55.3,-67.2,0,0,0,0
55.3,-66.5,0,0,0,0
55.3,-65.8,0,0,0,0
55.3,-65.1,0,0,0,0
55.3,-64.8,0,0,0,0
55.3,-64.3,0,0,0,0
55.3,-64.0,0,0,0,0
55.3,-63.3,0,0,0,0
55.3,-62.6,0,0,0,0
55.3,-61.9,0,0,0,0
55.3,-61.2,0,0,0,0
55.3,-60.7,0,0,0,0
55.3,-60.5,0,0,0,0
55.3,-60.0,0,0,0,0
55.3,-59.3,0,0,0,0
55.4,-129.8,0,0,0,0
55.4,-129.1,0,0,0,0
55.4,-128.6,0,0,0,0
55.4,-127.9,0,0,0,0
55.4,-127.5,0,0,0,0
55.4,-127.2,0,0,0,0
55.4,-126.8,0,0,0,0
55.4,-126.0,0,0,0,0
55.4,-125.6,0,0,0,0
55.4,-125.3,0,0,0,0
55.4,-124.9,0,0,0,0
55.4,-124.2,0,0,0,0
55.4,-123.4,0,0,0,0
55.4,-122.7,0,0,0,0
55.4,-122.3,0,0,0,0
55.4,-122.0,0,0,0,0
55.4,-121.6,0,0,0,0
55.4,-121.3,0,0,0,0
55.4,-120.9,0,0,0,0
55.4,-120.6,0,0,0,0
55.4,-119.8,0,0,0,0
55.4,-119.1,0,0,0,0
55.4,-118.4,0,0,0,0
55.4,-117.7,0,0,0,0
55.4,-117.4,0,0,0,0
55.4,-117.0,0,0,0,0
55.4,-116.7,0,0,0,0
55.4,-116.0,0,0,0,0
55.4,-115.2,0,0,0,0
55.4,-114.9,0,0,0,0
55.4,-114.2,0,0,0,0
55.4,-113.9,0,0,0,0
55.4,-113.2,0,0,0,0
55.4,-112.9,0,0,0,0
55.4,-112.2,0,0,0,0
55.4,-111.9,0,0,0,0
55.4,-111.2,0,0,0,0
55.4,-110.9,0,0,0,0
55.4,-110.1,0,0,0,0
55.4,-109.8,0,0,0,0
55.4,-108.8,0,0,0,0
55.4,-108.5,0,0,0,0
55.4,-107.8,0,0,0,0
55.4,-107.5,0,0,0,0
55.4,-107.2,0,0,0,0
55.4,-106.5,0,0,0,0
55.4,-106.2,0,0,0,0
55.4,-105.9,0,0,0,0
55.4,-104.8,0,0,0,0
55.4,-104.5,0,0,0,0
55.4,-104.2,0,0,0,0
55.4,-103.2,0,0,0,0
55.4,-102.9,0,0,0,0
55.4,-102.6,0,0,0,0
55.4,-101.2,0,0,0,0
55.4,-100.9,0,0,0,0
55.4,-100.6,0,0,0,0
55.4,-100.3,0,0,0,0
55.4,-98.6,0,0,0,0
55.4,-98.3,0,0,0,0
55.4,-98.0,0,0,0,0
55.4,-97.7,0,0,0,0
55.4,-97.4,0,0,0,0
55.4,-94.8,1,0,0,0
55.4,-94.5,1,0,0,0
55.4,-94.1,1,0,0,0
55.4,-93.8,0,0,0,0
55.4,-93.5,0,0,0,0
55.4,-93.2,0,0,0,0
55.4,-92.8,0,0,0,0
55.4,-92.5,0,0,0,0
55.4,-92.2,0,0,0,0
55.4,-91.9,0,0,0,0
55.4,-91.6,0,0,0,0
55.4,-91.2,0,0,0,0
55.4,-90.9,0,0,0,0
55.4,-90.6,0,0,0,0
55.4,-90.3,0,0,0,0
55.4,-89.9,0,0,0,0
55.4,-89.6,1,0,0,0
55.4,-89.3,1,0,0,0
55.4,-89.0,1,0,0,0
55.4,-86.4,0,1,0,0
55.4,-86.1,0,0,0,0
55.4,-85.7,0,0,0,0
55.4,-85.4,0,0,0,0
55.4,-85.1,0,0,0,0
55.4,-82.8,0,0,0,0
55.4,-79.5,0,0,0,0
55.4,-77.6,0,0,0,0
55.4,-77.3,0,0,0,0
55.4,-76.6,0,1,0,0
55.4,-76.3,0,0,0,0
55.4,-75.9,1,0,0,0
55.4,-75.2,0,0,0,0
55.4,-74.9,0,0,0,0
55.4,-73.9,0,0,0,0
55.4,-73.6,0,0,0,0
55.4,-72.9,0,0,0,0
55.4,-72.6,0,0,0,0
55.4,-71.6,0,0,0,0
55.4,-70.9,0,0,0,0
55.4,-70.5,0,0,0,0
55.4,-69.8,0,0,0,0
55.4,-69.5,0,0,0,0
55.4,-68.8,0,0,0,0
55.4,-68.5,0,0,0,0
55.4,-67.8,0,0,0,0
55.4,-67.1,0,0,0,0
55.4,-66.8,0,0,0,0
55.4,-66.1,0,0,0,0
55.4,-65.3,0,0,0,0
55.4,-64.6,0,0,0,0
55.4,-63.9,0,0,0,0
55.4,-63.6,0,0,0,0
55.4,-63.2,0,0,0,0
55.4,-62.9,0,0,0,0
55.4,-62.5,0,0,0,0
55.4,-62.2,0,0,0,0
55.4,-61.7,0,0,0,0
55.4,-61.5,0,0,0,0
55.4,-61.0,0,0,0,0
55.4,-60.3,0,0,0,0
55.4,-59.6,0,0,0,0
55.5,-130.0,0,0,0,0
55.5,-129.5,0,0,0,0
55.5,-128.8,0,0,0,0
55.5,-128.4,0,0,0,0
55.5,-127.7,0,0,0,0
55.5,-126.9,0,0,0,0
55.5,-126.5,0,0,0,0
55.5,-125.8,0,0,0,0
55.5,-125.0,0,0,0,0
55.5,-124.6,0,0,0,0
55.5,-123.9,0,0,0,0
55.5,-123.2,0,0,0,0
55.5,-122.4,0,0,0,0
55.5,-121.7,0,0,0,0
55.5,-121.0,0,0,0,0
55.5,-120.3,0,0,0,0
55.5,-119.6,0,0,0,0
55.5,-118.8,0,0,0,0
55.5,-118.1,0,0,0,0
55.5,-117.8,0,0,0,0
55.5,-117.1,0,0,0,0
55.5,-116.4,0,0,0,0
55.5,-115.7,0,0,0,0
55.5,-115.4,0,0,0,0
55.5,-114.6,0,0,0,0
55.5,-114.3,0,0,0,0
55.5,-113.6,0,0,0,0
55.5,-112.6,0,0,0,0
55.5,-111.6,0,0,0,0
55.5,-110.5,0,0,0,0
55.5,-110.2,0,0,0,0
55.5,-109.5,0,0,0,0
55.5,-109.2,0,0,0,0
55.5,-108.2,0,0,0,0
55.5,-107.9,0,0,0,0
55.5,-106.9,0,0,0,0
55.5,-106.6,0,0,0,0
55.5,-105.5,0,0,0,0
55.5,-105.2,0,0,0,0
55.5,-103.9,0,0,0,0
55.5,-103.6,0,0,0,0
55.5,-103.3,0,0,0,0
55.5,-102.2,0,0,0,0
55.5,-101.9,0,0,0,0
55.5,-101.6,0,0,0,0
55.5,-101.3,0,0,0,0
55.5,-100.0,1,0,0,0
55.5,-99.6,0,0,0,0
55.5,-99.3,0,0,0,0
55.5,-99.0,0,0,0,0
55.5,-98.7,0,0,0,0
55.5,-97.0,0,0,0,0
55.5,-96.7,1,0,0,0
55.5,-96.4,0,0,0,0
55.5,-96.1,0,0,0,0
55.5,-95.8,0,0,0,0
55.5,-95.4,0,0,0,0
55.5,-95.1,0,0,0,0
55.5,-94.8,0,1,0,0
55.5,-94.5,0,1,0,0
55.5,-94.1,0,1,0,0
55.5,-89.6,0,1,0,0
55.5,-89.3,0,1,0,0
55.5,-89.0,0,1,0,0
55.5,-88.6,0,0,0,0
55.5,-88.3,0,0,0,0
55.5,-88.0,0,0,0,0
55.5,-87.7,0,0,0,0
55.5,-87.4,0,0,0,0
55.5,-87.0,0,0,0,0
55.5,-86.7,1,0,0,0
55.5,-79.9,0,0,0,0
55.5,-77.2,0,0,0,0
55.5,-76.9,0,0,0,0
55.5,-75.9,0,1,0,0
55.5,-75.6,0,0,0,0
55.5,-74.5,0,0,0,0
55.5,-74.2,0,0,0,0
55.5,-73.5,0,0,0,0
55.5,-73.2,0,0,0,0
55.5,-72.2,0,0,0,0
55.5,-71.9,0,0,0,0
55.5,-71.2,0,0,0,0
55.5,-70.1,0,0,0,0
55.5,-69.4,0,0,0,0
55.5,-69.1,0,0,0,0
55.5,-68.4,0,0,0,0
55.5,-68.1,0,0,0,0
55.5,-67.4,0,0,0,0
55.5,-66.7,0,0,0,0
55.5,-66.4,0,0,0,0
55.5,-65.6,0,0,0,0
55.5,-64.9,0,0,0,0
55.5,-64.2,0,0,0,0
55.5,-63.5,0,0,0,0
55.5,-62.8,0,0,0,0
55.5,-62.0,0,0,0,0
55.5,-61.3,0,0,0,0
55.5,-60.6,0,0,0,0
55.5,-59.9,0,0,0,0
55.6,-129.7,0,0,0,0
55.6,-129.3,0,0,0,0
55.6,-128.5,0,0,0,0
55.6,-128.1,0,0,0,0
55.6,-127.4,0,0,0,0
55.6,-126.7,0,0,0,0
55.6,-126.2,0,0,0,0
55.6,-125.5,0,0,0,0
55.6,-124.8,0,0,0,0
55.6,-124.3,0,0,0,0
55.6,-123.6,0,0,0,0
55.6,-122.9,0,0,0,0
55.6,-122.2,0,0,0,0
55.6,-121.4,0,0,0,0
55.6,-120.7,0,0,0,0
55.6,-120.0,0,0,0,0
55.6,-119.3,0,0,0,0
55.6,-118.5,0,0,0,0
55.6,-118.2,0,0,0,0
55.6,-117.5,0,0,0,0
55.6,-116.8,0,0,0,0
55.6,-116.1,0,0,0,0
55.6,-115.8,0,0,0,0
55.6,-115.0,0,0,0,0
55.6,-114.0,0,0,0,0
55.6,-113.3,0,0,0,0
55.6,-113.0,0,0,0,0
55.6,-112.3,0,0,0,0
55.6,-112.0,0,0,0,0
55.6,-111.3,0,0,0,0
55.6,-111.0,0,0,0,0
55.6,-109.9,0,0,0,0
55.6,-109.6,0,0,0,0
55.6,-108.9,0,0,0,0
55.6,-108.6,0,0,0,0
55.6,-107.6,0,0,0,0
55.6,-107.3,0,0,0,0
55.6,-106.2,0,0,0,0
55.6,-105.9,0,0,0,0
55.6,-104.9,0,0,0,0
55.6,-104.6,0,0,0,0
55.6,-104.3,0,0,0,0
55.6,-102.9,0,0,0,0
55.6,-102.6,0,0,0,0
55.6,-102.3,0,0,0,0
55.6,-101.0,0,0,0,0
55.6,-100.6,0,0,0,0
55.6,-100.3,0,0,0,0
55.6,-100.0,0,1,0,0
55.6,-98.4,1,0,0,0
55.6,-98.0,0,0,0,0
55.6,-97.7,0,0,0,0
55.6,-97.4,0,0,0,0
55.6,-97.1,0,0,0,0
55.6,-96.7,0,1,0,0
55.6,-93.8,1,0,0,0
55.6,-93.5,1,0,0,0
55.6,-93.2,1,0,0,0
55.6,-92.8,0,0,0,0
55.6,-92.5,0,0,0,0
55.6,-92.2,0,0,0,0
55.6,-91.9,0,0,0,0
55.6,-91.6,0,0,0,0
55.6,-91.2,0,0,0,0
55.6,-90.9,0,0,0,0
55.6,-90.6,1,0,0,0
55.6,-90.3,0,0,0,0
55.6,-89.9,1,0,0,0
55.6,-86.7,0,1,0,0
55.6,-86.4,0,0,0,0
55.6,-86.0,0,0,0,0
55.6,-85.7,0,0,0,0
55.6,-85.4,0,0,0,0
55.6,-79.5,0,0,0,0
55.6,-79.2,0,0,0,0
55.6,-77.5,0,0,0,0
55.6,-76.5,0,0,0,0
55.6,-76.2,0,0,0,0
55.6,-75.2,0,0,0,0
55.6,-74.8,1,0,0,0
55.6,-74.1,0,0,0,0
55.6,-73.8,0,0,0,0
55.6,-72.8,0,0,0,0
55.6,-72.5,0,0,0,0
55.6,-71.8,0,0,0,0
55.6,-71.5,0,0,0,0
55.6,-70.7,0,0,0,0
55.6,-70.4,0,0,0,0
55.6,-69.7,0,0,0,0
55.6,-68.7,0,0,0,0
55.6,-68.0,0,0,0,0
55.6,-67.7,0,0,0,0
55.6,-67.0,0,0,0,0
55.6,-66.2,0,0,0,0
55.6,-65.9,0,0,0,0
55.6,-65.5,0,0,0,0
55.6,-65.2,0,0,0,0
55.6,-64.5,0,0,0,0
55.6,-63.8,0,0,0,0
55.6,-63.0,0,0,0,0
55.6,-62.3,0,0,0,0
55.6,-61.6,0,0,0,0
55.6,-60.9,0,0,0,0
55.6,-60.1,0,0,0,0
55.7,-130.2,0,0,0,0
55.7,-129.4,0,0,0,0
55.7,-129.0,0,0,0,0
55.7,-128.3,0,0,0,0
55.7,-127.8,0,0,0,0
55.7,-127.1,0,0,0,0
55.7,-126.4,0,0,0,0
55.7,-125.9,0,0,0,0
55.7,-125.2,0,0,0,0
55.7,-124.5,0,0,0,0
55.7,-124.0,0,0,0,0
55.7,-123.8,0,0,0,0
55.7,-123.3,0,0,0,0
55.7,-122.6,0,0,0,0
55.7,-121.9,0,0,0,0
55.7,-121.1,0,0,0,0
55.7,-120.4,0,0,0,0
55.7,-119.7,0,0,0,0
55.7,-119.4,0,0,0,0
55.7,-119.0,0,0,0,0
55.7,-118.7,0,0,0,0
55.7,-117.9,0,0,0,0
55.7,-117.2,0,0,0,0
55.7,-116.5,0,0,0,0
55.7,-116.2,0,0,0,0
55.7,-115.5,0,0,0,0
55.7,-114.7,0,0,0,0
55.7,-114.4,0,0,0,0
55.7,-113.7,0,0,0,0
55.7,-113.4,0,0,0,0
55.7,-112.7,0,0,0,0
55.7,-112.4,0,0,0,0
55.7,-111.7,0,0,0,0
55.7,-111.4,0,0,0,0
55.7,-110.6,0,0,0,0
55.7,-110.3,0,0,0,0
55.7,-109.3,0,0,0,0
55.7,-109.0,0,0,0,0
55.7,-108.3,0,0,0,0
55.7,-108.0,0,0,0,0
55.7,-106.9,0,0,0,0
55.7,-106.6,0,0,0,0
55.7,-105.6,0,0,0,0
55.7,-105.3,0,0,0,0
55.7,-105.0,0,0,0,0
55.7,-104.0,0,0,0,0
55.7,-103.6,0,0,0,0
55.7,-103.3,0,0,0,0
55.7,-102.0,0,0,0,0
55.7,-101.7,0,0,0,0
55.7,-101.3,0,0,0,0
55.7,-99.7,0,0,0,0
55.7,-99.4,0,0,0,0
55.7,-99.0,0,0,0,0
55.7,-98.7,0,0,0,0
55.7,-98.4,0,1,0,0
55.7,-96.4,0,0,0,0
55.7,-96.1,0,0,0,0
55.7,-95.8,0,0,0,0
55.7,-95.4,0,0,0,0
55.7,-95.1,0,0,0,0
55.7,-94.8,0,0,0,0
55.7,-94.5,0,0,0,0
55.7,-94.2,0,0,0,0
55.7,-93.8,0,1,0,0
55.7,-93.5,0,1,0,0
55.7,-93.2,0,1,0,0
55.7,-90.6,0,1,0,0
55.7,-90.2,0,0,0,0
55.7,-89.9,0,1,0,0
55.7,-89.6,0,0,0,0
55.7,-89.3,0,0,0,0
55.7,-89.0,0,0,0,0
55.7,-88.6,0,0,0,0
55.7,-88.3,0,0,0,0
55.7,-88.0,0,0,0,0
55.7,-87.7,0,0,0,0
55.7,-87.3,0,0,0,0
55.7,-87.0,0,0,0,0
55.7,-80.1,0,0,0,0
55.7,-79.8,0,0,0,0
55.7,-78.8,0,0,0,0
55.7,-77.1,0,0,0,0
55.7,-76.8,0,0,0,0
55.7,-75.8,0,0,0,0
55.7,-75.5,0,0,0,0
55.7,-74.8,0,1,0,0
55.7,-74.4,0,0,0,0
55.7,-73.4,0,0,0,0
55.7,-73.1,0,0,0,0
55.7,-72.4,0,0,0,0
55.7,-72.1,0,0,0,0
55.7,-71.4,0,0,0,0
55.7,-71.1,0,0,0,0
55.7,-70.3,0,0,0,0
55.7,-70.0,0,0,0,0
55.7,-69.3,0,0,0,0
55.7,-69.0,0,0,0,0
55.7,-68.3,0,0,0,0
55.7,-67.6,0,0,0,0
55.7,-67.3,0,0,0,0
55.7,-66.5,0,0,0,0
55.7,-65.8,0,0,0,0
55.7,-65.1,0,0,0,0
55.7,-64.8,0,0,0,0
55.7,-64.1,0,0,0,0
55.7,-63.3,0,0,0,0
55.7,-62.6,0,0,0,0
55.7,-61.9,0,0,0,0
55.7,-61.2,0,0,0,0
55.7,-60.4,0,0,0,0
55.7,-60.0,0,0,0,0
55.8,-129.9,0,0,0,0
55.8,-129.2,0,0,0,0
55.8,-128.7,0,0,0,0
55.8,-128.0,0,0,0,0
55.8,-127.6,0,0,0,0
55.8,-126.8,0,0,0,0
55.8,-126.1,0,0,0,0
55.8,-125.7,0,0,0,0
55.8,-124.9,0,0,0,0
55.8,-124.2,0,0,0,0
55.8,-123.5,0,0,0,0
55.8,-123.0,0,0,0,0
55.8,-122.7,0,0,0,0
55.8,-122.3,0,0,0,0
55.8,-122.0,0,0,0,0
55.8,-121.6,0,0,0,0
55.8,-121.3,0,0,0,0
55.8,-120.8,0,0,0,0
55.8,-120.6,0,0,0,0
55.8,-120.1,0,0,0,0
55.8,-119.8,0,0,0,0
55.8,-119.1,0,0,0,0
55.8,-118.4,0,0,0,0
55.8,-117.6,0,0,0,0
55.8,-116.9,0,0,0,0
55.8,-116.6,0,0,0,0
55.8,-115.9,0,0,0,0
55.8,-115.2,0,0,0,0
55.8,-114.9,0,0,0,0
55.8,-114.1,0,0,0,0
55.8,-113.8,0,0,0,0
55.8,-113.1,0,0,0,0
55.8,-112.1,0,0,0,0
55.8,-111.0,0,0,0,0
55.8,-110.7,0,0,0,0
55.8,-110.0,0,0,0,0
55.8,-109.7,0,0,0,0
55.8,-108.7,0,0,0,0
55.8,-108.4,0,0,0,0
55.8,-107.7,1,0,0,0
55.8,-107.3,0,0,0,0
55.8,-107.0,0,0,0,0
55.8,-106.3,0,0,0,0
55.8,-106.0,0,0,0,0
55.8,-105.7,0,0,0,0
55.8,-104.7,1,0,0,0
55.8,-104.3,0,0,0,0
55.8,-104.0,0,0,0,0
55.8,-103.0,1,0,0,0
55.8,-102.7,0,0,0,0
55.8,-102.4,0,0,0,0
55.8,-102.0,0,0,0,0
55.8,-101.0,0,0,0,0
55.8,-100.7,0,0,0,0
55.8,-100.4,0,0,0,0
55.8,-100.0,0,0,0,0
55.8,-99.7,0,0,0,0
55.8,-98.1,0,0,0,0
55.8,-97.7,0,0,0,0
55.8,-97.4,0,0,0,0
55.8,-97.1,0,0,0,0
55.8,-96.8,0,0,0,0
55.8,-96.4,0,0,0,0
55.8,-92.9,1,0,0,0
55.8,-92.5,1,0,0,0
55.8,-92.2,1,0,0,0
55.8,-91.9,1,0,0,0
55.8,-91.6,0,0,0,0
55.8,-91.2,1,0,0,0
55.8,-90.9,1,0,0,0
55.8,-87.3,0,0,0,0
55.8,-87.0,0,0,0,0
55.8,-86.7,0,0,0,0
55.8,-86.3,0,0,0,0
55.8,-79.7,0,0,0,0
55.8,-79.4,0,0,0,0
55.8,-79.1,0,0,0,0
55.8,-77.4,0,0,0,0
55.8,-76.7,0,0,0,0
55.8,-76.4,0,0,0,0
55.8,-76.1,0,0,0,0
55.8,-75.4,0,0,0,0
55.8,-75.1,0,0,0,0
55.8,-74.0,0,0,0,0
55.8,-73.7,0,0,0,0
55.8,-73.0,0,0,0,0
55.8,-72.7,0,0,0,0
55.8,-71.7,0,0,0,0
55.8,-70.6,0,0,0,0
55.8,-69.9,0,0,0,0
55.8,-69.6,0,0,0,0
55.8,-68.9,0,0,0,0
55.8,-68.6,0,0,0,0
55.8,-67.9,0,0,0,0
55.8,-67.1,0,0,0,0
55.8,-66.8,0,0,0,0
55.8,-66.1,0,0,0,0
55.8,-65.4,0,0,0,0
55.8,-64.7,0,0,0,0
55.8,-64.4,0,0,0,0
55.8,-63.9,0,0,0,0
55.8,-63.6,0,0,0,0
55.8,-63.2,0,0,0,0
55.8,-62.9,0,0,0,0
55.8,-62.2,0,0,0,0
55.8,-61.4,0,0,0,0
55.8,-61.0,0,0,0,0
55.8,-60.7,0,0,0,0
55.8,-60.3,0,0,0,0
55.9,-130.1,0,0,0,0
55.9,-129.6,0,0,0,0
55.9,-128.9,0,0,0,0
55.9,-128.5,0,0,0,0
55.9,-127.7,0,0,0,0
55.9,-127.3,0,0,0,0
55.9,-126.5,0,0,0,0
55.9,-125.8,0,0,0,0
55.9,-125.4,0,0,0,0
55.9,-124.6,0,0,0,0
55.9,-123.9,0,0,0,0
55.9,-123.2,0,0,0,0
55.9,-122.5,0,0,0,0
55.9,-121.7,0,0,0,0
55.9,-121.0,0,0,0,0
55.9,-120.3,0,0,0,0
55.9,-119.5,0,0,0,0
55.9,-118.8,0,0,0,0
55.9,-118.1,0,0,0,0
55.9,-117.3,0,0,0,0
55.9,-117.0,0,0,0,0
55.9,-116.3,0,0,0,0
55.9,-115.6,0,0,0,0
55.9,-115.3,0,0,0,0
55.9,-114.6,0,0,0,0
55.9,-113.5,0,0,0,0
55.9,-112.8,0,0,0,0
55.9,-112.5,0,0,0,0
55.9,-111.8,0,0,0,0
55.9,-111.5,0,0,0,0
55.9,-110.4,0,0,0,0
55.9,-110.1,0,0,0,0
55.9,-109.4,0,0,0,0
55.9,-109.1,0,0,0,0
55.9,-108.0,0,0,0,0
55.9,-107.7,0,1,0,0
55.9,-106.7,0,0,0,0
55.9,-106.4,0,0,0,0
55.9,-105.4,0,0,0,0
55.9,-105.0,0,0,0,0
55.9,-104.7,0,1,0,0
55.9,-103.7,0,0,0,0
55.9,-103.4,0,0,0,0
55.9,-103.0,0,1,0,0
55.9,-101.7,0,0,0,0
55.9,-101.4,0,0,0,0
55.9,-101.1,0,0,0,0
55.9,-99.4,0,0,0,0
55.9,-99.1,0,0,0,0
55.9,-98.8,0,0,0,0
55.9,-98.4,0,0,0,0
55.9,-96.1,1,0,0,0
55.9,-95.8,0,0,0,0
55.9,-95.5,0,0,0,0
55.9,-95.1,0,0,0,0
55.9,-94.8,0,0,0,0
55.9,-94.5,0,0,0,0
55.9,-94.2,0,0,0,0
55.9,-93.8,0,0,0,0
55.9,-93.5,0,0,0,0
55.9,-93.2,0,0,0,0
55.9,-92.9,0,1,0,0
55.9,-92.5,0,1,0,0
55.9,-92.2,0,1,0,0
55.9,-91.9,0,1,0,0
55.9,-91.5,0,0,0,0
55.9,-91.2,0,1,0,0
55.9,-90.9,0,1,0,0
55.9,-90.6,0,0,0,0
55.9,-90.2,0,0,0,0
55.9,-89.9,0,0,0,0
55.9,-89.6,0,0,0,0
55.9,-89.3,0,0,0,0
55.9,-88.9,0,0,0,0
55.9,-88.6,0,0,0,0
55.9,-88.3,0,0,0,0
55.9,-88.0,0,0,0,0
55.9,-87.6,1,0,0,0
55.9,-80.1,0,0,0,0
55.9,-79.0,0,0,0,0
55.9,-78.7,0,0,0,0
55.9,-77.0,0,0,0,0
55.9,-76.0,0,0,0,0
55.9,-75.7,0,0,0,0
55.9,-74.7,0,0,0,0
55.9,-74.4,0,0,0,0
55.9,-73.3,0,0,0,0
55.9,-72.3,0,0,0,0
55.9,-72.0,0,0,0,0
55.9,-71.3,0,0,0,0
55.9,-71.0,0,0,0,0
55.9,-70.2,0,0,0,0
55.9,-69.2,0,0,0,0
55.9,-68.5,0,0,0,0
55.9,-68.2,0,0,0,0
55.9,-67.4,0,0,0,0
55.9,-66.7,0,0,0,0
55.9,-66.4,0,0,0,0
55.9,-65.7,0,0,0,0
55.9,-64.9,0,0,0,0
55.9,-64.2,0,0,0,0
55.9,-63.5,0,0,0,0
55.9,-62.8,0,0,0,0
55.9,-62.5,0,0,0,0
55.9,-62.0,0,0,0,0
55.9,-61.7,0,0,0,0
55.9,-61.3,0,0,0,0
55.9,-60.6,0,0,0,0
56.0,-129.8,0,0,0,0
56.0,-129.4,0,0,0,0
56.0,-128.6,0,0,0,0
56.0,-128.2,0,0,0,0
56.0,-127.4,0,0,0,0
56.0,-127.0,0,0,0,0
56.0,-126.3,0,0,0,0
56.0,-125.5,0,0,0,0
56.0,-125.1,0,0,0,0
56.0,-124.8,0,0,0,0
56.0,-124.4,0,0,0,0
56.0,-123.6,0,0,0,0
56.0,-122.9,0,0,0,0
56.0,-122.2,0,0,0,0
56.0,-121.4,0,0,0,0
56.0,-120.7,0,0,0,0
56.0,-120.0,0,0,0,0
56.0,-119.2,0,0,0,0
56.0,-118.5,0,0,0,0
56.0,-117.8,0,0,0,0
56.0,-117.5,0,0,0,0
56.0,-116.7,0,0,0,0
56.0,-116.0,0,0,0,0
56.0,-115.7,0,0,0,0
56.0,-115.0,0,0,0,0
56.0,-114.2,0,0,0,0
56.0,-113.9,0,0,0,0
56.0,-113.2,0,0,0,0
56.0,-112.9,0,0,0,0
56.0,-112.2,0,0,0,0
56.0,-111.9,0,0,0,0
56.0,-111.1,0,0,0,0
56.0,-110.8,0,0,0,0
56.0,-109.8,0,0,0,0
56.0,-108.8,1,0,0,0
56.0,-108.4,0,0,0,0
56.0,-107.4,0,0,0,0
56.0,-107.1,0,0,0,0
56.0,-106.1,0,0,0,0
56.0,-105.7,0,0,0,0
56.0,-104.4,0,0,0,0
56.0,-104.1,0,0,0,0
56.0,-102.7,0,0,0,0
56.0,-102.4,0,0,0,0
56.0,-102.1,0,0,0,0
56.0,-100.7,0,0,0,0
56.0,-100.4,0,0,0,0
56.0,-100.1,0,0,0,0
56.0,-99.8,0,0,0,0
56.0,-98.1,1,0,0,0
56.0,-97.8,0,0,0,0
56.0,-97.4,0,0,0,0
56.0,-97.1,0,0,0,0
56.0,-96.8,0,0,0,0
56.0,-96.5,0,0,0,0
56.0,-96.1,0,1,0,0
56.0,-87.6,0,1,0,0
56.0,-87.3,0,0,0,0
56.0,-79.7,0,0,0,0
56.0,-79.4,0,0,0,0
56.0,-78.0,0,0,0,0
56.0,-76.7,0,0,0,0
56.0,-76.3,0,0,0,0
56.0,-75.3,0,0,0,0
56.0,-75.0,0,0,0,0
56.0,-74.0,0,0,0,0
56.0,-73.6,0,0,0,0
56.0,-72.9,0,0,0,0
56.0,-72.6,0,0,0,0
56.0,-71.9,0,0,0,0
56.0,-71.6,0,0,0,0
56.0,-70.8,0,0,0,0
56.0,-70.5,0,0,0,0
56.0,-69.8,0,0,0,0
56.0,-69.5,0,0,0,0
56.0,-68.8,0,0,0,0
56.0,-68.0,0,0,0,0
56.0,-67.7,0,0,0,0
56.0,-67.0,0,0,0,0
56.0,-66.3,0,0,0,0
56.0,-66.0,0,0,0,0
56.0,-65.2,0,0,0,0
56.0,-64.5,0,0,0,0
56.0,-63.8,0,0,0,0
56.0,-63.1,0,0,0,0
56.0,-62.3,0,0,0,0
56.0,-61.6,0,0,0,0
56.0,-60.9,0,0,0,0
56.1,-130.3,0,0,0,0
56.1,-129.5,0,0,0,0
56.1,-129.1,0,0,0,0
56.1,-128.4,0,0,0,0
56.1,-127.9,0,0,0,0
56.1,-127.2,0,0,0,0
56.1,-126.7,0,0,0,0
56.1,-126.4,0,0,0,0
56.1,-126.0,0,0,0,0
56.1,-125.3,0,0,0,0
56.1,-124.5,0,0,0,0
56.1,-124.1,0,0,0,0
56.1,-123.3,0,0,0,0
56.1,-122.6,0,0,0,0
56.1,-121.9,0,0,0,0
56.1,-121.1,0,0,0,0
56.1,-120.4,0,0,0,0
56.1,-119.7,0,0,0,0
56.1,-118.9,0,0,0,0
56.1,-118.6,0,0,0,0
56.1,-118.2,0,0,0,0
56.1,-117.9,0,0,0,0
56.1,-117.2,0,0,0,0
56.1,-116.4,0,0,0,0
56.1,-116.1,0,0,0,0
56.1,-115.4,0,0,0,0
56.1,-114.7,0,0,0,0
56.1,-114.4,0,0,0,0
56.1,-113.6,0,0,0,0
56.1,-113.3,0,0,0,0
56.1,-112.6,0,0,0,0
56.1,-112.3,0,0,0,0
56.1,-111.6,0,0,0,0
56.1,-111.2,0,0,0,0
56.1,-110.5,0,0,0,0
56.1,-110.2,0,0,0,0
56.1,-109.5,0,0,0,0
56.1,-109.2,0,0,0,0
56.1,-108.8,0,1,0,0
56.1,-108.1,0,0,0,0
56.1,-107.8,0,0,0,0
56.1,-106.8,0,0,0,0
56.1,-106.5,0,0,0,0
56.1,-105.4,0,0,0,0
56.1,-105.1,0,0,0,0
56.1,-104.8,0,0,0,0
56.1,-103.8,1,0,0,0
56.1,-103.4,0,0,0,0
56.1,-103.1,0,0,0,0
56.1,-101.8,1,0,0,0
56.1,-101.4,0,0,0,0
56.1,-101.1,0,0,0,0
56.1,-100.8,0,0,0,0
56.1,-99.4,0,0,0,0
56.1,-99.1,0,0,0,0
56.1,-98.8,0,0,0,0
56.1,-98.5,0,0,0,0
56.1,-98.1,0,1,0,0
56.1,-95.8,1,0,0,0
56.1,-95.5,1,0,0,0
56.1,-95.2,0,0,0,0
56.1,-94.8,0,0,0,0
56.1,-94.5,0,0,0,0
56.1,-94.2,0,0,0,0
56.1,-93.8,0,0,0,0
56.1,-93.5,0,0,0,0
56.1,-93.2,0,0,0,0
56.1,-92.9,0,0,0,0
56.1,-92.5,0,0,0,0
56.1,-92.2,0,0,0,0
56.1,-91.9,0,0,0,0
56.1,-91.5,0,0,0,0
56.1,-91.2,0,0,0,0
56.1,-90.9,0,0,0,0
56.1,-90.6,0,0,0,0
56.1,-90.2,0,0,0,0
56.1,-89.9,0,0,0,0
56.1,-89.6,0,0,0,0
56.1,-89.2,0,0,0,0
56.1,-88.9,0,0,0,0
56.1,-88.6,0,0,0,0
56.1,-88.3,0,0,0,0
56.1,-87.9,1,0,0,0
56.1,-80.0,0,0,0,0
56.1,-79.0,0,0,0,0
56.1,-78.6,0,0,0,0
56.1,-77.0,0,0,0,0
56.1,-75.9,0,0,0,0
56.1,-75.6,0,0,0,0
56.1,-74.6,0,0,0,0
56.1,-74.3,0,0,0,0
56.1,-73.5,0,0,0,0
56.1,-73.2,0,0,0,0
56.1,-72.5,0,0,0,0
56.1,-72.2,0,0,0,0
56.1,-71.5,0,0,0,0
56.1,-71.2,0,0,0,0
56.1,-70.4,0,0,0,0
56.1,-70.1,0,0,0,0
56.1,-69.4,0,0,0,0
56.1,-69.1,0,0,0,0
56.1,-68.3,0,0,0,0
56.1,-67.6,0,0,0,0
56.1,-67.3,0,0,0,0
56.1,-66.6,0,0,0,0
56.1,-65.8,0,0,0,0
56.1,-65.5,0,0,0,0
56.1,-65.1,0,0,0,0
56.1,-64.8,0,0,0,0
56.1,-64.1,0,0,0,0
56.1,-63.3,0,0,0,0
56.1,-62.6,0,0,0,0
56.1,-61.9,0,0,0,0
56.1,-61.1,0,0,0,0
56.2,-130.5,0,0,0,0
56.2,-130.0,0,0,0,0
56.2,-129.3,0,0,0,0
56.2,-128.8,0,0,0,0
56.2,-128.1,0,0,0,0
56.2,-127.6,0,0,0,0
56.2,-126.9,0,0,0,0
56.2,-126.2,0,0,0,0
56.2,-125.7,0,0,0,0
56.2,-125.0,0,0,0,0
56.2,-124.2,0,0,0,0
56.2,-123.8,0,0,0,0
56.2,-123.5,0,0,0,0
56.2,-123.1,0,0,0,0
56.2,-122.8,0,0,0,0
56.2,-122.3,0,0,0,0
56.2,-121.6,0,0,0,0
56.2,-120.8,0,0,0,0
56.2,-120.1,0,0,0,0
56.2,-119.8,0,0,0,0
56.2,-119.4,0,0,0,0
56.2,-119.1,0,0,0,0
56.2,-118.3,0,0,0,0
56.2,-117.6,0,0,0,0
56.2,-116.9,0,0,0,0
56.2,-116.6,0,0,0,0
56.2,-115.8,0,0,0,0
56.2,-115.1,0,0,0,0
56.2,-114.8,0,0,0,0
56.2,-114.1,0,0,0,0
56.2,-113.0,0,0,0,0
56.2,-112.0,0,0,0,0
56.2,-110.9,0,0,0,0
56.2,-110.6,0,0,0,0
56.2,-109.9,0,0,0,0
56.2,-109.6,0,0,0,0
56.2,-108.5,0,0,0,0
56.2,-108.2,0,0,0,0
56.2,-107.5,0,0,0,0
56.2,-107.2,0,0,0,0
56.2,-106.9,0,0,0,0
56.2,-106.1,0,0,0,0
56.2,-105.8,0,0,0,0
56.2,-105.5,0,0,0,0
56.2,-104.5,0,0,0,0
56.2,-104.1,0,0,0,0
56.2,-103.8,0,1,0,0
56.2,-102.8,0,0,0,0
56.2,-102.5,0,0,0,0
56.2,-102.1,0,0,0,0
56.2,-101.8,0,1,0,0
56.2,-100.5,0,0,0,0
56.2,-100.1,0,0,0,0
56.2,-99.8,0,0,0,0
56.2,-99.5,0,0,0,0
56.2,-97.8,0,0,0,0
56.2,-97.5,0,0,0,0
56.2,-97.1,0,0,0,0
56.2,-96.8,0,0,0,0
56.2,-96.5,0,0,0,0
56.2,-96.2,0,0,0,0
56.2,-95.8,0,1,0,0
56.2,-95.5,0,1,0,0
56.2,-88.2,0,0,0,0
56.2,-87.9,0,1,0,0
56.2,-87.6,0,0,0,0
56.2,-79.9,0,0,0,0
56.2,-79.6,0,0,0,0
56.2,-79.3,0,0,0,0
56.2,-78.3,0,0,0,0
56.2,-77.9,0,0,0,0
56.2,-76.9,0,0,0,0
56.2,-76.6,0,0,0,0
56.2,-76.3,0,0,0,0
56.2,-75.5,0,0,0,0
56.2,-75.2,0,0,0,0
56.2,-74.9,0,0,0,0
56.2,-74.2,0,0,0,0
56.2,-73.9,0,0,0,0
56.2,-72.8,0,0,0,0
56.2,-71.8,0,0,0,0
56.2,-70.7,0,0,0,0
56.2,-69.7,0,0,0,0
56.2,-69.0,0,0,0,0
56.2,-68.7,0,0,0,0
56.2,-67.9,0,0,0,0
56.2,-67.2,0,0,0,0
56.2,-66.9,0,0,0,0
56.2,-66.1,0,0,0,0
56.2,-65.4,0,0,0,0
56.2,-64.7,0,0,0,0
56.2,-64.4,0,0,0,0
56.2,-63.6,0,0,0,0
56.2,-62.9,0,0,0,0
56.2,-62.2,0,0,0,0
56.2,-61.4,0,0,0,0
56.2,-60.7,0,0,0,0
56.3,-130.9,0,0,0,0
56.3,-130.2,0,0,0,0
56.3,-129.7,0,0,0,0
56.3,-129.0,0,0,0,0
56.3,-128.5,0,0,0,0
56.3,-127.8,0,0,0,0
56.3,-127.3,0,0,0,0
56.3,-126.6,0,0,0,0
56.3,-125.9,0,0,0,0
56.3,-125.4,0,0,0,0
56.3,-124.7,0,0,0,0
56.3,-123.9,0,0,0,0
56.3,-123.2,0,0,0,0
56.3,-122.5,0,0,0,0
56.3,-122.0,0,0,0,0
56.3,-121.7,0,0,0,0
56.3,-121.3,0,0,0,0
56.3,-121.0,0,0,0,0
56.3,-120.5,0,0,0,0
56.3,-120.2,0,0,0,0
56.3,-119.5,0,0,0,0
56.3,-118.8,0,0,0,0
56.3,-118.0,0,0,0,0
56.3,-117.3,0,0,0,0
56.3,-117.0,0,0,0,0
56.3,-116.3,0,0,0,0
56.3,-115.5,0,0,0,0
56.3,-115.2,0,0,0,0
56.3,-114.5,0,0,0,0
56.3,-113.7,0,0,0,0
56.3,-113.4,0,0,0,0
56.3,-112.7,0,0,0,0
56.3,-112.4,0,0,0,0
56.3,-111.7,0,0,0,0
56.3,-111.3,0,0,0,0
56.3,-110.3,0,0,0,0
56.3,-109.3,0,0,0,0
56.3,-108.9,0,0,0,0
56.3,-107.9,0,0,0,0
56.3,-107.6,0,0,0,0
56.3,-106.5,0,0,0,0
56.3,-106.2,0,0,0,0
56.3,-105.2,1,0,0,0
56.3,-104.8,0,0,0,0
56.3,-104.5,0,0,0,0
56.3,-103.5,0,0,0,0
56.3,-103.2,0,0,0,0
56.3,-102.8,0,0,0,0
56.3,-101.5,0,0,0,0
56.3,-101.2,0,0,0,0
56.3,-100.8,0,0,0,0
56.3,-100.5,0,0,0,0
56.3,-99.1,0,0,0,0
56.3,-98.8,0,0,0,0
56.3,-98.5,0,0,0,0
56.3,-98.2,0,0,0,0
56.3,-97.8,0,0,0,0
56.3,-95.2,1,0,0,0
56.3,-94.8,0,0,0,0
56.3,-94.5,0,0,0,0
56.3,-94.2,0,0,0,0
56.3,-93.9,0,0,0,0
56.3,-93.5,0,0,0,0
56.3,-93.2,0,0,0,0
56.3,-92.9,0,0,0,0
56.3,-92.5,0,0,0,0
56.3,-92.2,0,0,0,0
56.3,-91.9,0,0,0,0
56.3,-91.5,0,0,0,0
56.3,-91.2,0,0,0,0
56.3,-90.9,0,0,0,0
56.3,-90.6,0,0,0,0
56.3,-90.2,0,0,0,0
56.3,-89.9,0,0,0,0
56.3,-89.6,0,0,0,0
56.3,-89.2,0,0,0,0
56.3,-88.9,0,0,0,0
56.3,-88.6,1,0,0,0
56.3,-79.2,0,0,0,0
56.3,-78.9,0,0,0,0
56.3,-78.6,0,0,0,0
56.3,-77.5,0,0,0,0
56.3,-76.2,0,0,0,0
56.3,-75.9,0,0,0,0
56.3,-74.8,0,0,0,0
56.3,-74.5,0,0,0,0
56.3,-73.5,0,0,0,0
56.3,-73.1,0,0,0,0
56.3,-72.4,0,0,0,0
56.3,-72.1,0,0,0,0
56.3,-71.4,0,0,0,0
56.3,-71.1,0,0,0,0
56.3,-70.3,0,0,0,0
56.3,-70.0,0,0,0,0
56.3,-69.3,0,0,0,0
56.3,-68.5,0,0,0,0
56.3,-68.2,0,0,0,0
56.3,-67.5,0,0,0,0
56.3,-66.8,0,0,0,0
56.3,-66.5,0,0,0,0
56.3,-65.7,0,0,0,0
56.3,-65.0,0,0,0,0
56.3,-64.2,0,0,0,0
56.3,-63.9,0,0,0,0
56.3,-63.5,0,0,0,0
56.3,-63.2,0,0,0,0
56.3,-62.8,0,0,0,0
56.3,-62.5,0,0,0,0
56.3,-62.0,0,0,0,0
56.3,-61.7,0,0,0,0
56.3,-61.3,0,0,0,0
56.3,-61.0,0,0,0,0
56.4,-131.1,0,0,0,0
56.4,-130.6,0,0,0,0
56.4,-129.9,0,0,0,0
56.4,-129.4,0,0,0,0
56.4,-128.7,0,0,0,0
56.4,-128.3,0,0,0,0
56.4,-127.5,0,0,0,0
56.4,-127.1,0,0,0,0
56.4,-126.3,0,0,0,0
56.4,-125.6,0,0,0,0
56.4,-125.1,0,0,0,0
56.4,-124.4,0,0,0,0
56.4,-123.7,0,0,0,0
56.4,-122.9,0,0,0,0
56.4,-122.2,0,0,0,0
56.4,-121.4,0,0,0,0
56.4,-120.7,0,0,0,0
56.4,-120.0,0,0,0,0
56.4,-119.2,0,0,0,0
56.4,-118.5,0,0,0,0
56.4,-117.7,0,0,0,0
56.4,-117.4,0,0,0,0
56.4,-116.7,0,0,0,0
56.4,-115.9,0,0,0,0
56.4,-115.6,0,0,0,0
56.4,-114.9,0,0,0,0
56.4,-114.2,0,0,0,0
56.4,-113.9,0,0,0,0
56.4,-113.1,0,0,0,0
56.4,-112.8,0,0,0,0
56.4,-112.1,0,0,0,0
56.4,-111.8,0,0,0,0
56.4,-111.0,0,0,0,0
56.4,-110.7,0,0,0,0
56.4,-110.0,0,0,0,0
56.4,-109.7,0,0,0,0
56.4,-108.6,0,0,0,0
56.4,-108.3,0,0,0,0
56.4,-107.3,0,0,0,0
56.4,-106.9,0,0,0,0
56.4,-105.9,0,0,0,0
56.4,-105.6,0,0,0,0
56.4,-105.2,0,1,0,0
56.4,-104.2,0,0,0,0
56.4,-103.9,0,0,0,0
56.4,-103.6,0,0,0,0
56.4,-102.5,0,0,0,0
56.4,-102.2,0,0,0,0
56.4,-101.9,0,0,0,0
56.4,-100.2,0,0,0,0
56.4,-99.8,0,0,0,0
56.4,-99.5,0,0,0,0
56.4,-99.2,0,0,0,0
56.4,-97.5,1,0,0,0
56.4,-97.2,1,0,0,0
56.4,-96.8,0,0,0,0
56.4,-96.5,0,0,0,0
56.4,-96.2,0,0,0,0
56.4,-95.9,0,0,0,0
56.4,-95.5,0,0,0,0
56.4,-95.2,0,1,0,0
56.4,-88.6,0,1,0,0
56.4,-88.2,0,0,0,0
56.4,-87.9,0,0,0,0
56.4,-79.9,0,0,0,0
56.4,-79.6,0,0,0,0
56.4,-78.2,0,0,0,0
56.4,-77.9,0,0,0,0
56.4,-76.8,0,0,0,0
56.4,-76.5,0,0,0,0
56.4,-75.5,0,0,0,0
56.4,-75.1,0,0,0,0
56.4,-74.1,0,0,0,0
56.4,-73.8,0,0,0,0
56.4,-73.0,0,0,0,0
56.4,-72.7,0,0,0,0
56.4,-72.0,0,0,0,0
56.4,-71.7,0,0,0,0
56.4,-70.9,0,0,0,0
56.4,-70.6,0,0,0,0
56.4,-69.9,0,0,0,0
56.4,-69.6,0,0,0,0
56.4,-68.8,0,0,0,0
56.4,-68.1,0,0,0,0
56.4,-67.8,0,0,0,0
56.4,-67.1,0,0,0,0
56.4,-66.3,0,0,0,0
56.4,-66.0,0,0,0,0
56.4,-65.3,0,0,0,0
56.4,-64.5,0,0,0,0
56.4,-63.8,0,0,0,0
56.4,-63.1,0,0,0,0
56.4,-62.3,0,0,0,0
56.4,-61.6,0,0,0,0
56.4,-60.8,0,0,0,0
56.5,-131.6,0,0,0,0
56.5,-130.8,0,0,0,0
56.5,-130.4,0,0,0,0
56.5,-129.6,0,0,0,0
56.5,-129.2,0,0,0,0
56.5,-128.4,0,0,0,0
56.5,-128.0,0,0,0,0
56.5,-127.2,0,0,0,0
56.5,-126.8,0,0,0,0
56.5,-126.0,0,0,0,0
56.5,-125.3,0,0,0,0
56.5,-124.8,0,0,0,0
56.5,-124.6,0,0,0,0
56.5,-124.1,0,0,0,0
56.5,-123.4,0,0,0,0
56.5,-122.6,0,0,0,0
56.5,-121.9,0,0,0,0
56.5,-121.1,0,0,0,0
56.5,-120.4,0,0,0,0
56.5,-119.7,0,0,0,0
56.5,-118.9,0,0,0,0
56.5,-118.2,0,0,0,0
56.5,-117.9,0,0,0,0
56.5,-117.1,0,0,0,0
56.5,-116.4,0,0,0,0
56.5,-116.1,0,0,0,0
56.5,-115.3,0,0,0,0
56.5,-114.6,0,0,0,0
56.5,-114.3,0,0,0,0
56.5,-113.5,0,0,0,0
56.5,-113.2,0,0,0,0
56.5,-112.5,0,0,0,0
56.5,-111.4,0,0,0,0
56.5,-111.1,0,0,0,0
56.5,-110.4,0,0,0,0
56.5,-110.1,0,0,0,0
56.5,-109.3,0,0,0,0
56.5,-109.0,0,0,0,0
56.5,-108.0,0,0,0,0
56.5,-107.7,0,0,0,0
56.5,-106.6,0,0,0,0
56.5,-106.3,0,0,0,0
56.5,-106.0,0,0,0,0
56.5,-104.9,0,0,0,0
56.5,-104.6,0,0,0,0
56.5,-103.2,0,0,0,0
56.5,-102.9,0,0,0,0
56.5,-102.6,0,0,0,0
56.5,-101.5,0,0,0,0
56.5,-101.2,0,0,0,0
56.5,-100.9,0,0,0,0
56.5,-100.5,0,0,0,0
56.5,-98.9,1,0,0,0
56.5,-98.5,0,0,0,0
56.5,-98.2,0,0,0,0
56.5,-97.9,0,0,0,0
56.5,-97.5,0,1,0,0
56.5,-97.2,0,1,0,0
56.5,-94.9,1,0,0,0
56.5,-94.5,1,0,0,0
56.5,-94.2,1,0,0,0
56.5,-93.9,0,0,0,0
56.5,-93.5,0,0,0,0
56.5,-93.2,0,0,0,0
56.5,-92.9,0,0,0,0
56.5,-92.5,0,0,0,0
56.5,-92.2,0,0,0,0
56.5,-91.9,0,0,0,0
56.5,-91.5,0,0,0,0
56.5,-91.2,0,0,0,0
56.5,-90.9,0,0,0,0
56.5,-90.5,0,0,0,0
56.5,-90.2,0,0,0,0
56.5,-89.9,0,0,0,0
56.5,-89.6,0,0,0,0
56.5,-89.2,1,0,0,0
56.5,-88.9,1,0,0,0
56.5,-79.2,0,0,0,0
56.5,-78.8,0,0,0,0
56.5,-78.5,0,0,0,0
56.5,-77.5,0,0,0,0
56.5,-76.1,0,0,0,0
56.5,-75.8,0,0,0,0
56.5,-74.7,0,0,0,0
56.5,-74.4,0,0,0,0
56.5,-73.7,0,0,0,0
56.5,-73.4,0,0,0,0
56.5,-72.6,0,0,0,0
56.5,-72.3,0,0,0,0
56.5,-71.3,0,0,0,0
56.5,-70.2,0,0,0,0
56.5,-69.5,0,0,0,0
56.5,-69.2,0,0,0,0
56.5,-68.4,0,0,0,0
56.5,-67.4,0,0,0,0
56.5,-66.6,0,0,0,0
56.5,-65.9,0,0,0,0
56.5,-65.6,0,0,0,0
56.5,-64.8,0,0,0,0
56.5,-64.1,0,0,0,0
56.5,-63.4,0,0,0,0
56.5,-62.6,0,0,0,0
56.5,-61.9,0,0,0,0
56.5,-61.1,0,0,0,0
56.6,-131.8,0,0,0,0
56.6,-131.3,0,0,0,0
56.6,-130.6,0,0,0,0
56.6,-130.1,0,0,0,0
56.6,-129.4,0,0,0,0
56.6,-128.9,0,0,0,0
56.6,-128.2,0,0,0,0
56.6,-127.7,0,0,0,0
56.6,-127.0,0,0,0,0
56.6,-126.5,0,0,0,0
56.6,-126.2,0,0,0,0
56.6,-125.8,0,0,0,0
56.6,-125.0,0,0,0,0
56.6,-124.3,0,0,0,0
56.6,-123.8,0,0,0,0
56.6,-123.5,0,0,0,0
56.6,-123.1,0,0,0,0
56.6,-122.3,0,0,0,0
56.6,-121.6,0,0,0,0
56.6,-120.8,0,0,0,0
56.6,-120.1,0,0,0,0
56.6,-119.3,0,0,0,0
56.6,-119.0,0,0,0,0
56.6,-118.6,0,0,0,0
56.6,-118.3,0,0,0,0
56.6,-117.6,0,0,0,0
56.6,-116.8,0,0,0,0
56.6,-116.5,0,0,0,0
56.6,-115.8,0,0,0,0
56.6,-115.0,0,0,0,0
56.6,-114.7,0,0,0,0
56.6,-114.0,0,0,0,0
56.6,-112.9,0,0,0,0
56.6,-112.2,0,0,0,0
56.6,-111.9,0,0,0,0
56.6,-110.8,0,0,0,0
56.6,-109.8,0,0,0,0
56.6,-109.4,0,0,0,0
56.6,-108.7,0,0,0,0
56.6,-108.4,0,0,0,0
56.6,-108.1,0,0,0,0
56.6,-107.3,0,0,0,0
56.6,-107.0,0,0,0,0
56.6,-106.7,0,0,0,0
56.6,-105.6,0,0,0,0
56.6,-105.3,0,0,0,0
56.6,-104.3,1,0,0,0
56.6,-103.9,0,0,0,0
56.6,-103.6,0,0,0,0
56.6,-102.2,0,0,0,0
56.6,-101.9,0,0,0,0
56.6,-101.6,0,0,0,0
56.6,-100.2,0,0,0,0
56.6,-99.9,0,0,0,0
56.6,-99.6,0,0,0,0
56.6,-99.2,0,0,0,0
56.6,-98.9,0,1,0,0
56.6,-96.9,1,0,0,0
56.6,-96.5,0,0,0,0
56.6,-96.2,0,0,0,0
56.6,-95.9,0,0,0,0
56.6,-95.5,0,0,0,0
56.6,-95.2,0,0,0,0
56.6,-94.9,0,1,0,0
56.6,-94.5,0,1,0,0
56.6,-94.2,0,1,0,0
56.6,-89.5,0,0,0,0
56.6,-89.2,0,1,0,0
56.6,-88.9,0,1,0,0
56.6,-88.5,0,0,0,0
56.6,-88.2,0,0,0,0
56.6,-79.5,0,0,0,0
56.6,-78.4,0,0,0,0
56.6,-78.1,0,0,0,0
56.6,-76.7,0,0,0,0
56.6,-76.4,0,0,0,0
56.6,-75.7,0,0,0,0
56.6,-75.4,0,0,0,0
56.6,-75.0,1,0,0,0
56.6,-74.3,0,0,0,0
56.6,-74.0,0,0,0,0
56.6,-72.9,0,0,0,0
56.6,-71.9,0,0,0,0
56.6,-71.6,0,0,0,0
56.6,-70.8,0,0,0,0
56.6,-70.5,0,0,0,0
56.6,-69.8,0,0,0,0
56.6,-69.0,0,0,0,0
56.6,-68.7,0,0,0,0
56.6,-68.0,0,0,0,0
56.6,-67.7,0,0,0,0
56.6,-66.9,0,0,0,0
56.6,-66.2,0,0,0,0
56.6,-65.4,0,0,0,0
56.6,-65.1,0,0,0,0
56.6,-64.4,0,0,0,0
56.6,-63.7,0,0,0,0
56.6,-62.9,0,0,0,0
56.6,-62.2,0,0,0,0
56.6,-61.4,0,0,0,0
56.7,-131.5,0,0,0,0
56.7,-131.0,0,0,0,0
56.7,-130.3,0,0,0,0
56.7,-129.8,0,0,0,0
56.7,-129.1,0,0,0,0
56.7,-128.6,0,0,0,0
56.7,-127.9,0,0,0,0
56.7,-127.4,0,0,0,0
56.7,-126.7,0,0,0,0
56.7,-125.9,0,0,0,0
56.7,-125.5,0,0,0,0
56.7,-124.7,0,0,0,0
56.7,-124.0,0,0,0,0
56.7,-123.2,0,0,0,0
56.7,-122.8,0,0,0,0
56.7,-122.5,0,0,0,0
56.7,-122.0,0,0,0,0
56.7,-121.3,0,0,0,0
56.7,-120.5,0,0,0,0
56.7,-120.2,0,0,0,0
56.7,-119.8,0,0,0,0
56.7,-119.5,0,0,0,0
56.7,-118.7,0,0,0,0
56.7,-118.0,0,0,0,0
56.7,-117.2,0,0,0,0
56.7,-116.9,0,0,0,0
56.7,-116.2,0,0,0,0
56.7,-115.5,0,0,0,0
56.7,-115.1,0,0,0,0
56.7,-114.4,0,0,0,0
56.7,-113.7,0,0,0,0
56.7,-113.3,0,0,0,0
56.7,-112.6,0,0,0,0
56.7,-112.3,0,0,0,0
56.7,-111.5,0,0,0,0
56.7,-111.2,0,0,0,0
56.7,-110.5,0,0,0,0
56.7,-110.2,0,0,0,0
56.7,-109.1,0,0,0,0
56.7,-108.8,0,0,0,0
56.7,-107.7,0,0,0,0
56.7,-107.4,0,0,0,0
56.7,-106.4,0,0,0,0
56.7,-106.0,0,0,0,0
56.7,-105.0,0,0,0,0
56.7,-104.7,0,0,0,0
56.7,-104.3,0,1,0,0
56.7,-103.3,0,0,0,0
56.7,-103.0,0,0,0,0
56.7,-102.6,0,0,0,0
56.7,-101.3,0,0,0,0
56.7,-100.9,0,0,0,0
56.7,-100.6,0,0,0,0
56.7,-100.3,0,0,0,0
56.7,-98.6,0,0,0,0
56.7,-98.2,0,0,0,0
56.7,-97.9,0,0,0,0
56.7,-97.6,0,0,0,0
56.7,-97.2,0,0,0,0
56.7,-96.9,0,1,0,0
56.7,-93.9,0,0,0,0
56.7,-93.5,0,0,0,0
56.7,-93.2,0,0,0,0
56.7,-92.9,0,0,0,0
56.7,-92.5,0,0,0,0
56.7,-92.2,0,0,0,0
56.7,-91.9,0,0,0,0
56.7,-91.5,0,0,0,0
56.7,-91.2,0,0,0,0
56.7,-90.9,0,0,0,0
56.7,-90.5,0,0,0,0
56.7,-90.2,0,0,0,0
56.7,-89.9,0,0,0,0
56.7,-79.4,0,0,0,0
56.7,-79.1,0,0,0,0
56.7,-78.8,0,0,0,0
56.7,-76.3,0,0,0,0
56.7,-76.0,0,0,0,0
56.7,-75.0,0,1,0,0
56.7,-74.6,0,0,0,0
56.7,-73.6,0,0,0,0
56.7,-73.3,0,0,0,0
56.7,-72.5,0,0,0,0
56.7,-72.2,0,0,0,0
56.7,-71.5,0,0,0,0
56.7,-71.2,0,0,0,0
56.7,-70.4,0,0,0,0
56.7,-70.1,0,0,0,0
56.7,-69.4,0,0,0,0
56.7,-68.3,0,0,0,0
56.7,-67.6,0,0,0,0
56.7,-67.2,0,0,0,0
56.7,-66.5,0,0,0,0
56.7,-65.8,0,0,0,0
56.7,-65.0,0,0,0,0
56.7,-64.7,0,0,0,0
56.7,-64.3,0,0,0,0
56.7,-64.0,0,0,0,0
56.7,-63.2,0,0,0,0
56.7,-62.5,0,0,0,0
56.7,-61.7,0,0,0,0
56.7,-61.0,0,0,0,0
56.8,-132.0,0,0,0,0
56.8,-131.2,0,0,0,0
56.8,-130.8,0,0,0,0
56.8,-130.0,0,0,0,0
56.8,-129.5,0,0,0,0
56.8,-128.8,0,0,0,0
56.8,-128.3,0,0,0,0
56.8,-127.6,0,0,0,0
56.8,-127.1,0,0,0,0
56.8,-126.4,0,0,0,0
56.8,-125.6,0,0,0,0
56.8,-125.2,0,0,0,0
56.8,-124.4,0,0,0,0
56.8,-123.7,0,0,0,0
56.8,-122.9,0,0,0,0
56.8,-122.2,0,0,0,0
56.8,-121.7,0,0,0,0
56.8,-121.4,0,0,0,0
56.8,-121.0,0,0,0,0
56.8,-120.7,0,0,0,0
56.8,-119.9,0,0,0,0
56.8,-119.2,0,0,0,0
56.8,-118.4,0,0,0,0
56.8,-117.7,0,0,0,0
56.8,-117.4,0,0,0,0
56.8,-116.6,0,0,0,0
56.8,-115.9,0,0,0,0
56.8,-114.8,0,0,0,0
56.8,-114.1,0,0,0,0
56.8,-113.8,0,0,0,0
56.8,-113.0,0,0,0,0
56.8,-112.7,0,0,0,0
56.8,-112.0,0,0,0,0
56.8,-111.6,0,0,0,0
56.8,-110.9,0,0,0,0
56.8,-110.6,0,0,0,0
56.8,-109.8,0,0,0,0
56.8,-109.5,0,0,0,0
56.8,-108.5,0,0,0,0
56.8,-108.1,0,0,0,0
56.8,-107.1,0,0,0,0
56.8,-106.8,0,0,0,0
56.8,-105.7,0,0,0,0
56.8,-105.4,0,0,0,0
56.8,-105.1,0,0,0,0
56.8,-104.0,0,0,0,0
56.8,-103.7,0,0,0,0
56.8,-103.3,0,0,0,0
56.8,-102.3,0,0,0,0
56.8,-102.0,0,0,0,0
56.8,-101.6,0,0,0,0
56.8,-101.3,0,0,0,0
56.8,-99.9,0,0,0,0
56.8,-99.6,0,0,0,0
56.8,-99.3,0,0,0,0
56.8,-98.9,0,0,0,0
56.8,-98.6,0,0,0,0
56.8,-96.6,1,0,0,0
56.8,-96.2,0,0,0,0
56.8,-95.9,0,0,0,0
56.8,-95.6,0,0,0,0
56.8,-95.2,0,0,0,0
56.8,-94.9,0,0,0,0
56.8,-94.6,0,0,0,0
56.8,-94.2,0,0,0,0
56.8,-93.9,0,0,0,0
56.8,-93.6,0,0,0,0
56.8,-93.2,0,0,0,0
56.8,-90.5,0,0,0,0
56.8,-90.2,0,0,0,0
56.8,-89.9,0,0,0,0
56.8,-89.5,0,0,0,0
56.8,-89.2,0,0,0,0
56.8,-88.9,0,0,0,0
56.8,-88.5,0,0,0,0
56.8,-80.1,0,0,0,0
56.8,-79.8,0,0,0,0
56.8,-78.7,0,0,0,0
56.8,-76.7,0,0,0,0
56.8,-75.6,0,0,0,0
56.8,-75.3,0,0,0,0
56.8,-74.2,0,0,0,0
56.8,-73.9,0,0,0,0
56.8,-73.2,0,0,0,0
56.8,-72.8,0,0,0,0
56.8,-72.1,0,0,0,0
56.8,-71.8,0,0,0,0
56.8,-71.0,0,0,0,0
56.8,-70.7,0,0,0,0
56.8,-70.0,0,0,0,0
56.8,-69.7,0,0,0,0
56.8,-68.9,0,0,0,0
56.8,-68.6,0,0,0,0
56.8,-67.9,0,0,0,0
56.8,-67.1,0,0,0,0
56.8,-66.8,0,0,0,0
56.8,-66.1,0,0,0,0
56.8,-65.3,0,0,0,0
56.8,-64.6,0,0,0,0
56.8,-63.8,0,0,0,0
56.8,-63.5,0,0,0,0
56.8,-63.1,0,0,0,0
56.8,-62.8,0,0,0,0
56.8,-62.3,0,0,0,0
56.8,-62.0,0,0,0,0
56.8,-61.6,0,0,0,0
56.8,-61.3,0,0,0,0
56.8,-60.8,0,0,0,0
56.9,-132.2,0,0,0,0
56.9,-131.7,0,0,0,0
56.9,-130.9,0,0,0,0
56.9,-130.5,0,0,0,0
56.9,-129.7,0,0,0,0
56.9,-129.3,0,0,0,0
56.9,-128.5,0,0,0,0
56.9,-128.1,0,0,0,0
56.9,-127.3,0,0,0,0
56.9,-126.8,0,0,0,0
56.9,-126.1,0,0,0,0
56.9,-125.3,0,0,0,0
56.9,-124.9,0,0,0,0
56.9,-124.1,0,0,0,0
56.9,-123.4,0,0,0,0
56.9,-122.6,0,0,0,0
56.9,-121.9,0,0,0,0
56.9,-121.1,0,0,0,0
56.9,-120.4,0,0,0,0
56.9,-119.6,0,0,0,0
56.9,-118.9,0,0,0,0
56.9,-118.1,0,0,0,0
56.9,-117.8,0,0,0,0
56.9,-117.1,0,0,0,0
56.9,-116.3,0,0,0,0
56.9,-115.6,0,0,0,0
56.9,-115.3,0,0,0,0
56.9,-114.5,0,0,0,0
56.9,-114.2,0,0,0,0
56.9,-113.5,0,0,0,0
56.9,-112.4,0,0,0,0
56.9,-111.3,0,0,0,0
56.9,-111.0,0,0,0,0
56.9,-110.3,0,0,0,0
56.9,-109.9,0,0,0,0
56.9,-109.2,0,0,0,0
56.9,-108.9,0,0,0,0
56.9,-107.8,0,0,0,0
56.9,-107.5,0,0,0,0
56.9,-106.4,0,0,0,0
56.9,-106.1,0,0,0,0
56.9,-105.8,0,0,0,0
56.9,-104.7,0,0,0,0
56.9,-104.4,0,0,0,0
56.9,-103.0,0,0,0,0
56.9,-102.7,0,0,0,0
56.9,-102.4,0,0,0,0
56.9,-101.0,0,0,0,0
56.9,-100.6,0,0,0,0
56.9,-100.3,0,0,0,0
56.9,-100.0,0,0,0,0
56.9,-98.3,1,0,0,0
56.9,-97.9,0,0,0,0
56.9,-97.6,0,0,0,0
56.9,-97.3,0,0,0,0
56.9,-96.9,0,0,0,0
56.9,-96.6,0,1,0,0
56.9,-92.9,1,0,0,0
56.9,-92.5,0,0,0,0
56.9,-92.2,1,0,0,0
56.9,-91.9,1,0,0,0
56.9,-91.5,1,0,0,0
56.9,-91.2,1,0,0,0
56.9,-90.9,1,0,0,0
56.9,-78.0,0,0,0,0
56.9,-76.3,0,0,0,0
56.9,-75.9,0,0,0,0
56.9,-74.9,0,0,0,0
56.9,-74.5,1,0,0,0
56.9,-73.8,0,0,0,0
56.9,-73.5,0,0,0,0
56.9,-72.4,0,0,0,0
56.9,-71.4,0,0,0,0
56.9,-70.3,0,0,0,0
56.9,-69.6,0,0,0,0
56.9,-69.2,0,0,0,0
56.9,-68.5,0,0,0,0
56.9,-68.2,0,0,0,0
56.9,-67.4,0,0,0,0
56.9,-66.7,0,0,0,0
56.9,-66.4,0,0,0,0
56.9,-65.9,0,0,0,0
56.9,-65.6,0,0,0,0
56.9,-64.9,0,0,0,0
56.9,-64.1,0,0,0,0
56.9,-63.4,0,0,0,0
56.9,-62.6,0,0,0,0
56.9,-61.9,0,0,0,0
56.9,-61.1,0,0,0,0
57.0,-131.9,0,0,0,0
57.0,-131.4,0,0,0,0
57.0,-130.7,0,0,0,0
57.0,-130.2,0,0,0,0
57.0,-129.5,0,0,0,0
57.0,-129.0,0,0,0,0
57.0,-128.2,0,0,0,0
57.0,-127.8,0,0,0,0
57.0,-127.0,0,0,0,0
57.0,-126.6,0,0,0,0
57.0,-125.8,0,0,0,0
57.0,-125.1,0,0,0,0
57.0,-124.6,0,0,0,0
57.0,-124.3,0,0,0,0
57.0,-123.8,0,0,0,0
57.0,-123.1,0,0,0,0
57.0,-122.3,0,0,0,0
57.0,-121.6,0,0,0,0
57.0,-120.8,0,0,0,0
57.0,-120.1,0,0,0,0
57.0,-119.3,0,0,0,0
57.0,-118.6,0,0,0,0
57.0,-118.3,0,0,0,0
57.0,-117.5,0,0,0,0
57.0,-116.8,0,0,0,0
57.0,-116.0,0,0,0,0
57.0,-115.7,0,0,0,0
57.0,-114.9,0,0,0,0
57.0,-113.9,0,0,0,0
57.0,-113.1,0,0,0,0
57.0,-112.8,0,0,0,0
57.0,-112.1,0,0,0,0
57.0,-111.7,0,0,0,0
57.0,-110.7,0,0,0,0
57.0,-109.6,0,0,0,0
57.0,-109.3,0,0,0,0
57.0,-108.6,1,0,0,0
57.0,-108.2,0,0,0,0
57.0,-107.9,0,0,0,0
57.0,-107.2,1,0,0,0
57.0,-106.8,0,0,0,0
57.0,-106.5,0,0,0,0
57.0,-105.5,0,0,0,0
57.0,-105.1,0,0,0,0
57.0,-104.1,1,0,0,0
57.0,-103.7,0,0,0,0
57.0,-103.4,0,0,0,0
57.0,-102.0,0,0,0,0
57.0,-101.7,0,0,0,0
57.0,-101.4,0,0,0,0
57.0,-99.6,0,0,0,0
57.0,-99.3,0,0,0,0
57.0,-99.0,0,0,0,0
57.0,-98.6,0,0,0,0
57.0,-98.3,0,1,0,0
57.0,-96.3,1,0,0,0
57.0,-95.9,0,0,0,0
57.0,-95.6,0,0,0,0
57.0,-95.2,0,0,0,0
57.0,-94.9,0,0,0,0
57.0,-94.6,0,0,0,0
57.0,-94.2,0,0,0,0
57.0,-93.9,0,0,0,0
57.0,-93.6,0,0,0,0
57.0,-93.2,0,0,0,0
57.0,-92.9,0,1,0,0
57.0,-92.6,0,0,0,0
57.0,-92.2,0,1,0,0
57.0,-91.9,0,1,0,0
57.0,-91.5,0,1,0,0
57.0,-91.2,0,1,0,0
57.0,-90.9,0,1,0,0
57.0,-90.5,0,0,0,0
57.0,-90.2,0,0,0,0
57.0,-89.9,0,0,0,0
57.0,-89.5,0,0,0,0
57.0,-80.0,0,0,0,0
57.0,-79.7,0,0,0,0
57.0,-78.6,0,0,0,0
57.0,-78.3,0,0,0,0
57.0,-76.9,0,0,0,0
57.0,-76.6,0,0,0,0
57.0,-75.5,0,0,0,0
57.0,-75.2,0,0,0,0
57.0,-74.5,0,1,0,0
57.0,-74.1,0,0,0,0
57.0,-73.1,0,0,0,0
57.0,-72.7,0,0,0,0
57.0,-72.0,0,0,0,0
57.0,-71.7,0,0,0,0
57.0,-70.9,0,0,0,0
57.0,-70.6,0,0,0,0
57.0,-69.9,0,0,0,0
57.0,-68.8,0,0,0,0
57.0,-68.1,0,0,0,0
57.0,-67.7,0,0,0,0
57.0,-67.0,0,0,0,0
57.0,-66.2,0,0,0,0
57.0,-65.5,0,0,0,0
57.0,-65.2,0,0,0,0
57.0,-64.4,0,0,0,0
57.0,-63.7,0,0,0,0
57.0,-62.9,0,0,0,0
57.0,-62.2,0,0,0,0
57.0,-61.4,0,0,0,0
57.1,-132.4,0,0,0,0
57.1,-131.6,0,0,0,0
57.1,-131.1,0,0,0,0
57.1,-130.4,0,0,0,0
57.1,-129.9,0,0,0,0
57.1,-129.2,0,0,0,0
57.1,-128.7,0,0,0,0
57.1,-128.0,0,0,0,0
57.1,-127.5,0,0,0,0
57.1,-126.7,0,0,0,0
57.1,-126.3,0,0,0,0
57.1,-125.5,0,0,0,0
57.1,-124.8,0,0,0,0
57.1,-124.0,0,0,0,0
57.1,-123.5,0,0,0,0
57.1,-123.3,0,0,0,0
57.1,-122.8,0,0,0,0
57.1,-122.0,0,0,0,0
57.1,-121.3,0,0,0,0
57.1,-120.5,0,0,0,0
57.1,-119.8,0,0,0,0
57.1,-119.5,0,0,0,0
57.1,-119.0,0,0,0,0
57.1,-118.7,0,0,0,0
57.1,-118.0,0,0,0,0
57.1,-117.2,0,0,0,0
57.1,-116.4,0,0,0,0
57.1,-116.1,0,0,0,0
57.1,-115.4,0,0,0,0
57.1,-114.6,0,0,0,0
57.1,-114.3,0,0,0,0
57.1,-113.6,0,0,0,0
57.1,-113.2,0,0,0,0
57.1,-112.5,0,0,0,0
57.1,-112.2,0,0,0,0
57.1,-111.4,0,0,0,0
57.1,-111.1,0,0,0,0
57.1,-110.4,0,0,0,0
57.1,-110.0,0,0,0,0
57.1,-109.0,0,0,0,0
57.1,-108.6,0,1,0,0
57.1,-107.6,0,0,0,0
57.1,-107.2,0,1,0,0
57.1,-106.2,0,0,0,0
57.1,-105.9,0,0,0,0
57.1,-104.8,0,0,0,0
57.1,-104.5,0,0,0,0
57.1,-104.1,0,1,0,0
57.1,-103.1,1,0,0,0
57.1,-102.7,0,0,0,0
57.1,-102.4,0,0,0,0
57.1,-102.1,0,0,0,0
57.1,-101.0,0,0,0,0
57.1,-100.7,0,0,0,0
57.1,-100.3,0,0,0,0
57.1,-100.0,0,0,0,0
57.1,-99.7,0,0,0,0
57.1,-98.0,1,0,0,0
57.1,-97.6,0,0,0,0
57.1,-97.3,0,0,0,0
57.1,-97.0,0,0,0,0
57.1,-96.6,0,0,0,0
57.1,-96.3,0,1,0,0
57.1,-79.0,0,0,0,0
57.1,-76.5,0,0,0,0
57.1,-76.2,0,0,0,0
57.1,-75.8,1,0,0,0
57.1,-75.1,0,0,0,0
57.1,-74.8,0,0,0,0
57.1,-73.7,0,0,0,0
57.1,-73.4,0,0,0,0
57.1,-72.6,0,0,0,0
57.1,-72.3,0,0,0,0
57.1,-71.6,0,0,0,0
57.1,-71.3,0,0,0,0
57.1,-70.5,0,0,0,0
57.1,-70.2,0,0,0,0
57.1,-69.4,0,0,0,0
57.1,-69.1,0,0,0,0
57.1,-68.4,0,0,0,0
57.1,-67.6,0,0,0,0
57.1,-67.3,0,0,0,0
57.1,-66.5,0,0,0,0
57.1,-65.8,0,0,0,0
57.1,-65.0,0,0,0,0
57.1,-64.7,0,0,0,0
57.1,-64.0,0,0,0,0
57.1,-63.2,0,0,0,0
57.1,-62.5,0,0,0,0
57.1,-61.7,0,0,0,0
57.2,-132.1,0,0,0,0
57.2,-131.3,0,0,0,0
57.2,-130.9,0,0,0,0
57.2,-130.1,0,0,0,0
57.2,-129.6,0,0,0,0
57.2,-128.4,0,0,0,0
57.2,-127.7,0,0,0,0
57.2,-127.2,0,0,0,0
57.2,-126.4,0,0,0,0
57.2,-126.0,0,0,0,0
57.2,-125.7,0,0,0,0
57.2,-125.2,0,0,0,0
57.2,-124.5,0,0,0,0
57.2,-123.7,0,0,0,0
57.2,-123.0,0,0,0,0
57.2,-122.5,0,0,0,0
57.2,-122.2,0,0,0,0
57.2,-121.7,0,0,0,0
57.2,-121.4,0,0,0,0
57.2,-121.0,0,0,0,0
57.2,-120.7,0,0,0,0
57.2,-120.2,0,0,0,0
57.2,-119.9,0,0,0,0
57.2,-119.2,0,0,0,0
57.2,-118.4,0,0,0,0
57.2,-117.6,0,0,0,0
57.2,-116.9,0,0,0,0
57.2,-116.6,0,0,0,0
57.2,-115.8,0,0,0,0
57.2,-115.1,0,0,0,0
57.2,-114.7,0,0,0,0
57.2,-114.0,0,0,0,0
57.2,-113.7,0,0,0,0
57.2,-112.9,0,0,0,0
57.2,-112.6,0,0,0,0
57.2,-111.9,0,0,0,0
57.2,-111.5,0,0,0,0
57.2,-110.8,0,0,0,0
57.2,-110.5,0,0,0,0
57.2,-109.7,0,0,0,0
57.2,-109.4,0,0,0,0
57.2,-108.3,0,0,0,0
57.2,-108.0,0,0,0,0
57.2,-106.9,0,0,0,0
57.2,-106.6,0,0,0,0
57.2,-105.5,0,0,0,0
57.2,-105.2,0,0,0,0
57.2,-104.9,0,0,0,0
57.2,-103.8,0,0,0,0
57.2,-103.5,0,0,0,0
57.2,-103.1,0,1,0,0
57.2,-101.7,0,0,0,0
57.2,-101.4,0,0,0,0
57.2,-101.1,0,0,0,0
57.2,-99.3,0,0,0,0
57.2,-99.0,0,0,0,0
57.2,-98.7,0,0,0,0
57.2,-98.3,0,0,0,0
57.2,-98.0,0,1,0,0
57.2,-95.9,0,0,0,0
57.2,-95.6,0,0,0,0
57.2,-95.3,0,0,0,0
57.2,-94.9,0,0,0,0
57.2,-94.6,0,0,0,0
57.2,-94.2,0,0,0,0
57.2,-93.9,0,0,0,0
57.2,-93.6,0,0,0,0
57.2,-93.2,0,0,0,0
57.2,-92.9,0,0,0,0
57.2,-92.6,0,0,0,0
57.2,-91.5,0,0,0,0
57.2,-91.2,0,0,0,0
57.2,-90.9,0,0,0,0
57.2,-90.5,0,0,0,0
57.2,-90.2,0,0,0,0
57.2,-78.6,0,0,0,0
57.2,-78.2,0,0,0,0
57.2,-76.8,0,0,0,0
57.2,-75.8,0,1,0,0
57.2,-75.4,0,0,0,0
57.2,-74.4,0,0,0,0
57.2,-74.0,0,0,0,0
57.2,-73.3,0,0,0,0
57.2,-73.0,0,0,0,0
57.2,-72.2,0,0,0,0
57.2,-71.9,0,0,0,0
57.2,-70.8,0,0,0,0
57.2,-70.1,0,0,0,0
57.2,-69.8,0,0,0,0
57.2,-69.0,0,0,0,0
57.2,-68.7,0,0,0,0
57.2,-67.9,0,0,0,0
57.2,-67.2,0,0,0,0
57.2,-66.9,0,0,0,0
57.2,-66.1,0,0,0,0
57.2,-65.3,0,0,0,0
57.2,-64.6,0,0,0,0
57.2,-64.3,0,0,0,0
57.2,-63.8,0,0,0,0
57.2,-63.5,0,0,0,0
57.2,-63.1,0,0,0,0
57.2,-62.8,0,0,0,0
57.2,-62.3,0,0,0,0
57.2,-62.0,0,0,0,0
57.2,-61.6,0,0,0,0
57.2,-61.3,0,0,0,0
57.3,-132.3,0,0,0,0
57.3,-131.8,0,0,0,0
57.3,-131.1,0,0,0,0
57.3,-130.6,0,0,0,0
57.3,-129.4,0,0,0,0
57.3,-128.9,0,0,0,0
57.3,-128.1,0,0,0,0
57.3,-127.4,0,0,0,0
57.3,-126.9,0,0,0,0
57.3,-126.2,0,0,0,0
57.3,-125.4,0,0,0,0
57.3,-124.9,0,0,0,0
57.3,-124.2,0,0,0,0
57.3,-123.4,0,0,0,0
57.3,-122.7,0,0,0,0
57.3,-121.9,0,0,0,0
57.3,-121.1,0,0,0,0
57.3,-120.4,0,0,0,0
57.3,-119.6,0,0,0,0
57.3,-118.8,0,0,0,0
57.3,-118.1,0,0,0,0
57.3,-117.3,0,0,0,0
57.3,-117.0,0,0,0,0
57.3,-116.3,0,0,0,0
57.3,-115.5,0,0,0,0
57.3,-115.2,0,0,0,0
57.3,-114.4,0,0,0,0
57.3,-113.4,0,0,0,0
57.3,-112.3,0,0,0,0
57.3,-111.2,0,0,0,0
57.3,-110.1,0,0,0,0
57.3,-109.8,0,0,0,0
57.3,-109.1,0,0,0,0
57.3,-108.7,0,0,0,0
57.3,-107.7,0,0,0,0
57.3,-107.3,0,0,0,0
57.3,-106.3,1,0,0,0
57.3,-105.9,0,0,0,0
57.3,-105.6,0,0,0,0
57.3,-104.5,0,0,0,0
57.3,-104.2,0,0,0,0
57.3,-102.8,0,0,0,0
57.3,-102.5,0,0,0,0
57.3,-102.1,0,0,0,0
57.3,-100.7,0,0,0,0
57.3,-100.4,0,0,0,0
57.3,-100.1,0,0,0,0
57.3,-99.7,0,0,0,0
57.3,-97.7,1,0,0,0
57.3,-97.3,0,0,0,0
57.3,-97.0,0,0,0,0
57.3,-96.6,0,0,0,0
57.3,-96.3,0,0,0,0
57.3,-96.0,0,0,0,0
57.3,-95.6,0,0,0,0
57.3,-79.6,0,0,0,0
57.3,-78.2,0,0,0,0
57.3,-76.4,0,0,0,0
57.3,-76.1,0,0,0,0
57.3,-75.0,0,0,0,0
57.3,-74.7,0,0,0,0
57.3,-73.9,0,0,0,0
57.3,-73.6,0,0,0,0
57.3,-72.5,0,0,0,0
57.3,-71.5,0,0,0,0
57.3,-71.1,0,0,0,0
57.3,-70.4,0,0,0,0
57.3,-69.3,0,0,0,0
57.3,-68.6,0,0,0,0
57.3,-68.2,0,0,0,0
57.3,-67.5,0,0,0,0
57.3,-66.7,0,0,0,0
57.3,-66.4,0,0,0,0
57.3,-65.7,0,0,0,0
57.3,-64.9,0,0,0,0
57.3,-64.1,0,0,0,0
57.3,-63.4,0,0,0,0
57.3,-62.6,0,0,0,0
57.3,-61.9,0,0,0,0
57.4,-132.0,0,0,0,0
57.4,-131.5,0,0,0,0
57.4,-130.8,0,0,0,0
57.4,-130.3,0,0,0,0
57.4,-129.8,0,0,0,0
57.4,-129.1,0,0,0,0
57.4,-128.6,0,0,0,0
57.4,-127.8,0,0,0,0
57.4,-127.1,0,0,0,0
57.4,-126.6,0,0,0,0
57.4,-125.9,0,0,0,0
57.4,-125.1,0,0,0,0
57.4,-124.6,0,0,0,0
57.4,-123.9,0,0,0,0
57.4,-123.1,0,0,0,0
57.4,-122.3,0,0,0,0
57.4,-121.6,0,0,0,0
57.4,-120.8,0,0,0,0
57.4,-120.1,0,0,0,0
57.4,-119.3,0,0,0,0
57.4,-118.5,0,0,0,0
57.4,-117.8,0,0,0,0
57.4,-117.5,0,0,0,0
57.4,-116.7,0,0,0,0
57.4,-115.9,0,0,0,0
57.4,-115.6,0,0,0,0
57.4,-114.9,0,0,0,0
57.4,-114.1,0,0,0,0
57.4,-113.8,0,0,0,0
57.4,-113.0,0,0,0,0
57.4,-112.7,0,0,0,0
57.4,-112.0,0,0,0,0
57.4,-111.6,0,0,0,0
57.4,-110.9,0,0,0,0
57.4,-110.6,0,0,0,0
57.4,-109.5,0,0,0,0
57.4,-109.2,0,0,0,0
57.4,-108.4,0,0,0,0
57.4,-108.1,0,0,0,0
57.4,-107.0,0,0,0,0
57.4,-106.7,0,0,0,0
57.4,-106.3,0,1,0,0
57.4,-105.3,0,0,0,0
57.4,-104.9,0,0,0,0
57.4,-103.9,1,0,0,0
57.4,-103.5,0,0,0,0
57.4,-103.2,0,0,0,0
57.4,-101.8,1,0,0,0
57.4,-101.5,0,0,0,0
57.4,-101.1,0,0,0,0
57.4,-100.8,0,0,0,0
57.4,-99.4,1,0,0,0
57.4,-99.0,0,0,0,0
57.4,-98.7,0,0,0,0
57.4,-98.4,0,0,0,0
57.4,-98.0,0,0,0,0
57.4,-97.7,0,1,0,0
57.4,-95.3,1,0,0,0
57.4,-94.9,0,0,0,0
57.4,-94.6,0,0,0,0
57.4,-94.3,0,0,0,0
57.4,-93.9,0,0,0,0
57.4,-93.6,0,0,0,0
57.4,-93.2,0,0,0,0
57.4,-92.9,0,0,0,0
57.4,-92.6,0,0,0,0
57.4,-79.9,0,0,0,0
57.4,-78.8,0,0,0,0
57.4,-78.5,0,0,0,0
57.4,-76.8,0,0,0,0
57.4,-75.7,0,0,0,0
57.4,-75.3,1,0,0,0
57.4,-74.6,0,0,0,0
57.4,-74.3,0,0,0,0
57.4,-73.2,0,0,0,0
57.4,-72.9,0,0,0,0
57.4,-72.1,0,0,0,0
57.4,-71.8,0,0,0,0
57.4,-71.0,0,0,0,0
57.4,-70.7,0,0,0,0
57.4,-70.0,0,0,0,0
57.4,-69.6,0,0,0,0
57.4,-68.9,0,0,0,0
57.4,-68.1,0,0,0,0
57.4,-67.8,0,0,0,0
57.4,-67.0,0,0,0,0
57.4,-66.3,0,0,0,0
57.4,-66.0,0,0,0,0
57.4,-65.2,0,0,0,0
57.4,-64.5,0,0,0,0
57.4,-63.7,0,0,0,0
57.4,-62.9,0,0,0,0
57.4,-62.2,0,0,0,0
57.4,-61.4,0,0,0,0
57.5,-132.5,0,0,0,0
57.5,-131.7,0,0,0,0
57.5,-131.3,0,0,0,0
57.5,-130.0,0,0,0,0
57.5,-129.5,0,0,0,0
57.5,-128.8,0,0,0,0
57.5,-128.3,0,0,0,0
57.5,-127.6,0,0,0,0
57.5,-126.8,0,0,0,0
57.5,-126.3,0,0,0,0
57.5,-125.6,0,0,0,0
57.5,-124.8,0,0,0,0
57.5,-124.3,0,0,0,0
57.5,-124.0,0,0,0,0
57.5,-123.6,0,0,0,0
57.5,-122.8,0,0,0,0
57.5,-122.0,0,0,0,0
57.5,-121.3,0,0,0,0
57.5,-120.5,0,0,0,0
57.5,-119.8,0,0,0,0
57.5,-119.0,0,0,0,0
57.5,-118.7,0,0,0,0
57.5,-118.2,0,0,0,0
57.5,-117.9,0,0,0,0
57.5,-117.2,0,0,0,0
57.5,-116.4,0,0,0,0
57.5,-116.1,0,0,0,0
57.5,-115.3,0,0,0,0
57.5,-114.5,0,0,0,0
57.5,-114.2,0,0,0,0
57.5,-113.5,0,0,0,0
57.5,-113.1,0,0,0,0
57.5,-112.4,0,0,0,0
57.5,-112.1,0,0,0,0
57.5,-111.3,0,0,0,0
57.5,-111.0,0,0,0,0
57.5,-110.2,0,0,0,0
57.5,-109.9,0,0,0,0
57.5,-108.8,0,0,0,0
57.5,-108.5,0,0,0,0
57.5,-107.7,0,0,0,0
57.5,-107.4,0,0,0,0
57.5,-107.1,0,0,0,0
57.5,-106.0,0,0,0,0
57.5,-105.7,0,0,0,0
57.5,-104.6,0,0,0,0
57.5,-104.3,0,0,0,0
57.5,-103.9,0,1,0,0
57.5,-102.9,1,0,0,0
57.5,-102.5,0,0,0,0
57.5,-102.2,0,0,0,0
57.5,-101.8,0,1,0,0
57.5,-100.4,0,0,0,0
57.5,-100.1,0,0,0,0
57.5,-99.8,0,0,0,0
57.5,-99.4,0,1,0,0
57.5,-97.3,0,0,0,0
57.5,-97.0,0,0,0,0
57.5,-96.7,0,0,0,0
57.5,-96.3,0,0,0,0
57.5,-96.0,0,0,0,0
57.5,-95.6,0,0,0,0
57.5,-95.3,0,1,0,0
57.5,-79.8,0,0,0,0
57.5,-79.5,0,0,0,0
57.5,-79.2,0,0,0,0
57.5,-76.7,0,0,0,0
57.5,-76.3,0,0,0,0
57.5,-76.0,0,0,0,0
57.5,-75.3,0,1,0,0
57.5,-74.9,0,0,0,0
57.5,-73.9,0,0,0,0
57.5,-73.5,0,0,0,0
57.5,-72.8,0,0,0,0
57.5,-72.4,0,0,0,0
57.5,-71.7,0,0,0,0
57.5,-71.4,0,0,0,0
57.5,-70.6,0,0,0,0
57.5,-70.3,0,0,0,0
57.5,-69.5,0,0,0,0
57.5,-69.2,0,0,0,0
57.5,-68.4,0,0,0,0
57.5,-67.7,0,0,0,0
57.5,-67.4,0,0,0,0
57.5,-66.6,0,0,0,0
57.5,-65.8,0,0,0,0
57.5,-65.5,0,0,0,0
57.5,-65.1,0,0,0,0
57.5,-64.8,0,0,0,0
57.5,-64.0,0,0,0,0
57.5,-63.2,0,0,0,0
57.5,-62.5,0,0,0,0
57.5,-61.7,0,0,0,0
57.6,-132.7,0,0,0,0
57.6,-132.2,0,0,0,0
57.6,-131.5,0,0,0,0
57.6,-131.0,0,0,0,0
57.6,-130.5,0,0,0,0
57.6,-129.7,0,0,0,0
57.6,-129.3,0,0,0,0
57.6,-128.5,0,0,0,0
57.6,-128.0,0,0,0,0
57.6,-127.7,0,0,0,0
57.6,-127.3,0,0,0,0
57.6,-126.5,0,0,0,0
57.6,-126.0,0,0,0,0
57.6,-125.3,0,0,0,0
57.6,-124.5,0,0,0,0
57.6,-123.7,0,0,0,0
57.6,-123.3,0,0,0,0
57.6,-123.0,0,0,0,0
57.6,-122.5,0,0,0,0
57.6,-121.7,0,0,0,0
57.6,-121.0,0,0,0,0
57.6,-120.2,0,0,0,0
57.6,-119.9,0,0,0,0
57.6,-119.4,0,0,0,0
57.6,-119.1,0,0,0,0
57.6,-118.4,0,0,0,0
57.6,-117.6,0,0,0,0
57.6,-116.8,0,0,0,0
57.6,-116.5,0,0,0,0
57.6,-115.8,0,0,0,0
57.6,-115.0,0,0,0,0
57.6,-114.7,0,0,0,0
57.6,-113.9,0,0,0,0
57.6,-113.6,0,0,0,0
57.6,-112.8,0,0,0,0
57.6,-111.7,0,0,0,0
57.6,-110.7,0,0,0,0
57.6,-110.3,0,0,0,0
57.6,-109.6,0,0,0,0
57.6,-109.2,0,0,0,0
57.6,-108.2,0,0,0,0
57.6,-107.8,0,0,0,0
57.6,-106.7,0,0,0,0
57.6,-106.4,0,0,0,0
57.6,-105.3,0,0,0,0
57.6,-105.0,0,0,0,0
57.6,-104.7,0,0,0,0
57.6,-103.6,0,0,0,0
57.6,-103.3,0,0,0,0
57.6,-102.9,0,1,0,0
57.6,-101.5,0,0,0,0
57.6,-101.2,0,0,0,0
57.6,-100.8,0,0,0,0
57.6,-100.5,0,0,0,0
57.6,-99.1,1,0,0,0
57.6,-98.7,0,0,0,0
57.6,-98.4,0,0,0,0
57.6,-98.1,0,0,0,0
57.6,-97.7,0,0,0,0
57.6,-97.4,0,0,0,0
57.6,-95.0,1,0,0,0
57.6,-94.6,1,0,0,0
57.6,-94.3,0,0,0,0
57.6,-93.9,0,0,0,0
57.6,-93.6,0,0,0,0
57.6,-93.2,0,0,0,0
57.6,-92.9,0,0,0,0
57.6,-92.6,0,0,0,0
57.6,-78.8,0,0,0,0
57.6,-78.4,0,0,0,0
57.6,-77.0,0,0,0,0
57.6,-75.9,0,0,0,0
57.6,-75.6,0,0,0,0
57.6,-74.5,0,0,0,0
57.6,-74.2,0,0,0,0
57.6,-73.4,0,0,0,0
57.6,-73.1,0,0,0,0
57.6,-72.0,0,0,0,0
57.6,-70.9,0,0,0,0
57.6,-69.8,0,0,0,0
57.6,-69.1,0,0,0,0
57.6,-68.8,0,0,0,0
57.6,-68.0,0,0,0,0
57.6,-67.2,0,0,0,0
57.6,-66.9,0,0,0,0
57.6,-66.2,0,0,0,0
57.6,-65.4,0,0,0,0
57.6,-64.6,0,0,0,0
57.6,-64.3,0,0,0,0
57.6,-63.5,0,0,0,0
57.6,-62.8,0,0,0,0
57.6,-62.0,0,0,0,0
57.6,-61.2,0,0,0,0
57.7,-132.4,0,0,0,0
57.7,-131.9,0,0,0,0
57.7,-131.2,0,0,0,0
57.7,-130.7,0,0,0,0
57.7,-130.2,0,0,0,0
57.7,-129.5,0,0,0,0
57.7,-129.0,0,0,0,0
57.7,-128.2,0,0,0,0
57.7,-127.5,0,0,0,0
57.7,-127.0,0,0,0,0
57.7,-126.2,0,0,0,0
57.7,-125.7,0,0,0,0
57.7,-125.0,0,0,0,0
57.7,-124.2,0,0,0,0
57.7,-123.4,0,0,0,0
57.7,-122.7,0,0,0,0
57.7,-122.2,0,0,0,0
57.7,-121.9,0,0,0,0
57.7,-121.4,0,0,0,0
57.7,-121.1,0,0,0,0
57.7,-120.7,0,0,0,0
57.7,-120.4,0,0,0,0
57.7,-119.6,0,0,0,0
57.7,-118.8,0,0,0,0
57.7,-118.1,0,0,0,0
57.7,-117.3,0,0,0,0
57.7,-117.0,0,0,0,0
57.7,-116.2,0,0,0,0
57.7,-115.4,0,0,0,0
57.7,-115.1,0,0,0,0
57.7,-114.3,0,0,0,0
57.7,-113.3,0,0,0,0
57.7,-112.5,0,0,0,0
57.7,-112.2,0,0,0,0
57.7,-111.4,0,0,0,0
57.7,-111.1,0,0,0,0
57.7,-110.0,0,0,0,0
57.7,-109.7,0,0,0,0
57.7,-108.9,0,0,0,0
57.7,-108.6,0,0,0,0
57.7,-107.5,0,0,0,0
57.7,-107.2,0,0,0,0
57.7,-106.1,0,0,0,0
57.7,-105.7,0,0,0,0
57.7,-105.4,0,0,0,0
57.7,-104.3,0,0,0,0
57.7,-104.0,0,0,0,0
57.7,-103.7,0,0,0,0
57.7,-102.6,0,0,0,0
57.7,-102.2,0,0,0,0
57.7,-101.9,0,0,0,0
57.7,-100.1,0,0,0,0
57.7,-99.8,0,0,0,0
57.7,-99.5,0,0,0,0
57.7,-99.1,0,1,0,0
57.7,-97.0,0,0,0,0
57.7,-96.7,0,0,0,0
57.7,-96.3,0,0,0,0
57.7,-96.0,0,0,0,0
57.7,-95.7,0,0,0,0
57.7,-95.3,0,0,0,0
57.7,-95.0,0,1,0,0
57.7,-94.6,0,1,0,0
57.7,-79.8,0,0,0,0
57.7,-76.6,0,0,0,0
57.7,-76.3,0,0,0,0
57.7,-75.2,0,0,0,0
57.7,-74.8,0,0,0,0
57.7,-74.1,0,0,0,0
57.7,-73.8,0,0,0,0
57.7,-72.7,0,0,0,0
57.7,-72.3,0,0,0,0
57.7,-71.6,0,0,0,0
57.7,-71.3,0,0,0,0
57.7,-70.5,0,0,0,0
57.7,-70.2,0,0,0,0
57.7,-69.4,0,0,0,0
57.7,-68.6,0,0,0,0
57.7,-68.3,0,0,0,0
57.7,-67.6,0,0,0,0
57.7,-66.8,0,0,0,0
57.7,-66.5,0,0,0,0
57.7,-65.7,0,0,0,0
57.7,-64.9,0,0,0,0
57.7,-64.2,0,0,0,0
57.7,-63.9,0,0,0,0
57.7,-63.4,0,0,0,0
57.7,-63.1,0,0,0,0
57.7,-62.6,0,0,0,0
57.7,-62.3,0,0,0,0
57.7,-61.9,0,0,0,0
57.7,-61.5,0,0,0,0
57.8,-132.9,0,0,0,0
57.8,-132.1,0,0,0,0
57.8,-131.7,0,0,0,0
57.8,-130.4,0,0,0,0
57.8,-129.9,0,0,0,0
57.8,-129.2,0,0,0,0
57.8,-128.7,0,0,0,0
57.8,-127.9,0,0,0,0
57.8,-127.2,0,0,0,0
57.8,-126.7,0,0,0,0
57.8,-125.9,0,0,0,0
57.8,-125.4,0,0,0,0
57.8,-125.1,0,0,0,0
57.8,-124.7,0,0,0,0
57.8,-123.9,0,0,0,0
57.8,-123.1,0,0,0,0
57.8,-122.4,0,0,0,0
57.8,-121.6,0,0,0,0
57.8,-120.8,0,0,0,0
57.8,-120.0,0,0,0,0
57.8,-119.3,0,0,0,0
57.8,-118.5,0,0,0,0
57.8,-117.7,0,0,0,0
57.8,-117.4,0,0,0,0
57.8,-116.6,0,0,0,0
57.8,-115.9,0,0,0,0
57.8,-115.6,0,0,0,0
57.8,-114.8,0,0,0,0
57.8,-114.0,0,0,0,0
57.8,-113.7,0,0,0,0
57.8,-112.9,0,0,0,0
57.8,-112.6,0,0,0,0
57.8,-111.8,0,0,0,0
57.8,-111.5,0,0,0,0
57.8,-110.8,0,0,0,0
57.8,-110.4,0,0,0,0
57.8,-109.3,0,0,0,0
57.8,-109.0,0,0,0,0
57.8,-108.2,0,0,0,0
57.8,-107.9,0,0,0,0
57.8,-106.8,0,0,0,0
57.8,-106.5,0,0,0,0
57.8,-106.2,0,0,0,0
57.8,-105.1,0,0,0,0
57.8,-104.7,0,0,0,0
57.8,-103.3,0,0,0,0
57.8,-103.0,0,0,0,0
57.8,-102.6,0,0,0,0
57.8,-101.6,1,0,0,0
57.8,-101.2,0,0,0,0
57.8,-100.9,0,0,0,0
57.8,-100.5,0,0,0,0
57.8,-98.8,1,0,0,0
57.8,-98.4,0,0,0,0
57.8,-98.1,0,0,0,0
57.8,-97.8,0,0,0,0
57.8,-97.4,0,0,0,0
57.8,-97.1,0,0,0,0
57.8,-94.3,1,0,0,0
57.8,-93.9,0,0,0,0
57.8,-93.6,1,0,0,0
57.8,-93.3,0,0,0,0
57.8,-92.9,0,0,0,0
57.8,-92.6,0,0,0,0
57.8,-76.9,0,0,0,0
57.8,-75.8,0,0,0,0
57.8,-75.5,0,0,0,0
57.8,-74.7,0,0,0,0
57.8,-74.4,0,0,0,0
57.8,-73.3,0,0,0,0
57.8,-73.0,0,0,0,0
57.8,-72.2,0,0,0,0
57.8,-71.9,0,0,0,0
57.8,-71.1,0,0,0,0
57.8,-70.8,0,0,0,0
57.8,-70.1,0,0,0,0
57.8,-69.7,0,0,0,0
57.8,-69.0,0,0,0,0
57.8,-68.2,0,0,0,0
57.8,-67.9,0,0,0,0
57.8,-67.1,0,0,0,0
57.8,-66.3,0,0,0,0
57.8,-66.0,0,0,0,0
57.8,-65.2,0,0,0,0
57.8,-64.5,0,0,0,0
57.8,-63.7,0,0,0,0
57.8,-62.9,0,0,0,0
57.8,-62.2,0,0,0,0
57.9,-133.1,0,0,0,0
57.9,-132.6,0,0,0,0
57.9,-131.9,0,0,0,0
57.9,-131.4,0,0,0,0
57.9,-130.9,0,0,0,0
57.9,-130.1,0,0,0,0
57.9,-129.6,0,0,0,0
57.9,-128.9,0,0,0,0
57.9,-128.4,0,0,0,0
57.9,-127.6,0,0,0,0
57.9,-126.9,0,0,0,0
57.9,-126.4,0,0,0,0
57.9,-125.6,0,0,0,0
57.9,-124.8,0,0,0,0
57.9,-124.4,0,0,0,0
57.9,-123.6,0,0,0,0
57.9,-122.8,0,0,0,0
57.9,-122.1,0,0,0,0
57.9,-121.3,0,0,0,0
57.9,-120.5,0,0,0,0
57.9,-119.7,0,0,0,0
57.9,-119.0,0,0,0,0
57.9,-118.2,0,0,0,0
57.9,-117.9,0,0,0,0
57.9,-117.1,0,0,0,0
57.9,-116.3,0,0,0,0
57.9,-116.0,0,0,0,0
57.9,-115.2,0,0,0,0
57.9,-114.5,0,0,0,0
57.9,-114.1,0,0,0,0
57.9,-113.4,0,0,0,0
57.9,-113.0,0,0,0,0
57.9,-112.3,0,0,0,0
57.9,-112.0,0,0,0,0
57.9,-111.2,0,0,0,0
57.9,-110.9,0,0,0,0
57.9,-110.1,0,0,0,0
57.9,-109.8,0,0,0,0
57.9,-108.7,0,0,0,0
57.9,-108.3,0,0,0,0
57.9,-107.6,0,0,0,0
57.9,-107.2,0,0,0,0
57.9,-106.9,0,0,0,0
57.9,-105.8,0,0,0,0
57.9,-105.5,0,0,0,0
57.9,-104.4,0,0,0,0
57.9,-104.1,0,0,0,0
57.9,-103.7,0,0,0,0
57.9,-102.3,0,0,0,0
57.9,-102.0,0,0,0,0
57.9,-101.6,0,1,0,0
57.9,-100.2,1,0,0,0
57.9,-99.8,0,0,0,0
57.9,-99.5,0,0,0,0
57.9,-99.2,0,0,0,0
57.9,-98.8,0,1,0,0
57.9,-96.7,1,0,0,0
57.9,-96.4,0,0,0,0
57.9,-96.0,0,0,0,0
57.9,-95.7,0,0,0,0
57.9,-95.3,0,0,0,0
57.9,-95.0,0,0,0,0
57.9,-94.6,0,0,0,0
57.9,-94.3,0,1,0,0
57.9,-94.0,0,0,0,0
57.9,-93.6,0,1,0,0
57.9,-79.7,0,0,0,0
57.9,-76.8,0,0,0,0
57.9,-76.5,0,0,0,0
57.9,-76.2,0,0,0,0
57.9,-75.4,0,0,0,0
57.9,-75.1,0,0,0,0
57.9,-74.0,0,0,0,0
57.9,-73.7,0,0,0,0
57.9,-72.9,0,0,0,0
57.9,-72.6,0,0,0,0
57.9,-71.8,0,0,0,0
57.9,-71.5,0,0,0,0
57.9,-70.7,0,0,0,0
57.9,-70.4,0,0,0,0
57.9,-69.6,0,0,0,0
57.9,-69.3,0,0,0,0
57.9,-68.5,0,0,0,0
57.9,-67.4,0,0,0,0
57.9,-66.7,0,0,0,0
57.9,-65.9,0,0,0,0
57.9,-65.6,0,0,0,0
57.9,-64.8,0,0,0,0
57.9,-64.0,0,0,0,0
57.9,-63.2,0,0,0,0
57.9,-62.5,0,0,0,0
57.9,-61.7,0,0,0,0
58.0,-132.8,0,0,0,0
58.0,-132.3,0,0,0,0
58.0,-131.6,0,0,0,0
58.0,-131.1,0,0,0,0
58.0,-130.6,0,0,0,0
58.0,-129.8,0,0,0,0
58.0,-129.4,0,0,0,0
58.0,-128.6,0,0,0,0
58.0,-128.1,0,0,0,0
58.0,-127.3,0,0,0,0
58.0,-126.6,0,0,0,0
58.0,-126.1,0,0,0,0
58.0,-125.3,0,0,0,0
58.0,-124.5,0,0,0,0
58.0,-124.1,0,0,0,0
58.0,-123.8,0,0,0,0
58.0,-123.3,0,0,0,0
58.0,-122.5,0,0,0,0
58.0,-121.7,0,0,0,0
58.0,-121.0,0,0,0,0
58.0,-120.2,0,0,0,0
58.0,-119.4,0,0,0,0
58.0,-119.1,0,0,0,0
58.0,-118.6,0,0,0,0
58.0,-118.3,0,0,0,0
58.0,-117.6,0,0,0,0
58.0,-116.8,0,0,0,0
58.0,-115.7,0,0,0,0
58.0,-114.9,0,0,0,0
58.0,-114.6,0,0,0,0
58.0,-113.8,0,0,0,0
58.0,-112.7,0,0,0,0
58.0,-111.6,0,0,0,0
58.0,-110.5,0,0,0,0
58.0,-110.2,0,0,0,0
58.0,-109.4,0,0,0,0
58.0,-109.1,0,0,0,0
58.0,-108.0,0,0,0,0
58.0,-107.7,0,0,0,0
58.0,-106.6,0,0,0,0
58.0,-106.2,0,0,0,0
58.0,-105.1,0,0,0,0
58.0,-104.8,0,0,0,0
58.0,-104.5,0,0,0,0
58.0,-103.4,1,0,0,0
58.0,-103.0,0,0,0,0
58.0,-102.7,0,0,0,0
58.0,-101.3,1,0,0,0
58.0,-100.9,0,0,0,0
58.0,-100.6,0,0,0,0
58.0,-100.2,0,1,0,0
58.0,-98.5,1,0,0,0
58.0,-98.1,0,0,0,0
58.0,-97.8,0,0,0,0
58.0,-97.4,0,0,0,0
58.0,-97.1,0,0,0,0
58.0,-96.7,0,1,0,0
58.0,-93.3,1,0,0,0
58.0,-92.9,1,0,0,0
58.0,-77.5,0,0,0,0
58.0,-77.2,0,0,0,0
58.0,-76.1,0,0,0,0
58.0,-75.8,0,0,0,0
58.0,-74.7,0,0,0,0
58.0,-74.3,0,0,0,0
58.0,-73.6,0,0,0,0
58.0,-73.2,0,0,0,0
58.0,-72.1,0,0,0,0
58.0,-71.0,0,0,0,0
58.0,-69.9,0,0,0,0
58.0,-69.2,0,0,0,0
58.0,-68.8,0,0,0,0
58.0,-68.1,0,0,0,0
58.0,-67.7,0,0,0,0
58.0,-67.0,0,0,0,0
58.0,-66.2,0,0,0,0
58.0,-65.4,0,0,0,0
58.0,-65.1,0,0,0,0
58.0,-64.3,0,0,0,0
58.0,-63.6,0,0,0,0
58.0,-62.8,0,0,0,0
58.0,-62.0,0,0,0,0
58.1,-133.3,0,0,0,0
58.1,-132.6,0,0,0,0
58.1,-132.1,0,0,0,0
58.1,-130.8,0,0,0,0
58.1,-130.3,0,0,0,0
58.1,-129.6,0,0,0,0
58.1,-129.1,0,0,0,0
58.1,-128.3,0,0,0,0
58.1,-127.8,0,0,0,0
58.1,-127.0,0,0,0,0
58.1,-126.3,0,0,0,0
58.1,-125.8,0,0,0,0
58.1,-125.0,0,0,0,0
58.1,-124.2,0,0,0,0
58.1,-123.5,0,0,0,0
58.1,-123.0,0,0,0,0
58.1,-122.7,0,0,0,0
58.1,-122.2,0,0,0,0
58.1,-121.9,0,0,0,0
58.1,-121.4,0,0,0,0
58.1,-120.7,0,0,0,0
58.1,-120.3,0,0,0,0
58.1,-119.9,0,0,0,0
58.1,-119.6,0,0,0,0
58.1,-118.8,0,0,0,0
58.1,-118.0,0,0,0,0
58.1,-117.2,0,0,0,0
58.1,-116.5,0,0,0,0
58.1,-116.1,0,0,0,0
58.1,-115.4,0,0,0,0
58.1,-115.0,0,0,0,0
58.1,-114.3,0,0,0,0
58.1,-113.5,0,0,0,0
58.1,-113.2,0,0,0,0
58.1,-112.4,0,0,0,0
58.1,-112.1,0,0,0,0
58.1,-111.3,0,0,0,0
58.1,-111.0,0,0,0,0
58.1,-109.9,0,0,0,0
58.1,-109.5,0,0,0,0
58.1,-108.8,0,0,0,0
58.1,-108.4,0,0,0,0
58.1,-107.3,0,0,0,0
58.1,-107.0,0,0,0,0
58.1,-105.9,0,0,0,0
58.1,-105.6,0,0,0,0
58.1,-105.2,0,0,0,0
58.1,-104.1,0,0,0,0
58.1,-103.8,0,0,0,0
58.1,-103.4,0,1,0,0
58.1,-102.3,0,0,0,0
58.1,-102.0,0,0,0,0
58.1,-101.7,0,0,0,0
58.1,-101.3,0,1,0,0
58.1,-99.9,1,0,0,0
58.1,-99.5,0,0,0,0
58.1,-99.2,0,0,0,0
58.1,-98.9,0,0,0,0
58.1,-98.5,0,1,0,0
58.1,-96.4,1,0,0,0
58.1,-96.1,0,0,0,0
58.1,-95.7,0,0,0,0
58.1,-95.4,0,0,0,0
58.1,-95.0,0,0,0,0
58.1,-94.7,0,0,0,0
58.1,-94.3,0,0,0,0
58.1,-94.0,0,0,0,0
58.1,-93.6,0,0,0,0
58.1,-93.3,0,1,0,0
58.1,-92.9,0,1,0,0
58.1,-78.2,0,0,0,0
58.1,-76.8,0,0,0,0
58.1,-76.4,0,0,0,0
58.1,-75.3,0,0,0,0
58.1,-75.0,0,0,0,0
58.1,-74.2,0,0,0,0
58.1,-73.9,0,0,0,0
58.1,-72.8,0,0,0,0
58.1,-72.5,0,0,0,0
58.1,-71.7,0,0,0,0
58.1,-71.4,0,0,0,0
58.1,-70.6,0,0,0,0
58.1,-70.3,0,0,0,0
58.1,-69.5,0,0,0,0
58.1,-68.4,0,0,0,0
58.1,-67.6,0,0,0,0
58.1,-67.3,0,0,0,0
58.1,-66.5,0,0,0,0
58.1,-65.7,0,0,0,0
58.1,-65.0,0,0,0,0
58.1,-64.6,0,0,0,0
58.1,-64.2,0,0,0,0
58.1,-63.9,0,0,0,0
58.1,-63.1,0,0,0,0
58.1,-62.3,0,0,0,0
58.2,-133.0,0,0,0,0
58.2,-132.3,0,0,0,0
58.2,-131.8,0,0,0,0
58.2,-131.3,0,0,0,0
58.2,-130.5,0,0,0,0
58.2,-130.0,0,0,0,0
58.2,-129.3,0,0,0,0
58.2,-128.8,0,0,0,0
58.2,-128.0,0,0,0,0
58.2,-127.5,0,0,0,0
58.2,-126.7,0,0,0,0
58.2,-126.0,0,0,0,0
58.2,-125.5,0,0,0,0
58.2,-124.7,0,0,0,0
58.2,-123.9,0,0,0,0
58.2,-123.2,0,0,0,0
58.2,-122.4,0,0,0,0
58.2,-121.6,0,0,0,0
58.2,-121.1,0,0,0,0
58.2,-120.8,0,0,0,0
58.2,-120.0,0,0,0,0
58.2,-119.3,0,0,0,0
58.2,-118.5,0,0,0,0
58.2,-117.7,0,0,0,0
58.2,-117.4,0,0,0,0
58.2,-116.9,0,0,0,0
58.2,-116.6,0,0,0,0
58.2,-115.8,0,0,0,0
58.2,-114.7,0,0,0,0
58.2,-113.9,0,0,0,0
58.2,-113.6,0,0,0,0
58.2,-112.8,0,0,0,0
58.2,-112.5,0,0,0,0
58.2,-111.7,0,0,0,0
58.2,-111.4,0,0,0,0
58.2,-110.6,0,0,0,0
58.2,-110.3,0,0,0,0
58.2,-109.2,0,0,0,0
58.2,-108.9,0,0,0,0
58.2,-108.1,0,0,0,0
58.2,-107.8,0,0,0,0
58.2,-106.7,0,0,0,0
58.2,-106.3,0,0,0,0
58.2,-106.0,0,0,0,0
58.2,-104.9,0,0,0,0
58.2,-104.5,0,0,0,0
58.2,-103.1,0,0,0,0
58.2,-102.8,0,0,0,0
58.2,-102.4,0,0,0,0
58.2,-101.0,0,0,0,0
58.2,-100.6,0,0,0,0
58.2,-100.3,0,0,0,0
58.2,-99.9,0,1,0,0
58.2,-98.2,0,0,0,0
58.2,-97.8,0,0,0,0
58.2,-97.5,0,0,0,0
58.2,-97.1,0,0,0,0
58.2,-96.8,0,0,0,0
58.2,-96.4,0,1,0,0
58.2,-81.0,0,0,0,0
58.2,-77.8,0,0,0,0
58.2,-77.4,0,0,0,0
58.2,-77.1,0,0,0,0
58.2,-76.0,0,0,0,0
58.2,-75.7,0,0,0,0
58.2,-74.9,0,0,0,0
58.2,-74.6,0,0,0,0
58.2,-73.5,0,0,0,0
58.2,-73.1,0,0,0,0
58.2,-72.4,0,0,0,0
58.2,-72.0,0,0,0,0
58.2,-71.3,0,0,0,0
58.2,-70.9,0,0,0,0
58.2,-70.1,0,0,0,0
58.2,-69.8,0,0,0,0
58.2,-69.0,0,0,0,0
58.2,-68.7,0,0,0,0
58.2,-67.9,0,0,0,0
58.2,-67.2,0,0,0,0
58.2,-66.8,0,0,0,0
58.2,-66.1,0,0,0,0
58.2,-65.3,0,0,0,0
58.2,-64.5,0,0,0,0
58.2,-63.7,0,0,0,0
58.2,-63.4,0,0,0,0
58.2,-62.9,0,0,0,0
58.2,-62.6,0,0,0,0
58.2,-62.2,0,0,0,0
58.3,-133.2,0,0,0,0
58.3,-132.8,0,0,0,0
58.3,-132.0,0,0,0,0
58.3,-131.5,0,0,0,0
58.3,-131.0,0,0,0,0
58.3,-130.2,0,0,0,0
58.3,-129.8,0,0,0,0
58.3,-129.0,0,0,0,0
58.3,-128.5,0,0,0,0
58.3,-127.7,0,0,0,0
58.3,-127.2,0,0,0,0
58.3,-126.5,0,0,0,0
58.3,-125.7,0,0,0,0
58.3,-125.2,0,0,0,0
58.3,-124.9,0,0,0,0
58.3,-124.4,0,0,0,0
58.3,-123.6,0,0,0,0
58.3,-122.8,0,0,0,0
58.3,-122.1,0,0,0,0
58.3,-121.3,0,0,0,0
58.3,-120.5,0,0,0,0
58.3,-119.7,0,0,0,0
58.3,-118.9,0,0,0,0
58.3,-118.2,0,0,0,0
58.3,-117.8,0,0,0,0
58.3,-117.0,0,0,0,0
58.3,-116.3,0,0,0,0
58.3,-115.5,0,0,0,0
58.3,-115.2,0,0,0,0
58.3,-114.4,0,0,0,0
58.3,-114.1,0,0,0,0
58.3,-113.3,0,0,0,0
58.3,-112.2,0,0,0,0
58.3,-111.1,0,0,0,0
58.3,-110.7,0,0,0,0
58.3,-110.0,0,0,0,0
58.3,-109.6,0,0,0,0
58.3,-108.5,0,0,0,0
58.3,-108.2,0,0,0,0
58.3,-107.4,0,0,0,0
58.3,-107.1,0,0,0,0
58.3,-106.7,0,0,0,0
58.3,-105.6,0,0,0,0
58.3,-105.3,0,0,0,0
58.3,-104.2,0,0,0,0
58.3,-103.8,0,0,0,0
58.3,-103.5,0,0,0,0
58.3,-102.1,0,0,0,0
58.3,-101.7,0,0,0,0
58.3,-101.4,0,0,0,0
58.3,-99.6,1,0,0,0
58.3,-99.2,0,0,0,0
58.3,-98.9,0,0,0,0
58.3,-98.5,0,0,0,0
58.3,-98.2,0,0,0,0
58.3,-96.1,1,0,0,0
58.3,-95.7,0,0,0,0
58.3,-95.4,0,0,0,0
58.3,-95.0,0,0,0,0
58.3,-94.7,0,0,0,0
58.3,-94.3,0,0,0,0
58.3,-94.0,0,0,0,0
58.3,-93.6,0,0,0,0
58.3,-93.3,0,0,0,0
58.3,-92.9,0,0,0,0
58.3,-78.1,0,0,0,0
58.3,-77.0,0,0,0,0
58.3,-76.7,0,0,0,0
58.3,-76.3,1,0,0,0
58.3,-75.6,0,0,0,0
58.3,-75.2,0,0,0,0
58.3,-74.1,0,0,0,0
58.3,-73.8,0,0,0,0
58.3,-73.0,0,0,0,0
58.3,-72.7,0,0,0,0
58.3,-71.6,0,0,0,0
58.3,-70.5,0,0,0,0
58.3,-69.7,0,0,0,0
58.3,-69.4,0,0,0,0
58.3,-68.6,0,0,0,0
58.3,-68.3,0,0,0,0
58.3,-67.5,0,0,0,0
58.3,-66.7,0,0,0,0
58.3,-66.4,0,0,0,0
58.3,-65.6,0,0,0,0
58.3,-64.8,0,0,0,0
58.3,-64.0,0,0,0,0
58.3,-63.3,0,0,0,0
58.3,-62.5,0,0,0,0
58.4,-133.0,0,0,0,0
58.4,-132.5,0,0,0,0
58.4,-131.2,0,0,0,0
58.4,-130.7,0,0,0,0
58.4,-129.9,0,0,0,0
58.4,-129.5,0,0,0,0
58.4,-128.7,0,0,0,0
58.4,-128.2,0,0,0,0
58.4,-127.4,0,0,0,0
58.4,-126.9,0,0,0,0
58.4,-126.6,0,0,0,0
58.4,-126.1,0,0,0,0
58.4,-125.4,0,0,0,0
58.4,-124.6,0,0,0,0
58.4,-124.1,0,0,0,0
58.4,-123.3,0,0,0,0
58.4,-122.5,0,0,0,0
58.4,-121.8,0,0,0,0
58.4,-121.0,0,0,0,0
58.4,-120.2,0,0,0,0
58.4,-119.4,0,0,0,0
58.4,-118.6,0,0,0,0
58.4,-118.3,0,0,0,0
58.4,-117.5,0,0,0,0
58.4,-116.7,0,0,0,0
58.4,-115.9,0,0,0,0
58.4,-115.6,0,0,0,0
58.4,-114.8,0,0,0,0
58.4,-113.7,0,0,0,0
58.4,-112.9,0,0,0,0
58.4,-112.6,0,0,0,0
58.4,-111.8,0,0,0,0
58.4,-111.5,0,0,0,0
58.4,-110.4,0,0,0,0
58.4,-110.1,0,0,0,0
58.4,-109.3,0,0,0,0
58.4,-108.9,0,0,0,0
58.4,-107.8,0,0,0,0
58.4,-107.5,0,0,0,0
58.4,-106.4,0,0,0,0
58.4,-106.0,0,0,0,0
58.4,-104.9,0,0,0,0
58.4,-104.6,0,0,0,0
58.4,-104.3,0,0,0,0
58.4,-103.2,1,0,0,0
58.4,-102.8,0,0,0,0
58.4,-102.5,0,0,0,0
58.4,-101.0,0,0,0,0
58.4,-100.7,0,0,0,0
58.4,-100.3,0,0,0,0
58.4,-100.0,0,0,0,0
58.4,-99.6,0,1,0,0
58.4,-97.8,0,0,0,0
58.4,-97.5,0,0,0,0
58.4,-97.1,0,0,0,0
58.4,-96.8,0,0,0,0
58.4,-96.4,0,0,0,0
58.4,-96.1,0,1,0,0
58.4,-80.9,0,0,0,0
58.4,-77.7,0,0,0,0
58.4,-77.4,0,0,0,0
58.4,-76.3,0,1,0,0
58.4,-75.9,0,0,0,0
58.4,-74.8,0,0,0,0
58.4,-74.5,0,0,0,0
58.4,-73.4,0,0,0,0
58.4,-72.2,0,0,0,0
58.4,-71.9,0,0,0,0
58.4,-71.1,0,0,0,0
58.4,-70.8,0,0,0,0
58.4,-70.0,0,0,0,0
58.4,-68.9,0,0,0,0
58.4,-68.1,0,0,0,0
58.4,-67.8,0,0,0,0
58.4,-67.0,0,0,0,0
58.4,-66.2,0,0,0,0
58.4,-65.9,0,0,0,0
58.4,-65.5,0,0,0,0
58.4,-65.1,0,0,0,0
58.4,-64.4,0,0,0,0
58.4,-63.6,0,0,0,0
58.4,-62.8,0,0,0,0
58.5,-133.5,0,0,0,0
58.5,-132.7,0,0,0,0
58.5,-132.2,0,0,0,0
58.5,-131.7,0,0,0,0
58.5,-130.9,0,0,0,0
58.5,-130.4,0,0,0,0
58.5,-129.7,0,0,0,0
58.5,-129.2,0,0,0,0
58.5,-128.4,0,0,0,0
58.5,-127.9,0,0,0,0
58.5,-127.1,0,0,0,0
58.5,-126.3,0,0,0,0
58.5,-125.8,0,0,0,0
58.5,-125.1,0,0,0,0
58.5,-124.3,0,0,0,0
58.5,-123.8,0,0,0,0
58.5,-123.5,0,0,0,0
58.5,-123.0,0,0,0,0
58.5,-122.2,0,0,0,0
58.5,-121.4,0,0,0,0
58.5,-120.7,0,0,0,0
58.5,-119.9,0,0,0,0
58.5,-119.5,0,0,0,0
58.5,-119.1,0,0,0,0
58.5,-118.8,0,0,0,0
58.5,-118.0,0,0,0,0
58.5,-117.2,0,0,0,0
58.5,-116.4,0,0,0,0
58.5,-116.1,0,0,0,0
58.5,-115.3,0,0,0,0
58.5,-114.5,0,0,0,0
58.5,-114.2,0,0,0,0
58.5,-113.4,0,0,0,0
58.5,-113.1,0,0,0,0
58.5,-112.3,0,0,0,0
58.5,-111.9,0,0,0,0
58.5,-111.2,0,0,0,0
58.5,-110.8,0,0,0,0
58.5,-109.7,0,0,0,0
58.5,-108.6,0,0,0,0
58.5,-108.3,0,0,0,0
58.5,-107.2,0,0,0,0
58.5,-106.8,0,0,0,0
58.5,-105.7,0,0,0,0
58.5,-105.4,0,0,0,0
58.5,-105.0,0,0,0,0
58.5,-103.9,0,0,0,0
58.5,-103.6,0,0,0,0
58.5,-103.2,0,1,0,0
58.5,-102.1,0,0,0,0
58.5,-101.8,0,0,0,0
58.5,-101.4,0,0,0,0
58.5,-101.1,0,0,0,0
58.5,-99.3,0,0,0,0
58.5,-98.9,0,0,0,0
58.5,-98.6,0,0,0,0
58.5,-98.2,0,0,0,0
58.5,-97.9,0,0,0,0
58.5,-95.7,0,0,0,0
58.5,-95.4,1,0,0,0
58.5,-95.0,0,0,0,0
58.5,-94.7,0,0,0,0
58.5,-94.3,0,0,0,0
58.5,-94.0,0,0,0,0
58.5,-93.6,0,0,0,0
58.5,-93.3,0,0,0,0
58.5,-92.9,0,0,0,0
58.5,-78.7,0,0,0,0
58.5,-78.4,0,0,0,0
58.5,-78.0,1,0,0,0
58.5,-76.9,0,0,0,0
58.5,-76.6,0,0,0,0
58.5,-75.5,0,0,0,0
58.5,-75.1,0,0,0,0
58.5,-74.0,0,0,0,0
58.5,-73.7,0,0,0,0
58.5,-72.9,0,0,0,0
58.5,-72.6,0,0,0,0
58.5,-71.8,0,0,0,0
58.5,-71.5,0,0,0,0
58.5,-70.7,0,0,0,0
58.5,-70.4,0,0,0,0
58.5,-69.6,0,0,0,0
58.5,-69.2,0,0,0,0
58.5,-68.5,0,0,0,0
58.5,-67.7,0,0,0,0
58.5,-67.4,0,0,0,0
58.5,-66.6,0,0,0,0
58.5,-65.8,0,0,0,0
58.5,-65.0,0,0,0,0
58.5,-64.7,0,0,0,0
58.5,-63.9,0,0,0,0
58.5,-63.1,0,0,0,0
58.6,-133.7,0,0,0,0
58.6,-133.2,0,0,0,0
58.6,-132.4,0,0,0,0
58.6,-131.9,0,0,0,0
58.6,-131.4,0,0,0,0
58.6,-130.6,0,0,0,0
58.6,-130.1,0,0,0,0
58.6,-129.4,0,0,0,0
58.6,-128.9,0,0,0,0
58.6,-128.1,0,0,0,0
58.6,-127.6,0,0,0,0
58.6,-126.8,0,0,0,0
58.6,-126.0,0,0,0,0
58.6,-125.5,0,0,0,0
58.6,-124.8,0,0,0,0
58.6,-124.0,0,0,0,0
58.6,-123.2,0,0,0,0
58.6,-122.7,0,0,0,0
58.6,-122.4,0,0,0,0
58.6,-121.9,0,0,0,0
58.6,-121.6,0,0,0,0
58.6,-121.1,0,0,0,0
58.6,-120.8,0,0,0,0
58.6,-120.3,0,0,0,0
58.6,-120.0,0,0,0,0
58.6,-119.2,0,0,0,0
58.6,-118.4,0,0,0,0
58.6,-117.6,0,0,0,0
58.6,-116.9,0,0,0,0
58.6,-116.5,0,0,0,0
58.6,-115.7,0,0,0,0
58.6,-115.0,0,0,0,0
58.6,-114.6,0,0,0,0
58.6,-113.8,0,0,0,0
58.6,-113.5,0,0,0,0
58.6,-112.7,0,0,0,0
58.6,-112.4,0,0,0,0
58.6,-111.6,0,0,0,0
58.6,-111.3,0,0,0,0
58.6,-110.5,0,0,0,0
58.6,-110.2,0,0,0,0
58.6,-109.4,0,0,0,0
58.6,-109.0,0,0,0,0
58.6,-107.9,0,0,0,0
58.6,-107.6,0,0,0,0
58.6,-106.5,0,0,0,0
58.6,-106.1,0,0,0,0
58.6,-105.8,0,0,0,0
58.6,-104.7,0,0,0,0
58.6,-104.3,0,0,0,0
58.6,-102.9,0,0,0,0
58.6,-102.5,0,0,0,0
58.6,-102.2,0,0,0,0
58.6,-100.7,0,0,0,0
58.6,-100.4,0,0,0,0
58.6,-100.0,0,0,0,0
58.6,-99.7,0,0,0,0
58.6,-97.5,0,0,0,0
58.6,-97.2,0,0,0,0
58.6,-96.8,0,0,0,0
58.6,-96.5,0,0,0,0
58.6,-96.1,0,0,0,0
58.6,-95.8,0,0,0,0
58.6,-95.4,0,1,0,0
58.6,-78.0,0,1,0,0
58.6,-77.6,0,0,0,0
58.6,-77.3,0,0,0,0
58.6,-76.2,0,0,0,0
58.6,-75.8,0,0,0,0
58.6,-74.7,0,0,0,0
58.6,-74.4,0,0,0,0
58.6,-73.6,0,0,0,0
58.6,-73.3,0,0,0,0
58.6,-72.5,0,0,0,0
58.6,-72.1,0,0,0,0
58.6,-71.4,0,0,0,0
58.6,-71.0,0,0,0,0
58.6,-70.2,0,0,0,0
58.6,-69.9,0,0,0,0
58.6,-69.1,0,0,0,0
58.6,-68.8,0,0,0,0
58.6,-68.0,0,0,0,0
58.6,-67.2,0,0,0,0
58.6,-66.9,0,0,0,0
58.6,-66.1,0,0,0,0
58.6,-65.3,0,0,0,0
58.6,-64.5,0,0,0,0
58.6,-64.2,0,0,0,0
58.6,-63.7,0,0,0,0
58.6,-63.4,0,0,0,0
58.6,-62.9,0,0,0,0
58.6,-62.6,0,0,0,0
58.7,-133.9,0,0,0,0
58.7,-133.4,0,0,0,0
58.7,-132.9,0,0,0,0
58.7,-131.6,0,0,0,0
58.7,-131.1,0,0,0,0
58.7,-130.3,0,0,0,0
58.7,-129.9,0,0,0,0
58.7,-129.1,0,0,0,0
58.7,-128.6,0,0,0,0
58.7,-127.8,0,0,0,0
58.7,-127.3,0,0,0,0
58.7,-126.5,0,0,0,0
58.7,-125.7,0,0,0,0
58.7,-125.2,0,0,0,0
58.7,-124.4,0,0,0,0
58.7,-123.7,0,0,0,0
58.7,-122.9,0,0,0,0
58.7,-122.1,0,0,0,0
58.7,-121.3,0,0,0,0
58.7,-120.5,0,0,0,0
58.7,-119.7,0,0,0,0
58.7,-118.9,0,0,0,0
58.7,-118.1,0,0,0,0
58.7,-117.3,0,0,0,0
58.7,-117.0,0,0,0,0
58.7,-116.2,0,0,0,0
58.7,-115.4,0,0,0,0
58.7,-115.1,0,0,0,0
58.7,-114.3,0,0,0,0
58.7,-113.2,0,0,0,0
58.7,-112.1,0,0,0,0
58.7,-110.9,0,0,0,0
58.7,-109.8,0,0,0,0
58.7,-109.5,0,0,0,0
58.7,-108.7,0,0,0,0
58.7,-108.4,0,0,0,0
58.7,-108.0,0,0,0,0
58.7,-107.2,0,0,0,0
58.7,-106.9,0,0,0,0
58.7,-106.6,0,0,0,0
58.7,-105.4,0,0,0,0
58.7,-105.1,0,0,0,0
58.7,-104.0,0,0,0,0
58.7,-103.6,0,0,0,0
58.7,-103.3,0,0,0,0
58.7,-101.8,0,0,0,0
58.7,-101.5,0,0,0,0
58.7,-101.1,0,0,0,0
58.7,-100.8,0,0,0,0
58.7,-99.3,0,0,0,0
58.7,-99.0,0,0,0,0
58.7,-98.6,0,0,0,0
58.7,-98.3,0,0,0,0
58.7,-97.9,0,0,0,0
58.7,-95.1,0,0,0,0
58.7,-94.7,0,0,0,0
58.7,-94.4,0,0,0,0
58.7,-94.0,0,0,0,0
58.7,-93.6,0,0,0,0
58.7,-93.3,0,0,0,0
58.7,-78.7,0,0,0,0
58.7,-78.3,0,0,0,0
58.7,-77.2,0,0,0,0
58.7,-76.9,0,0,0,0
58.7,-76.5,0,0,0,0
58.7,-75.7,0,0,0,0
58.7,-75.4,0,0,0,0
58.7,-75.1,0,0,0,0
58.7,-74.3,0,0,0,0
58.7,-73.9,0,0,0,0
58.7,-72.8,0,0,0,0
58.7,-71.7,0,0,0,0
58.7,-70.6,0,0,0,0
58.7,-69.5,0,0,0,0
58.7,-68.7,0,0,0,0
58.7,-68.3,0,0,0,0
58.7,-66.4,0,0,0,0
58.7,-65.6,0,0,0,0
58.7,-64.8,0,0,0,0
58.7,-64.1,0,0,0,0
58.7,-63.3,0,0,0,0
58.8,-133.1,0,0,0,0
58.8,-132.6,0,0,0,0
58.8,-132.1,0,0,0,0
58.8,-131.3,0,0,0,0
58.8,-130.8,0,0,0,0
58.8,-130.1,0,0,0,0
58.8,-129.6,0,0,0,0
58.8,-128.8,0,0,0,0
58.8,-128.3,0,0,0,0
58.8,-127.5,0,0,0,0
58.8,-127.0,0,0,0,0
58.8,-126.2,0,0,0,0
58.8,-125.4,0,0,0,0
58.8,-124.9,0,0,0,0
58.8,-124.6,0,0,0,0
58.8,-124.1,0,0,0,0
58.8,-123.3,0,0,0,0
58.8,-122.6,0,0,0,0
58.8,-121.8,0,0,0,0
58.8,-121.0,0,0,0,0
58.8,-120.2,0,0,0,0
58.8,-119.4,0,0,0,0
58.8,-118.6,0,0,0,0
58.8,-117.8,0,0,0,0
58.8,-117.5,0,0,0,0
58.8,-116.7,0,0,0,0
58.8,-115.9,0,0,0,0
58.8,-115.5,0,0,0,0
58.8,-114.8,0,0,0,0
58.8,-114.0,0,0,0,0
58.8,-113.6,0,0,0,0
58.8,-112.8,0,0,0,0
58.8,-112.5,0,0,0,0
58.8,-111.7,0,0,0,0
58.8,-111.4,0,0,0,0
58.8,-110.6,0,0,0,0
58.8,-110.3,0,0,0,0
58.8,-109.1,0,0,0,0
58.8,-108.8,0,0,0,0
58.8,-107.7,0,0,0,0
58.8,-107.3,0,0,0,0
58.8,-106.2,0,0,0,0
58.8,-105.9,0,0,0,0
58.8,-104.7,0,0,0,0
58.8,-104.4,0,0,0,0
58.8,-104.0,0,0,0,0
58.8,-102.9,0,0,0,0
58.8,-102.6,0,0,0,0
58.8,-102.2,0,0,0,0
58.8,-101.9,0,0,0,0
58.8,-100.4,0,0,0,0
58.8,-100.1,0,0,0,0
58.8,-99.7,0,0,0,0
58.8,-99.4,0,0,0,0
58.8,-97.6,1,0,0,0
58.8,-97.2,1,0,0,0
58.8,-96.9,0,0,0,0
58.8,-96.5,0,0,0,0
58.8,-96.1,0,0,0,0
58.8,-95.8,0,0,0,0
58.8,-95.4,0,0,0,0
58.8,-95.1,0,0,0,0
58.8,-94.7,0,0,0,0
58.8,-79.0,0,0,0,0
58.8,-77.9,0,0,0,0
58.8,-77.5,0,0,0,0
58.8,-76.4,0,0,0,0
58.8,-76.1,0,0,0,0
58.8,-75.0,0,0,0,0
58.8,-74.6,0,0,0,0
58.8,-73.5,0,0,0,0
58.8,-73.2,0,0,0,0
58.8,-72.4,0,0,0,0
58.8,-72.0,0,0,0,0
58.8,-71.2,0,0,0,0
58.8,-70.9,0,0,0,0
58.8,-70.1,0,0,0,0
58.8,-69.8,0,0,0,0
58.8,-69.0,0,0,0,0
58.8,-68.2,0,0,0,0
58.8,-66.3,0,0,0,0
58.8,-66.0,0,0,0,0
58.8,-65.2,0,0,0,0
58.8,-64.4,0,0,0,0
58.8,-63.6,0,0,0,0
58.8,-62.8,0,0,0,0
58.9,-137.4,0,0,0,0
58.9,-134.1,0,0,0,0
58.9,-133.6,0,0,0,0
58.9,-132.8,0,0,0,0
58.9,-132.3,0,0,0,0
58.9,-131.8,0,0,0,0
58.9,-131.0,0,0,0,0
58.9,-130.6,0,0,0,0
58.9,-129.8,0,0,0,0
58.9,-129.3,0,0,0,0
58.9,-128.5,0,0,0,0
58.9,-128.0,0,0,0,0
58.9,-127.2,0,0,0,0
58.9,-126.7,0,0,0,0
58.9,-125.9,0,0,0,0
58.9,-125.1,0,0,0,0
58.9,-124.3,0,0,0,0
58.9,-123.8,0,0,0,0
58.9,-123.0,0,0,0,0
58.9,-122.2,0,0,0,0
58.9,-121.4,0,0,0,0
58.9,-120.6,0,0,0,0
58.9,-119.8,0,0,0,0
58.9,-119.0,0,0,0,0
58.9,-118.7,0,0,0,0
58.9,-118.3,0,0,0,0
58.9,-117.9,0,0,0,0
58.9,-117.1,0,0,0,0
58.9,-116.3,0,0,0,0
58.9,-116.0,0,0,0,0
58.9,-115.2,0,0,0,0
58.9,-114.4,0,0,0,0
58.9,-114.1,0,0,0,0
58.9,-113.3,0,0,0,0
58.9,-113.0,0,0,0,0
58.9,-112.2,0,0,0,0
58.9,-111.8,0,0,0,0
58.9,-111.0,0,0,0,0
58.9,-110.7,0,0,0,0
58.9,-109.9,0,0,0,0
58.9,-109.6,0,0,0,0
58.9,-108.4,0,0,0,0
58.9,-108.1,0,0,0,0
58.9,-107.0,0,0,0,0
58.9,-106.6,0,0,0,0
58.9,-105.5,0,0,0,0
58.9,-105.2,0,0,0,0
58.9,-104.8,0,0,0,0
58.9,-103.7,0,0,0,0
58.9,-103.3,0,0,0,0
58.9,-103.0,0,0,0,0
58.9,-101.5,0,0,0,0
58.9,-101.2,0,0,0,0
58.9,-100.8,0,0,0,0
58.9,-99.0,0,0,0,0
58.9,-98.7,0,0,0,0
58.9,-98.3,0,0,0,0
58.9,-97.9,0,0,0,0
58.9,-97.6,0,1,0,0
58.9,-97.2,0,1,0,0
58.9,-94.4,0,0,0,0
58.9,-94.0,0,0,0,0
58.9,-93.7,0,0,0,0
58.9,-93.3,0,0,0,0
58.9,-80.8,0,0,0,0
58.9,-80.4,0,0,0,0
58.9,-78.9,0,0,0,0
58.9,-78.6,0,0,0,0
58.9,-78.2,1,0,0,0
58.9,-77.1,0,0,0,0
58.9,-76.8,0,0,0,0
58.9,-75.6,0,0,0,0
58.9,-75.3,0,0,0,0
58.9,-74.2,0,0,0,0
58.9,-73.8,0,0,0,0
58.9,-73.1,0,0,0,0
58.9,-72.7,0,0,0,0
58.9,-71.9,0,0,0,0
58.9,-71.6,0,0,0,0
58.9,-70.8,0,0,0,0
58.9,-70.5,0,0,0,0
58.9,-69.7,0,0,0,0
58.9,-69.3,0,0,0,0
58.9,-68.5,0,0,0,0
58.9,-66.6,0,0,0,0
58.9,-65.8,0,0,0,0
58.9,-65.5,0,0,0,0
58.9,-64.7,0,0,0,0
58.9,-63.9,0,0,0,0
58.9,-63.1,0,0,0,0
59.0,-137.1,0,0,0,0
59.0,-134.3,0,0,0,0
59.0,-133.8,0,0,0,0
59.0,-133.3,0,0,0,0
59.0,-132.5,0,0,0,0
59.0,-132.0,0,0,0,0
59.0,-131.5,0,0,0,0
59.0,-130.8,0,0,0,0
59.0,-130.3,0,0,0,0
59.0,-129.5,0,0,0,0
59.0,-129.0,0,0,0,0
59.0,-128.2,0,0,0,0
59.0,-127.7,0,0,0,0
59.0,-126.9,0,0,0,0
59.0,-126.4,0,0,0,0
59.0,-126.1,0,0,0,0
59.0,-125.6,0,0,0,0
59.0,-124.8,0,0,0,0
59.0,-124.0,0,0,0,0
59.0,-123.5,0,0,0,0
59.0,-123.2,0,0,0,0
59.0,-122.7,0,0,0,0
59.0,-121.9,0,0,0,0
59.0,-121.1,0,0,0,0
59.0,-120.3,0,0,0,0
59.0,-119.5,0,0,0,0
59.0,-119.2,0,0,0,0
59.0,-118.4,0,0,0,0
59.0,-117.6,0,0,0,0
59.0,-116.8,0,0,0,0
59.0,-116.5,0,0,0,0
59.0,-115.7,0,0,0,0
59.0,-114.9,0,0,0,0
59.0,-114.5,0,0,0,0
59.0,-113.7,0,0,0,0
59.0,-113.4,0,0,0,0
59.0,-112.6,0,0,0,0
59.0,-111.5,0,0,0,0
59.0,-111.1,0,0,0,0
59.0,-110.4,0,0,0,0
59.0,-110.0,0,0,0,0
59.0,-109.2,0,0,0,0
59.0,-108.9,0,0,0,0
59.0,-107.8,1,0,0,0
59.0,-107.4,0,0,0,0
59.0,-106.3,0,0,0,0
59.0,-105.9,0,0,0,0
59.0,-105.6,0,0,0,0
59.0,-104.5,0,0,0,0
59.0,-104.1,0,0,0,0
59.0,-103.8,0,0,0,0
59.0,-102.6,0,0,0,0
59.0,-102.3,0,0,0,0
59.0,-101.9,0,0,0,0
59.0,-100.5,1,0,0,0
59.0,-100.1,0,0,0,0
59.0,-99.8,0,0,0,0
59.0,-99.4,0,0,0,0
59.0,-99.1,0,0,0,0
59.0,-96.9,1,0,0,0
59.0,-96.5,0,0,0,0
59.0,-96.2,0,0,0,0
59.0,-95.8,0,0,0,0
59.0,-95.5,0,0,0,0
59.0,-95.1,0,0,0,0
59.0,-94.7,0,0,0,0
59.0,-78.2,0,1,0,0
59.0,-77.8,0,0,0,0
59.0,-77.5,0,0,0,0
59.0,-76.3,0,0,0,0
59.0,-76.0,0,0,0,0
59.0,-74.9,0,0,0,0
59.0,-74.5,0,0,0,0
59.0,-73.7,0,0,0,0
59.0,-73.4,0,0,0,0
59.0,-72.3,0,0,0,0
59.0,-71.1,0,0,0,0
59.0,-70.0,0,0,0,0
59.0,-69.2,0,0,0,0
59.0,-68.9,0,0,0,0
59.0,-66.2,0,0,0,0
59.0,-65.4,0,0,0,0
59.0,-65.0,0,0,0,0
59.0,-64.6,0,0,0,0
59.0,-64.2,0,0,0,0
59.0,-63.4,0,0,0,0
59.1,-137.6,0,0,0,0
59.1,-133.5,0,0,0,0
59.1,-133.0,0,0,0,0
59.1,-131.8,0,0,0,0
59.1,-131.3,0,0,0,0
59.1,-130.5,0,0,0,0
59.1,-130.0,0,0,0,0
59.1,-129.2,0,0,0,0
59.1,-128.7,0,0,0,0
59.1,-127.9,0,0,0,0
59.1,-127.4,0,0,0,0
59.1,-126.6,0,0,0,0
59.1,-125.8,0,0,0,0
59.1,-125.3,0,0,0,0
59.1,-124.5,0,0,0,0
59.1,-123.7,0,0,0,0
59.1,-122.9,0,0,0,0
59.1,-122.4,0,0,0,0
59.1,-122.1,0,0,0,0
59.1,-121.6,0,0,0,0
59.1,-121.3,0,0,0,0
59.1,-120.8,0,0,0,0
59.1,-120.5,0,0,0,0
59.1,-120.0,0,0,0,0
59.1,-119.7,0,0,0,0
59.1,-118.9,0,0,0,0
59.1,-118.1,0,0,0,0
59.1,-117.3,0,0,0,0
59.1,-116.9,0,0,0,0
59.1,-116.1,0,0,0,0
59.1,-115.3,0,0,0,0
59.1,-115.0,0,0,0,0
59.1,-114.2,0,0,0,0
59.1,-113.1,0,0,0,0
59.1,-112.3,0,0,0,0
59.1,-111.9,0,0,0,0
59.1,-110.8,0,0,0,0
59.1,-109.7,0,0,0,0
59.1,-109.3,0,0,0,0
59.1,-108.5,0,0,0,0
59.1,-108.2,0,0,0,0
59.1,-107.8,0,1,0,0
59.1,-107.1,1,0,0,0
59.1,-106.7,0,0,0,0
59.1,-106.4,0,0,0,0
59.1,-105.2,0,0,0,0
59.1,-104.9,0,0,0,0
59.1,-103.4,0,0,0,0
59.1,-103.1,0,0,0,0
59.1,-102.7,0,0,0,0
59.1,-101.6,1,0,0,0
59.1,-101.2,0,0,0,0
59.1,-100.9,0,0,0,0
59.1,-100.5,0,1,0,0
59.1,-98.7,1,0,0,0
59.1,-98.3,0,0,0,0
59.1,-98.0,0,0,0,0
59.1,-97.6,0,0,0,0
59.1,-97.3,0,0,0,0
59.1,-96.9,0,1,0,0
59.1,-80.7,0,0,0,0
59.1,-78.9,0,0,0,0
59.1,-78.5,0,0,0,0
59.1,-77.4,0,0,0,0
59.1,-77.0,0,0,0,0
59.1,-76.7,0,0,0,0
59.1,-75.6,0,0,0,0
59.1,-75.2,0,0,0,0
59.1,-74.4,0,0,0,0
59.1,-74.1,0,0,0,0
59.1,-72.9,0,0,0,0
59.1,-72.6,0,0,0,0
59.1,-71.8,0,0,0,0
59.1,-71.5,0,0,0,0
59.1,-70.7,0,0,0,0
59.1,-70.3,0,0,0,0
59.1,-69.5,0,0,0,0
59.1,-68.7,0,0,0,0
59.1,-65.7,0,0,0,0
59.1,-64.9,0,0,0,0
59.1,-64.1,0,0,0,0
59.1,-63.8,0,0,0,0
59.1,-63.3,0,0,0,0
59.1,-63.0,0,0,0,0
59.2,-137.4,0,0,0,0
59.2,-136.9,0,0,0,0
59.2,-135.1,0,0,0,0
59.2,-134.6,0,0,0,0
59.2,-134.1,0,0,0,0
59.2,-133.3,0,0,0,0
59.2,-132.8,0,0,0,0
59.2,-132.3,0,0,0,0
59.2,-131.5,0,0,0,0
59.2,-131.0,0,0,0,0
59.2,-130.2,0,0,0,0
59.2,-129.7,0,0,0,0
59.2,-128.9,0,0,0,0
59.2,-128.4,0,0,0,0
59.2,-127.6,0,0,0,0
59.2,-127.1,0,0,0,0
59.2,-126.3,0,0,0,0
59.2,-125.5,0,0,0,0
59.2,-125.0,0,0,0,0
59.2,-124.2,0,0,0,0
59.2,-123.4,0,0,0,0
59.2,-122.6,0,0,0,0
59.2,-121.8,0,0,0,0
59.2,-121.0,0,0,0,0
59.2,-120.2,0,0,0,0
59.2,-119.3,0,0,0,0
59.2,-118.5,0,0,0,0
59.2,-117.7,0,0,0,0
59.2,-117.4,0,0,0,0
59.2,-116.6,0,0,0,0
59.2,-115.8,0,0,0,0
59.2,-115.5,0,0,0,0
59.2,-114.7,0,0,0,0
59.2,-113.9,0,0,0,0
59.2,-113.5,0,0,0,0
59.2,-112.7,0,0,0,0
59.2,-112.4,0,0,0,0
59.2,-111.6,0,0,0,0
59.2,-111.3,0,0,0,0
59.2,-110.5,0,0,0,0
59.2,-110.1,0,0,0,0
59.2,-109.0,0,0,0,0
59.2,-108.6,0,0,0,0
59.2,-107.5,0,0,0,0
59.2,-107.1,0,1,0,0
59.2,-106.0,0,0,0,0
59.2,-105.7,0,0,0,0
59.2,-104.5,0,0,0,0
59.2,-104.2,0,0,0,0
59.2,-103.8,0,0,0,0
59.2,-102.3,0,0,0,0
59.2,-102.0,0,0,0,0
59.2,-101.6,0,1,0,0
59.2,-100.2,0,0,0,0
59.2,-99.8,0,0,0,0
59.2,-99.4,0,0,0,0
59.2,-99.1,0,0,0,0
59.2,-98.7,0,1,0,0
59.2,-96.6,0,0,0,0
59.2,-96.2,0,0,0,0
59.2,-95.8,0,0,0,0
59.2,-95.5,0,0,0,0
59.2,-95.1,0,0,0,0
59.2,-94.8,0,0,0,0
59.2,-78.1,0,0,0,0
59.2,-77.7,0,0,0,0
59.2,-76.6,0,0,0,0
59.2,-76.3,0,0,0,0
59.2,-75.9,0,0,0,0
59.2,-75.1,0,0,0,0
59.2,-74.8,0,0,0,0
59.2,-73.6,0,0,0,0
59.2,-73.3,0,0,0,0
59.2,-72.5,0,0,0,0
59.2,-72.2,0,0,0,0
59.2,-71.4,0,0,0,0
59.2,-71.0,0,0,0,0
59.2,-70.2,0,0,0,0
59.2,-69.9,0,0,0,0
59.2,-69.1,0,0,0,0
59.2,-66.0,0,0,0,0
59.2,-65.2,0,0,0,0
59.2,-64.4,0,0,0,0
59.2,-63.6,0,0,0,0
59.3,-137.6,0,0,0,0
59.3,-137.1,0,0,0,0
59.3,-136.6,0,0,0,0
59.3,-134.8,0,0,0,0
59.3,-134.3,0,0,0,0
59.3,-133.8,0,0,0,0
59.3,-133.0,0,0,0,0
59.3,-132.5,0,0,0,0
59.3,-132.0,0,0,0,0
59.3,-131.2,0,0,0,0
59.3,-130.7,0,0,0,0
59.3,-129.9,0,0,0,0
59.3,-129.4,0,0,0,0
59.3,-128.6,0,0,0,0
59.3,-128.1,0,0,0,0
59.3,-127.3,0,0,0,0
59.3,-126.8,0,0,0,0
59.3,-126.0,0,0,0,0
59.3,-125.2,0,0,0,0
59.3,-124.7,0,0,0,0
59.3,-123.9,0,0,0,0
59.3,-123.1,0,0,0,0
59.3,-122.2,0,0,0,0
59.3,-121.4,0,0,0,0
59.3,-120.6,0,0,0,0
59.3,-119.8,0,0,0,0
59.3,-119.0,0,0,0,0
59.3,-118.2,0,0,0,0
59.3,-117.9,0,0,0,0
59.3,-117.1,0,0,0,0
59.3,-116.3,0,0,0,0
59.3,-115.1,0,0,0,0
59.3,-114.3,0,0,0,0
59.3,-114.0,0,0,0,0
59.3,-113.2,0,0,0,0
59.3,-112.9,0,0,0,0
59.3,-112.1,0,0,0,0
59.3,-111.7,0,0,0,0
59.3,-110.9,0,0,0,0
59.3,-110.6,0,0,0,0
59.3,-109.8,0,0,0,0
59.3,-109.4,0,0,0,0
59.3,-108.3,0,0,0,0
59.3,-107.9,0,0,0,0
59.3,-106.8,0,0,0,0
59.3,-106.4,0,0,0,0
59.3,-105.3,0,0,0,0
59.3,-105.0,0,0,0,0
59.3,-104.6,0,0,0,0
59.3,-103.5,1,0,0,0
59.3,-103.1,0,0,0,0
59.3,-102.8,0,0,0,0
59.3,-101.3,1,0,0,0
59.3,-100.9,0,0,0,0
59.3,-100.6,0,0,0,0
59.3,-100.2,0,0,0,0
59.3,-98.4,1,0,0,0
59.3,-98.0,0,0,0,0
59.3,-97.7,0,0,0,0
59.3,-97.3,0,0,0,0
59.3,-96.9,0,0,0,0
59.3,-96.6,0,0,0,0
59.3,-80.6,0,0,0,0
59.3,-80.3,0,0,0,0
59.3,-78.4,0,0,0,0
59.3,-77.3,0,0,0,0
59.3,-77.0,0,0,0,0
59.3,-75.8,0,0,0,0
59.3,-75.5,0,0,0,0
59.3,-74.3,0,0,0,0
59.3,-74.0,0,0,0,0
59.3,-73.2,0,0,0,0
59.3,-72.8,0,0,0,0
59.3,-72.0,0,0,0,0
59.3,-71.7,0,0,0,0
59.3,-70.9,0,0,0,0
59.3,-70.6,0,0,0,0
59.3,-69.8,0,0,0,0
59.3,-69.4,0,0,0,0
59.3,-65.9,0,0,0,0
59.3,-65.5,0,0,0,0
59.3,-64.7,0,0,0,0
59.3,-63.9,0,0,0,0
59.4,-137.3,0,0,0,0
59.4,-136.8,0,0,0,0
59.4,-136.3,0,0,0,0
59.4,-134.5,0,0,0,0
59.4,-134.0,0,0,0,0
59.4,-133.5,0,0,0,0
59.4,-132.2,0,0,0,0
59.4,-131.7,0,0,0,0
59.4,-130.9,0,0,0,0
59.4,-130.4,0,0,0,0
59.4,-129.6,0,0,0,0
59.4,-129.1,0,0,0,0
59.4,-128.3,0,0,0,0
59.4,-127.8,0,0,0,0
59.4,-127.0,0,0,0,0
59.4,-126.5,0,0,0,0
59.4,-125.7,0,0,0,0
59.4,-124.8,0,0,0,0
59.4,-124.3,0,0,0,0
59.4,-124.0,0,0,0,0
59.4,-123.5,0,0,0,0
59.4,-122.7,0,0,0,0
59.4,-121.9,0,0,0,0
59.4,-121.1,0,0,0,0
59.4,-120.3,0,0,0,0
59.4,-119.5,0,0,0,0
59.4,-118.7,0,0,0,0
59.4,-118.4,0,0,0,0
59.4,-117.6,0,0,0,0
59.4,-116.7,0,0,0,0
59.4,-115.9,0,0,0,0
59.4,-115.6,0,0,0,0
59.4,-114.8,0,0,0,0
59.4,-114.5,0,0,0,0
59.4,-113.7,0,0,0,0
59.4,-112.5,0,0,0,0
59.4,-111.4,0,0,0,0
59.4,-110.2,0,0,0,0
59.4,-109.9,0,0,0,0
59.4,-109.1,0,0,0,0
59.4,-108.7,0,0,0,0
59.4,-107.6,0,0,0,0
59.4,-107.2,0,0,0,0
59.4,-106.1,0,0,0,0
59.4,-105.7,0,0,0,0
59.4,-105.4,0,0,0,0
59.4,-104.3,0,0,0,0
59.4,-103.9,0,0,0,0
59.4,-103.5,0,1,0,0
59.4,-102.4,0,0,0,0
59.4,-102.1,0,0,0,0
59.4,-101.7,0,0,0,0
59.4,-101.3,0,1,0,0
59.4,-99.9,1,0,0,0
59.4,-99.5,0,0,0,0
59.4,-99.1,0,0,0,0
59.4,-98.8,0,0,0,0
59.4,-98.4,0,1,0,0
59.4,-96.2,1,0,0,0
59.4,-95.9,0,0,0,0
59.4,-95.5,0,0,0,0
59.4,-95.1,0,0,0,0
59.4,-94.8,0,0,0,0
59.4,-80.2,0,0,0,0
59.4,-78.0,0,0,0,0
59.4,-77.7,0,0,0,0
59.4,-76.5,0,0,0,0
59.4,-76.2,0,0,0,0
59.4,-75.0,0,0,0,0
59.4,-74.7,0,0,0,0
59.4,-73.9,0,0,0,0
59.4,-73.5,0,0,0,0
59.4,-72.4,0,0,0,0
59.4,-71.2,0,0,0,0
59.4,-70.1,0,0,0,0
59.4,-69.3,0,0,0,0
59.4,-65.4,0,0,0,0
59.4,-65.1,0,0,0,0
59.4,-64.3,0,0,0,0
59.4,-63.4,0,0,0,0
59.5,-137.8,0,0,0,0
59.5,-136.5,0,0,0,0
59.5,-136.0,0,0,0,0
59.5,-135.0,0,0,0,0
59.5,-133.7,0,0,0,0
59.5,-133.2,0,0,0,0
59.5,-132.7,0,0,0,0
59.5,-131.9,0,0,0,0
59.5,-131.4,0,0,0,0
59.5,-130.6,0,0,0,0
59.5,-130.1,0,0,0,0
59.5,-128.8,0,0,0,0
59.5,-128.0,0,0,0,0
59.5,-127.5,0,0,0,0
59.5,-126.6,0,0,0,0
59.5,-126.1,0,0,0,0
59.5,-125.3,0,0,0,0
59.5,-124.5,0,0,0,0
59.5,-123.7,0,0,0,0
59.5,-123.2,0,0,0,0
59.5,-122.9,0,0,0,0
59.5,-122.4,0,0,0,0
59.5,-121.6,0,0,0,0
59.5,-120.8,0,0,0,0
59.5,-120.5,0,0,0,0
59.5,-120.0,0,0,0,0
59.5,-119.7,0,0,0,0
59.5,-119.2,0,0,0,0
59.5,-118.8,0,0,0,0
59.5,-118.0,0,0,0,0
59.5,-117.2,0,0,0,0
59.5,-116.4,0,0,0,0
59.5,-116.1,0,0,0,0
59.5,-115.3,0,0,0,0
59.5,-114.1,0,0,0,0
59.5,-113.3,0,0,0,0
59.5,-113.0,0,0,0,0
59.5,-112.2,0,0,0,0
59.5,-111.8,0,0,0,0
59.5,-111.0,0,0,0,0
59.5,-110.7,0,0,0,0
59.5,-109.5,0,0,0,0
59.5,-109.2,0,0,0,0
59.5,-108.4,0,0,0,0
59.5,-108.0,0,0,0,0
59.5,-106.9,0,0,0,0
59.5,-106.5,0,0,0,0
59.5,-106.2,0,0,0,0
59.5,-105.0,0,0,0,0
59.5,-104.7,0,0,0,0
59.5,-103.2,0,0,0,0
59.5,-102.8,0,0,0,0
59.5,-102.5,0,0,0,0
59.5,-101.0,0,0,0,0
59.5,-100.6,0,0,0,0
59.5,-100.3,0,0,0,0
59.5,-99.9,0,1,0,0
59.5,-98.1,0,0,0,0
59.5,-97.7,0,0,0,0
59.5,-97.3,0,0,0,0
59.5,-97.0,0,0,0,0
59.5,-96.6,0,0,0,0
59.5,-96.2,0,1,0,0
59.5,-80.6,0,0,0,0
59.5,-77.6,0,0,0,0
59.5,-77.2,0,0,0,0
59.5,-76.9,0,0,0,0
59.5,-75.7,0,0,0,0
59.5,-75.4,0,0,0,0
59.5,-74.6,0,0,0,0
59.5,-74.2,0,0,0,0
59.5,-73.1,0,0,0,0
59.5,-72.7,0,0,0,0
59.5,-71.9,0,0,0,0
59.5,-71.6,0,0,0,0
59.5,-70.8,0,0,0,0
59.5,-70.4,0,0,0,0
59.5,-69.6,0,0,0,0
59.5,-65.7,0,0,0,0
59.5,-64.9,0,0,0,0
59.5,-64.6,0,0,0,0
59.5,-64.1,0,0,0,0
59.5,-63.8,0,0,0,0
59.6,-138.1,0,0,0,0
59.6,-137.6,0,0,0,0
59.6,-137.1,0,0,0,0
59.6,-135.7,0,0,0,0
59.6,-135.2,0,0,0,0
59.6,-134.7,0,0,0,0
59.6,-134.2,0,0,0,0
59.6,-133.4,0,0,0,0
59.6,-132.9,0,0,0,0
59.6,-132.4,0,0,0,0
59.6,-131.6,0,0,0,0
59.6,-131.1,0,0,0,0
59.6,-130.3,0,0,0,0
59.6,-129.8,0,0,0,0
59.6,-129.3,0,0,0,0
59.6,-128.5,0,0,0,0
59.6,-127.6,0,0,0,0
59.6,-127.1,0,0,0,0
59.6,-126.3,0,0,0,0
59.6,-125.8,0,0,0,0
59.6,-125.5,0,0,0,0
59.6,-125.0,0,0,0,0
59.6,-124.2,0,0,0,0
59.6,-123.4,0,0,0,0
59.6,-122.6,0,0,0,0
59.6,-122.1,0,0,0,0
59.6,-121.8,0,0,0,0
59.6,-121.3,0,0,0,0
59.6,-121.0,0,0,0,0
59.6,-120.1,0,0,0,0
59.6,-119.3,0,0,0,0
59.6,-118.5,0,0,0,0
59.6,-117.7,0,0,0,0
59.6,-116.9,0,0,0,0
59.6,-116.5,0,0,0,0
59.6,-115.7,0,0,0,0
59.6,-114.9,0,0,0,0
59.6,-114.6,0,0,0,0
59.6,-113.8,0,0,0,0
59.6,-113.4,0,0,0,0
59.6,-112.6,0,0,0,0
59.6,-112.3,0,0,0,0
59.6,-111.5,0,0,0,0
59.6,-111.1,0,0,0,0
59.6,-110.3,0,0,0,0
59.6,-110.0,0,0,0,0
59.6,-108.8,0,0,0,0
59.6,-108.5,0,0,0,0
59.6,-107.7,0,0,0,0
59.6,-107.3,0,0,0,0
59.6,-107.0,0,0,0,0
59.6,-105.8,0,0,0,0
59.6,-105.5,0,0,0,0
59.6,-104.3,0,0,0,0
59.6,-104.0,0,0,0,0
59.6,-103.6,0,0,0,0
59.6,-102.1,0,0,0,0
59.6,-101.7,0,0,0,0
59.6,-101.4,0,0,0,0
59.6,-99.5,0,0,0,0
59.6,-99.2,0,0,0,0
59.6,-98.8,0,0,0,0
59.6,-98.5,0,0,0,0
59.6,-95.9,1,0,0,0
59.6,-95.5,0,0,0,0
59.6,-95.2,0,0,0,0
59.6,-94.8,0,0,0,0
59.6,-80.1,0,0,0,0
59.6,-77.9,0,0,0,0
59.6,-76.8,0,0,0,0
59.6,-76.4,0,0,0,0
59.6,-76.1,0,0,0,0
59.6,-75.3,0,0,0,0
59.6,-74.9,0,0,0,0
59.6,-73.8,0,0,0,0
59.6,-73.4,0,0,0,0
59.6,-72.6,0,0,0,0
59.6,-72.3,0,0,0,0
59.6,-71.5,0,0,0,0
59.6,-71.1,0,0,0,0
59.6,-70.3,0,0,0,0
59.6,-70.0,0,0,0,0
59.6,-69.2,0,0,0,0
59.6,-65.2,0,0,0,0
59.6,-64.4,0,0,0,0
59.7,-138.3,0,0,0,0
59.7,-137.8,0,0,0,0
59.7,-137.3,0,0,0,0
59.7,-136.8,0,0,0,0
59.7,-136.3,0,0,0,0
59.7,-135.0,0,0,0,0
59.7,-134.4,0,0,0,0
59.7,-133.9,0,0,0,0
59.7,-133.1,0,0,0,0
59.7,-132.6,0,0,0,0
59.7,-132.1,0,0,0,0
59.7,-131.3,0,0,0,0
59.7,-130.8,0,0,0,0
59.7,-129.5,0,0,0,0
59.7,-129.0,0,0,0,0
59.7,-128.2,0,0,0,0
59.7,-127.3,0,0,0,0
59.7,-126.8,0,0,0,0
59.7,-126.0,0,0,0,0
59.7,-125.2,0,0,0,0
59.7,-124.7,0,0,0,0
59.7,-123.9,0,0,0,0
59.7,-123.1,0,0,0,0
59.7,-122.3,0,0,0,0
59.7,-121.4,0,0,0,0
59.7,-120.6,0,0,0,0
59.7,-119.8,0,0,0,0
59.7,-119.0,0,0,0,0
59.7,-118.2,0,0,0,0
59.7,-117.4,0,0,0,0
59.7,-117.0,0,0,0,0
59.7,-116.2,0,0,0,0
59.7,-115.4,0,0,0,0
59.7,-115.1,0,0,0,0
59.7,-114.2,0,0,0,0
59.7,-113.9,0,0,0,0
59.7,-113.1,0,0,0,0
59.7,-111.9,0,0,0,0
59.7,-110.8,0,0,0,0
59.7,-110.4,0,0,0,0
59.7,-109.6,0,0,0,0
59.7,-109.3,0,0,0,0
59.7,-108.1,0,0,0,0
59.7,-107.8,0,0,0,0
59.7,-106.6,0,0,0,0
59.7,-106.3,0,0,0,0
59.7,-105.1,0,0,0,0
59.7,-104.8,0,0,0,0
59.7,-104.4,0,0,0,0
59.7,-103.2,0,0,0,0
59.7,-102.9,0,0,0,0
59.7,-102.5,0,0,0,0
59.7,-101.0,0,0,0,0
59.7,-100.7,0,0,0,0
59.7,-100.3,0,0,0,0
59.7,-99.9,0,0,0,0
59.7,-98.1,0,0,0,0
59.7,-97.7,0,0,0,0
59.7,-97.4,0,0,0,0
59.7,-97.0,0,0,0,0
59.7,-96.6,0,0,0,0
59.7,-96.3,0,0,0,0
59.7,-95.9,0,1,0,0
59.7,-80.5,0,0,0,0
59.7,-77.5,0,0,0,0
59.7,-77.1,0,0,0,0
59.7,-76.0,0,0,0,0
59.7,-75.6,0,0,0,0
59.7,-74.5,0,0,0,0
59.7,-74.1,0,0,0,0
59.7,-73.3,0,0,0,0
59.7,-73.0,0,0,0,0
59.7,-71.8,0,0,0,0
59.7,-70.7,0,0,0,0
59.7,-69.9,0,0,0,0
59.7,-69.5,0,0,0,0
59.7,-65.6,0,0,0,0
59.7,-64.8,0,0,0,0
59.7,-63.9,0,0,0,0
59.8,-138.8,0,0,0,0
59.8,-137.5,0,0,0,0
59.8,-137.0,0,0,0,0
59.8,-136.5,0,0,0,0
59.8,-136.0,0,0,0,0
59.8,-135.5,0,0,0,0
59.8,-134.7,0,0,0,0
59.8,-134.2,0,0,0,0
59.8,-133.6,0,0,0,0
59.8,-132.3,0,0,0,0
59.8,-131.8,0,0,0,0
59.8,-131.0,0,0,0,0
59.8,-130.5,0,0,0,0
59.8,-130.0,0,0,0,0
59.8,-129.2,0,0,0,0
59.8,-128.7,0,0,0,0
59.8,-127.8,0,0,0,0
59.8,-127.0,0,0,0,0
59.8,-126.5,0,0,0,0
59.8,-125.7,0,0,0,0
59.8,-124.9,0,0,0,0
59.8,-124.4,0,0,0,0
59.8,-123.6,0,0,0,0
59.8,-122.8,0,0,0,0
59.8,-121.9,0,0,0,0
59.8,-121.1,0,0,0,0
59.8,-120.3,0,0,0,0
59.8,-119.5,0,0,0,0
59.8,-118.7,0,0,0,0
59.8,-118.3,0,0,0,0
59.8,-117.8,0,0,0,0
59.8,-117.5,0,0,0,0
59.8,-116.7,0,0,0,0
59.8,-115.9,0,0,0,0
59.8,-115.5,0,0,0,0
59.8,-114.7,0,0,0,0
59.8,-113.6,0,0,0,0
59.8,-112.7,0,0,0,0
59.8,-112.4,0,0,0,0
59.8,-111.6,0,0,0,0
59.8,-111.2,0,0,0,0
59.8,-110.1,0,0,0,0
59.8,-109.7,0,0,0,0
59.8,-108.9,0,0,0,0
59.8,-108.6,0,0,0,0
59.8,-107.4,0,0,0,0
59.8,-107.1,0,0,0,0
59.8,-105.9,0,0,0,0
59.8,-105.5,0,0,0,0
59.8,-105.2,0,0,0,0
59.8,-104.0,0,0,0,0
59.8,-103.7,0,0,0,0
59.8,-103.3,0,0,0,0
59.8,-102.2,1,0,0,0
59.8,-101.8,0,0,0,0
59.8,-101.4,0,0,0,0
59.8,-101.1,0,0,0,0
59.8,-99.6,1,0,0,0
59.8,-99.2,0,0,0,0
59.8,-98.9,0,0,0,0
59.8,-98.5,0,0,0,0
59.8,-98.1,0,0,0,0
59.8,-95.5,0,0,0,0
59.8,-95.2,1,0,0,0
59.8,-94.8,0,0,0,0
59.8,-80.4,0,0,0,0
59.8,-80.1,0,0,0,0
59.8,-77.9,0,0,0,0
59.8,-76.7,0,0,0,0
59.8,-76.3,0,0,0,0
59.8,-75.2,0,0,0,0
59.8,-74.8,0,0,0,0
59.8,-74.0,0,0,0,0
59.8,-73.7,0,0,0,0
59.8,-72.5,0,0,0,0
59.8,-72.2,0,0,0,0
59.8,-71.4,0,0,0,0
59.8,-71.0,0,0,0,0
59.8,-70.2,0,0,0,0
59.8,-65.1,0,0,0,0
59.8,-64.3,0,0,0,0
59.9,-139.1,0,0,0,0
59.9,-138.6,0,0,0,0
59.9,-138.1,0,0,0,0
59.9,-136.7,0,0,0,0
59.9,-136.2,0,0,0,0
59.9,-135.7,0,0,0,0
59.9,-135.2,0,0,0,0
59.9,-133.9,0,0,0,0
59.9,-133.3,0,0,0,0
59.9,-132.8,0,0,0,0
59.9,-132.0,0,0,0,0
59.9,-131.5,0,0,0,0
59.9,-130.2,0,0,0,0
59.9,-129.7,0,0,0,0
59.9,-128.9,0,0,0,0
59.9,-128.3,0,0,0,0
59.9,-127.5,0,0,0,0
59.9,-126.7,0,0,0,0
59.9,-126.2,0,0,0,0
59.9,-125.4,0,0,0,0
59.9,-124.6,0,0,0,0
59.9,-124.1,0,0,0,0
59.9,-123.7,0,0,0,0
59.9,-123.2,0,0,0,0
59.9,-122.4,0,0,0,0
59.9,-121.6,0,0,0,0
59.9,-120.8,0,0,0,0
59.9,-120.0,0,0,0,0
59.9,-119.1,0,0,0,0
59.9,-118.8,0,0,0,0
59.9,-118.0,0,0,0,0
59.9,-117.2,0,0,0,0
59.9,-116.3,0,0,0,0
59.9,-116.0,0,0,0,0
59.9,-115.2,0,0,0,0
59.9,-114.4,0,0,0,0
59.9,-114.0,0,0,0,0
59.9,-113.2,0,0,0,0
59.9,-112.9,0,0,0,0
59.9,-112.0,0,0,0,0
59.9,-111.7,0,0,0,0
59.9,-110.9,0,0,0,0
59.9,-110.5,0,0,0,0
59.9,-109.4,0,0,0,0
59.9,-109.0,0,0,0,0
59.9,-108.2,0,0,0,0
59.9,-107.9,0,0,0,0
59.9,-106.7,0,0,0,0
59.9,-106.3,0,0,0,0
59.9,-106.0,0,0,0,0
59.9,-104.8,0,0,0,0
59.9,-104.5,0,0,0,0
59.9,-103.0,0,0,0,0
59.9,-102.6,0,0,0,0
59.9,-102.2,0,1,0,0
59.9,-100.7,0,0,0,0
59.9,-100.4,0,0,0,0
59.9,-100.0,0,0,0,0
59.9,-99.6,0,1,0,0
59.9,-97.8,1,0,0,0
59.9,-97.4,0,0,0,0
59.9,-97.0,0,0,0,0
59.9,-96.7,0,0,0,0
59.9,-96.3,0,0,0,0
59.9,-95.9,0,0,0,0
59.9,-95.6,0,0,0,0
59.9,-95.2,0,1,0,0
59.9,-77.8,0,0,0,0
59.9,-77.4,0,0,0,0
59.9,-77.1,0,0,0,0
59.9,-75.9,0,0,0,0
59.9,-75.5,0,0,0,0
59.9,-74.7,0,0,0,0
59.9,-74.4,0,0,0,0
59.9,-73.2,0,0,0,0
59.9,-72.9,0,0,0,0
59.9,-72.1,0,0,0,0
59.9,-71.7,0,0,0,0
59.9,-70.9,0,0,0,0
59.9,-70.5,0,0,0,0
59.9,-69.7,0,0,0,0
59.9,-69.4,0,0,0,0
59.9,-65.4,0,0,0,0
59.9,-64.9,0,0,0,0
59.9,-64.6,0,0,0,0
60.0,-139.3,0,0,0,0
60.0,-138.8,0,0,0,0
60.0,-138.3,0,0,0,0
60.0,-137.8,0,0,0,0
60.0,-137.3,0,0,0,0
60.0,-135.9,0,0,0,0
60.0,-135.4,0,0,0,0
60.0,-134.9,0,0,0,0
60.0,-134.4,0,0,0,0
60.0,-133.6,0,0,0,0
60.0,-133.1,0,0,0,0
60.0,-132.5,0,0,0,0
60.0,-131.7,0,0,0,0
60.0,-131.2,0,0,0,0
60.0,-130.7,0,0,0,0
60.0,-129.9,0,0,0,0
60.0,-129.4,0,0,0,0
60.0,-128.5,0,0,0,0
60.0,-128.0,0,0,0,0
60.0,-127.2,0,0,0,0
60.0,-126.4,0,0,0,0
60.0,-125.9,0,0,0,0
60.0,-125.1,0,0,0,0
60.0,-124.2,0,0,0,0
60.0,-123.4,0,0,0,0
60.0,-122.9,0,0,0,0
60.0,-122.6,0,0,0,0
60.0,-122.1,0,0,0,0
60.0,-121.8,0,0,0,0
60.0,-121.3,0,0,0,0
60.0,-120.9,0,0,0,0
60.0,-120.5,0,0,0,0
60.0,-120.1,0,0,0,0
60.0,-119.6,0,0,0,0
60.0,-119.3,0,0,0,0
60.0,-118.5,0,0,0,0
60.0,-117.6,0,0,0,0
60.0,-116.8,0,0,0,0
60.0,-116.5,0,0,0,0
60.0,-115.7,0,0,0,0
60.0,-114.8,0,0,0,0
60.0,-114.5,0,0,0,0
60.0,-113.7,0,0,0,0
60.0,-113.3,0,0,0,0
60.0,-112.5,0,0,0,0
60.0,-112.2,0,0,0,0
60.0,-111.3,0,0,0,0
60.0,-111.0,0,0,0,0
60.0,-110.2,0,0,0,0
60.0,-109.8,0,0,0,0
60.0,-108.7,0,0,0,0
60.0,-108.3,0,0,0,0
60.0,-107.5,0,0,0,0
60.0,-107.1,0,0,0,0
60.0,-106.8,0,0,0,0
60.0,-105.6,0,0,0,0
60.0,-105.3,0,0,0,0
60.0,-104.1,0,0,0,0
60.0,-103.7,0,0,0,0
60.0,-103.4,0,0,0,0
60.0,-101.9,1,0,0,0
60.0,-101.5,0,0,0,0
60.0,-101.1,0,0,0,0
60.0,-100.8,0,0,0,0
60.0,-99.3,1,0,0,0
60.0,-98.9,0,0,0,0
60.0,-98.5,0,0,0,0
60.0,-98.2,0,0,0,0
60.0,-97.8,0,1,0,0
60.0,-94.8,1,0,0,0
60.0,-80.0,0,0,0,0
60.0,-79.6,0,0,0,0
60.0,-77.0,0,0,0,0
60.0,-76.6,0,0,0,0
60.0,-76.3,0,0,0,0
60.0,-75.4,0,0,0,0
60.0,-75.1,0,0,0,0
60.0,-73.9,0,0,0,0
60.0,-73.6,0,0,0,0
60.0,-72.8,0,0,0,0
60.0,-72.4,0,0,0,0
60.0,-71.6,0,0,0,0
60.0,-71.2,0,0,0,0
60.0,-70.4,0,0,0,0
60.0,-70.1,0,0,0,0
60.0,-65.3,0,0,0,0
60.0,-64.5,0,0,0,0
60.0,-64.1,0,0,0,0
60.1,-139.1,0,0,0,0
60.1,-138.5,0,0,0,0
60.1,-138.0,0,0,0,0
60.1,-137.5,0,0,0,0
60.1,-137.0,0,0,0,0
60.1,-136.5,0,0,0,0
60.1,-135.1,0,0,0,0
60.1,-134.6,0,0,0,0
60.1,-134.1,0,0,0,0
60.1,-132.8,0,0,0,0
60.1,-132.2,0,0,0,0
60.1,-131.4,0,0,0,0
60.1,-130.9,0,0,0,0
60.1,-130.4,0,0,0,0
60.1,-129.6,0,0,0,0
60.1,-129.1,0,0,0,0
60.1,-128.2,0,0,0,0
60.1,-127.7,0,0,0,0
60.1,-126.9,0,0,0,0
60.1,-126.1,0,0,0,0
60.1,-125.6,0,0,0,0
60.1,-124.7,0,0,0,0
60.1,-123.9,0,0,0,0
60.1,-123.1,0,0,0,0
60.1,-122.3,0,0,0,0
60.1,-121.4,0,0,0,0
60.1,-120.6,0,0,0,0
60.1,-119.8,0,0,0,0
60.1,-119.0,0,0,0,0
60.1,-118.1,0,0,0,0
60.1,-117.3,0,0,0,0
60.1,-117.0,0,0,0,0
60.1,-116.1,0,0,0,0
60.1,-115.3,0,0,0,0
60.1,-115.0,0,0,0,0
60.1,-114.1,0,0,0,0
60.1,-113.0,0,0,0,0
60.1,-111.8,0,0,0,0
60.1,-110.6,0,0,0,0
60.1,-110.3,0,0,0,0
60.1,-109.5,0,0,0,0
60.1,-109.1,0,0,0,0
60.1,-107.9,0,0,0,0
60.1,-107.6,0,0,0,0
60.1,-106.4,0,0,0,0
60.1,-106.1,0,0,0,0
60.1,-104.9,0,0,0,0
60.1,-104.5,0,0,0,0
60.1,-104.2,0,0,0,0
60.1,-103.0,0,0,0,0
60.1,-102.7,0,0,0,0
60.1,-102.3,0,0,0,0
60.1,-101.9,0,1,0,0
60.1,-100.4,0,0,0,0
60.1,-100.0,0,0,0,0
60.1,-99.7,0,0,0,0
60.1,-99.3,0,1,0,0
60.1,-97.4,0,0,0,0
60.1,-97.1,0,0,0,0
60.1,-96.7,0,0,0,0
60.1,-96.3,0,0,0,0
60.1,-95.9,0,0,0,0
60.1,-95.6,0,0,0,0
60.1,-95.2,0,0,0,0
60.1,-94.8,0,1,0,0
60.1,-77.7,0,0,0,0
60.1,-77.3,0,0,0,0
60.1,-76.2,0,0,0,0
60.1,-75.8,0,0,0,0
60.1,-74.6,0,0,0,0
60.1,-74.3,0,0,0,0
60.1,-73.1,0,0,0,0
60.1,-71.9,0,0,0,0
60.1,-70.8,0,0,0,0
60.1,-69.6,0,0,0,0
60.1,-64.8,0,0,0,0
60.1,-64.0,0,0,0,0
60.2,-140.6,0,0,0,0
60.2,-140.1,0,0,0,0
60.2,-137.7,0,0,0,0
60.2,-137.2,0,0,0,0
60.2,-136.7,0,0,0,0
60.2,-136.2,0,0,0,0
60.2,-135.6,0,0,0,0
60.2,-134.8,0,0,0,0
60.2,-134.3,0,0,0,0
60.2,-133.8,0,0,0,0
60.2,-133.3,0,0,0,0
60.2,-132.5,0,0,0,0
60.2,-131.9,0,0,0,0
60.2,-130.6,0,0,0,0
60.2,-130.1,0,0,0,0
60.2,-129.3,0,0,0,0
60.2,-128.8,0,0,0,0
60.2,-127.9,0,0,0,0
60.2,-127.4,0,0,0,0
60.2,-127.1,0,0,0,0
60.2,-126.6,0,0,0,0
60.2,-125.8,0,0,0,0
60.2,-125.3,0,0,0,0
60.2,-124.9,0,0,0,0
60.2,-124.4,0,0,0,0
60.2,-123.6,0,0,0,0
60.2,-122.8,0,0,0,0
60.2,-121.9,0,0,0,0
60.2,-121.1,0,0,0,0
60.2,-120.3,0,0,0,0
60.2,-119.5,0,0,0,0
60.2,-118.6,0,0,0,0
60.2,-117.8,0,0,0,0
60.2,-117.5,0,0,0,0
60.2,-116.6,0,0,0,0
60.2,-115.8,0,0,0,0
60.2,-115.5,0,0,0,0
60.2,-114.6,0,0,0,0
60.2,-113.8,0,0,0,0
60.2,-113.5,0,0,0,0
60.2,-112.6,0,0,0,0
60.2,-112.3,0,0,0,0
60.2,-111.5,0,0,0,0
60.2,-111.1,0,0,0,0
60.2,-109.9,0,0,0,0
60.2,-108.8,0,0,0,0
60.2,-108.4,0,0,0,0
60.2,-107.2,0,0,0,0
60.2,-106.9,0,0,0,0
60.2,-105.7,0,0,0,0
60.2,-105.3,0,0,0,0
60.2,-105.0,0,0,0,0
60.2,-103.8,0,0,0,0
60.2,-103.4,0,0,0,0
60.2,-103.1,0,0,0,0
60.2,-101.6,0,0,0,0
60.2,-101.2,0,0,0,0
60.2,-100.8,0,0,0,0
60.2,-98.9,0,0,0,0
60.2,-98.6,0,0,0,0
60.2,-98.2,0,0,0,0
60.2,-97.8,0,0,0,0
60.2,-97.5,0,0,0,0
60.2,-76.9,0,0,0,0
60.2,-76.5,0,0,0,0
60.2,-75.4,0,0,0,0
60.2,-75.0,0,0,0,0
60.2,-73.8,0,0,0,0
60.2,-73.5,0,0,0,0
60.2,-72.6,0,0,0,0
60.2,-72.3,0,0,0,0
60.2,-71.5,0,0,0,0
60.2,-71.1,0,0,0,0
60.2,-70.3,0,0,0,0
60.2,-70.0,0,0,0,0
60.2,-68.3,0,0,0,0
60.2,-68.0,0,0,0,0
60.2,-65.1,0,0,0,0
60.2,-64.3,0,0,0,0
60.3,-140.9,0,0,0,0
60.3,-140.4,0,0,0,0
60.3,-139.8,0,0,0,0
60.3,-139.3,0,0,0,0
60.3,-138.8,0,0,0,0
60.3,-138.3,0,0,0,0
60.3,-136.9,0,0,0,0
60.3,-136.4,0,0,0,0
60.3,-135.9,0,0,0,0
60.3,-135.4,0,0,0,0
60.3,-134.0,0,0,0,0
60.3,-133.5,0,0,0,0
60.3,-133.0,0,0,0,0
60.3,-132.2,0,0,0,0
60.3,-131.6,0,0,0,0
60.3,-131.1,0,0,0,0
60.3,-130.3,0,0,0,0
60.3,-129.8,0,0,0,0
60.3,-129.0,0,0,0,0
60.3,-128.4,0,0,0,0
60.3,-127.6,0,0,0,0
60.3,-126.8,0,0,0,0
60.3,-126.3,0,0,0,0
60.3,-125.4,0,0,0,0
60.3,-124.6,0,0,0,0
60.3,-124.1,0,0,0,0
60.3,-123.3,0,0,0,0
60.3,-122.4,0,0,0,0
60.3,-121.6,0,0,0,0
60.3,-120.8,0,0,0,0
60.3,-119.9,0,0,0,0
60.3,-119.1,0,0,0,0
60.3,-118.3,0,0,0,0
60.3,-117.9,0,0,0,0
60.3,-117.1,0,0,0,0
60.3,-116.3,0,0,0,0
60.3,-115.9,0,0,0,0
60.3,-115.1,0,0,0,0
60.3,-114.3,0,0,0,0
60.3,-113.9,0,0,0,0
60.3,-113.1,0,0,0,0
60.3,-112.7,0,0,0,0
60.3,-111.9,0,0,0,0
60.3,-111.6,0,0,0,0
60.3,-110.7,0,0,0,0
60.3,-110.4,0,0,0,0
60.3,-109.6,0,0,0,0
60.3,-109.2,0,0,0,0
60.3,-108.0,0,0,0,0
60.3,-107.7,0,0,0,0
60.3,-106.5,0,0,0,0
60.3,-106.1,0,0,0,0
60.3,-105.8,0,0,0,0
60.3,-104.6,0,0,0,0
60.3,-104.2,0,0,0,0
60.3,-102.7,0,0,0,0
60.3,-102.3,0,0,0,0
60.3,-102.0,0,0,0,0
60.3,-100.5,1,0,0,0
60.3,-100.1,0,0,0,0
60.3,-99.7,0,0,0,0
60.3,-99.3,0,0,0,0
60.3,-99.0,0,0,0,0
60.3,-97.1,1,0,0,0
60.3,-96.7,0,0,0,0
60.3,-96.3,0,0,0,0
60.3,-96.0,0,0,0,0
60.3,-95.6,0,0,0,0
60.3,-95.2,0,0,0,0
60.3,-94.9,0,0,0,0
60.3,-94.5,0,0,0,0
60.3,-78.0,0,0,0,0
60.3,-77.6,0,0,0,0
60.3,-77.2,1,0,0,0
60.3,-76.1,0,0,0,0
60.3,-75.7,0,0,0,0
60.3,-74.5,0,0,0,0
60.3,-74.2,0,0,0,0
60.3,-73.4,0,0,0,0
60.3,-73.0,0,0,0,0
60.3,-72.2,0,0,0,0
60.3,-71.8,0,0,0,0
60.3,-71.0,0,0,0,0
60.3,-70.7,0,0,0,0
60.3,-69.8,0,0,0,0
60.3,-69.5,0,0,0,0
60.3,-64.6,0,0,0,0
60.4,-141.2,0,0,0,0
60.4,-140.6,0,0,0,0
60.4,-140.1,0,0,0,0
60.4,-139.6,0,0,0,0
60.4,-139.0,0,0,0,0
60.4,-138.5,0,0,0,0
60.4,-138.0,0,0,0,0
60.4,-137.5,0,0,0,0
60.4,-136.1,0,0,0,0
60.4,-135.6,0,0,0,0
60.4,-135.1,0,0,0,0
60.4,-134.5,0,0,0,0
60.4,-133.7,0,0,0,0
60.4,-133.2,0,0,0,0
60.4,-132.7,0,0,0,0
60.4,-131.9,0,0,0,0
60.4,-131.3,0,0,0,0
60.4,-130.8,0,0,0,0
60.4,-130.0,0,0,0,0
60.4,-129.5,0,0,0,0
60.4,-128.6,0,0,0,0
60.4,-128.1,0,0,0,0
60.4,-127.3,0,0,0,0
60.4,-126.5,0,0,0,0
60.4,-126.0,0,0,0,0
60.4,-125.1,0,0,0,0
60.4,-124.3,0,0,0,0
60.4,-123.8,0,0,0,0
60.4,-123.4,0,0,0,0
60.4,-122.9,0,0,0,0
60.4,-122.1,0,0,0,0
60.4,-121.3,0,0,0,0
60.4,-120.4,0,0,0,0
60.4,-119.6,0,0,0,0
60.4,-119.3,0,0,0,0
60.4,-118.8,0,0,0,0
60.4,-118.4,0,0,0,0
60.4,-117.6,0,0,0,0
60.4,-116.8,0,0,0,0
60.4,-116.4,0,0,0,0
60.4,-115.6,0,0,0,0
60.4,-114.8,0,0,0,0
60.4,-114.4,0,0,0,0
60.4,-113.6,0,0,0,0
60.4,-112.4,0,0,0,0
60.4,-111.2,0,0,0,0
60.4,-110.9,0,0,0,0
60.4,-110.0,0,0,0,0
60.4,-109.7,0,0,0,0
60.4,-108.9,0,0,0,0
60.4,-108.5,0,0,0,0
60.4,-108.1,0,0,0,0
60.4,-107.3,0,0,0,0
60.4,-107.0,0,0,0,0
60.4,-106.6,0,0,0,0
60.4,-105.4,0,0,0,0
60.4,-105.1,0,0,0,0
60.4,-103.9,0,0,0,0
60.4,-103.5,0,0,0,0
60.4,-103.1,0,0,0,0
60.4,-101.6,0,0,0,0
60.4,-101.2,0,0,0,0
60.4,-100.9,0,0,0,0
60.4,-100.5,0,1,0,0
60.4,-98.6,0,0,0,0
60.4,-98.2,0,0,0,0
60.4,-97.9,0,0,0,0
60.4,-97.5,0,0,0,0
60.4,-97.1,0,1,0,0
60.4,-77.2,0,1,0,0
60.4,-76.8,0,0,0,0
60.4,-76.4,0,0,0,0
60.4,-75.6,0,0,0,0
60.4,-75.3,0,0,0,0
60.4,-74.9,0,0,0,0
60.4,-74.1,0,0,0,0
60.4,-73.7,0,0,0,0
60.4,-72.5,0,0,0,0
60.4,-71.4,0,0,0,0
60.4,-70.2,0,0,0,0
60.4,-69.3,0,0,0,0
60.4,-68.2,0,0,0,0
60.4,-67.8,0,0,0,0
60.4,-65.0,0,0,0,0
60.4,-64.5,0,0,0,0
60.5,-139.3,0,0,0,0
60.5,-138.8,0,0,0,0
60.5,-138.2,0,0,0,0
60.5,-137.7,0,0,0,0
60.5,-137.2,0,0,0,0
60.5,-136.7,0,0,0,0
60.5,-135.3,0,0,0,0
60.5,-134.8,0,0,0,0
60.5,-134.3,0,0,0,0
60.5,-132.9,0,0,0,0
60.5,-132.4,0,0,0,0
60.5,-131.0,0,0,0,0
60.5,-130.5,0,0,0,0
60.5,-129.7,0,0,0,0
60.5,-129.2,0,0,0,0
60.5,-128.3,0,0,0,0
60.5,-127.8,0,0,0,0
60.5,-127.0,0,0,0,0
60.5,-126.1,0,0,0,0
60.5,-125.6,0,0,0,0
60.5,-124.8,0,0,0,0
60.5,-124.0,0,0,0,0
60.5,-123.1,0,0,0,0
60.5,-122.6,0,0,0,0
60.5,-122.3,0,0,0,0
60.5,-121.8,0,0,0,0
60.5,-121.4,0,0,0,0
60.5,-120.9,0,0,0,0
60.5,-120.6,0,0,0,0
60.5,-120.1,0,0,0,0
60.5,-119.8,0,0,0,0
60.5,-118.9,0,0,0,0
60.5,-118.1,0,0,0,0
60.5,-117.3,0,0,0,0
60.5,-116.9,0,0,0,0
60.5,-116.1,0,0,0,0
60.5,-115.2,0,0,0,0
60.5,-114.9,0,0,0,0
60.5,-114.1,0,0,0,0
60.5,-113.2,0,0,0,0
60.5,-112.9,0,0,0,0
60.5,-112.0,0,0,0,0
60.5,-111.7,0,0,0,0
60.5,-110.5,0,0,0,0
60.5,-109.3,0,0,0,0
60.5,-109.0,0,0,0,0
60.5,-107.8,0,0,0,0
60.5,-107.4,0,0,0,0
60.5,-106.2,0,0,0,0
60.5,-105.9,0,0,0,0
60.5,-104.7,0,0,0,0
60.5,-104.3,0,0,0,0
60.5,-104.0,0,0,0,0
60.5,-102.8,1,0,0,0
60.5,-102.4,0,0,0,0
60.5,-102.0,0,0,0,0
60.5,-101.7,0,0,0,0
60.5,-100.1,0,0,0,0
60.5,-99.8,0,0,0,0
60.5,-99.4,0,0,0,0
60.5,-99.0,0,0,0,0
60.5,-96.7,0,0,0,0
60.5,-96.4,1,0,0,0
60.5,-96.0,0,0,0,0
60.5,-95.6,0,0,0,0
60.5,-95.3,0,0,0,0
60.5,-94.9,0,0,0,0
60.5,-94.5,0,0,0,0
60.5,-77.9,0,0,0,0
60.5,-77.5,0,0,0,0
60.5,-76.3,0,0,0,0
60.5,-76.0,0,0,0,0
60.5,-74.8,0,0,0,0
60.5,-74.4,0,0,0,0
60.5,-73.3,0,0,0,0
60.5,-72.9,0,0,0,0
60.5,-72.1,0,0,0,0
60.5,-71.7,0,0,0,0
60.5,-70.9,0,0,0,0
60.5,-70.5,0,0,0,0
60.5,-69.7,0,0,0,0
60.5,-67.7,0,0,0,0
60.5,-64.8,0,0,0,0
60.6,-140.9,0,0,0,0
60.6,-140.4,0,0,0,0
60.6,-139.8,0,0,0,0
60.6,-138.0,0,0,0,0
60.6,-137.4,0,0,0,0
60.6,-136.9,0,0,0,0
60.6,-136.4,0,0,0,0
60.6,-135.8,0,0,0,0
60.6,-134.5,0,0,0,0
60.6,-134.0,0,0,0,0
60.6,-133.4,0,0,0,0
60.6,-132.6,0,0,0,0
60.6,-132.1,0,0,0,0
60.6,-131.6,0,0,0,0
60.6,-130.7,0,0,0,0
60.6,-130.2,0,0,0,0
60.6,-129.4,0,0,0,0
60.6,-128.8,0,0,0,0
60.6,-128.0,0,0,0,0
60.6,-127.5,0,0,0,0
60.6,-126.7,0,0,0,0
60.6,-125.8,0,0,0,0
60.6,-125.3,0,0,0,0
60.6,-124.5,0,0,0,0
60.6,-123.6,0,0,0,0
60.6,-122.8,0,0,0,0
60.6,-121.9,0,0,0,0
60.6,-121.1,0,0,0,0
60.6,-120.3,0,0,0,0
60.6,-119.4,0,0,0,0
60.6,-118.6,0,0,0,0
60.6,-117.7,0,0,0,0
60.6,-117.4,0,0,0,0
60.6,-116.6,0,0,0,0
60.6,-115.7,0,0,0,0
60.6,-114.5,0,0,0,0
60.6,-113.7,0,0,0,0
60.6,-113.3,0,0,0,0
60.6,-112.5,0,0,0,0
60.6,-112.2,0,0,0,0
60.6,-111.3,0,0,0,0
60.6,-111.0,0,0,0,0
60.6,-110.1,0,0,0,0
60.6,-109.8,0,0,0,0
60.6,-108.6,0,0,0,0
60.6,-108.2,0,0,0,0
60.6,-107.0,0,0,0,0
60.6,-106.7,0,0,0,0
60.6,-105.5,0,0,0,0
60.6,-105.1,0,0,0,0
60.6,-104.8,0,0,0,0
60.6,-103.6,0,0,0,0
60.6,-103.2,0,0,0,0
60.6,-102.8,0,1,0,0
60.6,-101.3,0,0,0,0
60.6,-100.9,0,0,0,0
60.6,-100.6,0,0,0,0
60.6,-100.2,0,0,0,0
60.6,-98.6,0,0,0,0
60.6,-98.3,0,0,0,0
60.6,-97.9,0,0,0,0
60.6,-97.5,0,0,0,0
60.6,-97.1,0,0,0,0
60.6,-96.8,0,0,0,0
60.6,-96.4,0,1,0,0
60.6,-77.1,0,0,0,0
60.6,-76.7,0,0,0,0
60.6,-75.5,0,0,0,0
60.6,-75.2,0,0,0,0
60.6,-74.0,0,0,0,0
60.6,-73.6,0,0,0,0
60.6,-72.8,0,0,0,0
60.6,-72.4,0,0,0,0
60.6,-71.6,0,0,0,0
60.6,-71.2,0,0,0,0
60.6,-70.4,0,0,0,0
60.6,-70.1,0,0,0,0
60.6,-68.0,0,0,0,0
60.6,-64.3,0,0,0,0
60.7,-141.2,0,0,0,0
60.7,-140.6,0,0,0,0
60.7,-140.1,0,0,0,0
60.7,-139.6,0,0,0,0
60.7,-139.0,0,0,0,0
60.7,-138.5,0,0,0,0
60.7,-137.1,0,0,0,0
60.7,-136.6,0,0,0,0
60.7,-136.1,0,0,0,0
60.7,-135.5,0,0,0,0
60.7,-135.0,0,0,0,0
60.7,-134.2,0,0,0,0
60.7,-133.7,0,0,0,0
60.7,-133.1,0,0,0,0
60.7,-132.3,0,0,0,0
60.7,-131.8,0,0,0,0
60.7,-131.3,0,0,0,0
60.7,-130.4,0,0,0,0
60.7,-129.9,0,0,0,0
60.7,-129.1,0,0,0,0
60.7,-128.5,0,0,0,0
60.7,-127.7,0,0,0,0
60.7,-127.2,0,0,0,0
60.7,-126.3,0,0,0,0
60.7,-125.5,0,0,0,0
60.7,-125.0,0,0,0,0
60.7,-124.7,0,0,0,0
60.7,-124.1,0,0,0,0
60.7,-123.3,0,0,0,0
60.7,-122.5,0,0,0,0
60.7,-121.6,0,0,0,0
60.7,-120.8,0,0,0,0
60.7,-119.9,0,0,0,0
60.7,-119.1,0,0,0,0
60.7,-118.2,0,0,0,0
60.7,-117.9,0,0,0,0
60.7,-117.1,0,0,0,0
60.7,-116.2,0,0,0,0
60.7,-115.4,0,0,0,0
60.7,-115.0,0,0,0,0
60.7,-114.2,0,0,0,0
60.7,-113.8,0,0,0,0
60.7,-113.0,0,0,0,0
60.7,-112.6,0,0,0,0
60.7,-111.8,0,0,0,0
60.7,-111.4,0,0,0,0
60.7,-110.6,0,0,0,0
60.7,-110.2,0,0,0,0
60.7,-109.4,0,0,0,0
60.7,-109.1,0,0,0,0
60.7,-107.9,0,0,0,0
60.7,-107.5,0,0,0,0
60.7,-106.3,0,0,0,0
60.7,-105.9,0,0,0,0
60.7,-105.6,0,0,0,0
60.7,-104.4,0,0,0,0
60.7,-104.0,0,0,0,0
60.7,-102.5,0,0,0,0
60.7,-102.1,0,0,0,0
60.7,-101.7,0,0,0,0
60.7,-99.8,0,0,0,0
60.7,-99.4,0,0,0,0
60.7,-99.1,0,0,0,0
60.7,-98.7,0,0,0,0
60.7,-96.0,0,0,0,0
60.7,-95.6,0,0,0,0
60.7,-95.3,0,0,0,0
60.7,-94.9,0,0,0,0
60.7,-94.5,0,0,0,0
60.7,-94.1,0,0,0,0
60.7,-78.2,0,0,0,0
60.7,-77.8,0,0,0,0
60.7,-77.4,0,0,0,0
60.7,-76.3,0,0,0,0
60.7,-75.9,0,0,0,0
60.7,-74.7,0,0,0,0
60.7,-74.3,0,0,0,0
60.7,-73.5,0,0,0,0
60.7,-73.1,0,0,0,0
60.7,-72.3,0,0,0,0
60.7,-72.0,0,0,0,0
60.7,-70.8,0,0,0,0
60.7,-69.9,0,0,0,0
60.7,-69.6,0,0,0,0
60.7,-68.4,0,0,0,0
60.7,-64.7,0,0,0,0
60.8,-140.9,0,0,0,0
60.8,-140.3,0,0,0,0
60.8,-139.8,0,0,0,0
60.8,-139.3,0,0,0,0
60.8,-138.7,0,0,0,0
60.8,-138.2,0,0,0,0
60.8,-137.7,0,0,0,0
60.8,-136.3,0,0,0,0
60.8,-135.8,0,0,0,0
60.8,-135.3,0,0,0,0
60.8,-134.7,0,0,0,0
60.8,-133.4,0,0,0,0
60.8,-132.8,0,0,0,0
60.8,-131.5,0,0,0,0
60.8,-130.9,0,0,0,0
60.8,-130.1,0,0,0,0
60.8,-129.6,0,0,0,0
60.8,-128.7,0,0,0,0
60.8,-128.2,0,0,0,0
60.8,-127.4,0,0,0,0
60.8,-126.9,0,0,0,0
60.8,-126.0,0,0,0,0
60.8,-125.2,0,0,0,0
60.8,-124.3,0,0,0,0
60.8,-123.8,0,0,0,0
60.8,-123.0,0,0,0,0
60.8,-122.1,0,0,0,0
60.8,-121.3,0,0,0,0
60.8,-120.4,0,0,0,0
60.8,-119.6,0,0,0,0
60.8,-118.7,0,0,0,0
60.8,-118.4,0,0,0,0
60.8,-117.5,0,0,0,0
60.8,-116.7,0,0,0,0
60.8,-115.9,0,0,0,0
60.8,-115.5,0,0,0,0
60.8,-114.7,0,0,0,0
60.8,-114.3,0,0,0,0
60.8,-113.5,0,0,0,0
60.8,-112.3,0,0,0,0
60.8,-111.1,0,0,0,0
60.8,-109.9,0,0,0,0
60.8,-109.5,0,0,0,0
60.8,-108.7,0,0,0,0
60.8,-108.3,0,0,0,0
60.8,-108.0,0,0,0,0
60.8,-107.1,0,0,0,0
60.8,-106.8,0,0,0,0
60.8,-106.4,0,0,0,0
60.8,-105.2,0,0,0,0
60.8,-104.8,0,0,0,0
60.8,-103.7,1,0,0,0
60.8,-103.3,0,0,0,0
60.8,-102.9,0,0,0,0
60.8,-102.5,0,0,0,0
60.8,-101.4,1,0,0,0
60.8,-101.0,0,0,0,0
60.8,-100.6,0,0,0,0
60.8,-100.2,0,0,0,0
60.8,-98.3,1,0,0,0
60.8,-97.9,0,0,0,0
60.8,-97.6,0,0,0,0
60.8,-97.2,0,0,0,0
60.8,-96.8,0,0,0,0
60.8,-96.4,0,0,0,0
60.8,-96.0,0,0,0,0
60.8,-78.5,0,0,0,0
60.8,-77.4,0,0,0,0
60.8,-77.0,0,0,0,0
60.8,-76.6,0,0,0,0
60.8,-75.4,0,0,0,0
60.8,-75.1,0,0,0,0
60.8,-74.2,0,0,0,0
60.8,-73.9,0,0,0,0
60.8,-72.7,0,0,0,0
60.8,-71.5,0,0,0,0
60.8,-71.1,0,0,0,0
60.8,-70.3,0,0,0,0
60.9,-139.5,0,0,0,0
60.9,-139.0,0,0,0,0
60.9,-138.5,0,0,0,0
60.9,-137.9,0,0,0,0
60.9,-137.4,0,0,0,0
60.9,-136.9,0,0,0,0
60.9,-135.5,0,0,0,0
60.9,-135.0,0,0,0,0
60.9,-134.4,0,0,0,0
60.9,-133.9,0,0,0,0
60.9,-133.1,0,0,0,0
60.9,-132.5,0,0,0,0
60.9,-132.0,0,0,0,0
60.9,-131.2,0,0,0,0
60.9,-130.6,0,0,0,0
60.9,-129.8,0,0,0,0
60.9,-129.3,0,0,0,0
60.9,-128.4,0,0,0,0
60.9,-127.9,0,0,0,0
60.9,-127.1,0,0,0,0
60.9,-126.5,0,0,0,0
60.9,-126.2,0,0,0,0
60.9,-125.7,0,0,0,0
60.9,-124.8,0,0,0,0
60.9,-124.0,0,0,0,0
60.9,-123.5,0,0,0,0
60.9,-123.1,0,0,0,0
60.9,-122.6,0,0,0,0
60.9,-121.8,0,0,0,0
60.9,-120.9,0,0,0,0
60.9,-120.1,0,0,0,0
60.9,-119.7,0,0,0,0
60.9,-119.2,0,0,0,0
60.9,-118.9,0,0,0,0
60.9,-118.0,0,0,0,0
60.9,-117.2,0,0,0,0
60.9,-116.4,0,0,0,0
60.9,-116.0,0,0,0,0
60.9,-115.2,0,0,0,0
60.9,-114.0,0,0,0,0
60.9,-113.1,0,0,0,0
60.9,-112.8,0,0,0,0
60.9,-111.9,0,0,0,0
60.9,-111.6,0,0,0,0
60.9,-110.7,0,0,0,0
60.9,-110.4,0,0,0,0
60.9,-109.2,0,0,0,0
60.9,-108.8,0,0,0,0
60.9,-107.6,0,0,0,0
60.9,-107.2,0,0,0,0
60.9,-106.0,0,0,0,0
60.9,-105.7,0,0,0,0
60.9,-104.5,1,0,0,0
60.9,-104.1,0,0,0,0
60.9,-103.7,0,1,0,0
60.9,-102.2,0,0,0,0
60.9,-101.8,0,0,0,0
60.9,-101.4,0,1,0,0
60.9,-99.9,1,0,0,0
60.9,-99.5,0,0,0,0
60.9,-99.1,0,0,0,0
60.9,-98.7,0,0,0,0
60.9,-98.3,0,1,0,0
60.9,-95.7,1,0,0,0
60.9,-95.3,0,0,0,0
60.9,-94.9,0,0,0,0
60.9,-94.5,0,0,0,0
60.9,-94.2,0,0,0,0
60.9,-78.1,0,0,0,0
60.9,-77.7,0,0,0,0
60.9,-76.5,0,0,0,0
60.9,-76.2,0,0,0,0
60.9,-75.8,0,0,0,0
60.9,-75.0,0,0,0,0
60.9,-74.6,0,0,0,0
60.9,-73.4,0,0,0,0
60.9,-73.0,0,0,0,0
60.9,-72.2,0,0,0,0
60.9,-71.8,0,0,0,0
60.9,-71.0,0,0,0,0
60.9,-70.6,0,0,0,0
60.9,-69.8,0,0,0,0
60.9,-69.4,0,0,0,0
61.0,-141.1,0,0,0,0
61.0,-140.6,0,0,0,0
61.0,-140.1,0,0,0,0
61.0,-138.2,0,0,0,0
61.0,-137.6,0,0,0,0
61.0,-137.1,0,0,0,0
61.0,-136.6,0,0,0,0
61.0,-136.0,0,0,0,0
61.0,-134.7,0,0,0,0
61.0,-134.1,0,0,0,0
61.0,-133.6,0,0,0,0
61.0,-132.8,0,0,0,0
61.0,-132.2,0,0,0,0
61.0,-131.7,0,0,0,0
61.0,-130.9,0,0,0,0
61.0,-130.3,0,0,0,0
61.0,-129.5,0,0,0,0
61.0,-128.9,0,0,0,0
61.0,-128.1,0,0,0,0
61.0,-127.6,0,0,0,0
61.0,-126.7,0,0,0,0
61.0,-125.9,0,0,0,0
61.0,-125.4,0,0,0,0
61.0,-124.5,0,0,0,0
61.0,-123.7,0,0,0,0
61.0,-122.8,0,0,0,0
61.0,-122.3,0,0,0,0
61.0,-122.0,0,0,0,0
61.0,-121.4,0,0,0,0
61.0,-121.1,0,0,0,0
61.0,-120.6,0,0,0,0
61.0,-120.3,0,0,0,0
61.0,-119.4,0,0,0,0
61.0,-118.5,0,0,0,0
61.0,-117.7,0,0,0,0
61.0,-116.8,0,0,0,0
61.0,-116.5,0,0,0,0
61.0,-115.6,0,0,0,0
61.0,-114.8,0,0,0,0
61.0,-114.4,0,0,0,0
61.0,-113.6,0,0,0,0
61.0,-113.2,0,0,0,0
61.0,-112.4,0,0,0,0
61.0,-112.0,0,0,0,0
61.0,-111.2,0,0,0,0
61.0,-110.8,0,0,0,0
61.0,-110.0,0,0,0,0
61.0,-109.6,0,0,0,0
61.0,-108.4,0,0,0,0
61.0,-108.1,0,0,0,0
61.0,-106.9,0,0,0,0
61.0,-106.5,0,0,0,0
61.0,-105.3,0,0,0,0
61.0,-104.9,0,0,0,0
61.0,-104.5,0,1,0,0
61.0,-103.3,0,0,0,0
61.0,-103.0,0,0,0,0
61.0,-102.6,0,0,0,0
61.0,-101.0,0,0,0,0
61.0,-100.7,0,0,0,0
61.0,-100.3,0,0,0,0
61.0,-99.9,0,1,0,0
61.0,-98.0,1,0,0,0
61.0,-97.6,0,0,0,0
61.0,-97.2,0,0,0,0
61.0,-96.8,0,0,0,0
61.0,-96.5,0,0,0,0
61.0,-96.1,0,0,0,0
61.0,-95.7,0,1,0,0
61.0,-77.3,0,0,0,0
61.0,-76.9,0,0,0,0
61.0,-75.7,0,0,0,0
61.0,-75.3,0,0,0,0
61.0,-74.1,0,0,0,0
61.0,-73.8,0,0,0,0
61.0,-72.9,0,0,0,0
61.0,-72.6,0,0,0,0
61.0,-71.7,0,0,0,0
61.0,-71.4,0,0,0,0
61.0,-70.5,0,0,0,0
61.0,-70.2,0,0,0,0
61.0,-69.3,0,0,0,0
61.1,-140.9,0,0,0,0
61.1,-140.3,0,0,0,0
61.1,-139.8,0,0,0,0
61.1,-139.3,0,0,0,0
61.1,-138.7,0,0,0,0
61.1,-137.4,0,0,0,0
61.1,-136.8,0,0,0,0
61.1,-136.3,0,0,0,0
61.1,-135.7,0,0,0,0
61.1,-135.2,0,0,0,0
61.1,-134.4,0,0,0,0
61.1,-133.8,0,0,0,0
61.1,-133.3,0,0,0,0
61.1,-131.9,0,0,0,0
61.1,-131.4,0,0,0,0
61.1,-130.5,0,0,0,0
61.1,-130.0,0,0,0,0
61.1,-129.2,0,0,0,0
61.1,-128.6,0,0,0,0
61.1,-127.8,0,0,0,0
61.1,-127.3,0,0,0,0
61.1,-126.4,0,0,0,0
61.1,-125.6,0,0,0,0
61.1,-125.0,0,0,0,0
61.1,-124.2,0,0,0,0
61.1,-123.3,0,0,0,0
61.1,-122.5,0,0,0,0
61.1,-121.6,0,0,0,0
61.1,-120.8,0,0,0,0
61.1,-119.9,0,0,0,0
61.1,-119.1,0,0,0,0
61.1,-118.2,0,0,0,0
61.1,-117.3,0,0,0,0
61.1,-117.0,0,0,0,0
61.1,-116.1,0,0,0,0
61.1,-115.3,0,0,0,0
61.1,-114.9,0,0,0,0
61.1,-114.1,0,0,0,0
61.1,-113.7,0,0,0,0
61.1,-112.9,0,0,0,0
61.1,-111.7,0,0,0,0
61.1,-110.5,0,0,0,0
61.1,-110.1,0,0,0,0
61.1,-109.3,0,0,0,0
61.1,-108.9,0,0,0,0
61.1,-107.7,0,0,0,0
61.1,-107.3,0,0,0,0
61.1,-106.1,0,0,0,0
61.1,-105.7,0,0,0,0
61.1,-105.4,0,0,0,0
61.1,-104.2,0,0,0,0
61.1,-103.8,0,0,0,0
61.1,-103.4,0,0,0,0
61.1,-102.2,0,0,0,0
61.1,-101.8,0,0,0,0
61.1,-101.5,0,0,0,0
61.1,-101.1,0,0,0,0
61.1,-99.5,0,0,0,0
61.1,-99.1,0,0,0,0
61.1,-98.8,0,0,0,0
61.1,-98.4,0,0,0,0
61.1,-98.0,0,1,0,0
61.1,-95.3,1,0,0,0
61.1,-94.9,1,0,0,0
61.1,-94.5,0,0,0,0
61.1,-94.2,0,0,0,0
61.1,-93.8,0,0,0,0
61.1,-78.0,0,0,0,0
61.1,-77.6,0,0,0,0
61.1,-76.4,0,0,0,0
61.1,-76.1,0,0,0,0
61.1,-74.9,0,0,0,0
61.1,-74.5,0,0,0,0
61.1,-73.7,0,0,0,0
61.1,-73.3,0,0,0,0
61.1,-72.1,0,0,0,0
61.1,-70.9,0,0,0,0
61.1,-69.7,0,0,0,0
61.2,-141.1,0,0,0,0
61.2,-140.6,0,0,0,0
61.2,-140.1,0,0,0,0
61.2,-139.5,0,0,0,0
61.2,-139.0,0,0,0,0
61.2,-138.4,0,0,0,0
61.2,-137.9,0,0,0,0
61.2,-136.5,0,0,0,0
61.2,-136.0,0,0,0,0
61.2,-135.4,0,0,0,0
61.2,-134.9,0,0,0,0
61.2,-133.5,0,0,0,0
61.2,-133.0,0,0,0,0
61.2,-132.5,0,0,0,0
61.2,-131.6,0,0,0,0
61.2,-131.1,0,0,0,0
61.2,-130.2,0,0,0,0
61.2,-129.7,0,0,0,0
61.2,-128.8,0,0,0,0
61.2,-128.3,0,0,0,0
61.2,-127.5,0,0,0,0
61.2,-126.9,0,0,0,0
61.2,-126.1,0,0,0,0
61.2,-125.2,0,0,0,0
61.2,-124.7,0,0,0,0
61.2,-123.8,0,0,0,0
61.2,-123.0,0,0,0,0
61.2,-122.1,0,0,0,0
61.2,-121.3,0,0,0,0
61.2,-120.4,0,0,0,0
61.2,-119.6,0,0,0,0
61.2,-118.7,0,0,0,0
61.2,-117.8,0,0,0,0
61.2,-117.5,0,0,0,0
61.2,-116.6,0,0,0,0
61.2,-115.8,0,0,0,0
61.2,-115.4,0,0,0,0
61.2,-114.6,0,0,0,0
61.2,-113.4,0,0,0,0
61.2,-112.5,0,0,0,0
61.2,-112.2,0,0,0,0
61.2,-111.3,0,0,0,0
61.2,-110.9,0,0,0,0
61.2,-109.7,0,0,0,0
61.2,-109.4,0,0,0,0
61.2,-108.5,0,0,0,0
61.2,-108.2,0,0,0,0
61.2,-106.9,0,0,0,0
61.2,-106.6,0,0,0,0
61.2,-106.2,0,0,0,0
61.2,-105.0,0,0,0,0
61.2,-104.6,0,0,0,0
61.2,-103.0,0,0,0,0
61.2,-102.7,0,0,0,0
61.2,-102.3,0,0,0,0
61.2,-100.7,0,0,0,0
61.2,-100.3,0,0,0,0
61.2,-100.0,0,0,0,0
61.2,-99.6,0,0,0,0
61.2,-97.6,0,0,0,0
61.2,-97.2,0,0,0,0
61.2,-96.9,0,0,0,0
61.2,-96.5,0,0,0,0
61.2,-96.1,0,0,0,0
61.2,-95.7,0,0,0,0
61.2,-95.3,0,1,0,0
61.2,-94.9,0,1,0,0
61.2,-77.2,0,0,0,0
61.2,-76.8,0,0,0,0
61.2,-75.6,0,0,0,0
61.2,-75.2,0,0,0,0
61.2,-74.4,0,0,0,0
61.2,-74.0,0,0,0,0
61.2,-72.8,0,0,0,0
61.2,-72.4,0,0,0,0
61.2,-71.6,0,0,0,0
61.2,-71.2,0,0,0,0
61.2,-70.4,0,0,0,0
61.2,-70.0,0,0,0,0
61.3,-140.3,0,0,0,0
61.3,-139.8,0,0,0,0
61.3,-139.2,0,0,0,0
61.3,-138.7,0,0,0,0
61.3,-138.1,0,0,0,0
61.3,-137.6,0,0,0,0
61.3,-137.1,0,0,0,0
61.3,-135.7,0,0,0,0
61.3,-135.1,0,0,0,0
61.3,-134.6,0,0,0,0
61.3,-134.1,0,0,0,0
61.3,-133.2,0,0,0,0
61.3,-132.7,0,0,0,0
61.3,-132.1,0,0,0,0
61.3,-131.3,0,0,0,0
61.3,-130.8,0,0,0,0
61.3,-129.9,0,0,0,0
61.3,-129.4,0,0,0,0
61.3,-128.5,0,0,0,0
61.3,-128.0,0,0,0,0
61.3,-127.1,0,0,0,0
61.3,-126.6,0,0,0,0
61.3,-125.7,0,0,0,0
61.3,-124.9,0,0,0,0
61.3,-124.4,0,0,0,0
61.3,-124.0,0,0,0,0
61.3,-123.5,0,0,0,0
61.3,-122.6,0,0,0,0
61.3,-121.8,0,0,0,0
61.3,-120.9,0,0,0,0
61.3,-120.1,0,0,0,0
61.3,-119.2,0,0,0,0
61.3,-118.9,0,0,0,0
61.3,-118.4,0,0,0,0
61.3,-118.0,0,0,0,0
61.3,-117.1,0,0,0,0
61.3,-116.3,0,0,0,0
61.3,-115.9,0,0,0,0
61.3,-115.1,0,0,0,0
61.3,-114.2,0,0,0,0
61.3,-113.9,0,0,0,0
61.3,-113.0,0,0,0,0
61.3,-112.6,0,0,0,0
61.3,-111.8,0,0,0,0
61.3,-111.4,0,0,0,0
61.3,-110.6,0,0,0,0
61.3,-110.2,0,0,0,0
61.3,-109.0,0,0,0,0
61.3,-108.6,0,0,0,0
61.3,-107.8,0,0,0,0
61.3,-107.4,0,0,0,0
61.3,-107.0,0,0,0,0
61.3,-105.8,0,0,0,0
61.3,-105.4,0,0,0,0
61.3,-104.2,0,0,0,0
61.3,-103.9,0,0,0,0
61.3,-103.5,0,0,0,0
61.3,-101.9,0,0,0,0
61.3,-101.5,0,0,0,0
61.3,-101.1,0,0,0,0
61.3,-99.2,1,0,0,0
61.3,-98.8,0,0,0,0
61.3,-98.4,0,0,0,0
61.3,-98.0,0,0,0,0
61.3,-97.7,0,0,0,0
61.3,-94.6,1,0,0,0
61.3,-94.2,1,0,0,0
61.3,-93.8,0,0,0,0
61.3,-77.9,0,0,0,0
61.3,-77.6,0,0,0,0
61.3,-76.7,0,0,0,0
61.3,-76.3,0,0,0,0
61.3,-76.0,0,0,0,0
61.3,-75.1,0,0,0,0
61.3,-74.8,0,0,0,0
61.3,-73.5,0,0,0,0
61.3,-73.2,0,0,0,0
61.3,-72.3,0,0,0,0
61.3,-72.0,0,0,0,0
61.4,-140.9,0,0,0,0
61.4,-138.4,0,0,0,0
61.4,-137.9,0,0,0,0
61.4,-137.3,0,0,0,0
61.4,-136.8,0,0,0,0
61.4,-136.2,0,0,0,0
61.4,-134.8,0,0,0,0
61.4,-134.3,0,0,0,0
61.4,-133.8,0,0,0,0
61.4,-132.9,0,0,0,0
61.4,-132.4,0,0,0,0
61.4,-131.8,0,0,0,0
61.4,-131.0,0,0,0,0
61.4,-130.4,0,0,0,0
61.4,-129.6,0,0,0,0
61.4,-129.1,0,0,0,0
61.4,-128.2,0,0,0,0
61.4,-127.7,0,0,0,0
61.4,-126.8,0,0,0,0
61.4,-126.3,0,0,0,0
61.4,-125.4,0,0,0,0
61.4,-124.6,0,0,0,0
61.4,-123.7,0,0,0,0
61.4,-123.2,0,0,0,0
61.4,-122.8,0,0,0,0
61.4,-122.3,0,0,0,0
61.4,-121.4,0,0,0,0
61.4,-120.6,0,0,0,0
61.4,-120.2,0,0,0,0
61.4,-119.7,0,0,0,0
61.4,-119.4,0,0,0,0
61.4,-118.5,0,0,0,0
61.4,-117.6,0,0,0,0
61.4,-116.8,0,0,0,0
61.4,-116.4,0,0,0,0
61.4,-115.6,0,0,0,0
61.4,-114.7,0,0,0,0
61.4,-114.4,0,0,0,0
61.4,-113.5,0,0,0,0
61.4,-113.1,0,0,0,0
61.4,-112.3,0,0,0,0
61.4,-111.9,0,0,0,0
61.4,-111.1,0,0,0,0
61.4,-110.7,0,0,0,0
61.4,-109.8,0,0,0,0
61.4,-109.5,0,0,0,0
61.4,-108.2,0,0,0,0
61.4,-107.9,0,0,0,0
61.4,-106.7,0,0,0,0
61.4,-106.3,0,0,0,0
61.4,-105.1,0,0,0,0
61.4,-104.7,0,0,0,0
61.4,-104.3,0,0,0,0
61.4,-103.1,0,0,0,0
61.4,-102.7,0,0,0,0
61.4,-102.3,0,0,0,0
61.4,-100.8,1,0,0,0
61.4,-100.4,0,0,0,0
61.4,-100.0,0,0,0,0
61.4,-99.6,0,0,0,0
61.4,-99.2,0,1,0,0
61.4,-97.3,1,0,0,0
61.4,-96.9,0,0,0,0
61.4,-96.5,0,0,0,0
61.4,-96.1,0,0,0,0
61.4,-95.7,0,0,0,0
61.4,-95.4,0,0,0,0
61.4,-95.0,0,0,0,0
61.4,-94.6,0,1,0,0
61.4,-94.2,0,1,0,0
61.4,-77.5,0,0,0,0
61.4,-77.1,0,0,0,0
61.4,-75.9,0,0,0,0
61.4,-75.5,0,0,0,0
61.4,-74.3,0,0,0,0
61.4,-73.9,0,0,0,0
61.4,-73.1,0,0,0,0
61.4,-72.7,0,0,0,0
61.4,-71.5,0,0,0,0
61.4,-65.2,0,0,0,0
61.4,-64.9,0,0,0,0
61.5,-141.1,0,0,0,0
61.5,-140.6,0,0,0,0
61.5,-140.0,0,0,0,0
61.5,-139.5,0,0,0,0
61.5,-138.9,0,0,0,0
61.5,-137.6,0,0,0,0
61.5,-137.0,0,0,0,0
61.5,-136.5,0,0,0,0
61.5,-135.9,0,0,0,0
61.5,-135.4,0,0,0,0
61.5,-134.5,0,0,0,0
61.5,-134.0,0,0,0,0
61.5,-133.5,0,0,0,0
61.5,-132.1,0,0,0,0
61.5,-131.5,0,0,0,0
61.5,-130.7,0,0,0,0
61.5,-130.1,0,0,0,0
61.5,-129.3,0,0,0,0
61.5,-128.7,0,0,0,0
61.5,-127.9,0,0,0,0
61.5,-127.3,0,0,0,0
61.5,-126.5,0,0,0,0
61.5,-125.9,0,0,0,0
61.5,-125.1,0,0,0,0
61.5,-124.2,0,0,0,0
61.5,-123.4,0,0,0,0
61.5,-122.5,0,0,0,0
61.5,-122.0,0,0,0,0
61.5,-121.6,0,0,0,0
61.5,-121.1,0,0,0,0
61.5,-120.8,0,0,0,0
61.5,-119.9,0,0,0,0
61.5,-119.0,0,0,0,0
61.5,-118.2,0,0,0,0
61.5,-117.3,0,0,0,0
61.5,-116.9,0,0,0,0
61.5,-116.1,0,0,0,0
61.5,-115.2,0,0,0,0
61.5,-114.8,0,0,0,0
61.5,-114.0,0,0,0,0
61.5,-112.8,0,0,0,0
61.5,-111.5,0,0,0,0
61.5,-110.3,0,0,0,0
61.5,-109.9,0,0,0,0
61.5,-109.1,0,0,0,0
61.5,-108.7,0,0,0,0
61.5,-107.5,0,0,0,0
61.5,-107.1,0,0,0,0
61.5,-105.9,0,0,0,0
61.5,-105.5,0,0,0,0
61.5,-105.2,0,0,0,0
61.5,-103.9,0,0,0,0
61.5,-103.6,0,0,0,0
61.5,-103.2,0,0,0,0
61.5,-102.0,1,0,0,0
61.5,-101.6,0,0,0,0
61.5,-101.2,0,0,0,0
61.5,-100.8,0,1,0,0
61.5,-98.8,0,0,0,0
61.5,-98.5,0,0,0,0
61.5,-98.1,0,0,0,0
61.5,-97.7,0,0,0,0
61.5,-97.3,0,1,0,0
61.5,-93.8,1,0,0,0
61.5,-93.4,1,0,0,0
61.5,-79.8,0,0,0,0
61.5,-77.8,0,0,0,0
61.5,-76.6,0,0,0,0
61.5,-76.3,0,0,0,0
61.5,-75.0,0,0,0,0
61.5,-74.7,0,0,0,0
61.5,-73.8,0,0,0,0
61.5,-73.4,0,0,0,0
61.5,-72.2,0,0,0,0
61.5,-71.8,0,0,0,0
61.5,-65.6,0,0,0,0
61.5,-64.7,0,0,0,0
61.6,-140.9,0,0,0,0
61.6,-140.3,0,0,0,0
61.6,-139.8,0,0,0,0
61.6,-139.2,0,0,0,0
61.6,-138.7,0,0,0,0
61.6,-138.1,0,0,0,0
61.6,-136.7,0,0,0,0
61.6,-136.2,0,0,0,0
61.6,-135.6,0,0,0,0
61.6,-135.1,0,0,0,0
61.6,-133.7,0,0,0,0
61.6,-133.1,0,0,0,0
61.6,-132.6,0,0,0,0
61.6,-131.7,0,0,0,0
61.6,-131.2,0,0,0,0
61.6,-130.3,0,0,0,0
61.6,-129.8,0,0,0,0
61.6,-128.4,0,0,0,0
61.6,-127.5,0,0,0,0
61.6,-127.0,0,0,0,0
61.6,-126.1,0,0,0,0
61.6,-125.6,0,0,0,0
61.6,-125.3,0,0,0,0
61.6,-124.7,0,0,0,0
61.6,-123.9,0,0,0,0
61.6,-123.0,0,0,0,0
61.6,-122.1,0,0,0,0
61.6,-121.3,0,0,0,0
61.6,-120.4,0,0,0,0
61.6,-119.5,0,0,0,0
61.6,-118.7,0,0,0,0
61.6,-117.8,0,0,0,0
61.6,-117.4,0,0,0,0
61.6,-116.6,0,0,0,0
61.6,-115.7,0,0,0,0
61.6,-115.4,0,0,0,0
61.6,-114.5,0,0,0,0
61.6,-113.6,0,0,0,0
61.6,-113.3,0,0,0,0
61.6,-112.4,0,0,0,0
61.6,-112.0,0,0,0,0
61.6,-111.2,0,0,0,0
61.6,-110.8,0,0,0,0
61.6,-109.6,0,0,0,0
61.6,-109.2,0,0,0,0
61.6,-108.3,0,0,0,0
61.6,-108.0,0,0,0,0
61.6,-106.7,0,0,0,0
61.6,-106.4,0,0,0,0
61.6,-104.8,0,0,0,0
61.6,-104.4,0,0,0,0
61.6,-102.8,0,0,0,0
61.6,-102.4,0,0,0,0
61.6,-102.0,0,1,0,0
61.6,-100.4,0,0,0,0
61.6,-100.0,0,0,0,0
61.6,-99.7,0,0,0,0
61.6,-99.3,0,0,0,0
61.6,-96.9,0,0,0,0
61.6,-96.5,0,0,0,0
61.6,-96.1,0,0,0,0
61.6,-95.8,0,0,0,0
61.6,-95.4,0,0,0,0
61.6,-95.0,0,0,0,0
61.6,-94.6,0,0,0,0
61.6,-94.2,0,0,0,0
61.6,-93.8,0,1,0,0
61.6,-93.4,0,1,0,0
61.6,-77.4,0,0,0,0
61.6,-77.0,0,0,0,0
61.6,-75.8,0,0,0,0
61.6,-75.4,0,0,0,0
61.6,-74.6,0,0,0,0
61.6,-74.2,0,0,0,0
61.6,-73.0,0,0,0,0
61.6,-72.6,0,0,0,0
61.6,-71.7,0,0,0,0
61.6,-71.4,0,0,0,0
61.6,-65.1,0,0,0,0
61.7,-141.1,0,0,0,0
61.7,-140.6,0,0,0,0
61.7,-140.0,0,0,0,0
61.7,-139.5,0,0,0,0
61.7,-138.9,0,0,0,0
61.7,-138.4,0,0,0,0
61.7,-137.8,0,0,0,0
61.7,-137.3,0,0,0,0
61.7,-135.9,0,0,0,0
61.7,-135.3,0,0,0,0
61.7,-134.8,0,0,0,0
61.7,-134.2,0,0,0,0
61.7,-133.4,0,0,0,0
61.7,-132.8,0,0,0,0
61.7,-132.3,0,0,0,0
61.7,-131.4,0,0,0,0
61.7,-130.9,0,0,0,0
61.7,-129.5,0,0,0,0
61.7,-128.9,0,0,0,0
61.7,-128.1,0,0,0,0
61.7,-127.2,0,0,0,0
61.7,-126.7,0,0,0,0
61.7,-125.8,0,0,0,0
61.7,-124.9,0,0,0,0
61.7,-124.4,0,0,0,0
61.7,-123.5,0,0,0,0
61.7,-122.7,0,0,0,0
61.7,-121.8,0,0,0,0
61.7,-120.9,0,0,0,0
61.7,-120.1,0,0,0,0
61.7,-119.2,0,0,0,0
61.7,-118.3,0,0,0,0
61.7,-118.0,0,0,0,0
61.7,-117.1,0,0,0,0
61.7,-116.2,0,0,0,0
61.7,-115.0,0,0,0,0
61.7,-114.1,0,0,0,0
61.7,-113.8,0,0,0,0
61.7,-112.9,0,0,0,0
61.7,-112.5,0,0,0,0
61.7,-111.7,0,0,0,0
61.7,-111.3,0,0,0,0
61.7,-110.4,0,0,0,0
61.7,-110.1,0,0,0,0
61.7,-108.8,0,0,0,0
61.7,-108.4,0,0,0,0
61.7,-107.6,0,0,0,0
61.7,-107.2,0,0,0,0
61.7,-106.8,0,0,0,0
61.7,-106.0,0,0,0,0
61.7,-105.6,0,0,0,0
61.7,-105.2,0,0,0,0
61.7,-104.0,0,0,0,0
61.7,-103.6,0,0,0,0
61.7,-103.2,0,0,0,0
61.7,-101.6,0,0,0,0
61.7,-101.3,0,0,0,0
61.7,-100.9,0,0,0,0
61.7,-100.5,0,0,0,0
61.7,-98.9,0,0,0,0
61.7,-98.5,0,0,0,0
61.7,-98.1,0,0,0,0
61.7,-97.7,0,0,0,0
61.7,-97.3,0,0,0,0
61.7,-97.0,0,0,0,0
61.7,-80.1,0,0,0,0
61.7,-79.7,0,0,0,0
61.7,-78.1,0,0,0,0
61.7,-77.8,0,0,0,0
61.7,-76.9,0,0,0,0
61.7,-76.5,0,0,0,0
61.7,-76.2,0,0,0,0
61.7,-75.3,0,0,0,0
61.7,-74.9,0,0,0,0
61.7,-73.7,0,0,0,0
61.7,-73.3,0,0,0,0
61.7,-72.5,0,0,0,0
61.7,-72.1,0,0,0,0
61.7,-65.8,0,0,0,0
61.7,-65.4,0,0,0,0
61.7,-64.6,0,0,0,0
61.8,-138.6,0,0,0,0
61.8,-138.1,0,0,0,0
61.8,-137.5,0,0,0,0
61.8,-137.0,0,0,0,0
61.8,-136.4,0,0,0,0
61.8,-135.0,0,0,0,0
61.8,-134.5,0,0,0,0
61.8,-133.9,0,0,0,0
61.8,-132.5,0,0,0,0
61.8,-132.0,0,0,0,0
61.8,-131.1,0,0,0,0
61.8,-130.6,0,0,0,0
61.8,-130.0,0,0,0,0
61.8,-129.2,0,0,0,0
61.8,-128.6,0,0,0,0
61.8,-127.7,0,0,0,0
61.8,-126.9,0,0,0,0
61.8,-126.3,0,0,0,0
61.8,-125.5,0,0,0,0
61.8,-124.6,0,0,0,0
61.8,-124.1,0,0,0,0
61.8,-123.7,0,0,0,0
61.8,-123.2,0,0,0,0
61.8,-122.3,0,0,0,0
61.8,-121.4,0,0,0,0
61.8,-120.6,0,0,0,0
61.8,-119.7,0,0,0,0
61.8,-118.8,0,0,0,0
61.8,-118.5,0,0,0,0
61.8,-117.6,0,0,0,0
61.8,-116.7,0,0,0,0
61.8,-115.9,0,0,0,0
61.8,-115.5,0,0,0,0
61.8,-114.6,0,0,0,0
61.8,-114.3,0,0,0,0
61.8,-113.4,0,0,0,0
61.8,-112.2,0,0,0,0
61.8,-110.9,0,0,0,0
61.8,-110.5,0,0,0,0
61.8,-109.7,0,0,0,0
61.8,-109.3,0,0,0,0
61.8,-108.1,0,0,0,0
61.8,-107.7,0,0,0,0
61.8,-106.5,0,0,0,0
61.8,-106.1,0,0,0,0
61.8,-104.9,1,0,0,0
61.8,-104.5,0,0,0,0
61.8,-104.1,0,0,0,0
61.8,-102.9,1,0,0,0
61.8,-102.5,0,0,0,0
61.8,-102.1,0,0,0,0
61.8,-101.7,0,0,0,0
61.8,-100.1,0,0,0,0
61.8,-99.7,0,0,0,0
61.8,-99.3,0,0,0,0
61.8,-98.9,0,0,0,0
61.8,-96.6,1,0,0,0
61.8,-96.2,0,0,0,0
61.8,-95.8,0,0,0,0
61.8,-95.4,0,0,0,0
61.8,-95.0,0,0,0,0
61.8,-94.6,0,0,0,0
61.8,-94.2,0,0,0,0
61.8,-93.8,0,0,0,0
61.8,-93.4,0,0,0,0
61.8,-93.1,0,0,0,0
61.8,-92.7,0,0,0,0
61.8,-79.7,0,0,0,0
61.8,-79.3,0,0,0,0
61.8,-77.7,0,0,0,0
61.8,-77.3,0,0,0,0
61.8,-76.1,0,0,0,0
61.8,-75.7,0,0,0,0
61.8,-74.4,0,0,0,0
61.8,-74.1,0,0,0,0
61.8,-73.2,0,0,0,0
61.8,-72.8,0,0,0,0
61.8,-66.2,0,0,0,0
61.8,-65.3,0,0,0,0
61.8,-64.9,0,0,0,0
61.9,-140.8,0,0,0,0
61.9,-140.3,0,0,0,0
61.9,-139.7,0,0,0,0
61.9,-139.2,0,0,0,0
61.9,-137.8,0,0,0,0
61.9,-137.2,0,0,0,0
61.9,-136.7,0,0,0,0
61.9,-136.1,0,0,0,0
61.9,-135.6,0,0,0,0
61.9,-134.2,0,0,0,0
61.9,-133.6,0,0,0,0
61.9,-133.1,0,0,0,0
61.9,-132.2,0,0,0,0
61.9,-131.7,0,0,0,0
61.9,-130.2,0,0,0,0
61.9,-129.7,0,0,0,0
61.9,-128.8,0,0,0,0
61.9,-128.3,0,0,0,0
61.9,-127.4,0,0,0,0
61.9,-126.5,0,0,0,0
61.9,-126.0,0,0,0,0
61.9,-125.1,0,0,0,0
61.9,-124.3,0,0,0,0
61.9,-123.4,0,0,0,0
61.9,-122.8,0,0,0,0
61.9,-122.5,0,0,0,0
61.9,-122.0,0,0,0,0
61.9,-121.6,0,0,0,0
61.9,-121.1,0,0,0,0
61.9,-120.7,0,0,0,0
61.9,-120.2,0,0,0,0
61.9,-119.9,0,0,0,0
61.9,-119.3,0,0,0,0
61.9,-119.0,0,0,0,0
61.9,-118.1,0,0,0,0
61.9,-117.2,0,0,0,0
61.9,-116.4,0,0,0,0
61.9,-116.0,0,0,0,0
61.9,-115.1,0,0,0,0
61.9,-113.9,0,0,0,0
61.9,-113.0,0,0,0,0
61.9,-112.6,0,0,0,0
61.9,-111.8,0,0,0,0
61.9,-111.4,0,0,0,0
61.9,-110.2,0,0,0,0
61.9,-108.9,0,0,0,0
61.9,-108.5,0,0,0,0
61.9,-107.3,0,0,0,0
61.9,-106.9,0,0,0,0
61.9,-105.7,0,0,0,0
61.9,-105.3,0,0,0,0
61.9,-104.9,0,1,0,0
61.9,-103.7,0,0,0,0
61.9,-103.3,0,0,0,0
61.9,-102.9,0,1,0,0
61.9,-101.3,0,0,0,0
61.9,-100.9,0,0,0,0
61.9,-100.5,0,0,0,0
61.9,-98.5,0,0,0,0
61.9,-98.2,0,0,0,0
61.9,-97.8,0,0,0,0
61.9,-97.4,0,0,0,0
61.9,-97.0,0,0,0,0
61.9,-96.6,0,1,0,0
61.9,-80.4,0,0,0,0
61.9,-80.1,0,0,0,0
61.9,-78.1,0,0,0,0
61.9,-76.8,0,0,0,0
61.9,-76.4,0,0,0,0
61.9,-75.2,0,0,0,0
61.9,-74.8,0,0,0,0
61.9,-73.6,0,0,0,0
61.9,-72.3,0,0,0,0
61.9,-72.0,0,0,0,0
61.9,-66.5,0,0,0,0
61.9,-65.6,0,0,0,0
61.9,-64.8,0,0,0,0
62.0,-141.1,0,0,0,0
62.0,-140.6,0,0,0,0
62.0,-140.0,0,0,0,0
62.0,-139.5,0,0,0,0
62.0,-138.9,0,0,0,0
62.0,-138.3,0,0,0,0
62.0,-136.4,0,0,0,0
62.0,-135.8,0,0,0,0
62.0,-135.3,0,0,0,0
62.0,-134.7,0,0,0,0
62.0,-133.9,0,0,0,0
62.0,-133.3,0,0,0,0
62.0,-132.8,0,0,0,0
62.0,-131.9,0,0,0,0
62.0,-131.3,0,0,0,0
62.0,-130.8,0,0,0,0
62.0,-129.9,0,0,0,0
62.0,-129.4,0,0,0,0
62.0,-128.5,0,0,0,0
62.0,-128.0,0,0,0,0
62.0,-127.1,0,0,0,0
62.0,-126.2,0,0,0,0
62.0,-125.7,0,0,0,0
62.0,-124.8,0,0,0,0
62.0,-123.9,0,0,0,0
62.0,-123.0,0,0,0,0
62.0,-122.2,0,0,0,0
62.0,-121.3,0,0,0,0
62.0,-120.4,0,0,0,0
62.0,-119.5,0,0,0,0
62.0,-118.6,0,0,0,0
62.0,-117.8,0,0,0,0
62.0,-116.9,0,0,0,0
62.0,-116.5,0,0,0,0
62.0,-115.6,0,0,0,0
62.0,-114.8,0,0,0,0
62.0,-114.4,0,0,0,0
62.0,-113.5,0,0,0,0
62.0,-113.1,0,0,0,0
62.0,-112.3,0,0,0,0
62.0,-111.9,0,0,0,0
62.0,-111.0,0,0,0,0
62.0,-110.7,0,0,0,0
62.0,-109.8,0,0,0,0
62.0,-109.4,0,0,0,0
62.0,-108.2,0,0,0,0
62.0,-107.8,0,0,0,0
62.0,-106.5,0,0,0,0
62.0,-106.2,0,0,0,0
62.0,-104.5,0,0,0,0
62.0,-104.2,0,0,0,0
62.0,-102.5,0,0,0,0
62.0,-102.2,0,0,0,0
62.0,-101.8,0,0,0,0
62.0,-100.2,1,0,0,0
62.0,-99.8,0,0,0,0
62.0,-99.4,0,0,0,0
62.0,-99.0,0,0,0,0
62.0,-98.6,0,0,0,0
62.0,-96.2,1,0,0,0
62.0,-95.8,0,0,0,0
62.0,-95.4,0,0,0,0
62.0,-95.0,0,0,0,0
62.0,-94.6,0,0,0,0
62.0,-94.2,0,0,0,0
62.0,-93.8,0,0,0,0
62.0,-93.5,0,0,0,0
62.0,-93.1,0,0,0,0
62.0,-92.7,0,0,0,0
62.0,-79.6,0,0,0,0
62.0,-79.2,0,0,0,0
62.0,-77.6,0,0,0,0
62.0,-77.2,0,0,0,0
62.0,-76.0,0,0,0,0
62.0,-75.6,0,0,0,0
62.0,-74.3,0,0,0,0
62.0,-74.0,0,0,0,0
62.0,-73.1,0,0,0,0
62.0,-72.7,0,0,0,0
62.0,-67.2,0,0,0,0
62.0,-66.9,0,0,0,0
62.0,-66.0,0,0,0,0
62.0,-65.1,0,0,0,0
62.1,-140.8,0,0,0,0
62.1,-140.3,0,0,0,0
62.1,-139.7,0,0,0,0
62.1,-139.2,0,0,0,0
62.1,-138.6,0,0,0,0
62.1,-138.0,0,0,0,0
62.1,-137.5,0,0,0,0
62.1,-136.9,0,0,0,0
62.1,-136.1,0,0,0,0
62.1,-135.5,0,0,0,0
62.1,-135.0,0,0,0,0
62.1,-134.4,0,0,0,0
62.1,-133.5,0,0,0,0
62.1,-133.0,0,0,0,0
62.1,-132.4,0,0,0,0
62.1,-131.6,0,0,0,0
62.1,-131.0,0,0,0,0
62.1,-130.5,0,0,0,0
62.1,-129.6,0,0,0,0
62.1,-129.0,0,0,0,0
62.1,-128.2,0,0,0,0
62.1,-127.6,0,0,0,0
62.1,-126.7,0,0,0,0
62.1,-125.9,0,0,0,0
62.1,-125.3,0,0,0,0
62.1,-125.0,0,0,0,0
62.1,-124.4,0,0,0,0
62.1,-123.6,0,0,0,0
62.1,-122.7,0,0,0,0
62.1,-121.8,0,0,0,0
62.1,-120.9,0,0,0,0
62.1,-120.0,0,0,0,0
62.1,-119.2,0,0,0,0
62.1,-118.3,0,0,0,0
62.1,-117.4,0,0,0,0
62.1,-117.0,0,0,0,0
62.1,-116.1,0,0,0,0
62.1,-115.3,0,0,0,0
62.1,-114.9,0,0,0,0
62.1,-114.0,0,0,0,0
62.1,-113.6,0,0,0,0
62.1,-112.8,0,0,0,0
62.1,-111.5,0,0,0,0
62.1,-111.1,0,0,0,0
62.1,-110.3,0,0,0,0
62.1,-109.9,0,0,0,0
62.1,-109.0,0,0,0,0
62.1,-108.7,0,0,0,0
62.1,-108.3,0,0,0,0
62.1,-107.4,0,0,0,0
62.1,-107.0,0,0,0,0
62.1,-106.6,0,0,0,0
62.1,-105.8,0,0,0,0
62.1,-105.4,0,0,0,0
62.1,-105.0,0,0,0,0
62.1,-103.8,1,0,0,0
62.1,-103.4,0,0,0,0
62.1,-103.0,0,0,0,0
62.1,-101.4,1,0,0,0
62.1,-101.0,0,0,0,0
62.1,-100.6,0,0,0,0
62.1,-100.2,0,1,0,0
62.1,-98.2,1,0,0,0
62.1,-97.8,0,0,0,0
62.1,-97.4,0,0,0,0
62.1,-97.0,0,0,0,0
62.1,-96.6,0,0,0,0
62.1,-96.2,0,1,0,0
62.1,-83.6,0,0,0,0
62.1,-83.2,0,0,0,0
62.1,-80.4,0,0,0,0
62.1,-80.0,0,0,0,0
62.1,-78.4,0,0,0,0
62.1,-78.0,0,0,0,0
62.1,-76.7,0,0,0,0
62.1,-76.3,1,0,0,0
62.1,-75.1,0,0,0,0
62.1,-74.7,0,0,0,0
62.1,-73.9,0,0,0,0
62.1,-73.5,0,0,0,0
62.1,-72.6,0,0,0,0
62.1,-72.2,0,0,0,0
62.1,-67.6,0,0,0,0
62.1,-66.7,0,0,0,0
62.1,-66.4,0,0,0,0
62.2,-139.4,0,0,0,0
62.2,-138.9,0,0,0,0
62.2,-138.3,0,0,0,0
62.2,-137.8,0,0,0,0
62.2,-137.2,0,0,0,0
62.2,-136.6,0,0,0,0
62.2,-135.2,0,0,0,0
62.2,-134.7,0,0,0,0
62.2,-134.1,0,0,0,0
62.2,-132.7,0,0,0,0
62.2,-132.1,0,0,0,0
62.2,-130.7,0,0,0,0
62.2,-130.1,0,0,0,0
62.2,-129.3,0,0,0,0
62.2,-128.7,0,0,0,0
62.2,-127.8,0,0,0,0
62.2,-127.3,0,0,0,0
62.2,-127.0,0,0,0,0
62.2,-126.4,0,0,0,0
62.2,-125.5,0,0,0,0
62.2,-124.6,0,0,0,0
62.2,-124.1,0,0,0,0
62.2,-123.2,0,0,0,0
62.2,-122.3,0,0,0,0
62.2,-121.4,0,0,0,0
62.2,-120.6,0,0,0,0
62.2,-119.7,0,0,0,0
62.2,-118.8,0,0,0,0
62.2,-118.4,0,0,0,0
62.2,-117.9,0,0,0,0
62.2,-117.5,0,0,0,0
62.2,-116.7,0,0,0,0
62.2,-115.8,0,0,0,0
62.2,-115.4,0,0,0,0
62.2,-114.5,0,0,0,0
62.2,-113.3,0,0,0,0
62.2,-112.4,0,0,0,0
62.2,-112.0,0,0,0,0
62.2,-110.8,0,0,0,0
62.2,-109.5,0,0,0,0
62.2,-109.1,0,0,0,0
62.2,-107.9,0,0,0,0
62.2,-107.5,0,0,0,0
62.2,-106.3,0,0,0,0
62.2,-105.9,0,0,0,0
62.2,-104.6,0,0,0,0
62.2,-104.2,0,0,0,0
62.2,-103.8,0,1,0,0
62.2,-102.6,0,0,0,0
62.2,-102.2,0,0,0,0
62.2,-101.8,0,0,0,0
62.2,-101.4,0,1,0,0
62.2,-99.8,0,0,0,0
62.2,-99.4,0,0,0,0
62.2,-99.0,0,0,0,0
62.2,-98.6,0,0,0,0
62.2,-98.2,0,1,0,0
62.2,-95.8,0,0,0,0
62.2,-95.4,0,0,0,0
62.2,-95.0,0,0,0,0
62.2,-94.6,0,0,0,0
62.2,-94.3,0,0,0,0
62.2,-93.9,0,0,0,0
62.2,-93.5,0,0,0,0
62.2,-93.1,0,0,0,0
62.2,-92.7,0,0,0,0
62.2,-92.3,0,0,0,0
62.2,-83.9,0,0,0,0
62.2,-79.9,0,0,0,0
62.2,-79.5,0,0,0,0
62.2,-79.1,0,0,0,0
62.2,-77.9,0,0,0,0
62.2,-77.5,0,0,0,0
62.2,-77.1,0,0,0,0
62.2,-76.3,0,1,0,0
62.2,-75.9,0,0,0,0
62.2,-75.5,0,0,0,0
62.2,-74.6,0,0,0,0
62.2,-74.2,0,0,0,0
62.2,-73.0,0,0,0,0
62.2,-68.3,0,0,0,0
62.2,-68.0,0,0,0,0
62.2,-67.1,0,0,0,0
62.2,-66.2,0,0,0,0
62.2,-65.8,0,0,0,0
62.3,-141.1,0,0,0,0
62.3,-140.6,0,0,0,0
62.3,-140.0,0,0,0,0
62.3,-138.0,0,0,0,0
62.3,-137.5,0,0,0,0
62.3,-136.9,0,0,0,0
62.3,-136.3,0,0,0,0
62.3,-135.8,0,0,0,0
62.3,-134.3,0,0,0,0
62.3,-133.8,0,0,0,0
62.3,-133.2,0,0,0,0
62.3,-132.4,0,0,0,0
62.3,-131.8,0,0,0,0
62.3,-131.2,0,0,0,0
62.3,-130.4,0,0,0,0
62.3,-129.8,0,0,0,0
62.3,-128.9,0,0,0,0
62.3,-128.4,0,0,0,0
62.3,-127.5,0,0,0,0
62.3,-126.6,0,0,0,0
62.3,-126.1,0,0,0,0
62.3,-125.2,0,0,0,0
62.3,-124.3,0,0,0,0
62.3,-123.8,0,0,0,0
62.3,-123.4,0,0,0,0
62.3,-122.9,0,0,0,0
62.3,-122.0,0,0,0,0
62.3,-121.1,0,0,0,0
62.3,-120.2,0,0,0,0
62.3,-119.3,0,0,0,0
62.3,-119.0,0,0,0,0
62.3,-118.1,0,0,0,0
62.3,-117.2,0,0,0,0
62.3,-116.3,0,0,0,0
62.3,-115.9,0,0,0,0
62.3,-115.0,0,0,0,0
62.3,-114.2,0,0,0,0
62.3,-113.8,0,0,0,0
62.3,-112.9,0,0,0,0
62.3,-112.5,0,0,0,0
62.3,-111.6,0,0,0,0
62.3,-111.3,0,0,0,0
62.3,-110.4,0,0,0,0
62.3,-110.0,0,0,0,0
62.3,-108.8,0,0,0,0
62.3,-108.4,0,0,0,0
62.3,-107.1,0,0,0,0
62.3,-106.7,0,0,0,0
62.3,-105.5,0,0,0,0
62.3,-105.1,0,0,0,0
62.3,-104.7,0,0,0,0
62.3,-103.5,0,0,0,0
62.3,-103.1,0,0,0,0
62.3,-102.7,0,0,0,0
62.3,-101.0,0,0,0,0
62.3,-100.6,0,0,0,0
62.3,-100.3,0,0,0,0
62.3,-99.9,0,0,0,0
62.3,-97.8,0,0,0,0
62.3,-97.4,0,0,0,0
62.3,-97.0,0,0,0,0
62.3,-96.7,0,0,0,0
62.3,-96.3,0,0,0,0
62.3,-95.9,0,0,0,0
62.3,-95.5,0,0,0,0
62.3,-83.9,0,0,0,0
62.3,-83.5,0,0,0,0
62.3,-83.1,0,0,0,0
62.3,-82.7,0,0,0,0
62.3,-80.3,0,0,0,0
62.3,-78.3,0,0,0,0
62.3,-77.0,0,0,0,0
62.3,-76.6,0,0,0,0
62.3,-75.4,0,0,0,0
62.3,-75.0,0,0,0,0
62.3,-73.7,0,0,0,0
62.3,-73.4,0,0,0,0
62.3,-68.7,0,0,0,0
62.3,-67.8,0,0,0,0
62.3,-67.5,0,0,0,0
62.3,-66.6,0,0,0,0
62.3,-64.8,0,0,0,0
62.3,-64.4,0,0,0,0
62.4,-140.8,0,0,0,0
62.4,-140.3,0,0,0,0
62.4,-139.7,0,0,0,0
62.4,-139.1,0,0,0,0
62.4,-138.6,0,0,0,0
62.4,-136.6,0,0,0,0
62.4,-136.0,0,0,0,0
62.4,-135.5,0,0,0,0
62.4,-134.9,0,0,0,0
62.4,-134.0,0,0,0,0
62.4,-133.5,0,0,0,0
62.4,-132.9,0,0,0,0
62.4,-132.0,0,0,0,0
62.4,-131.5,0,0,0,0
62.4,-130.9,0,0,0,0
62.4,-130.0,0,0,0,0
62.4,-129.5,0,0,0,0
62.4,-128.6,0,0,0,0
62.4,-128.1,0,0,0,0
62.4,-127.2,0,0,0,0
62.4,-126.3,0,0,0,0
62.4,-125.7,0,0,0,0
62.4,-124.8,0,0,0,0
62.4,-123.9,0,0,0,0
62.4,-123.1,0,0,0,0
62.4,-122.5,0,0,0,0
62.4,-122.2,0,0,0,0
62.4,-121.6,0,0,0,0
62.4,-121.3,0,0,0,0
62.4,-120.7,0,0,0,0
62.4,-120.4,0,0,0,0
62.4,-119.8,0,0,0,0
62.4,-119.5,0,0,0,0
62.4,-118.6,0,0,0,0
62.4,-117.7,0,0,0,0
62.4,-116.8,0,0,0,0
62.4,-116.4,0,0,0,0
62.4,-115.6,0,0,0,0
62.4,-114.7,0,0,0,0
62.4,-114.3,0,0,0,0
62.4,-113.4,0,0,0,0
62.4,-113.0,0,0,0,0
62.4,-112.1,0,0,0,0
62.4,-111.8,0,0,0,0
62.4,-110.9,0,0,0,0
62.4,-110.5,0,0,0,0
62.4,-109.6,0,0,0,0
62.4,-109.2,0,0,0,0
62.4,-108.0,0,0,0,0
62.4,-107.6,0,0,0,0
62.4,-106.3,0,0,0,0
62.4,-106.0,0,0,0,0
62.4,-104.3,0,0,0,0
62.4,-103.9,0,0,0,0
62.4,-102.3,0,0,0,0
62.4,-101.9,0,0,0,0
62.4,-101.5,0,0,0,0
62.4,-99.5,0,0,0,0
62.4,-99.1,0,0,0,0
62.4,-98.7,0,0,0,0
62.4,-98.3,0,0,0,0
62.4,-97.9,0,0,0,0
62.4,-95.1,1,0,0,0
62.4,-94.7,1,0,0,0
62.4,-94.3,0,0,0,0
62.4,-93.9,0,0,0,0
62.4,-93.5,0,0,0,0
62.4,-93.1,0,0,0,0
62.4,-92.7,0,0,0,0
62.4,-92.3,0,0,0,0
62.4,-91.9,0,0,0,0
62.4,-82.3,0,0,0,0
62.4,-79.8,0,0,0,0
62.4,-79.4,0,0,0,0
62.4,-77.8,0,0,0,0
62.4,-77.4,0,0,0,0
62.4,-76.2,0,0,0,0
62.4,-75.8,0,0,0,0
62.4,-74.1,0,0,0,0
62.4,-73.2,0,0,0,0
62.4,-72.9,0,0,0,0
62.4,-69.5,0,0,0,0
62.4,-69.1,0,0,0,0
62.4,-68.2,0,0,0,0
62.4,-67.3,0,0,0,0
62.4,-66.9,0,0,0,0
62.4,-66.1,0,0,0,0
62.4,-65.2,0,0,0,0
62.4,-64.3,0,0,0,0
62.5,-141.1,0,0,0,0
62.5,-140.5,0,0,0,0
62.5,-140.0,0,0,0,0
62.5,-139.4,0,0,0,0
62.5,-138.8,0,0,0,0
62.5,-138.3,0,0,0,0
62.5,-137.7,0,0,0,0
62.5,-137.2,0,0,0,0
62.5,-135.7,0,0,0,0
62.5,-135.2,0,0,0,0
62.5,-134.6,0,0,0,0
62.5,-133.2,0,0,0,0
62.5,-132.6,0,0,0,0
62.5,-131.2,0,0,0,0
62.5,-130.6,0,0,0,0
62.5,-129.7,0,0,0,0
62.5,-129.2,0,0,0,0
62.5,-128.3,0,0,0,0
62.5,-127.7,0,0,0,0
62.5,-126.8,0,0,0,0
62.5,-125.9,0,0,0,0
62.5,-125.4,0,0,0,0
62.5,-124.5,0,0,0,0
62.5,-123.6,0,0,0,0
62.5,-122.7,0,0,0,0
62.5,-121.8,0,0,0,0
62.5,-120.9,0,0,0,0
62.5,-120.0,0,0,0,0
62.5,-119.1,0,0,0,0
62.5,-118.2,0,0,0,0
62.5,-117.3,0,0,0,0
62.5,-117.0,0,0,0,0
62.5,-116.1,0,0,0,0
62.5,-115.2,0,0,0,0
62.5,-114.8,0,0,0,0
62.5,-113.9,0,0,0,0
62.5,-112.7,0,0,0,0
62.5,-111.4,0,0,0,0
62.5,-110.1,0,0,0,0
62.5,-109.7,0,0,0,0
62.5,-108.9,0,0,0,0
62.5,-108.5,0,0,0,0
62.5,-107.2,0,0,0,0
62.5,-106.8,0,0,0,0
62.5,-105.6,0,0,0,0
62.5,-105.2,0,0,0,0
62.5,-104.8,0,0,0,0
62.5,-103.5,0,0,0,0
62.5,-103.1,0,0,0,0
62.5,-102.7,0,0,0,0
62.5,-101.1,0,0,0,0
62.5,-100.7,0,0,0,0
62.5,-100.3,0,0,0,0
62.5,-99.9,0,0,0,0
62.5,-97.5,1,0,0,0
62.5,-97.1,0,0,0,0
62.5,-96.7,0,0,0,0
62.5,-96.3,0,0,0,0
62.5,-95.9,0,0,0,0
62.5,-95.5,0,0,0,0
62.5,-95.1,0,1,0,0
62.5,-94.7,0,1,0,0
62.5,-83.8,0,0,0,0
62.5,-83.4,0,0,0,0
62.5,-83.1,0,0,0,0
62.5,-82.7,0,0,0,0
62.5,-78.2,0,0,0,0
62.5,-76.9,0,0,0,0
62.5,-76.5,0,0,0,0
62.5,-74.0,0,0,0,0
62.5,-73.6,0,0,0,0
62.5,-69.8,0,0,0,0
62.5,-68.9,0,0,0,0
62.5,-68.6,0,0,0,0
62.5,-67.7,0,0,0,0
62.5,-66.8,0,0,0,0
62.5,-66.4,0,0,0,0
62.5,-64.6,0,0,0,0
62.6,-139.7,0,0,0,0
62.6,-139.1,0,0,0,0
62.6,-138.5,0,0,0,0
62.6,-138.0,0,0,0,0
62.6,-137.4,0,0,0,0
62.6,-136.8,0,0,0,0
62.6,-136.3,0,0,0,0
62.6,-135.4,0,0,0,0
62.6,-134.8,0,0,0,0
62.6,-134.3,0,0,0,0
62.6,-133.7,0,0,0,0
62.6,-132.8,0,0,0,0
62.6,-132.3,0,0,0,0
62.6,-131.7,0,0,0,0
62.6,-130.8,0,0,0,0
62.6,-130.3,0,0,0,0
62.6,-129.4,0,0,0,0
62.6,-128.8,0,0,0,0
62.6,-127.9,0,0,0,0
62.6,-127.4,0,0,0,0
62.6,-126.5,0,0,0,0
62.6,-125.6,0,0,0,0
62.6,-125.0,0,0,0,0
62.6,-124.1,0,0,0,0
62.6,-123.2,0,0,0,0
62.6,-122.3,0,0,0,0
62.6,-121.4,0,0,0,0
62.6,-120.6,0,0,0,0
62.6,-119.7,0,0,0,0
62.6,-118.8,0,0,0,0
62.6,-117.9,0,0,0,0
62.6,-117.5,0,0,0,0
62.6,-116.6,0,0,0,0
62.6,-115.7,0,0,0,0
62.6,-115.3,0,0,0,0
62.6,-114.4,0,0,0,0
62.6,-113.5,0,0,0,0
62.6,-113.2,0,0,0,0
62.6,-112.3,0,0,0,0
62.6,-111.9,0,0,0,0
62.6,-111.0,0,0,0,0
62.6,-110.6,0,0,0,0
62.6,-109.4,0,0,0,0
62.6,-109.0,0,0,0,0
62.6,-108.1,0,0,0,0
62.6,-107.7,0,0,0,0
62.6,-107.3,0,0,0,0
62.6,-106.4,0,0,0,0
62.6,-106.0,0,0,0,0
62.6,-105.7,0,0,0,0
62.6,-104.4,0,0,0,0
62.6,-104.0,0,0,0,0
62.6,-103.6,0,0,0,0
62.6,-102.3,0,0,0,0
62.6,-102.0,0,0,0,0
62.6,-101.6,0,0,0,0
62.6,-101.2,0,0,0,0
62.6,-99.5,0,0,0,0
62.6,-99.1,0,0,0,0
62.6,-98.7,0,0,0,0
62.6,-98.3,0,0,0,0
62.6,-97.9,0,0,0,0
62.6,-97.5,0,1,0,0
62.6,-94.3,1,0,0,0
62.6,-93.9,1,0,0,0
62.6,-93.5,0,0,0,0
62.6,-93.1,0,0,0,0
62.6,-92.7,0,0,0,0
62.6,-92.3,0,0,0,0
62.6,-91.9,0,0,0,0
62.6,-91.5,0,0,0,0
62.6,-91.1,0,0,0,0
62.6,-82.6,0,0,0,0
62.6,-82.2,0,0,0,0
62.6,-78.1,0,0,0,0
62.6,-77.7,0,0,0,0
62.6,-77.3,0,0,0,0
62.6,-74.8,0,0,0,0
62.6,-74.4,0,0,0,0
62.6,-70.6,0,0,0,0
62.6,-70.2,0,0,0,0
62.6,-69.3,0,0,0,0
62.6,-68.4,0,0,0,0
62.6,-68.1,0,0,0,0
62.6,-67.2,0,0,0,0
62.6,-65.0,0,0,0,0
62.6,-64.1,0,0,0,0
62.7,-140.8,0,0,0,0
62.7,-140.3,0,0,0,0
62.7,-138.2,0,0,0,0
62.7,-137.7,0,0,0,0
62.7,-137.1,0,0,0,0
62.7,-136.5,0,0,0,0
62.7,-136.0,0,0,0,0
62.7,-134.5,0,0,0,0
62.7,-134.0,0,0,0,0
62.7,-133.4,0,0,0,0
62.7,-132.5,0,0,0,0
62.7,-131.9,0,0,0,0
62.7,-131.4,0,0,0,0
62.7,-130.5,0,0,0,0
62.7,-129.9,0,0,0,0
62.7,-129.0,0,0,0,0
62.7,-128.5,0,0,0,0
62.7,-127.6,0,0,0,0
62.7,-127.0,0,0,0,0
62.7,-126.1,0,0,0,0
62.7,-125.2,0,0,0,0
62.7,-124.7,0,0,0,0
62.7,-124.3,0,0,0,0
62.7,-123.8,0,0,0,0
62.7,-122.9,0,0,0,0
62.7,-122.0,0,0,0,0
62.7,-121.1,0,0,0,0
62.7,-120.2,0,0,0,0
62.7,-119.3,0,0,0,0
62.7,-118.4,0,0,0,0
62.7,-118.0,0,0,0,0
62.7,-117.1,0,0,0,0
62.7,-116.2,0,0,0,0
62.7,-114.9,0,0,0,0
62.7,-114.1,0,0,0,0
62.7,-113.7,0,0,0,0
62.7,-112.8,0,0,0,0
62.7,-112.4,0,0,0,0
62.7,-111.5,0,0,0,0
62.7,-111.1,0,0,0,0
62.7,-110.2,0,0,0,0
62.7,-109.9,0,0,0,0
62.7,-108.6,0,0,0,0
62.7,-108.2,0,0,0,0
62.7,-106.9,0,0,0,0
62.7,-106.5,0,0,0,0
62.7,-105.3,0,0,0,0
62.7,-104.9,0,0,0,0
62.7,-104.5,0,0,0,0
62.7,-103.2,0,0,0,0
62.7,-102.8,0,0,0,0
62.7,-102.4,0,0,0,0
62.7,-100.8,0,0,0,0
62.7,-100.4,0,0,0,0
62.7,-100.0,0,0,0,0
62.7,-99.6,0,0,0,0
62.7,-97.1,0,0,0,0
62.7,-96.7,0,0,0,0
62.7,-96.3,0,0,0,0
62.7,-95.9,0,0,0,0
62.7,-95.5,0,0,0,0
62.7,-95.1,0,0,0,0
62.7,-94.7,0,0,0,0
62.7,-94.3,0,1,0,0
62.7,-93.9,0,1,0,0
62.7,-83.8,0,0,0,0
62.7,-83.4,0,0,0,0
62.7,-83.0,0,0,0,0
62.7,-73.9,0,0,0,0
62.7,-71.4,0,0,0,0
62.7,-71.0,0,0,0,0
62.7,-70.1,0,0,0,0
62.7,-69.7,0,0,0,0
62.7,-68.8,0,0,0,0
62.7,-67.5,0,0,0,0
62.7,-66.6,0,0,0,0
62.7,-65.7,0,0,0,0
62.7,-65.4,0,0,0,0
62.8,-141.1,0,0,0,0
62.8,-140.5,0,0,0,0
62.8,-140.0,0,0,0,0
62.8,-139.4,0,0,0,0
62.8,-138.8,0,0,0,0
62.8,-136.8,0,0,0,0
62.8,-136.2,0,0,0,0
62.8,-135.7,0,0,0,0
62.8,-135.1,0,0,0,0
62.8,-134.2,0,0,0,0
62.8,-133.6,0,0,0,0
62.8,-133.1,0,0,0,0
62.8,-131.6,0,0,0,0
62.8,-131.1,0,0,0,0
62.8,-130.2,0,0,0,0
62.8,-129.6,0,0,0,0
62.8,-128.7,0,0,0,0
62.8,-128.1,0,0,0,0
62.8,-127.2,0,0,0,0
62.8,-126.7,0,0,0,0
62.8,-125.8,0,0,0,0
62.8,-124.9,0,0,0,0
62.8,-124.0,0,0,0,0
62.8,-123.4,0,0,0,0
62.8,-123.1,0,0,0,0
62.8,-122.5,0,0,0,0
62.8,-121.6,0,0,0,0
62.8,-120.7,0,0,0,0
62.8,-119.8,0,0,0,0
62.8,-119.5,0,0,0,0
62.8,-118.9,0,0,0,0
62.8,-118.6,0,0,0,0
62.8,-117.6,0,0,0,0
62.8,-116.7,0,0,0,0
62.8,-115.8,0,0,0,0
62.8,-115.5,0,0,0,0
62.8,-114.6,0,0,0,0
62.8,-114.2,0,0,0,0
62.8,-113.3,0,0,0,0
62.8,-112.0,0,0,0,0
62.8,-110.7,0,0,0,0
62.8,-110.4,0,0,0,0
62.8,-109.5,0,0,0,0
62.8,-109.1,0,0,0,0
62.8,-107.8,0,0,0,0
62.8,-107.4,0,0,0,0
62.8,-106.1,0,0,0,0
62.8,-105.7,0,0,0,0
62.8,-104.1,0,0,0,0
62.8,-103.7,0,0,0,0
62.8,-102.0,0,0,0,0
62.8,-101.6,0,0,0,0
62.8,-101.2,0,0,0,0
62.8,-100.8,0,0,0,0
62.8,-99.2,1,0,0,0
62.8,-98.8,0,0,0,0
62.8,-98.4,0,0,0,0
62.8,-98.0,0,0,0,0
62.8,-97.6,0,0,0,0
62.8,-97.1,0,0,0,0
62.8,-93.5,1,0,0,0
62.8,-93.1,1,0,0,0
62.8,-92.7,1,0,0,0
62.8,-92.3,1,0,0,0
62.8,-91.9,1,0,0,0
62.8,-91.5,1,0,0,0
62.8,-91.1,1,0,0,0
62.8,-82.9,0,0,0,0
62.8,-82.5,0,0,0,0
62.8,-82.1,0,0,0,0
62.8,-81.7,1,0,0,0
62.8,-74.7,0,0,0,0
62.8,-74.3,0,0,0,0
62.8,-70.5,0,0,0,0
62.8,-69.6,0,0,0,0
62.8,-69.2,0,0,0,0
62.8,-68.3,0,0,0,0
62.8,-67.9,0,0,0,0
62.8,-67.0,0,0,0,0
62.8,-66.1,0,0,0,0
62.8,-65.2,0,0,0,0
62.8,-64.8,0,0,0,0
62.8,-63.9,0,0,0,0
62.9,-140.8,0,0,0,0
62.9,-140.2,0,0,0,0
62.9,-139.7,0,0,0,0
62.9,-139.1,0,0,0,0
62.9,-138.5,0,0,0,0
62.9,-137.9,0,0,0,0
62.9,-137.4,0,0,0,0
62.9,-135.9,0,0,0,0
62.9,-135.4,0,0,0,0
62.9,-134.8,0,0,0,0
62.9,-133.3,0,0,0,0
62.9,-132.8,0,0,0,0
62.9,-132.2,0,0,0,0
62.9,-131.3,0,0,0,0
62.9,-130.7,0,0,0,0
62.9,-129.8,0,0,0,0
62.9,-129.3,0,0,0,0
62.9,-128.4,0,0,0,0
62.9,-127.8,0,0,0,0
62.9,-126.9,0,0,0,0
62.9,-126.3,0,0,0,0
62.9,-126.0,0,0,0,0
62.9,-125.4,0,0,0,0
62.9,-124.5,0,0,0,0
62.9,-123.6,0,0,0,0
62.9,-122.7,0,0,0,0
62.9,-122.2,0,0,0,0
62.9,-121.8,0,0,0,0
62.9,-121.3,0,0,0,0
62.9,-120.9,0,0,0,0
62.9,-120.4,0,0,0,0
62.9,-120.0,0,0,0,0
62.9,-119.1,0,0,0,0
62.9,-118.2,0,0,0,0
62.9,-117.3,0,0,0,0
62.9,-116.4,0,0,0,0
62.9,-116.0,0,0,0,0
62.9,-115.1,0,0,0,0
62.9,-114.7,0,0,0,0
62.9,-113.8,0,0,0,0
62.9,-112.9,0,0,0,0
62.9,-112.5,0,0,0,0
62.9,-111.6,0,0,0,0
62.9,-111.2,0,0,0,0
62.9,-110.0,0,0,0,0
62.9,-109.6,0,0,0,0
62.9,-108.7,0,0,0,0
62.9,-108.3,0,0,0,0
62.9,-107.0,0,0,0,0
62.9,-106.6,0,0,0,0
62.9,-105.3,0,0,0,0
62.9,-104.9,0,0,0,0
62.9,-104.5,0,0,0,0
62.9,-103.3,0,0,0,0
62.9,-102.9,0,0,0,0
62.9,-102.5,0,0,0,0
62.9,-102.1,0,0,0,0
62.9,-100.4,0,0,0,0
62.9,-100.0,0,0,0,0
62.9,-99.6,0,0,0,0
62.9,-99.2,0,1,0,0
62.9,-96.7,0,0,0,0
62.9,-96.3,0,0,0,0
62.9,-95.9,0,0,0,0
62.9,-95.5,0,0,0,0
62.9,-95.1,0,0,0,0
62.9,-94.7,0,0,0,0
62.9,-94.3,0,0,0,0
62.9,-93.9,0,0,0,0
62.9,-93.5,0,1,0,0
62.9,-93.1,0,1,0,0
62.9,-92.7,0,1,0,0
62.9,-92.3,0,1,0,0
62.9,-91.9,0,1,0,0
62.9,-91.5,0,1,0,0
62.9,-91.1,0,1,0,0
62.9,-90.7,0,0,0,0
62.9,-83.7,0,0,0,0
62.9,-83.3,0,0,0,0
62.9,-81.7,0,1,0,0
62.9,-71.2,0,0,0,0
62.9,-70.8,0,0,0,0
62.9,-69.9,0,0,0,0
62.9,-68.7,0,0,0,0
62.9,-67.8,0,0,0,0
62.9,-67.4,0,0,0,0
62.9,-66.5,0,0,0,0
62.9,-65.6,0,0,0,0
62.9,-64.7,0,0,0,0
62.9,-64.3,0,0,0,0
62.9,-63.8,0,0,0,0
63.0,-140.5,0,0,0,0
63.0,-139.9,0,0,0,0
63.0,-139.4,0,0,0,0
63.0,-138.8,0,0,0,0
63.0,-138.2,0,0,0,0
63.0,-137.6,0,0,0,0
63.0,-137.1,0,0,0,0
63.0,-136.5,0,0,0,0
63.0,-135.6,0,0,0,0
63.0,-135.0,0,0,0,0
63.0,-134.5,0,0,0,0
63.0,-133.9,0,0,0,0
63.0,-133.0,0,0,0,0
63.0,-132.4,0,0,0,0
63.0,-131.9,0,0,0,0
63.0,-131.0,0,0,0,0
63.0,-130.4,0,0,0,0
63.0,-129.5,0,0,0,0
63.0,-128.9,0,0,0,0
63.0,-128.0,0,0,0,0
63.0,-127.5,0,0,0,0
63.0,-126.6,0,0,0,0
63.0,-125.6,0,0,0,0
63.0,-125.1,0,0,0,0
63.0,-124.2,0,0,0,0
63.0,-123.3,0,0,0,0
63.0,-122.4,0,0,0,0
63.0,-121.4,0,0,0,0
63.0,-120.5,0,0,0,0
63.0,-119.6,0,0,0,0
63.0,-118.7,0,0,0,0
63.0,-117.8,0,0,0,0
63.0,-116.9,0,0,0,0
63.0,-116.5,0,0,0,0
63.0,-115.6,0,0,0,0
63.0,-114.3,0,0,0,0
63.0,-113.4,0,0,0,0
63.0,-113.0,0,0,0,0
63.0,-112.1,0,0,0,0
63.0,-111.8,0,0,0,0
63.0,-110.9,0,0,0,0
63.0,-110.5,0,0,0,0
63.0,-109.2,0,0,0,0
63.0,-108.8,0,0,0,0
63.0,-107.9,0,0,0,0
63.0,-107.5,0,0,0,0
63.0,-107.1,0,0,0,0
63.0,-106.2,0,0,0,0
63.0,-105.8,0,0,0,0
63.0,-105.4,0,0,0,0
63.0,-104.2,1,0,0,0
63.0,-103.8,0,0,0,0
63.0,-103.4,0,0,0,0
63.0,-101.7,0,0,0,0
63.0,-101.3,0,0,0,0
63.0,-100.9,0,0,0,0
63.0,-98.8,1,0,0,0
63.0,-98.4,0,0,0,0
63.0,-98.0,0,0,0,0
63.0,-97.6,0,0,0,0
63.0,-97.2,0,0,0,0
63.0,-96.8,0,0,0,0
63.0,-82.9,0,0,0,0
63.0,-82.5,0,0,0,0
63.0,-82.1,0,0,0,0
63.0,-77.9,0,0,0,0
63.0,-71.6,0,0,0,0
63.0,-70.7,0,0,0,0
63.0,-70.3,0,0,0,0
63.0,-69.4,0,0,0,0
63.0,-69.0,0,0,0,0
63.0,-68.1,0,0,0,0
63.0,-67.2,0,0,0,0
63.0,-66.9,0,0,0,0
63.0,-65.9,0,0,0,0
63.0,-65.0,0,0,0,0
63.1,-141.1,0,0,0,0
63.1,-138.5,0,0,0,0
63.1,-137.9,0,0,0,0
63.1,-137.3,0,0,0,0
63.1,-136.8,0,0,0,0
63.1,-136.2,0,0,0,0
63.1,-134.7,0,0,0,0
63.1,-134.1,0,0,0,0
63.1,-133.6,0,0,0,0
63.1,-132.1,0,0,0,0
63.1,-131.5,0,0,0,0
63.1,-130.6,0,0,0,0
63.1,-130.1,0,0,0,0
63.1,-129.2,0,0,0,0
63.1,-128.6,0,0,0,0
63.1,-127.7,0,0,0,0
63.1,-127.1,0,0,0,0
63.1,-126.2,0,0,0,0
63.1,-125.3,0,0,0,0
63.1,-124.7,0,0,0,0
63.1,-123.8,0,0,0,0
63.1,-122.9,0,0,0,0
63.1,-122.0,0,0,0,0
63.1,-121.1,0,0,0,0
63.1,-120.2,0,0,0,0
63.1,-119.3,0,0,0,0
63.1,-118.3,0,0,0,0
63.1,-118.0,0,0,0,0
63.1,-117.4,0,0,0,0
63.1,-117.1,0,0,0,0
63.1,-116.1,0,0,0,0
63.1,-115.2,0,0,0,0
63.1,-114.9,0,0,0,0
63.1,-113.9,0,0,0,0
63.1,-113.6,0,0,0,0
63.1,-112.7,0,0,0,0
63.1,-112.3,0,0,0,0
63.1,-111.4,0,0,0,0
63.1,-111.0,0,0,0,0
63.1,-110.1,0,0,0,0
63.1,-109.7,0,0,0,0
63.1,-108.4,0,0,0,0
63.1,-108.0,0,0,0,0
63.1,-106.7,0,0,0,0
63.1,-106.3,0,0,0,0
63.1,-105.0,0,0,0,0
63.1,-104.6,0,0,0,0
63.1,-104.2,0,1,0,0
63.1,-102.9,0,0,0,0
63.1,-102.5,0,0,0,0
63.1,-102.1,0,0,0,0
63.1,-100.5,1,0,0,0
63.1,-100.1,0,0,0,0
63.1,-99.7,0,0,0,0
63.1,-99.3,0,0,0,0
63.1,-98.8,0,1,0,0
63.1,-96.4,1,0,0,0
63.1,-96.0,0,0,0,0
63.1,-95.6,0,0,0,0
63.1,-95.1,0,0,0,0
63.1,-94.7,0,0,0,0
63.1,-94.3,0,0,0,0
63.1,-93.9,0,0,0,0
63.1,-93.5,0,0,0,0
63.1,-93.1,0,0,0,0
63.1,-92.7,0,0,0,0
63.1,-92.3,0,0,0,0
63.1,-91.9,0,0,0,0
63.1,-91.5,0,0,0,0
63.1,-91.1,0,0,0,0
63.1,-90.7,0,0,0,0
63.1,-84.9,0,0,0,0
63.1,-77.4,0,0,0,0
63.1,-71.5,0,0,0,0
63.1,-71.1,0,0,0,0
63.1,-70.2,0,0,0,0
63.1,-69.8,0,0,0,0
63.1,-68.9,0,0,0,0
63.1,-68.5,0,0,0,0
63.1,-67.6,0,0,0,0
63.1,-66.7,0,0,0,0
63.1,-66.3,0,0,0,0
63.1,-65.4,0,0,0,0
63.1,-64.5,0,0,0,0
63.2,-140.8,0,0,0,0
63.2,-140.2,0,0,0,0
63.2,-139.6,0,0,0,0
63.2,-139.1,0,0,0,0
63.2,-137.0,0,0,0,0
63.2,-136.4,0,0,0,0
63.2,-135.9,0,0,0,0
63.2,-135.3,0,0,0,0
63.2,-133.8,0,0,0,0
63.2,-133.2,0,0,0,0
63.2,-132.7,0,0,0,0
63.2,-131.8,0,0,0,0
63.2,-131.2,0,0,0,0
63.2,-130.3,0,0,0,0
63.2,-129.7,0,0,0,0
63.2,-128.8,0,0,0,0
63.2,-128.2,0,0,0,0
63.2,-127.3,0,0,0,0
63.2,-126.8,0,0,0,0
63.2,-125.9,0,0,0,0
63.2,-124.9,0,0,0,0
63.2,-124.4,0,0,0,0
63.2,-124.0,0,0,0,0
63.2,-123.5,0,0,0,0
63.2,-122.5,0,0,0,0
63.2,-121.6,0,0,0,0
63.2,-120.7,0,0,0,0
63.2,-119.8,0,0,0,0
63.2,-118.9,0,0,0,0
63.2,-118.5,0,0,0,0
63.2,-117.6,0,0,0,0
63.2,-116.7,0,0,0,0
63.2,-115.8,0,0,0,0
63.2,-115.4,0,0,0,0
63.2,-114.5,0,0,0,0
63.2,-113.2,0,0,0,0
63.2,-111.9,0,0,0,0
63.2,-110.6,0,0,0,0
63.2,-110.2,0,0,0,0
63.2,-109.3,0,0,0,0
63.2,-108.9,0,0,0,0
63.2,-107.6,0,0,0,0
63.2,-107.2,0,0,0,0
63.2,-105.9,0,0,0,0
63.2,-105.5,0,0,0,0
63.2,-103.8,0,0,0,0
63.2,-103.4,0,0,0,0
63.2,-103.0,0,0,0,0
63.2,-101.7,0,0,0,0
63.2,-101.3,0,0,0,0
63.2,-100.9,0,0,0,0
63.2,-100.5,0,1,0,0
63.2,-98.4,0,0,0,0
63.2,-98.0,0,0,0,0
63.2,-97.6,0,0,0,0
63.2,-97.2,0,0,0,0
63.2,-96.8,0,0,0,0
63.2,-96.4,0,1,0,0
63.2,-85.7,0,0,0,0
63.2,-85.3,0,0,0,0
63.2,-78.2,0,0,0,0
63.2,-77.8,0,0,0,0
63.2,-71.9,0,0,0,0
63.2,-70.6,0,0,0,0
63.2,-69.3,0,0,0,0
63.2,-68.4,0,0,0,0
63.2,-68.0,0,0,0,0
63.2,-67.1,0,0,0,0
63.2,-66.2,0,0,0,0
63.2,-65.8,0,0,0,0
63.2,-65.2,0,0,0,0
63.2,-64.9,0,0,0,0
63.2,-64.0,0,0,0,0
63.3,-141.1,0,0,0,0
63.3,-140.5,0,0,0,0
63.3,-139.9,0,0,0,0
63.3,-139.3,0,0,0,0
63.3,-138.8,0,0,0,0
63.3,-138.2,0,0,0,0
63.3,-137.6,0,0,0,0
63.3,-136.1,0,0,0,0
63.3,-135.6,0,0,0,0
63.3,-135.0,0,0,0,0
63.3,-134.4,0,0,0,0
63.3,-133.5,0,0,0,0
63.3,-132.9,0,0,0,0
63.3,-132.3,0,0,0,0
63.3,-131.4,0,0,0,0
63.3,-130.9,0,0,0,0
63.3,-130.0,0,0,0,0
63.3,-129.4,0,0,0,0
63.3,-128.5,0,0,0,0
63.3,-127.9,0,0,0,0
63.3,-127.0,0,0,0,0
63.3,-126.4,0,0,0,0
63.3,-125.5,0,0,0,0
63.3,-124.6,0,0,0,0
63.3,-123.7,0,0,0,0
63.3,-123.1,0,0,0,0
63.3,-122.7,0,0,0,0
63.3,-122.2,0,0,0,0
63.3,-121.3,0,0,0,0
63.3,-120.3,0,0,0,0
63.3,-120.0,0,0,0,0
63.3,-119.4,0,0,0,0
63.3,-119.1,0,0,0,0
63.3,-118.1,0,0,0,0
63.3,-117.2,0,0,0,0
63.3,-116.3,0,0,0,0
63.3,-115.9,0,0,0,0
63.3,-115.0,0,0,0,0
63.3,-114.1,0,0,0,0
63.3,-113.7,0,0,0,0
63.3,-112.8,0,0,0,0
63.3,-112.4,0,0,0,0
63.3,-111.5,0,0,0,0
63.3,-111.1,0,0,0,0
63.3,-109.8,0,0,0,0
63.3,-109.4,0,0,0,0
63.3,-108.5,0,0,0,0
63.3,-108.1,0,0,0,0
63.3,-106.8,0,0,0,0
63.3,-106.4,0,0,0,0
63.3,-105.1,0,0,0,0
63.3,-104.7,0,0,0,0
63.3,-104.3,0,0,0,0
63.3,-102.6,0,0,0,0
63.3,-102.2,0,0,0,0
63.3,-101.8,0,0,0,0
63.3,-100.1,0,0,0,0
63.3,-99.7,0,0,0,0
63.3,-99.3,0,0,0,0
63.3,-98.9,0,0,0,0
63.3,-98.5,0,0,0,0
63.3,-96.0,1,0,0,0
63.3,-95.6,0,0,0,0
63.3,-95.2,0,0,0,0
63.3,-94.8,0,0,0,0
63.3,-94.3,0,0,0,0
63.3,-93.9,0,0,0,0
63.3,-93.5,0,0,0,0
63.3,-93.1,0,0,0,0
63.3,-92.7,0,0,0,0
63.3,-92.3,0,0,0,0
63.3,-91.9,0,0,0,0
63.3,-91.5,0,0,0,0
63.3,-91.1,0,0,0,0
63.3,-90.6,0,0,0,0
63.3,-84.9,0,0,0,0
63.3,-84.5,0,0,0,0
63.3,-83.6,0,0,0,0
63.3,-77.3,0,0,0,0
63.3,-71.4,0,0,0,0
63.3,-71.0,0,0,0,0
63.3,-70.1,0,0,0,0
63.3,-69.7,0,0,0,0
63.3,-68.8,0,0,0,0
63.3,-67.8,0,0,0,0
63.3,-67.5,0,0,0,0
63.3,-66.5,0,0,0,0
63.3,-65.6,0,0,0,0
63.3,-64.7,0,0,0,0
63.3,-64.3,0,0,0,0
63.4,-140.8,0,0,0,0
63.4,-140.2,0,0,0,0
63.4,-139.6,0,0,0,0
63.4,-139.0,0,0,0,0
63.4,-138.5,0,0,0,0
63.4,-137.9,0,0,0,0
63.4,-137.3,0,0,0,0
63.4,-136.7,0,0,0,0
63.4,-135.2,0,0,0,0
63.4,-134.7,0,0,0,0
63.4,-134.1,0,0,0,0
63.4,-133.2,0,0,0,0
63.4,-132.6,0,0,0,0
63.4,-132.0,0,0,0,0
63.4,-131.1,0,0,0,0
63.4,-130.5,0,0,0,0
63.4,-129.6,0,0,0,0
63.4,-129.0,0,0,0,0
63.4,-128.1,0,0,0,0
63.4,-127.5,0,0,0,0
63.4,-126.6,0,0,0,0
63.4,-126.1,0,0,0,0
63.4,-125.1,0,0,0,0
63.4,-124.2,0,0,0,0
63.4,-123.3,0,0,0,0
63.4,-122.4,0,0,0,0
63.4,-121.8,0,0,0,0
63.4,-121.5,0,0,0,0
63.4,-120.9,0,0,0,0
63.4,-120.5,0,0,0,0
63.4,-119.6,0,0,0,0
63.4,-118.7,0,0,0,0
63.4,-117.8,0,0,0,0
63.4,-116.8,0,0,0,0
63.4,-116.5,0,0,0,0
63.4,-115.5,0,0,0,0
63.4,-114.6,0,0,0,0
63.4,-114.2,0,0,0,0
63.4,-113.3,0,0,0,0
63.4,-112.9,0,0,0,0
63.4,-112.0,0,0,0,0
63.4,-111.6,0,0,0,0
63.4,-110.7,0,0,0,0
63.4,-110.3,0,0,0,0
63.4,-109.0,0,0,0,0
63.4,-108.6,0,0,0,0
63.4,-107.7,0,0,0,0
63.4,-107.3,0,0,0,0
63.4,-106.0,0,0,0,0
63.4,-105.6,0,0,0,0
63.4,-105.2,0,0,0,0
63.4,-103.9,0,0,0,0
63.4,-103.5,0,0,0,0
63.4,-103.1,0,0,0,0
63.4,-101.4,0,0,0,0
63.4,-101.0,0,0,0,0
63.4,-100.6,0,0,0,0
63.4,-100.2,0,0,0,0
63.4,-98.1,0,0,0,0
63.4,-97.7,0,0,0,0
63.4,-97.3,0,0,0,0
63.4,-96.8,0,0,0,0
63.4,-96.4,0,0,0,0
63.4,-96.0,0,1,0,0
63.4,-85.7,0,0,0,0
63.4,-85.3,0,0,0,0
63.4,-80.7,0,0,0,0
63.4,-78.6,0,0,0,0
63.4,-78.2,0,0,0,0
63.4,-77.8,0,0,0,0
63.4,-76.5,0,0,0,0
63.4,-72.1,0,0,0,0
63.4,-71.7,0,0,0,0
63.4,-70.8,0,0,0,0
63.4,-70.4,0,0,0,0
63.4,-69.5,0,0,0,0
63.4,-69.1,0,0,0,0
63.4,-68.2,0,0,0,0
63.4,-67.3,0,0,0,0
63.4,-66.9,0,0,0,0
63.4,-66.0,0,0,0,0
63.4,-65.1,0,0,0,0
63.4,-64.2,0,0,0,0
63.4,-63.8,0,0,0,0
63.5,-138.7,0,0,0,0
63.5,-138.1,0,0,0,0
63.5,-137.6,0,0,0,0
63.5,-137.0,0,0,0,0
63.5,-136.4,0,0,0,0
63.5,-135.8,0,0,0,0
63.5,-134.9,0,0,0,0
63.5,-134.3,0,0,0,0
63.5,-133.7,0,0,0,0
63.5,-132.3,0,0,0,0
63.5,-131.7,0,0,0,0
63.5,-130.8,0,0,0,0
63.5,-130.2,0,0,0,0
63.5,-128.7,0,0,0,0
63.5,-127.8,0,0,0,0
63.5,-127.2,0,0,0,0
63.5,-126.3,0,0,0,0
63.5,-125.7,0,0,0,0
63.5,-125.4,0,0,0,0
63.5,-124.8,0,0,0,0
63.5,-123.9,0,0,0,0
63.5,-122.9,0,0,0,0
63.5,-122.0,0,0,0,0
63.5,-121.1,0,0,0,0
63.5,-120.2,0,0,0,0
63.5,-119.2,0,0,0,0
63.5,-118.3,0,0,0,0
63.5,-117.4,0,0,0,0
63.5,-117.0,0,0,0,0
63.5,-116.1,0,0,0,0
63.5,-115.2,0,0,0,0
63.5,-114.8,0,0,0,0
63.5,-113.8,0,0,0,0
63.5,-112.5,0,0,0,0
63.5,-111.2,0,0,0,0
63.5,-110.8,0,0,0,0
63.5,-109.9,0,0,0,0
63.5,-109.5,0,0,0,0
63.5,-108.2,0,0,0,0
63.5,-107.8,0,0,0,0
63.5,-106.9,0,0,0,0
63.5,-106.5,0,0,0,0
63.5,-106.1,0,0,0,0
63.5,-104.8,0,0,0,0
63.5,-104.4,0,0,0,0
63.5,-104.0,0,0,0,0
63.5,-102.7,0,0,0,0
63.5,-102.3,0,0,0,0
63.5,-101.9,0,0,0,0
63.5,-99.8,0,0,0,0
63.5,-99.3,0,0,0,0
63.5,-98.9,0,0,0,0
63.5,-98.5,0,0,0,0
63.5,-95.6,1,0,0,0
63.5,-95.2,1,0,0,0
63.5,-94.8,0,0,0,0
63.5,-94.4,0,0,0,0
63.5,-93.9,0,0,0,0
63.5,-93.5,0,0,0,0
63.5,-93.1,0,0,0,0
63.5,-92.7,0,0,0,0
63.5,-92.3,0,0,0,0
63.5,-91.9,0,0,0,0
63.5,-91.5,0,0,0,0
63.5,-91.0,0,0,0,0
63.5,-90.6,0,0,0,0
63.5,-90.2,0,0,0,0
63.5,-85.2,0,0,0,0
63.5,-84.8,0,0,0,0
63.5,-84.4,0,0,0,0
63.5,-81.9,0,0,0,0
63.5,-81.5,0,0,0,0
63.5,-81.1,0,0,0,0
63.5,-77.7,0,0,0,0
63.5,-77.3,0,0,0,0
63.5,-76.9,0,0,0,0
63.5,-72.5,0,0,0,0
63.5,-71.2,0,0,0,0
63.5,-69.9,0,0,0,0
63.5,-69.0,0,0,0,0
63.5,-68.6,0,0,0,0
63.5,-67.7,0,0,0,0
63.5,-66.8,0,0,0,0
63.5,-66.4,0,0,0,0
63.5,-65.5,0,0,0,0
63.5,-64.5,0,0,0,0
63.6,-141.1,0,0,0,0
63.6,-140.5,0,0,0,0
63.6,-139.9,0,0,0,0
63.6,-139.3,0,0,0,0
63.6,-137.3,0,0,0,0
63.6,-136.7,0,0,0,0
63.6,-136.1,0,0,0,0
63.6,-135.5,0,0,0,0
63.6,-134.0,0,0,0,0
63.6,-133.4,0,0,0,0
63.6,-132.8,0,0,0,0
63.6,-131.9,0,0,0,0
63.6,-131.3,0,0,0,0
63.6,-130.4,0,0,0,0
63.6,-129.8,0,0,0,0
63.6,-129.3,0,0,0,0
63.6,-128.3,0,0,0,0
63.6,-127.4,0,0,0,0
63.6,-126.8,0,0,0,0
63.6,-125.9,0,0,0,0
63.6,-125.0,0,0,0,0
63.6,-124.4,0,0,0,0
63.6,-123.5,0,0,0,0
63.6,-122.6,0,0,0,0
63.6,-121.6,0,0,0,0
63.6,-120.7,0,0,0,0
63.6,-119.8,0,0,0,0
63.6,-118.9,0,0,0,0
63.6,-117.9,0,0,0,0
63.6,-117.5,0,0,0,0
63.6,-116.6,0,0,0,0
63.6,-115.7,0,0,0,0
63.6,-115.3,0,0,0,0
63.6,-114.4,0,0,0,0
63.6,-113.5,0,0,0,0
63.6,-113.1,0,0,0,0
63.6,-112.1,0,0,0,0
63.6,-111.7,0,0,0,0
63.6,-110.4,0,0,0,0
63.6,-109.1,0,0,0,0
63.6,-108.7,0,0,0,0
63.6,-107.4,0,0,0,0
63.6,-107.0,0,0,0,0
63.6,-105.7,0,0,0,0
63.6,-105.3,0,0,0,0
63.6,-103.6,0,0,0,0
63.6,-103.2,0,0,0,0
63.6,-102.8,0,0,0,0
63.6,-101.5,1,0,0,0
63.6,-101.0,0,0,0,0
63.6,-100.6,0,0,0,0
63.6,-100.2,0,0,0,0
63.6,-98.1,0,0,0,0
63.6,-97.7,0,0,0,0
63.6,-97.3,0,0,0,0
63.6,-96.9,0,0,0,0
63.6,-96.5,0,0,0,0
63.6,-96.0,0,0,0,0
63.6,-95.6,0,1,0,0
63.6,-95.2,0,1,0,0
63.6,-87.3,0,0,0,0
63.6,-86.9,0,0,0,0
63.6,-86.5,0,0,0,0
63.6,-86.1,0,0,0,0
63.6,-85.6,1,0,0,0
63.6,-82.7,0,0,0,0
63.6,-82.3,0,0,0,0
63.6,-81.0,0,0,0,0
63.6,-80.6,0,0,0,0
63.6,-76.8,0,0,0,0
63.6,-72.9,0,0,0,0
63.6,-72.0,0,0,0,0
63.6,-71.6,0,0,0,0
63.6,-70.7,0,0,0,0
63.6,-70.3,0,0,0,0
63.6,-69.4,0,0,0,0
63.6,-68.5,0,0,0,0
63.6,-68.1,0,0,0,0
63.6,-67.1,0,0,0,0
63.6,-66.2,0,0,0,0
63.6,-65.8,0,0,0,0
63.6,-64.9,0,0,0,0
63.6,-64.0,0,0,0,0
63.7,-140.8,0,0,0,0
63.7,-140.2,0,0,0,0
63.7,-139.6,0,0,0,0
63.7,-139.0,0,0,0,0
63.7,-138.4,0,0,0,0
63.7,-137.8,0,0,0,0
63.7,-136.3,0,0,0,0
63.7,-135.8,0,0,0,0
63.7,-135.2,0,0,0,0
63.7,-134.6,0,0,0,0
63.7,-133.7,0,0,0,0
63.7,-133.1,0,0,0,0
63.7,-132.5,0,0,0,0
63.7,-131.6,0,0,0,0
63.7,-131.0,0,0,0,0
63.7,-129.5,0,0,0,0
63.7,-128.9,0,0,0,0
63.7,-128.0,0,0,0,0
63.7,-127.1,0,0,0,0
63.7,-126.5,0,0,0,0
63.7,-125.6,0,0,0,0
63.7,-124.6,0,0,0,0
63.7,-124.1,0,0,0,0
63.7,-123.1,0,0,0,0
63.7,-122.2,0,0,0,0
63.7,-121.3,0,0,0,0
63.7,-120.3,0,0,0,0
63.7,-119.4,0,0,0,0
63.7,-118.5,0,0,0,0
63.7,-118.1,0,0,0,0
63.7,-117.2,0,0,0,0
63.7,-116.2,0,0,0,0
63.7,-115.8,0,0,0,0
63.7,-114.9,0,0,0,0
63.7,-114.0,0,0,0,0
63.7,-113.6,0,0,0,0
63.7,-112.7,0,0,0,0
63.7,-112.3,0,0,0,0
63.7,-111.3,0,0,0,0
63.7,-111.0,0,0,0,0
63.7,-110.0,0,0,0,0
63.7,-109.6,0,0,0,0
63.7,-108.3,0,0,0,0
63.7,-107.9,0,0,0,0
63.7,-106.6,0,0,0,0
63.7,-106.2,0,0,0,0
63.7,-104.9,0,0,0,0
63.7,-104.5,0,0,0,0
63.7,-104.1,0,0,0,0
63.7,-102.3,0,0,0,0
63.7,-101.9,0,0,0,0
63.7,-101.5,0,1,0,0
63.7,-99.8,0,0,0,0
63.7,-99.4,0,0,0,0
63.7,-99.0,0,0,0,0
63.7,-98.6,0,0,0,0
63.7,-98.2,0,0,0,0
63.7,-94.8,0,0,0,0
63.7,-94.4,0,0,0,0
63.7,-94.0,0,0,0,0
63.7,-93.5,0,0,0,0
63.7,-93.1,0,0,0,0
63.7,-92.7,0,0,0,0
63.7,-92.3,0,0,0,0
63.7,-91.9,0,0,0,0
63.7,-91.5,0,0,0,0
63.7,-91.0,0,0,0,0
63.7,-90.6,0,0,0,0
63.7,-90.2,0,0,0,0
63.7,-85.6,0,1,0,0
63.7,-85.2,0,0,0,0
63.7,-84.8,0,0,0,0
63.7,-84.4,0,0,0,0
63.7,-83.9,0,0,0,0
63.7,-82.2,0,0,0,0
63.7,-81.8,0,0,0,0
63.7,-81.4,0,0,0,0
63.7,-77.6,0,0,0,0
63.7,-77.2,0,0,0,0
63.7,-72.8,0,0,0,0
63.7,-72.4,0,0,0,0
63.7,-71.5,0,0,0,0
63.7,-71.1,0,0,0,0
63.7,-70.2,0,0,0,0
63.7,-69.8,0,0,0,0
63.7,-68.8,0,0,0,0
63.7,-67.5,0,0,0,0
63.7,-66.6,0,0,0,0
63.7,-65.7,0,0,0,0
63.7,-65.3,0,0,0,0
63.7,-64.4,0,0,0,0
63.8,-141.1,0,0,0,0
63.8,-140.5,0,0,0,0
63.8,-139.9,0,0,0,0
63.8,-139.3,0,0,0,0
63.8,-138.7,0,0,0,0
63.8,-138.1,0,0,0,0
63.8,-137.5,0,0,0,0
63.8,-136.9,0,0,0,0
63.8,-135.4,0,0,0,0
63.8,-134.8,0,0,0,0
63.8,-134.3,0,0,0,0
63.8,-132.8,0,0,0,0
63.8,-132.2,0,0,0,0
63.8,-131.2,0,0,0,0
63.8,-130.7,0,0,0,0
63.8,-130.1,0,0,0,0
63.8,-129.1,0,0,0,0
63.8,-128.6,0,0,0,0
63.8,-127.6,0,0,0,0
63.8,-126.7,0,0,0,0
63.8,-126.1,0,0,0,0
63.8,-125.2,0,0,0,0
63.8,-124.3,0,0,0,0
63.8,-123.7,0,0,0,0
63.8,-123.3,0,0,0,0
63.8,-122.8,0,0,0,0
63.8,-122.4,0,0,0,0
63.8,-121.8,0,0,0,0
63.8,-120.9,0,0,0,0
63.8,-120.0,0,0,0,0
63.8,-119.6,0,0,0,0
63.8,-119.0,0,0,0,0
63.8,-118.6,0,0,0,0
63.8,-117.7,0,0,0,0
63.8,-116.8,0,0,0,0
63.8,-116.4,0,0,0,0
63.8,-115.5,0,0,0,0
63.8,-114.5,0,0,0,0
63.8,-114.1,0,0,0,0
63.8,-113.2,0,0,0,0
63.8,-112.8,0,0,0,0
63.8,-111.9,0,0,0,0
63.8,-111.5,0,0,0,0
63.8,-110.6,0,0,0,0
63.8,-110.1,0,0,0,0
63.8,-109.2,0,0,0,0
63.8,-108.8,0,0,0,0
63.8,-107.5,0,0,0,0
63.8,-107.1,0,0,0,0
63.8,-105.8,0,0,0,0
63.8,-105.4,0,0,0,0
63.8,-105.0,0,0,0,0
63.8,-103.7,1,0,0,0
63.8,-103.2,0,0,0,0
63.8,-102.8,0,0,0,0
63.8,-101.1,0,0,0,0
63.8,-100.7,0,0,0,0
63.8,-100.3,0,0,0,0
63.8,-99.9,0,0,0,0
63.8,-97.7,0,0,0,0
63.8,-97.3,0,0,0,0
63.8,-96.9,0,0,0,0
63.8,-96.5,0,0,0,0
63.8,-96.1,0,0,0,0
63.8,-95.7,0,0,0,0
63.8,-95.2,0,0,0,0
63.8,-94.8,0,0,0,0
63.8,-87.3,0,0,0,0
63.8,-86.9,0,0,0,0
63.8,-86.4,0,0,0,0
63.8,-86.0,1,0,0,0
63.8,-83.9,0,0,0,0
63.8,-83.5,0,0,0,0
63.8,-82.6,1,0,0,0
63.8,-80.9,0,0,0,0
63.8,-80.5,0,0,0,0
63.8,-80.1,0,0,0,0
63.8,-73.2,0,0,0,0
63.8,-72.3,0,0,0,0
63.8,-71.9,0,0,0,0
63.8,-70.6,0,0,0,0
63.8,-69.6,0,0,0,0
63.8,-69.2,0,0,0,0
63.8,-68.3,0,0,0,0
63.8,-67.9,0,0,0,0
63.8,-67.0,0,0,0,0
63.8,-66.0,0,0,0,0
63.8,-65.1,0,0,0,0
63.8,-64.7,0,0,0,0
63.8,-64.2,0,0,0,0
63.8,-63.8,0,0,0,0
63.9,-139.0,0,0,0,0
63.9,-138.4,0,0,0,0
63.9,-137.8,0,0,0,0
63.9,-137.2,0,0,0,0
63.9,-136.6,0,0,0,0
63.9,-136.0,0,0,0,0
63.9,-135.1,0,0,0,0
63.9,-134.5,0,0,0,0
63.9,-133.9,0,0,0,0
63.9,-133.3,0,0,0,0
63.9,-132.4,0,0,0,0
63.9,-131.8,0,0,0,0
63.9,-130.3,0,0,0,0
63.9,-129.7,0,0,0,0
63.9,-128.8,0,0,0,0
63.9,-128.2,0,0,0,0
63.9,-127.3,0,0,0,0
63.9,-126.3,0,0,0,0
63.9,-125.8,0,0,0,0
63.9,-124.8,0,0,0,0
63.9,-123.9,0,0,0,0
63.9,-123.0,0,0,0,0
63.9,-122.0,0,0,0,0
63.9,-121.5,0,0,0,0
63.9,-121.1,0,0,0,0
63.9,-120.5,0,0,0,0
63.9,-120.1,0,0,0,0
63.9,-119.2,0,0,0,0
63.9,-118.3,0,0,0,0
63.9,-117.3,0,0,0,0
63.9,-116.0,0,0,0,0
63.9,-115.1,0,0,0,0
63.9,-114.7,0,0,0,0
63.9,-113.7,0,0,0,0
63.9,-112.4,0,0,0,0
63.9,-111.1,0,0,0,0
63.9,-109.7,0,0,0,0
63.9,-109.3,0,0,0,0
63.9,-108.4,0,0,0,0
63.9,-108.0,0,0,0,0
63.9,-107.6,0,0,0,0
63.9,-106.7,0,0,0,0
63.9,-106.3,0,0,0,0
63.9,-105.9,0,0,0,0
63.9,-104.6,0,0,0,0
63.9,-104.1,0,0,0,0
63.9,-103.7,0,1,0,0
63.9,-102.4,0,0,0,0
63.9,-102.0,0,0,0,0
63.9,-101.6,0,0,0,0
63.9,-101.2,0,0,0,0
63.9,-99.4,0,0,0,0
63.9,-99.0,0,0,0,0
63.9,-98.6,0,0,0,0
63.9,-98.2,0,0,0,0
63.9,-97.8,0,0,0,0
63.9,-94.4,1,0,0,0
63.9,-94.0,1,0,0,0
63.9,-93.6,1,0,0,0
63.9,-93.1,0,0,0,0
63.9,-92.7,0,0,0,0
63.9,-92.3,0,0,0,0
63.9,-91.9,0,0,0,0
63.9,-91.5,0,0,0,0
63.9,-91.0,0,0,0,0
63.9,-90.6,0,0,0,0
63.9,-90.2,1,0,0,0
63.9,-89.8,1,0,0,0
63.9,-89.4,0,0,0,0
63.9,-86.0,0,1,0,0
63.9,-85.6,0,0,0,0
63.9,-85.1,0,0,0,0
63.9,-84.7,0,0,0,0
63.9,-84.3,1,0,0,0
63.9,-82.6,0,1,0,0
63.9,-82.2,0,0,0,0
63.9,-81.8,0,0,0,0
63.9,-81.3,1,0,0,0
63.9,-77.9,0,0,0,0
63.9,-77.5,0,0,0,0
63.9,-72.7,0,0,0,0
63.9,-71.4,0,0,0,0
63.9,-71.0,0,0,0,0
63.9,-70.0,0,0,0,0
63.9,-69.1,0,0,0,0
63.9,-68.7,0,0,0,0
63.9,-67.8,0,0,0,0
63.9,-67.4,0,0,0,0
63.9,-66.4,0,0,0,0
63.9,-65.5,0,0,0,0
63.9,-64.6,0,0,0,0
64.0,-140.8,0,0,0,0
64.0,-140.2,0,0,0,0
64.0,-139.6,0,0,0,0
64.0,-137.5,0,0,0,0
64.0,-136.9,0,0,0,0
64.0,-136.3,0,0,0,0
64.0,-135.7,0,0,0,0
64.0,-134.2,0,0,0,0
64.0,-133.6,0,0,0,0
64.0,-133.0,0,0,0,0
64.0,-132.1,0,0,0,0
64.0,-131.5,0,0,0,0
64.0,-130.9,0,0,0,0
64.0,-130.0,0,0,0,0
64.0,-129.4,0,0,0,0
64.0,-128.4,0,0,0,0
64.0,-127.9,0,0,0,0
64.0,-126.9,0,0,0,0
64.0,-126.0,0,0,0,0
64.0,-125.4,0,0,0,0
64.0,-124.5,0,0,0,0
64.0,-123.5,0,0,0,0
64.0,-122.6,0,0,0,0
64.0,-121.6,0,0,0,0
64.0,-120.7,0,0,0,0
64.0,-119.8,0,0,0,0
64.0,-118.8,0,0,0,0
64.0,-117.9,0,0,0,0
64.0,-117.5,0,0,0,0
64.0,-116.9,0,0,0,0
64.0,-116.5,0,0,0,0
64.0,-115.6,0,0,0,0
64.0,-114.3,0,0,0,0
64.0,-113.3,0,0,0,0
64.0,-112.9,0,0,0,0
64.0,-112.0,0,0,0,0
64.0,-111.6,0,0,0,0
64.0,-110.7,0,0,0,0
64.0,-110.3,0,0,0,0
64.0,-108.9,0,0,0,0
64.0,-108.5,0,0,0,0
64.0,-107.2,0,0,0,0
64.0,-106.8,0,0,0,0
64.0,-105.5,0,0,0,0
64.0,-105.1,0,0,0,0
64.0,-103.3,0,0,0,0
64.0,-102.9,0,0,0,0
64.0,-102.5,0,0,0,0
64.0,-100.8,0,0,0,0
64.0,-100.3,0,0,0,0
64.0,-99.9,0,0,0,0
64.0,-99.5,0,0,0,0
64.0,-97.4,1,0,0,0
64.0,-96.9,0,0,0,0
64.0,-96.5,0,0,0,0
64.0,-96.1,0,0,0,0
64.0,-95.7,0,0,0,0
64.0,-95.3,0,0,0,0
64.0,-94.8,0,0,0,0
64.0,-94.4,0,1,0,0
64.0,-94.0,0,1,0,0
64.0,-93.6,0,1,0,0
64.0,-90.2,0,1,0,0
64.0,-89.8,0,1,0,0
64.0,-89.3,0,0,0,0
64.0,-88.9,0,0,0,0
64.0,-88.5,0,0,0,0
64.0,-86.8,0,0,0,0
64.0,-86.4,1,0,0,0
64.0,-84.3,0,1,0,0
64.0,-83.8,0,0,0,0
64.0,-83.4,0,0,0,0
64.0,-83.0,0,0,0,0
64.0,-81.3,0,1,0,0
64.0,-80.9,0,0,0,0
64.0,-80.4,0,0,0,0
64.0,-73.5,0,0,0,0
64.0,-73.1,0,0,0,0
64.0,-72.2,0,0,0,0
64.0,-71.8,0,0,0,0
64.0,-70.8,0,0,0,0
64.0,-70.4,0,0,0,0
64.0,-69.5,0,0,0,0
64.0,-68.2,0,0,0,0
64.0,-67.2,0,0,0,0
64.0,-66.8,0,0,0,0
64.0,-65.9,0,0,0,0
64.0,-64.9,0,0,0,0
64.1,-141.1,0,0,0,0
64.1,-140.5,0,0,0,0
64.1,-139.9,0,0,0,0
64.1,-139.3,0,0,0,0
64.1,-138.7,0,0,0,0
64.1,-138.1,0,0,0,0
64.1,-136.6,0,0,0,0
64.1,-136.0,0,0,0,0
64.1,-135.4,0,0,0,0
64.1,-134.8,0,0,0,0
64.1,-133.9,0,0,0,0
64.1,-133.3,0,0,0,0
64.1,-132.7,0,0,0,0
64.1,-131.7,0,0,0,0
64.1,-131.1,0,0,0,0
64.1,-130.6,0,0,0,0
64.1,-129.6,0,0,0,0
64.1,-129.0,0,0,0,0
64.1,-128.1,0,0,0,0
64.1,-127.5,0,0,0,0
64.1,-126.6,0,0,0,0
64.1,-125.6,0,0,0,0
64.1,-125.0,0,0,0,0
64.1,-124.7,0,0,0,0
64.1,-124.1,0,0,0,0
64.1,-123.2,0,0,0,0
64.1,-122.2,0,0,0,0
64.1,-121.3,0,0,0,0
64.1,-120.3,0,0,0,0
64.1,-119.4,0,0,0,0
64.1,-118.4,0,0,0,0
64.1,-118.0,0,0,0,0
64.1,-117.1,0,0,0,0
64.1,-116.2,0,0,0,0
64.1,-115.2,0,0,0,0
64.1,-114.8,0,0,0,0
64.1,-113.9,0,0,0,0
64.1,-113.5,0,0,0,0
64.1,-112.5,0,0,0,0
64.1,-112.1,0,0,0,0
64.1,-111.2,0,0,0,0
64.1,-110.8,0,0,0,0
64.1,-109.9,0,0,0,0
64.1,-109.5,0,0,0,0
64.1,-108.1,0,0,0,0
64.1,-107.7,0,0,0,0
64.1,-106.4,0,0,0,0
64.1,-106.0,0,0,0,0
64.1,-104.6,0,0,0,0
64.1,-104.2,0,0,0,0
64.1,-103.8,0,0,0,0
64.1,-102.1,0,0,0,0
64.1,-101.6,0,0,0,0
64.1,-101.2,0,0,0,0
64.1,-99.1,0,0,0,0
64.1,-98.7,0,0,0,0
64.1,-98.2,0,0,0,0
64.1,-97.8,0,0,0,0
64.1,-97.4,0,0,0,0
64.1,-93.1,0,0,0,0
64.1,-92.7,0,0,0,0
64.1,-92.3,0,0,0,0
64.1,-91.9,0,0,0,0
64.1,-91.5,0,0,0,0
64.1,-91.0,0,0,0,0
64.1,-90.6,0,0,0,0
64.1,-86.4,0,0,0,0
64.1,-85.9,0,0,0,0
64.1,-85.5,0,0,0,0
64.1,-85.1,0,0,0,0
64.1,-84.7,0,0,0,0
64.1,-82.5,0,0,0,0
64.1,-82.1,0,0,0,0
64.1,-81.7,0,0,0,0
64.1,-77.8,0,0,0,0
64.1,-77.4,0,0,0,0
64.1,-73.9,0,0,0,0
64.1,-73.0,0,0,0,0
64.1,-72.6,0,0,0,0
64.1,-71.6,0,0,0,0
64.1,-71.2,0,0,0,0
64.1,-70.3,0,0,0,0
64.1,-69.9,0,0,0,0
64.1,-68.9,0,0,0,0
64.1,-68.5,0,0,0,0
64.1,-67.6,0,0,0,0
64.1,-66.7,0,0,0,0
64.1,-66.3,0,0,0,0
64.1,-65.3,0,0,0,0
64.1,-64.4,0,0,0,0
64.2,-140.8,0,0,0,0
64.2,-140.2,0,0,0,0
64.2,-139.6,0,0,0,0
64.2,-139.0,0,0,0,0
64.2,-138.4,0,0,0,0
64.2,-137.8,0,0,0,0
64.2,-137.2,0,0,0,0
64.2,-135.6,0,0,0,0
64.2,-135.0,0,0,0,0
64.2,-134.4,0,0,0,0
64.2,-132.9,0,0,0,0
64.2,-132.3,0,0,0,0
64.2,-130.8,0,0,0,0
64.2,-130.2,0,0,0,0
64.2,-129.3,0,0,0,0
64.2,-128.7,0,0,0,0
64.2,-127.7,0,0,0,0
64.2,-127.1,0,0,0,0
64.2,-126.8,0,0,0,0
64.2,-126.2,0,0,0,0
64.2,-125.3,0,0,0,0
64.2,-124.3,0,0,0,0
64.2,-123.7,0,0,0,0
64.2,-122.8,0,0,0,0
64.2,-121.8,0,0,0,0
64.2,-120.9,0,0,0,0
64.2,-119.9,0,0,0,0
64.2,-119.0,0,0,0,0
64.2,-118.6,0,0,0,0
64.2,-117.7,0,0,0,0
64.2,-116.7,0,0,0,0
64.2,-115.8,0,0,0,0
64.2,-115.4,0,0,0,0
64.2,-114.4,0,0,0,0
64.2,-114.0,0,0,0,0
64.2,-113.1,0,0,0,0
64.2,-111.7,0,0,0,0
64.2,-110.4,0,0,0,0
64.2,-110.0,0,0,0,0
64.2,-109.0,0,0,0,0
64.2,-108.6,0,0,0,0
64.2,-107.3,0,0,0,0
64.2,-106.9,0,0,0,0
64.2,-105.6,1,0,0,0
64.2,-105.1,0,0,0,0
64.2,-104.7,0,0,0,0
64.2,-103.4,0,0,0,0
64.2,-103.0,0,0,0,0
64.2,-102.6,0,0,0,0
64.2,-100.8,0,0,0,0
64.2,-100.4,0,0,0,0
64.2,-100.0,0,0,0,0
64.2,-99.5,0,0,0,0
64.2,-99.1,0,0,0,0
64.2,-97.0,1,0,0,0
64.2,-96.5,0,0,0,0
64.2,-96.1,0,0,0,0
64.2,-95.7,0,0,0,0
64.2,-95.3,0,0,0,0
64.2,-94.9,0,0,0,0
64.2,-94.4,0,0,0,0
64.2,-94.0,0,0,0,0
64.2,-93.6,0,0,0,0
64.2,-93.2,0,0,0,0
64.2,-92.7,0,0,0,0
64.2,-92.3,0,0,0,0
64.2,-91.9,0,0,0,0
64.2,-91.5,0,0,0,0
64.2,-91.0,0,0,0,0
64.2,-90.6,0,0,0,0
64.2,-90.2,0,0,0,0
64.2,-89.8,0,0,0,0
64.2,-89.3,0,0,0,0
64.2,-88.9,0,0,0,0
64.2,-88.5,0,0,0,0
64.2,-88.1,0,0,0,0
64.2,-84.6,0,0,0,0
64.2,-84.2,0,0,0,0
64.2,-83.8,0,0,0,0
64.2,-83.4,0,0,0,0
64.2,-82.9,1,0,0,0
64.2,-81.2,0,0,0,0
64.2,-80.8,0,0,0,0
64.2,-76.9,0,0,0,0
64.2,-76.5,0,0,0,0
64.2,-75.1,0,0,0,0
64.2,-73.8,0,0,0,0
64.2,-73.4,0,0,0,0
64.2,-72.0,0,0,0,0
64.2,-70.7,0,0,0,0
64.2,-69.3,0,0,0,0
64.2,-68.4,0,0,0,0
64.2,-68.0,0,0,0,0
64.2,-67.1,0,0,0,0
64.2,-66.1,0,0,0,0
64.2,-65.7,0,0,0,0
64.2,-65.2,0,0,0,0
64.2,-64.8,0,0,0,0
64.3,-139.3,0,0,0,0
64.3,-138.6,0,0,0,0
64.3,-138.0,0,0,0,0
64.3,-137.4,0,0,0,0
64.3,-136.8,0,0,0,0
64.3,-136.2,0,0,0,0
64.3,-134.7,0,0,0,0
64.3,-134.1,0,0,0,0
64.3,-133.5,0,0,0,0
64.3,-132.6,0,0,0,0
64.3,-132.0,0,0,0,0
64.3,-131.4,0,0,0,0
64.3,-130.4,0,0,0,0
64.3,-129.9,0,0,0,0
64.3,-128.9,0,0,0,0
64.3,-128.3,0,0,0,0
64.3,-127.4,0,0,0,0
64.3,-126.4,0,0,0,0
64.3,-125.8,0,0,0,0
64.3,-124.9,0,0,0,0
64.3,-123.9,0,0,0,0
64.3,-123.4,0,0,0,0
64.3,-123.0,0,0,0,0
64.3,-122.4,0,0,0,0
64.3,-122.0,0,0,0,0
64.3,-121.5,0,0,0,0
64.3,-121.1,0,0,0,0
64.3,-120.5,0,0,0,0
64.3,-120.1,0,0,0,0
64.3,-119.6,0,0,0,0
64.3,-119.2,0,0,0,0
64.3,-118.2,0,0,0,0
64.3,-117.3,0,0,0,0
64.3,-116.3,0,0,0,0
64.3,-115.9,0,0,0,0
64.3,-115.0,0,0,0,0
64.3,-113.6,0,0,0,0
64.3,-112.7,0,0,0,0
64.3,-112.3,0,0,0,0
64.3,-111.3,0,0,0,0
64.3,-110.9,0,0,0,0
64.3,-109.6,0,0,0,0
64.3,-109.2,0,0,0,0
64.3,-108.2,0,0,0,0
64.3,-107.8,0,0,0,0
64.3,-106.5,0,0,0,0
64.3,-106.1,0,0,0,0
64.3,-105.6,0,1,0,0
64.3,-104.3,0,0,0,0
64.3,-103.9,0,0,0,0
64.3,-103.5,0,0,0,0
64.3,-102.1,0,0,0,0
64.3,-101.7,0,0,0,0
64.3,-101.3,0,0,0,0
64.3,-100.9,0,0,0,0
64.3,-98.7,0,0,0,0
64.3,-98.3,0,0,0,0
64.3,-97.9,0,0,0,0
64.3,-97.4,0,0,0,0
64.3,-97.0,0,1,0,0
64.3,-86.3,0,0,0,0
64.3,-85.9,0,0,0,0
64.3,-85.5,0,0,0,0
64.3,-85.1,0,0,0,0
64.3,-82.9,0,1,0,0
64.3,-82.5,0,0,0,0
64.3,-82.0,0,0,0,0
64.3,-81.6,0,0,0,0
64.3,-78.1,0,0,0,0
64.3,-77.7,0,0,0,0
64.3,-77.3,0,0,0,0
64.3,-75.9,0,0,0,0
64.3,-75.5,0,0,0,0
64.3,-74.6,0,0,0,0
64.3,-74.2,0,0,0,0
64.3,-72.8,0,0,0,0
64.3,-72.4,0,0,0,0
64.3,-71.5,0,0,0,0
64.3,-71.1,0,0,0,0
64.3,-70.1,0,0,0,0
64.3,-69.7,0,0,0,0
64.3,-68.8,0,0,0,0
64.3,-67.8,0,0,0,0
64.3,-67.4,0,0,0,0
64.3,-66.5,0,0,0,0
64.3,-65.5,0,0,0,0
64.3,-64.6,0,0,0,0
64.3,-64.2,0,0,0,0
64.4,-141.1,0,0,0,0
64.4,-140.5,0,0,0,0
64.4,-139.9,0,0,0,0
64.4,-137.7,0,0,0,0
64.4,-137.1,0,0,0,0
64.4,-136.5,0,0,0,0
64.4,-135.9,0,0,0,0
64.4,-135.3,0,0,0,0
64.4,-134.4,0,0,0,0
64.4,-133.8,0,0,0,0
64.4,-133.2,0,0,0,0
64.4,-132.2,0,0,0,0
64.4,-131.6,0,0,0,0
64.4,-131.0,0,0,0,0
64.4,-130.1,0,0,0,0
64.4,-129.5,0,0,0,0
64.4,-128.6,0,0,0,0
64.4,-128.0,0,0,0,0
64.4,-127.0,0,0,0,0
64.4,-126.1,0,0,0,0
64.4,-125.5,0,0,0,0
64.4,-124.5,0,0,0,0
64.4,-123.6,0,0,0,0
64.4,-122.6,0,0,0,0
64.4,-121.6,0,0,0,0
64.4,-120.7,0,0,0,0
64.4,-119.7,0,0,0,0
64.4,-118.8,0,0,0,0
64.4,-117.8,0,0,0,0
64.4,-116.9,0,0,0,0
64.4,-116.5,0,0,0,0
64.4,-115.5,0,0,0,0
64.4,-114.6,0,0,0,0
64.4,-114.2,0,0,0,0
64.4,-113.2,0,0,0,0
64.4,-112.8,0,0,0,0
64.4,-111.9,0,0,0,0
64.4,-111.5,0,0,0,0
64.4,-110.5,0,0,0,0
64.4,-110.1,0,0,0,0
64.4,-108.8,0,0,0,0
64.4,-108.3,0,0,0,0
64.4,-107.4,0,0,0,0
64.4,-107.0,0,0,0,0
64.4,-106.6,0,0,0,0
64.4,-105.2,0,0,0,0
64.4,-104.8,0,0,0,0
64.4,-103.0,0,0,0,0
64.4,-102.6,0,0,0,0
64.4,-102.2,0,0,0,0
64.4,-100.4,0,0,0,0
64.4,-100.0,0,0,0,0
64.4,-99.6,0,0,0,0
64.4,-99.2,0,0,0,0
64.4,-96.6,1,0,0,0
64.4,-96.2,0,0,0,0
64.4,-95.7,0,0,0,0
64.4,-95.3,0,0,0,0
64.4,-94.9,0,0,0,0
64.4,-94.4,0,0,0,0
64.4,-94.0,0,0,0,0
64.4,-93.6,0,0,0,0
64.4,-93.2,0,0,0,0
64.4,-92.7,0,0,0,0
64.4,-92.3,0,0,0,0
64.4,-91.9,0,0,0,0
64.4,-91.5,0,0,0,0
64.4,-91.0,0,0,0,0
64.4,-90.6,0,0,0,0
64.4,-90.2,0,0,0,0
64.4,-89.7,0,0,0,0
64.4,-89.3,0,0,0,0
64.4,-88.9,0,0,0,0
64.4,-88.5,0,0,0,0
64.4,-88.0,0,0,0,0
64.4,-84.6,0,0,0,0
64.4,-84.2,0,0,0,0
64.4,-83.7,0,0,0,0
64.4,-83.3,1,0,0,0
64.4,-81.6,0,0,0,0
64.4,-77.2,0,0,0,0
64.4,-76.8,0,0,0,0
64.4,-76.4,0,0,0,0
64.4,-75.4,0,0,0,0
64.4,-75.0,0,0,0,0
64.4,-73.7,0,0,0,0
64.4,-73.2,0,0,0,0
64.4,-72.3,0,0,0,0
64.4,-71.9,0,0,0,0
64.4,-70.9,0,0,0,0
64.4,-70.5,0,0,0,0
64.4,-69.6,0,0,0,0
64.4,-69.2,0,0,0,0
64.4,-68.2,0,0,0,0
64.4,-67.3,0,0,0,0
64.4,-66.9,0,0,0,0
64.4,-65.9,0,0,0,0
64.4,-65.0,0,0,0,0
64.5,-140.8,0,0,0,0
64.5,-140.1,0,0,0,0
64.5,-139.5,0,0,0,0
64.5,-138.9,0,0,0,0
64.5,-138.3,0,0,0,0
64.5,-136.8,0,0,0,0
64.5,-136.2,0,0,0,0
64.5,-135.6,0,0,0,0
64.5,-135.0,0,0,0,0
64.5,-133.4,0,0,0,0
64.5,-132.8,0,0,0,0
64.5,-131.3,0,0,0,0
64.5,-130.7,0,0,0,0
64.5,-129.7,0,0,0,0
64.5,-129.1,0,0,0,0
64.5,-128.2,0,0,0,0
64.5,-127.6,0,0,0,0
64.5,-126.6,0,0,0,0
64.5,-125.7,0,0,0,0
64.5,-125.1,0,0,0,0
64.5,-124.1,0,0,0,0
64.5,-123.2,0,0,0,0
64.5,-122.2,0,0,0,0
64.5,-121.3,0,0,0,0
64.5,-120.3,0,0,0,0
64.5,-119.3,0,0,0,0
64.5,-118.4,0,0,0,0
64.5,-117.4,0,0,0,0
64.5,-117.0,0,0,0,0
64.5,-116.1,0,0,0,0
64.5,-115.1,0,0,0,0
64.5,-114.7,0,0,0,0
64.5,-113.8,0,0,0,0
64.5,-113.4,0,0,0,0
64.5,-112.4,0,0,0,0
64.5,-112.0,0,0,0,0
64.5,-111.0,0,0,0,0
64.5,-110.6,0,0,0,0
64.5,-109.7,0,0,0,0
64.5,-109.3,0,0,0,0
64.5,-107.9,0,0,0,0
64.5,-107.5,0,0,0,0
64.5,-106.2,0,0,0,0
64.5,-105.7,0,0,0,0
64.5,-104.4,0,0,0,0
64.5,-104.0,0,0,0,0
64.5,-103.5,0,0,0,0
64.5,-101.8,1,0,0,0
64.5,-101.4,0,0,0,0
64.5,-100.9,0,0,0,0
64.5,-100.5,0,0,0,0
64.5,-98.7,0,0,0,0
64.5,-98.3,0,0,0,0
64.5,-97.9,0,0,0,0
64.5,-97.5,0,0,0,0
64.5,-97.0,0,0,0,0
64.5,-96.6,0,1,0,0
64.5,-86.3,0,0,0,0
64.5,-85.9,0,0,0,0
64.5,-85.4,0,0,0,0
64.5,-85.0,1,0,0,0
64.5,-83.3,0,1,0,0
64.5,-82.8,0,0,0,0
64.5,-82.4,0,0,0,0
64.5,-82.0,0,0,0,0
64.5,-78.0,0,0,0,0
64.5,-77.6,0,0,0,0
64.5,-76.2,0,0,0,0
64.5,-75.8,0,0,0,0
64.5,-74.5,0,0,0,0
64.5,-74.1,0,0,0,0
64.5,-73.1,0,0,0,0
64.5,-72.7,0,0,0,0
64.5,-71.4,0,0,0,0
64.5,-70.0,0,0,0,0
64.5,-69.0,0,0,0,0
64.5,-68.6,0,0,0,0
64.5,-67.7,0,0,0,0
64.5,-66.7,0,0,0,0
64.5,-66.3,0,0,0,0
64.5,-65.4,0,0,0,0
64.6,-141.1,0,0,0,0
64.6,-140.4,0,0,0,0
64.6,-139.8,0,0,0,0
64.6,-139.2,0,0,0,0
64.6,-138.6,0,0,0,0
64.6,-138.0,0,0,0,0
64.6,-137.4,0,0,0,0
64.6,-135.9,0,0,0,0
64.6,-135.3,0,0,0,0
64.6,-134.6,0,0,0,0
64.6,-134.0,0,0,0,0
64.6,-133.1,0,0,0,0
64.6,-132.5,0,0,0,0
64.6,-131.9,0,0,0,0
64.6,-130.9,0,0,0,0
64.6,-130.3,0,0,0,0
64.6,-129.4,0,0,0,0
64.6,-128.8,0,0,0,0
64.6,-127.8,0,0,0,0
64.6,-127.2,0,0,0,0
64.6,-126.3,0,0,0,0
64.6,-125.3,0,0,0,0
64.6,-124.7,0,0,0,0
64.6,-124.4,0,0,0,0
64.6,-123.8,0,0,0,0
64.6,-122.8,0,0,0,0
64.6,-121.8,0,0,0,0
64.6,-120.9,0,0,0,0
64.6,-119.9,0,0,0,0
64.6,-119.0,0,0,0,0
64.6,-118.0,0,0,0,0
64.6,-117.6,0,0,0,0
64.6,-116.6,0,0,0,0
64.6,-115.7,0,0,0,0
64.6,-115.3,0,0,0,0
64.6,-114.3,0,0,0,0
64.6,-113.0,0,0,0,0
64.6,-111.6,0,0,0,0
64.6,-110.2,0,0,0,0
64.6,-109.8,0,0,0,0
64.6,-108.9,0,0,0,0
64.6,-108.4,0,0,0,0
64.6,-107.1,0,0,0,0
64.6,-106.7,0,0,0,0
64.6,-105.3,0,0,0,0
64.6,-104.9,0,0,0,0
64.6,-104.5,0,0,0,0
64.6,-103.1,0,0,0,0
64.6,-102.7,0,0,0,0
64.6,-102.3,0,0,0,0
64.6,-101.8,0,1,0,0
64.6,-100.1,0,0,0,0
64.6,-99.7,0,0,0,0
64.6,-99.2,0,0,0,0
64.6,-98.8,0,0,0,0
64.6,-96.2,0,0,0,0
64.6,-95.8,0,0,0,0
64.6,-95.3,0,0,0,0
64.6,-94.9,0,0,0,0
64.6,-94.5,0,0,0,0
64.6,-94.0,0,0,0,0
64.6,-93.6,0,0,0,0
64.6,-93.2,0,0,0,0
64.6,-92.7,0,0,0,0
64.6,-92.3,0,0,0,0
64.6,-91.9,0,0,0,0
64.6,-91.4,0,0,0,0
64.6,-91.0,0,0,0,0
64.6,-90.6,0,0,0,0
64.6,-90.2,0,0,0,0
64.6,-89.7,0,0,0,0
64.6,-89.3,0,0,0,0
64.6,-88.9,0,0,0,0
64.6,-88.4,0,0,0,0
64.6,-88.0,0,0,0,0
64.6,-87.6,0,0,0,0
64.6,-85.0,0,1,0,0
64.6,-84.5,0,0,0,0
64.6,-84.1,0,0,0,0
64.6,-83.7,0,0,0,0
64.6,-77.1,0,0,0,0
64.6,-76.7,0,0,0,0
64.6,-75.3,0,0,0,0
64.6,-74.9,0,0,0,0
64.6,-73.9,0,0,0,0
64.6,-73.5,0,0,0,0
64.6,-72.2,0,0,0,0
64.6,-71.8,0,0,0,0
64.6,-70.8,0,0,0,0
64.6,-70.4,0,0,0,0
64.6,-69.4,0,0,0,0
64.6,-68.5,0,0,0,0
64.6,-68.1,0,0,0,0
64.6,-67.1,0,0,0,0
64.6,-66.2,0,0,0,0
64.6,-65.8,0,0,0,0
64.6,-64.8,0,0,0,0
64.7,-140.1,0,0,0,0
64.7,-139.5,0,0,0,0
64.7,-138.9,0,0,0,0
64.7,-138.3,0,0,0,0
64.7,-137.7,0,0,0,0
64.7,-137.1,0,0,0,0
64.7,-136.5,0,0,0,0
64.7,-134.9,0,0,0,0
64.7,-134.3,0,0,0,0
64.7,-133.7,0,0,0,0
64.7,-132.8,0,0,0,0
64.7,-132.1,0,0,0,0
64.7,-131.5,0,0,0,0
64.7,-130.6,0,0,0,0
64.7,-130.0,0,0,0,0
64.7,-129.0,0,0,0,0
64.7,-128.4,0,0,0,0
64.7,-127.5,0,0,0,0
64.7,-126.9,0,0,0,0
64.7,-125.9,0,0,0,0
64.7,-124.9,0,0,0,0
64.7,-124.0,0,0,0,0
64.7,-123.4,0,0,0,0
64.7,-122.4,0,0,0,0
64.7,-121.5,0,0,0,0
64.7,-120.5,0,0,0,0
64.7,-119.5,0,0,0,0
64.7,-119.1,0,0,0,0
64.7,-118.6,0,0,0,0
64.7,-118.2,0,0,0,0
64.7,-117.2,0,0,0,0
64.7,-116.2,0,0,0,0
64.7,-115.8,0,0,0,0
64.7,-114.9,0,0,0,0
64.7,-113.9,0,0,0,0
64.7,-113.5,0,0,0,0
64.7,-112.5,0,0,0,0
64.7,-112.1,0,0,0,0
64.7,-111.2,0,0,0,0
64.7,-110.8,0,0,0,0
64.7,-109.4,0,0,0,0
64.7,-109.0,0,0,0,0
64.7,-108.0,0,0,0,0
64.7,-107.6,0,0,0,0
64.7,-106.3,1,0,0,0
64.7,-105.8,0,0,0,0
64.7,-105.4,0,0,0,0
64.7,-104.0,0,0,0,0
64.7,-103.6,0,0,0,0
64.7,-103.2,0,0,0,0
64.7,-101.4,0,0,0,0
64.7,-101.0,0,0,0,0
64.7,-100.6,0,0,0,0
64.7,-98.4,1,0,0,0
64.7,-97.9,0,0,0,0
64.7,-97.5,0,0,0,0
64.7,-97.1,0,0,0,0
64.7,-96.6,0,0,0,0
64.7,-96.2,0,0,0,0
64.7,-95.8,0,0,0,0
64.7,-88.0,0,0,0,0
64.7,-87.5,0,0,0,0
64.7,-87.1,0,0,0,0
64.7,-86.3,0,0,0,0
64.7,-85.8,0,0,0,0
64.7,-85.4,0,0,0,0
64.7,-83.2,0,0,0,0
64.7,-82.8,0,0,0,0
64.7,-82.3,0,0,0,0
64.7,-81.9,0,0,0,0
64.7,-78.4,0,0,0,0
64.7,-77.9,0,0,0,0
64.7,-77.5,0,0,0,0
64.7,-76.1,0,0,0,0
64.7,-75.7,0,0,0,0
64.7,-74.8,0,0,0,0
64.7,-74.4,0,0,0,0
64.7,-73.0,0,0,0,0
64.7,-72.6,0,0,0,0
64.7,-71.6,0,0,0,0
64.7,-71.2,0,0,0,0
64.7,-70.3,0,0,0,0
64.7,-69.8,0,0,0,0
64.7,-68.9,0,0,0,0
64.7,-67.9,0,0,0,0
64.7,-67.5,0,0,0,0
64.7,-66.6,0,0,0,0
64.7,-65.6,0,0,0,0
64.7,-65.2,0,0,0,0
64.8,-140.7,0,0,0,0
64.8,-138.0,0,0,0,0
64.8,-137.4,0,0,0,0
64.8,-136.7,0,0,0,0
64.8,-136.1,0,0,0,0
64.8,-135.5,0,0,0,0
64.8,-134.6,0,0,0,0
64.8,-134.0,0,0,0,0
64.8,-133.4,0,0,0,0
64.8,-131.8,0,0,0,0
64.8,-131.2,0,0,0,0
64.8,-130.2,0,0,0,0
64.8,-129.6,0,0,0,0
64.8,-128.7,0,0,0,0
64.8,-128.1,0,0,0,0
64.8,-127.1,0,0,0,0
64.8,-126.5,0,0,0,0
64.8,-125.5,0,0,0,0
64.8,-124.6,0,0,0,0
64.8,-123.6,0,0,0,0
64.8,-123.0,0,0,0,0
64.8,-122.6,0,0,0,0
64.8,-122.0,0,0,0,0
64.8,-121.7,0,0,0,0
64.8,-121.1,0,0,0,0
64.8,-120.7,0,0,0,0
64.8,-120.1,0,0,0,0
64.8,-119.7,0,0,0,0
64.8,-118.7,0,0,0,0
64.8,-117.8,0,0,0,0
64.8,-116.8,0,0,0,0
64.8,-116.4,0,0,0,0
64.8,-115.4,0,0,0,0
64.8,-114.5,0,0,0,0
64.8,-114.1,0,0,0,0
64.8,-113.1,0,0,0,0
64.8,-112.7,0,0,0,0
64.8,-111.7,0,0,0,0
64.8,-111.3,0,0,0,0
64.8,-110.3,0,0,0,0
64.8,-109.9,0,0,0,0
64.8,-108.6,0,0,0,0
64.8,-108.1,0,0,0,0
64.8,-107.2,0,0,0,0
64.8,-106.8,0,0,0,0
64.8,-106.3,0,1,0,0
64.8,-105.0,0,0,0,0
64.8,-104.6,0,0,0,0
64.8,-102.8,0,0,0,0
64.8,-102.3,0,0,0,0
64.8,-101.9,0,0,0,0
64.8,-100.1,0,0,0,0
64.8,-99.7,0,0,0,0
64.8,-99.3,0,0,0,0
64.8,-98.8,0,0,0,0
64.8,-98.4,0,1,0,0
64.8,-95.3,0,0,0,0
64.8,-94.9,0,0,0,0
64.8,-94.5,0,0,0,0
64.8,-94.0,0,0,0,0
64.8,-93.6,0,0,0,0
64.8,-93.2,0,0,0,0
64.8,-92.7,0,0,0,0
64.8,-92.3,0,0,0,0
64.8,-91.9,0,0,0,0
64.8,-91.4,0,0,0,0
64.8,-91.0,0,0,0,0
64.8,-90.6,0,0,0,0
64.8,-90.1,0,0,0,0
64.8,-89.7,0,0,0,0
64.8,-89.3,0,0,0,0
64.8,-88.8,0,0,0,0
64.8,-88.4,0,0,0,0
64.8,-85.3,0,0,0,0
64.8,-84.9,0,0,0,0
64.8,-84.5,0,0,0,0
64.8,-84.1,0,0,0,0
64.8,-83.6,0,0,0,0
64.8,-77.4,0,0,0,0
64.8,-77.0,0,0,0,0
64.8,-76.6,0,0,0,0
64.8,-75.6,0,0,0,0
64.8,-75.2,0,0,0,0
64.8,-73.8,0,0,0,0
64.8,-73.4,0,0,0,0
64.8,-72.5,0,0,0,0
64.8,-72.0,0,0,0,0
64.8,-71.1,0,0,0,0
64.8,-70.7,0,0,0,0
64.8,-69.7,0,0,0,0
64.8,-69.3,0,0,0,0
64.8,-68.3,0,0,0,0
64.8,-67.0,0,0,0,0
64.8,-66.0,0,0,0,0
64.8,-63.1,0,0,0,0
64.9,-141.0,0,0,0,0
64.9,-140.4,0,0,0,0
64.9,-139.8,0,0,0,0
64.9,-139.2,0,0,0,0
64.9,-138.6,0,0,0,0
64.9,-137.0,0,0,0,0
64.9,-136.4,0,0,0,0
64.9,-135.8,0,0,0,0
64.9,-135.2,0,0,0,0
64.9,-133.6,0,0,0,0
64.9,-133.0,0,0,0,0
64.9,-132.4,0,0,0,0
64.9,-131.4,0,0,0,0
64.9,-130.8,0,0,0,0
64.9,-129.9,0,0,0,0
64.9,-129.3,0,0,0,0
64.9,-128.3,0,0,0,0
64.9,-127.7,0,0,0,0
64.9,-126.7,0,0,0,0
64.9,-126.1,0,0,0,0
64.9,-125.8,0,0,0,0
64.9,-125.2,0,0,0,0
64.9,-124.2,0,0,0,0
64.9,-123.2,0,0,0,0
64.9,-122.2,0,0,0,0
64.9,-121.3,0,0,0,0
64.9,-120.3,0,0,0,0
64.9,-119.3,0,0,0,0
64.9,-118.3,0,0,0,0
64.9,-117.4,0,0,0,0
64.9,-117.0,0,0,0,0
64.9,-116.0,0,0,0,0
64.9,-115.0,0,0,0,0
64.9,-114.6,0,0,0,0
64.9,-113.6,0,0,0,0
64.9,-112.3,0,0,0,0
64.9,-110.9,0,0,0,0
64.9,-110.5,0,0,0,0
64.9,-109.5,0,0,0,0
64.9,-109.1,0,0,0,0
64.9,-107.7,0,0,0,0
64.9,-107.3,0,0,0,0
64.9,-105.9,0,0,0,0
64.9,-105.5,0,0,0,0
64.9,-104.1,0,0,0,0
64.9,-103.7,0,0,0,0
64.9,-103.3,0,0,0,0
64.9,-101.5,0,0,0,0
64.9,-101.1,0,0,0,0
64.9,-100.6,0,0,0,0
64.9,-100.2,0,0,0,0
64.9,-98.0,1,0,0,0
64.9,-97.5,0,0,0,0
64.9,-97.1,0,0,0,0
64.9,-96.7,0,0,0,0
64.9,-96.2,0,0,0,0
64.9,-95.8,0,0,0,0
64.9,-95.4,0,0,0,0
64.9,-88.4,0,0,0,0
64.9,-88.0,0,0,0,0
64.9,-87.5,0,0,0,0
64.9,-87.1,0,0,0,0
64.9,-86.2,0,0,0,0
64.9,-85.8,0,0,0,0
64.9,-83.6,0,0,0,0
64.9,-83.1,0,0,0,0
64.9,-82.7,0,0,0,0
64.9,-78.3,0,0,0,0
64.9,-77.8,0,0,0,0
64.9,-76.5,0,0,0,0
64.9,-76.0,0,0,0,0
64.9,-74.7,0,0,0,0
64.9,-74.2,0,0,0,0
64.9,-72.9,0,0,0,0
64.9,-71.5,0,0,0,0
64.9,-70.1,0,0,0,0
64.9,-69.1,0,0,0,0
64.9,-68.7,0,0,0,0
64.9,-67.8,0,0,0,0
64.9,-67.4,0,0,0,0
64.9,-66.4,0,0,0,0
64.9,-65.4,0,0,0,0
64.9,-63.5,0,0,0,0
65.0,-140.7,0,0,0,0
65.0,-140.1,0,0,0,0
65.0,-139.5,0,0,0,0
65.0,-138.9,0,0,0,0
65.0,-138.3,0,0,0,0
65.0,-137.6,0,0,0,0
65.0,-136.1,0,0,0,0
65.0,-135.5,0,0,0,0
65.0,-134.8,0,0,0,0
65.0,-134.2,0,0,0,0
65.0,-133.3,0,0,0,0
65.0,-132.7,0,0,0,0
65.0,-132.1,0,0,0,0
65.0,-131.1,0,0,0,0
65.0,-130.5,0,0,0,0
65.0,-129.5,0,0,0,0
65.0,-128.9,0,0,0,0
65.0,-127.9,0,0,0,0
65.0,-127.3,0,0,0,0
65.0,-126.4,0,0,0,0
65.0,-125.4,0,0,0,0
65.0,-124.8,0,0,0,0
65.0,-123.8,0,0,0,0
65.0,-122.8,0,0,0,0
65.0,-121.8,0,0,0,0
65.0,-120.9,0,0,0,0
65.0,-119.9,0,0,0,0
65.0,-118.9,0,0,0,0
65.0,-117.9,0,0,0,0
65.0,-117.5,0,0,0,0
65.0,-116.6,0,0,0,0
65.0,-115.6,0,0,0,0
65.0,-115.2,0,0,0,0
65.0,-114.2,0,0,0,0
65.0,-113.2,0,0,0,0
65.0,-112.8,0,0,0,0
65.0,-111.9,0,0,0,0
65.0,-111.4,0,0,0,0
65.0,-110.1,0,0,0,0
65.0,-108.7,0,0,0,0
65.0,-108.3,0,0,0,0
65.0,-106.9,0,0,0,0
65.0,-106.4,0,0,0,0
65.0,-105.1,0,0,0,0
65.0,-104.6,0,0,0,0
65.0,-104.2,0,0,0,0
65.0,-102.8,0,0,0,0
65.0,-102.4,0,0,0,0
65.0,-102.0,0,0,0,0
65.0,-101.6,0,0,0,0
65.0,-99.8,1,0,0,0
65.0,-99.3,0,0,0,0
65.0,-98.9,0,0,0,0
65.0,-98.5,0,0,0,0
65.0,-98.0,0,1,0,0
65.0,-94.9,0,0,0,0
65.0,-94.5,1,0,0,0
65.0,-94.1,0,0,0,0
65.0,-93.6,0,0,0,0
65.0,-93.2,0,0,0,0
65.0,-92.8,0,0,0,0
65.0,-92.3,0,0,0,0
65.0,-91.9,0,0,0,0
65.0,-91.4,0,0,0,0
65.0,-91.0,0,0,0,0
65.0,-90.6,0,0,0,0
65.0,-90.1,0,0,0,0
65.0,-89.7,0,0,0,0
65.0,-89.3,0,0,0,0
65.0,-88.8,1,0,0,0
65.0,-85.7,0,0,0,0
65.0,-85.3,0,0,0,0
65.0,-84.9,0,0,0,0
65.0,-84.4,0,0,0,0
65.0,-84.0,0,0,0,0
65.0,-77.3,0,0,0,0
65.0,-76.9,0,0,0,0
65.0,-75.5,0,0,0,0
65.0,-75.1,0,0,0,0
65.0,-73.7,0,0,0,0
65.0,-73.3,0,0,0,0
65.0,-72.3,0,0,0,0
65.0,-71.9,0,0,0,0
65.0,-70.9,0,0,0,0
65.0,-70.5,0,0,0,0
65.0,-69.6,0,0,0,0
65.0,-68.2,0,0,0,0
65.0,-67.2,0,0,0,0
65.0,-66.8,0,0,0,0
65.0,-66.2,0,0,0,0
65.0,-65.8,0,0,0,0
65.0,-63.9,0,0,0,0
65.1,-141.0,0,0,0,0
65.1,-140.4,0,0,0,0
65.1,-139.8,0,0,0,0
65.1,-139.2,0,0,0,0
65.1,-138.6,0,0,0,0
65.1,-137.9,0,0,0,0
65.1,-137.3,0,0,0,0
65.1,-136.7,0,0,0,0
65.1,-135.1,0,0,0,0
65.1,-134.5,0,0,0,0
65.1,-133.9,0,0,0,0
65.1,-132.9,0,0,0,0
65.1,-132.3,0,0,0,0
65.1,-131.7,0,0,0,0
65.1,-130.7,0,0,0,0
65.1,-130.1,0,0,0,0
65.1,-129.1,0,0,0,0
65.1,-128.5,0,0,0,0
65.1,-127.6,0,0,0,0
65.1,-127.0,0,0,0,0
65.1,-126.0,0,0,0,0
65.1,-125.0,0,0,0,0
65.1,-124.4,0,0,0,0
65.1,-123.4,0,0,0,0
65.1,-122.4,0,0,0,0
65.1,-121.5,0,0,0,0
65.1,-120.5,0,0,0,0
65.1,-119.5,0,0,0,0
65.1,-118.5,0,0,0,0
65.1,-118.1,0,0,0,0
65.1,-117.1,0,0,0,0
65.1,-116.2,0,0,0,0
65.1,-114.8,0,0,0,0
65.1,-113.8,0,0,0,0
65.1,-113.4,0,0,0,0
65.1,-112.4,0,0,0,0
65.1,-112.0,0,0,0,0
65.1,-111.0,0,0,0,0
65.1,-110.6,0,0,0,0
65.1,-109.6,0,0,0,0
65.1,-109.2,0,0,0,0
65.1,-107.8,0,0,0,0
65.1,-107.4,0,0,0,0
65.1,-106.0,0,0,0,0
65.1,-105.6,0,0,0,0
65.1,-105.2,0,0,0,0
65.1,-103.8,0,0,0,0
65.1,-103.4,0,0,0,0
65.1,-102.9,0,0,0,0
65.1,-101.1,0,0,0,0
65.1,-100.7,0,0,0,0
65.1,-100.2,0,0,0,0
65.1,-99.8,0,1,0,0
65.1,-97.6,0,0,0,0
65.1,-97.1,0,0,0,0
65.1,-96.7,0,0,0,0
65.1,-96.3,0,0,0,0
65.1,-95.8,0,0,0,0
65.1,-95.4,0,0,0,0
65.1,-95.0,0,0,0,0
65.1,-94.5,0,1,0,0
65.1,-89.2,0,0,0,0
65.1,-88.8,0,1,0,0
65.1,-88.4,0,0,0,0
65.1,-87.9,0,0,0,0
65.1,-87.5,0,0,0,0
65.1,-87.0,0,0,0,0
65.1,-86.2,0,0,0,0
65.1,-83.9,0,0,0,0
65.1,-83.5,0,0,0,0
65.1,-83.1,0,0,0,0
65.1,-78.2,0,0,0,0
65.1,-77.7,0,0,0,0
65.1,-76.4,0,0,0,0
65.1,-75.9,0,0,0,0
65.1,-74.5,0,0,0,0
65.1,-74.1,0,0,0,0
65.1,-73.2,0,0,0,0
65.1,-72.7,0,0,0,0
65.1,-71.8,0,0,0,0
65.1,-71.4,0,0,0,0
65.1,-70.4,0,0,0,0
65.1,-70.0,0,0,0,0
65.1,-69.0,0,0,0,0
65.1,-68.6,0,0,0,0
65.1,-67.6,0,0,0,0
65.1,-66.6,0,0,0,0
65.1,-64.3,0,0,0,0
65.1,-63.3,0,0,0,0
65.2,-138.2,0,0,0,0
65.2,-137.6,0,0,0,0
65.2,-137.0,0,0,0,0
65.2,-136.4,0,0,0,0
65.2,-135.7,0,0,0,0
65.2,-134.8,0,0,0,0
65.2,-134.2,0,0,0,0
65.2,-133.5,0,0,0,0
65.2,-132.0,0,0,0,0
65.2,-131.3,0,0,0,0
65.2,-130.4,0,0,0,0
65.2,-129.8,0,0,0,0
65.2,-128.8,0,0,0,0
65.2,-128.2,0,0,0,0
65.2,-127.2,0,0,0,0
65.2,-126.6,0,0,0,0
65.2,-125.6,0,0,0,0
65.2,-124.6,0,0,0,0
65.2,-124.0,0,0,0,0
65.2,-123.6,0,0,0,0
65.2,-123.0,0,0,0,0
65.2,-122.0,0,0,0,0
65.2,-121.1,0,0,0,0
65.2,-120.1,0,0,0,0
65.2,-119.1,0,0,0,0
65.2,-118.7,0,0,0,0
65.2,-117.7,0,0,0,0
65.2,-116.7,0,0,0,0
65.2,-115.7,0,0,0,0
65.2,-115.3,0,0,0,0
65.2,-114.4,0,0,0,0
65.2,-113.9,0,0,0,0
65.2,-113.0,0,0,0,0
65.2,-111.6,0,0,0,0
65.2,-111.2,0,0,0,0
65.2,-110.2,0,0,0,0
65.2,-109.8,0,0,0,0
65.2,-108.8,0,0,0,0
65.2,-108.4,0,0,0,0
65.2,-107.9,0,0,0,0
65.2,-107.0,0,0,0,0
65.2,-106.5,0,0,0,0
65.2,-106.1,0,0,0,0
65.2,-104.7,0,0,0,0
65.2,-104.3,0,0,0,0
65.2,-102.5,0,0,0,0
65.2,-102.1,0,0,0,0
65.2,-101.6,0,0,0,0
65.2,-99.4,0,0,0,0
65.2,-98.9,0,0,0,0
65.2,-98.5,0,0,0,0
65.2,-98.1,0,0,0,0
65.2,-97.6,0,0,0,0
65.2,-94.1,1,0,0,0
65.2,-93.6,0,0,0,0
65.2,-93.2,1,0,0,0
65.2,-92.8,0,0,0,0
65.2,-92.3,0,0,0,0
65.2,-91.9,0,0,0,0
65.2,-91.4,0,0,0,0
65.2,-91.0,0,0,0,0
65.2,-90.6,0,0,0,0
65.2,-90.1,1,0,0,0
65.2,-89.7,1,0,0,0
65.2,-86.1,0,0,0,0
65.2,-85.7,0,0,0,0
65.2,-85.3,0,0,0,0
65.2,-84.8,0,0,0,0
65.2,-84.4,0,0,0,0
65.2,-77.6,0,0,0,0
65.2,-77.2,0,0,0,0
65.2,-76.8,0,0,0,0
65.2,-75.8,0,0,0,0
65.2,-75.4,0,0,0,0
65.2,-75.0,0,0,0,0
65.2,-74.0,0,0,0,0
65.2,-73.6,0,0,0,0
65.2,-72.2,0,0,0,0
65.2,-70.8,0,0,0,0
65.2,-69.8,0,0,0,0
65.2,-69.4,0,0,0,0
65.2,-68.4,0,0,0,0
65.2,-68.0,0,0,0,0
65.2,-67.0,0,0,0,0
65.2,-65.1,0,0,0,0
65.2,-64.7,0,0,0,0
65.2,-63.7,0,0,0,0
65.3,-140.7,0,0,0,0
65.3,-140.1,0,0,0,0
65.3,-139.5,0,0,0,0
65.3,-138.9,0,0,0,0
65.3,-137.3,0,0,0,0
65.3,-136.6,0,0,0,0
65.3,-136.0,0,0,0,0
65.3,-135.4,0,0,0,0
65.3,-133.8,0,0,0,0
65.3,-133.2,0,0,0,0
65.3,-132.6,0,0,0,0
65.3,-131.6,0,0,0,0
65.3,-131.0,0,0,0,0
65.3,-130.0,0,0,0,0
65.3,-129.4,0,0,0,0
65.3,-128.4,0,0,0,0
65.3,-127.8,0,0,0,0
65.3,-126.8,0,0,0,0
65.3,-126.2,0,0,0,0
65.3,-125.2,0,0,0,0
65.3,-124.2,0,0,0,0
65.3,-123.2,0,0,0,0
65.3,-122.6,0,0,0,0
65.3,-122.3,0,0,0,0
65.3,-121.7,0,0,0,0
65.3,-121.3,0,0,0,0
65.3,-120.7,0,0,0,0
65.3,-120.3,0,0,0,0
65.3,-119.7,0,0,0,0
65.3,-119.3,0,0,0,0
65.3,-118.3,0,0,0,0
65.3,-117.3,0,0,0,0
65.3,-116.3,0,0,0,0
65.3,-115.9,0,0,0,0
65.3,-114.9,0,0,0,0
65.3,-113.5,0,0,0,0
65.3,-112.5,0,0,0,0
65.3,-112.1,0,0,0,0
65.3,-110.7,0,0,0,0
65.3,-109.3,0,0,0,0
65.3,-108.9,0,0,0,0
65.3,-107.5,0,0,0,0
65.3,-107.1,0,0,0,0
65.3,-105.7,0,0,0,0
65.3,-105.3,0,0,0,0
65.3,-103.9,0,0,0,0
65.3,-103.4,0,0,0,0
65.3,-103.0,0,0,0,0
65.3,-102.6,0,0,0,0
65.3,-101.2,0,0,0,0
65.3,-100.7,0,0,0,0
65.3,-100.3,0,0,0,0
65.3,-99.9,0,0,0,0
65.3,-97.2,0,0,0,0
65.3,-96.7,0,0,0,0
65.3,-96.3,0,0,0,0
65.3,-95.9,0,0,0,0
65.3,-95.4,0,0,0,0
65.3,-95.0,0,0,0,0
65.3,-94.5,0,0,0,0
65.3,-94.1,0,1,0,0
65.3,-93.7,0,0,0,0
65.3,-93.2,0,1,0,0
65.3,-90.5,0,0,0,0
65.3,-90.1,0,1,0,0
65.3,-89.7,0,1,0,0
65.3,-89.2,0,0,0,0
65.3,-88.8,0,0,0,0
65.3,-88.3,0,0,0,0
65.3,-87.9,0,0,0,0
65.3,-87.5,0,0,0,0
65.3,-87.0,0,0,0,0
65.3,-82.6,0,0,0,0
65.3,-76.7,0,0,0,0
65.3,-76.2,0,0,0,0
65.3,-74.9,0,0,0,0
65.3,-74.4,0,0,0,0
65.3,-73.0,0,0,0,0
65.3,-72.6,0,0,0,0
65.3,-71.6,0,0,0,0
65.3,-71.2,0,0,0,0
65.3,-70.2,0,0,0,0
65.3,-68.8,0,0,0,0
65.3,-67.8,0,0,0,0
65.3,-67.4,0,0,0,0
65.3,-66.5,0,0,0,0
65.3,-64.5,0,0,0,0
65.3,-64.1,0,0,0,0
65.3,-63.5,0,0,0,0
65.3,-63.1,0,0,0,0
65.4,-141.0,0,0,0,0
65.4,-140.4,0,0,0,0
65.4,-139.8,0,0,0,0
65.4,-139.1,0,0,0,0
65.4,-138.5,0,0,0,0
65.4,-137.9,0,0,0,0
65.4,-136.3,0,0,0,0
65.4,-135.7,0,0,0,0
65.4,-135.1,0,0,0,0
65.4,-134.4,0,0,0,0
65.4,-133.5,0,0,0,0
65.4,-132.8,0,0,0,0
65.4,-132.2,0,0,0,0
65.4,-131.2,0,0,0,0
65.4,-130.6,0,0,0,0
65.4,-129.6,0,0,0,0
65.4,-129.0,0,0,0,0
65.4,-128.0,0,0,0,0
65.4,-127.4,0,0,0,0
65.4,-126.4,0,0,0,0
65.4,-125.8,0,0,0,0
65.4,-124.8,0,0,0,0
65.4,-123.8,0,0,0,0
65.4,-122.8,0,0,0,0
65.4,-121.9,0,0,0,0
65.4,-120.9,0,0,0,0
65.4,-119.9,0,0,0,0
65.4,-118.9,0,0,0,0
65.4,-117.9,0,0,0,0
65.4,-116.9,0,0,0,0
65.4,-116.5,0,0,0,0
65.4,-115.5,0,0,0,0
65.4,-114.5,0,0,0,0
65.4,-114.1,0,0,0,0
65.4,-113.1,0,0,0,0
65.4,-112.7,0,0,0,0
65.4,-111.7,0,0,0,0
65.4,-111.3,0,0,0,0
65.4,-110.3,0,0,0,0
65.4,-109.9,0,0,0,0
65.4,-108.5,0,0,0,0
65.4,-108.0,0,0,0,0
65.4,-106.6,0,0,0,0
65.4,-106.2,0,0,0,0
65.4,-104.8,0,0,0,0
65.4,-104.4,0,0,0,0
65.4,-104.0,0,0,0,0
65.4,-102.1,0,0,0,0
65.4,-101.7,0,0,0,0
65.4,-101.2,0,0,0,0
65.4,-99.4,0,0,0,0
65.4,-99.0,0,0,0,0
65.4,-98.5,0,0,0,0
65.4,-98.1,0,0,0,0
65.4,-97.7,0,0,0,0
65.4,-97.2,0,0,0,0
65.4,-92.8,1,0,0,0
65.4,-92.3,1,0,0,0
65.4,-91.9,1,0,0,0
65.4,-91.4,1,0,0,0
65.4,-91.0,1,0,0,0
65.4,-86.5,0,0,0,0
65.4,-86.1,0,0,0,0
65.4,-85.7,0,0,0,0
65.4,-85.2,0,0,0,0
65.4,-84.8,0,0,0,0
65.4,-84.3,1,0,0,0
65.4,-77.5,0,0,0,0
65.4,-77.1,0,0,0,0
65.4,-75.7,0,0,0,0
65.4,-75.3,0,0,0,0
65.4,-73.9,0,0,0,0
65.4,-73.5,0,0,0,0
65.4,-72.5,0,0,0,0
65.4,-72.1,0,0,0,0
65.4,-71.1,0,0,0,0
65.4,-70.6,0,0,0,0
65.4,-69.7,0,0,0,0
65.4,-69.2,0,0,0,0
65.4,-68.3,0,0,0,0
65.4,-67.3,0,0,0,0
65.4,-66.9,0,0,0,0
65.4,-64.9,0,0,0,0
65.4,-63.9,0,0,0,0
65.4,-62.9,0,0,0,0
65.5,-140.7,0,0,0,0
65.5,-140.1,0,0,0,0
65.5,-139.5,0,0,0,0
65.5,-138.8,0,0,0,0
65.5,-138.2,0,0,0,0
65.5,-137.6,0,0,0,0
65.5,-136.9,0,0,0,0
65.5,-135.3,0,0,0,0
65.5,-134.7,0,0,0,0
65.5,-134.1,0,0,0,0
65.5,-132.5,0,0,0,0
65.5,-131.9,0,0,0,0
65.5,-130.9,0,0,0,0
65.5,-130.3,0,0,0,0
65.5,-128.6,0,0,0,0
65.5,-127.7,0,0,0,0
65.5,-127.0,0,0,0,0
65.5,-126.0,0,0,0,0
65.5,-125.4,0,0,0,0
65.5,-125.1,0,0,0,0
65.5,-124.4,0,0,0,0
65.5,-123.5,0,0,0,0
65.5,-122.5,0,0,0,0
65.5,-121.5,0,0,0,0
65.5,-120.5,0,0,0,0
65.5,-119.5,0,0,0,0
65.5,-118.5,0,0,0,0
65.5,-117.5,0,0,0,0
65.5,-117.1,0,0,0,0
65.5,-116.1,0,0,0,0
65.5,-115.1,0,0,0,0
65.5,-114.7,0,0,0,0
65.5,-113.7,0,0,0,0
65.5,-113.3,0,0,0,0
65.5,-112.3,0,0,0,0
65.5,-111.8,0,0,0,0
65.5,-110.9,0,0,0,0
65.5,-110.4,0,0,0,0
65.5,-109.5,0,0,0,0
65.5,-109.0,0,0,0,0
65.5,-107.6,0,0,0,0
65.5,-107.2,0,0,0,0
65.5,-105.8,0,0,0,0
65.5,-105.3,0,0,0,0
65.5,-104.9,0,0,0,0
65.5,-103.5,0,0,0,0
65.5,-103.1,0,0,0,0
65.5,-102.6,0,0,0,0
65.5,-100.8,0,0,0,0
65.5,-100.4,0,0,0,0
65.5,-99.9,0,0,0,0
65.5,-99.5,0,0,0,0
65.5,-96.8,1,0,0,0
65.5,-96.3,0,0,0,0
65.5,-95.9,0,0,0,0
65.5,-95.4,0,0,0,0
65.5,-95.0,0,0,0,0
65.5,-94.6,0,0,0,0
65.5,-94.1,0,0,0,0
65.5,-93.7,0,0,0,0
65.5,-93.2,0,0,0,0
65.5,-92.8,0,1,0,0
65.5,-92.3,0,1,0,0
65.5,-91.9,0,1,0,0
65.5,-91.4,0,1,0,0
65.5,-91.0,0,1,0,0
65.5,-90.5,0,0,0,0
65.5,-90.1,0,0,0,0
65.5,-89.6,0,0,0,0
65.5,-89.2,0,0,0,0
65.5,-88.8,0,0,0,0
65.5,-88.3,0,0,0,0
65.5,-87.9,0,0,0,0
65.5,-87.4,0,0,0,0
65.5,-87.0,0,0,0,0
65.5,-84.3,0,1,0,0
65.5,-83.4,0,0,0,0
65.5,-76.6,0,0,0,0
65.5,-74.7,0,0,0,0
65.5,-74.3,0,0,0,0
65.5,-73.3,0,0,0,0
65.5,-72.9,0,0,0,0
65.5,-71.9,0,0,0,0
65.5,-71.5,0,0,0,0
65.5,-70.5,0,0,0,0
65.5,-70.1,0,0,0,0
65.5,-69.1,0,0,0,0
65.5,-68.7,0,0,0,0
65.5,-67.7,0,0,0,0
65.5,-66.7,0,0,0,0
65.5,-65.3,0,0,0,0
65.5,-64.3,0,0,0,0
65.5,-63.3,0,0,0,0
65.5,-62.3,0,0,0,0
65.6,-139.1,0,0,0,0
65.6,-138.5,0,0,0,0
65.6,-137.9,0,0,0,0
65.6,-137.2,0,0,0,0
65.6,-136.6,0,0,0,0
65.6,-136.0,0,0,0,0
65.6,-134.4,0,0,0,0
65.6,-133.7,0,0,0,0
65.6,-133.1,0,0,0,0
65.6,-132.1,0,0,0,0
65.6,-131.5,0,0,0,0
65.6,-130.5,0,0,0,0
65.6,-129.9,0,0,0,0
65.6,-129.3,0,0,0,0
65.6,-128.3,0,0,0,0
65.6,-127.3,0,0,0,0
65.6,-126.7,0,0,0,0
65.6,-125.7,0,0,0,0
65.6,-124.7,0,0,0,0
65.6,-124.1,0,0,0,0
65.6,-123.1,0,0,0,0
65.6,-122.1,0,0,0,0
65.6,-121.1,0,0,0,0
65.6,-120.1,0,0,0,0
65.6,-119.1,0,0,0,0
65.6,-118.7,0,0,0,0
65.6,-118.1,0,0,0,0
65.6,-117.7,0,0,0,0
65.6,-116.7,0,0,0,0
65.6,-115.7,0,0,0,0
65.6,-115.2,0,0,0,0
65.6,-114.2,0,0,0,0
65.6,-112.8,0,0,0,0
65.6,-111.4,0,0,0,0
65.6,-110.0,0,0,0,0
65.6,-109.6,0,0,0,0
65.6,-108.6,0,0,0,0
65.6,-108.2,0,0,0,0
65.6,-106.8,0,0,0,0
65.6,-106.3,0,0,0,0
65.6,-105.9,0,0,0,0
65.6,-104.5,0,0,0,0
65.6,-104.0,0,0,0,0
65.6,-103.6,0,0,0,0
65.6,-102.2,0,0,0,0
65.6,-101.8,0,0,0,0
65.6,-101.3,0,0,0,0
65.6,-100.9,0,0,0,0
65.6,-99.0,0,0,0,0
65.6,-98.6,0,0,0,0
65.6,-98.1,0,0,0,0
65.6,-97.7,0,0,0,0
65.6,-97.3,0,0,0,0
65.6,-96.8,0,1,0,0
65.6,-86.9,0,0,0,0
65.6,-86.5,0,0,0,0
65.6,-86.1,0,0,0,0
65.6,-85.6,0,0,0,0
65.6,-85.2,0,0,0,0
65.6,-84.7,0,0,0,0
65.6,-82.9,0,0,0,0
65.6,-77.4,0,0,0,0
65.6,-74.2,0,0,0,0
65.6,-73.8,0,0,0,0
65.6,-72.3,0,0,0,0
65.6,-70.9,0,0,0,0
65.6,-69.5,0,0,0,0
65.6,-68.5,0,0,0,0
65.6,-68.1,0,0,0,0
65.6,-67.1,0,0,0,0
65.6,-66.1,0,0,0,0
65.6,-65.7,0,0,0,0
65.6,-64.7,0,0,0,0
65.6,-63.7,0,0,0,0
65.6,-62.7,0,0,0,0
65.7,-141.0,0,0,0,0
65.7,-140.4,0,0,0,0
65.7,-139.8,0,0,0,0
65.7,-137.5,0,0,0,0
65.7,-136.9,0,0,0,0
65.7,-136.3,0,0,0,0
65.7,-135.6,0,0,0,0
65.7,-135.0,0,0,0,0
65.7,-134.0,0,0,0,0
65.7,-133.4,0,0,0,0
65.7,-132.7,0,0,0,0
65.7,-131.8,0,0,0,0
65.7,-131.1,0,0,0,0
65.7,-129.5,0,0,0,0
65.7,-128.9,0,0,0,0
65.7,-127.9,0,0,0,0
65.7,-126.9,0,0,0,0
65.7,-126.3,0,0,0,0
65.7,-125.3,0,0,0,0
65.7,-124.3,0,0,0,0
65.7,-123.7,0,0,0,0
65.7,-123.3,0,0,0,0
65.7,-122.7,0,0,0,0
65.7,-121.7,0,0,0,0
65.7,-120.7,0,0,0,0
65.7,-119.7,0,0,0,0
65.7,-119.2,0,0,0,0
65.7,-118.2,0,0,0,0
65.7,-117.2,0,0,0,0
65.7,-116.2,0,0,0,0
65.7,-115.8,0,0,0,0
65.7,-114.8,0,0,0,0
65.7,-113.8,0,0,0,0
65.7,-113.4,0,0,0,0
65.7,-112.4,0,0,0,0
65.7,-112.0,0,0,0,0
65.7,-111.0,0,0,0,0
65.7,-110.6,0,0,0,0
65.7,-109.1,0,0,0,0
65.7,-108.7,0,0,0,0
65.7,-107.7,0,0,0,0
65.7,-107.3,0,0,0,0
65.7,-106.9,0,0,0,0
65.7,-105.4,0,0,0,0
65.7,-105.0,0,0,0,0
65.7,-103.2,0,0,0,0
65.7,-102.7,0,0,0,0
65.7,-102.3,0,0,0,0
65.7,-100.4,0,0,0,0
65.7,-100.0,0,0,0,0
65.7,-99.5,0,0,0,0
65.7,-99.1,0,0,0,0
65.7,-96.4,1,0,0,0
65.7,-95.9,0,0,0,0
65.7,-95.5,0,0,0,0
65.7,-95.0,0,0,0,0
65.7,-94.6,0,0,0,0
65.7,-94.1,0,0,0,0
65.7,-93.7,0,0,0,0
65.7,-93.2,0,0,0,0
65.7,-92.8,0,0,0,0
65.7,-92.3,0,0,0,0
65.7,-91.9,0,0,0,0
65.7,-91.4,0,0,0,0
65.7,-91.0,0,0,0,0
65.7,-90.5,0,0,0,0
65.7,-90.1,0,0,0,0
65.7,-89.6,0,0,0,0
65.7,-89.2,0,0,0,0
65.7,-88.7,0,0,0,0
65.7,-88.3,0,0,0,0
65.7,-87.8,0,0,0,0
65.7,-87.4,1,0,0,0
65.7,-84.7,0,0,0,0
65.7,-84.2,0,0,0,0
65.7,-83.8,0,0,0,0
65.7,-83.3,0,0,0,0
65.7,-73.2,0,0,0,0
65.7,-72.8,0,0,0,0
65.7,-71.8,0,0,0,0
65.7,-71.3,0,0,0,0
65.7,-70.4,0,0,0,0
65.7,-69.9,0,0,0,0
65.7,-68.9,0,0,0,0
65.7,-67.9,0,0,0,0
65.7,-67.5,0,0,0,0
65.7,-65.5,0,0,0,0
65.7,-65.1,0,0,0,0
65.7,-64.5,0,0,0,0
65.7,-64.1,0,0,0,0
65.7,-63.1,0,0,0,0
65.7,-62.1,0,0,0,0
65.8,-140.7,0,0,0,0
65.8,-140.1,0,0,0,0
65.8,-139.4,0,0,0,0
65.8,-138.8,0,0,0,0
65.8,-138.2,0,0,0,0
65.8,-136.5,0,0,0,0
65.8,-135.9,0,0,0,0
65.8,-135.3,0,0,0,0
65.8,-134.6,0,0,0,0
65.8,-133.7,0,0,0,0
65.8,-133.0,0,0,0,0
65.8,-132.4,0,0,0,0
65.8,-131.4,0,0,0,0
65.8,-130.8,0,0,0,0
65.8,-130.1,0,0,0,0
65.8,-129.1,0,0,0,0
65.8,-128.5,0,0,0,0
65.8,-127.5,0,0,0,0
65.8,-126.5,0,0,0,0
65.8,-125.9,0,0,0,0
65.8,-124.9,0,0,0,0
65.8,-123.9,0,0,0,0
65.8,-122.9,0,0,0,0
65.8,-122.3,0,0,0,0
65.8,-121.9,0,0,0,0
65.8,-121.3,0,0,0,0
65.8,-120.9,0,0,0,0
65.8,-120.3,0,0,0,0
65.8,-119.8,0,0,0,0
65.8,-118.8,0,0,0,0
65.8,-117.8,0,0,0,0
65.8,-116.8,0,0,0,0
65.8,-116.4,0,0,0,0
65.8,-115.4,0,0,0,0
65.8,-114.4,0,0,0,0
65.8,-114.0,0,0,0,0
65.8,-113.0,0,0,0,0
65.8,-112.6,0,0,0,0
65.8,-111.6,0,0,0,0
65.8,-111.1,0,0,0,0
65.8,-110.1,0,0,0,0
65.8,-109.7,0,0,0,0
65.8,-108.3,0,0,0,0
65.8,-107.8,0,0,0,0
65.8,-106.4,0,0,0,0
65.8,-106.0,0,0,0,0
65.8,-104.6,0,0,0,0
65.8,-104.1,0,0,0,0
65.8,-103.7,0,0,0,0
65.8,-101.8,0,0,0,0
65.8,-101.4,0,0,0,0
65.8,-100.9,0,0,0,0
65.8,-98.6,0,0,0,0
65.8,-98.2,0,0,0,0
65.8,-97.7,0,0,0,0
65.8,-97.3,0,0,0,0
65.8,-96.8,0,0,0,0
65.8,-96.4,0,1,0,0
65.8,-87.4,0,1,0,0
65.8,-86.9,0,0,0,0
65.8,-86.5,0,0,0,0
65.8,-86.0,0,0,0,0
65.8,-85.6,0,0,0,0
65.8,-85.1,0,0,0,0
65.8,-74.1,0,0,0,0
65.8,-73.6,0,0,0,0
65.8,-72.6,0,0,0,0
65.8,-72.2,0,0,0,0
65.8,-71.2,0,0,0,0
65.8,-70.8,0,0,0,0
65.8,-69.8,0,0,0,0
65.8,-69.4,0,0,0,0
65.8,-68.4,0,0,0,0
65.8,-67.3,0,0,0,0
65.8,-65.9,0,0,0,0
65.8,-64.9,0,0,0,0
65.8,-63.9,0,0,0,0
65.8,-63.5,0,0,0,0
65.8,-62.9,0,0,0,0
65.8,-62.5,0,0,0,0
65.8,-61.9,0,0,0,0
65.9,-141.0,0,0,0,0
65.9,-140.4,0,0,0,0
65.9,-139.7,0,0,0,0
65.9,-139.1,0,0,0,0
65.9,-138.5,0,0,0,0
65.9,-137.8,0,0,0,0
65.9,-137.2,0,0,0,0
65.9,-135.6,0,0,0,0
65.9,-134.9,0,0,0,0
65.9,-134.3,0,0,0,0
65.9,-132.7,0,0,0,0
65.9,-132.0,0,0,0,0
65.9,-130.4,0,0,0,0
65.9,-129.8,0,0,0,0
65.9,-128.8,0,0,0,0
65.9,-128.1,0,0,0,0
65.9,-127.1,0,0,0,0
65.9,-126.1,0,0,0,0
65.9,-125.5,0,0,0,0
65.9,-124.5,0,0,0,0
65.9,-123.5,0,0,0,0
65.9,-122.5,0,0,0,0
65.9,-121.5,0,0,0,0
65.9,-120.4,0,0,0,0
65.9,-119.4,0,0,0,0
65.9,-118.4,0,0,0,0
65.9,-117.4,0,0,0,0
65.9,-117.0,0,0,0,0
65.9,-116.0,0,0,0,0
65.9,-115.0,0,0,0,0
65.9,-114.6,0,0,0,0
65.9,-113.6,0,0,0,0
65.9,-112.1,0,0,0,0
65.9,-110.7,0,0,0,0
65.9,-110.3,0,0,0,0
65.9,-109.3,0,0,0,0
65.9,-108.8,0,0,0,0
65.9,-107.4,0,0,0,0
65.9,-107.0,0,0,0,0
65.9,-105.5,0,0,0,0
65.9,-105.1,0,0,0,0
65.9,-104.7,0,0,0,0
65.9,-103.2,0,0,0,0
65.9,-102.8,0,0,0,0
65.9,-102.3,0,0,0,0
65.9,-100.5,1,0,0,0
65.9,-100.0,0,0,0,0
65.9,-99.6,0,0,0,0
65.9,-99.1,0,0,0,0
65.9,-98.7,0,0,0,0
65.9,-95.9,0,0,0,0
65.9,-95.5,0,0,0,0
65.9,-95.0,0,0,0,0
65.9,-94.6,0,0,0,0
65.9,-94.1,0,0,0,0
65.9,-93.7,0,0,0,0
65.9,-93.2,0,0,0,0
65.9,-92.8,0,0,0,0
65.9,-92.3,0,0,0,0
65.9,-91.9,0,0,0,0
65.9,-91.4,0,0,0,0
65.9,-91.0,0,0,0,0
65.9,-90.5,0,0,0,0
65.9,-90.1,0,0,0,0
65.9,-89.6,0,0,0,0
65.9,-89.2,0,0,0,0
65.9,-88.7,0,0,0,0
65.9,-88.3,0,0,0,0
65.9,-87.8,1,0,0,0
65.9,-85.1,0,0,0,0
65.9,-84.6,0,0,0,0
65.9,-84.2,0,0,0,0
65.9,-83.7,0,0,0,0
65.9,-83.3,0,0,0,0
65.9,-73.5,0,0,0,0
65.9,-73.1,0,0,0,0
65.9,-71.6,0,0,0,0
65.9,-70.2,0,0,0,0
65.9,-69.2,0,0,0,0
65.9,-68.8,0,0,0,0
65.9,-67.8,0,0,0,0
65.9,-66.8,0,0,0,0
65.9,-65.3,0,0,0,0
65.9,-64.3,0,0,0,0
65.9,-63.3,0,0,0,0
65.9,-62.3,0,0,0,0
66.0,-139.4,0,0,0,0
66.0,-138.8,0,0,0,0
66.0,-138.1,0,0,0,0
66.0,-137.5,0,0,0,0
66.0,-136.8,0,0,0,0
66.0,-136.2,0,0,0,0
66.0,-134.6,0,0,0,0
66.0,-133.9,0,0,0,0
66.0,-133.3,0,0,0,0
66.0,-132.3,0,0,0,0
66.0,-131.7,0,0,0,0
66.0,-131.0,0,0,0,0
66.0,-130.0,0,0,0,0
66.0,-129.4,0,0,0,0
66.0,-128.4,0,0,0,0
66.0,-127.8,0,0,0,0
66.0,-126.7,0,0,0,0
66.0,-125.7,0,0,0,0
66.0,-125.1,0,0,0,0
66.0,-124.1,0,0,0,0
66.0,-123.1,0,0,0,0
66.0,-122.1,0,0,0,0
66.0,-121.1,0,0,0,0
66.0,-120.0,0,0,0,0
66.0,-119.0,0,0,0,0
66.0,-118.0,0,0,0,0
66.0,-117.6,0,0,0,0
66.0,-116.6,0,0,0,0
66.0,-115.6,0,0,0,0
66.0,-115.1,0,0,0,0
66.0,-114.1,0,0,0,0
66.0,-113.1,0,0,0,0
66.0,-112.7,0,0,0,0
66.0,-111.7,0,0,0,0
66.0,-111.3,0,0,0,0
66.0,-109.8,0,0,0,0
66.0,-109.4,0,0,0,0
66.0,-108.4,0,0,0,0
66.0,-108.0,0,0,0,0
66.0,-106.5,0,0,0,0
66.0,-106.1,0,0,0,0
66.0,-105.6,0,0,0,0
66.0,-104.2,0,0,0,0
66.0,-103.8,0,0,0,0
66.0,-103.3,0,0,0,0
66.0,-101.9,0,0,0,0
66.0,-101.4,0,0,0,0
66.0,-101.0,0,0,0,0
66.0,-100.5,0,1,0,0
66.0,-98.2,0,0,0,0
66.0,-97.8,0,0,0,0
66.0,-97.3,0,0,0,0
66.0,-96.9,0,0,0,0
66.0,-96.4,0,0,0,0
66.0,-96.0,0,0,0,0
66.0,-87.8,0,1,0,0
66.0,-87.3,0,0,0,0
66.0,-86.9,0,0,0,0
66.0,-86.4,0,0,0,0
66.0,-86.0,0,0,0,0
66.0,-85.5,0,0,0,0
66.0,-74.4,0,0,0,0
66.0,-73.9,0,0,0,0
66.0,-72.5,0,0,0,0
66.0,-72.1,0,0,0,0
66.0,-71.1,0,0,0,0
66.0,-70.6,0,0,0,0
66.0,-69.6,0,0,0,0
66.0,-68.6,0,0,0,0
66.0,-68.2,0,0,0,0
66.0,-67.2,0,0,0,0
66.0,-66.2,0,0,0,0
66.0,-65.7,0,0,0,0
66.0,-64.7,0,0,0,0
66.0,-63.7,0,0,0,0
66.0,-62.7,0,0,0,0
66.0,-61.7,0,0,0,0
66.1,-140.7,0,0,0,0
66.1,-140.0,0,0,0,0
66.1,-137.8,0,0,0,0
66.1,-137.1,0,0,0,0
66.1,-136.5,0,0,0,0
66.1,-135.8,0,0,0,0
66.1,-135.2,0,0,0,0
66.1,-134.2,0,0,0,0
66.1,-133.6,0,0,0,0
66.1,-132.9,0,0,0,0
66.1,-131.9,0,0,0,0
66.1,-131.3,0,0,0,0
66.1,-130.7,0,0,0,0
66.1,-129.6,0,0,0,0
66.1,-129.0,0,0,0,0
66.1,-128.0,0,0,0,0
66.1,-127.4,0,0,0,0
66.1,-126.4,0,0,0,0
66.1,-125.3,0,0,0,0
66.1,-124.7,0,0,0,0
66.1,-124.3,0,0,0,0
66.1,-123.7,0,0,0,0
66.1,-122.7,0,0,0,0
66.1,-121.7,0,0,0,0
66.1,-120.6,0,0,0,0
66.1,-119.6,0,0,0,0
66.1,-118.6,0,0,0,0
66.1,-118.2,0,0,0,0
66.1,-117.2,0,0,0,0
66.1,-116.2,0,0,0,0
66.1,-114.7,0,0,0,0
66.1,-113.7,0,0,0,0
66.1,-113.3,0,0,0,0
66.1,-112.3,0,0,0,0
66.1,-111.8,0,0,0,0
66.1,-110.8,0,0,0,0
66.1,-110.4,0,0,0,0
66.1,-108.9,0,0,0,0
66.1,-108.5,0,0,0,0
66.1,-107.5,0,0,0,0
66.1,-107.1,0,0,0,0
66.1,-106.6,0,0,0,0
66.1,-105.2,0,0,0,0
66.1,-104.7,0,0,0,0
66.1,-102.9,0,0,0,0
66.1,-102.4,0,0,0,0
66.1,-102.0,0,0,0,0
66.1,-100.1,0,0,0,0
66.1,-99.6,0,0,0,0
66.1,-99.2,0,0,0,0
66.1,-98.7,0,0,0,0
66.1,-98.3,0,0,0,0
66.1,-95.5,0,0,0,0
66.1,-95.1,0,0,0,0
66.1,-94.6,0,0,0,0
66.1,-94.2,0,0,0,0
66.1,-93.7,0,0,0,0
66.1,-93.2,0,0,0,0
66.1,-92.8,0,0,0,0
66.1,-92.3,0,0,0,0
66.1,-91.9,0,0,0,0
66.1,-91.4,0,0,0,0
66.1,-91.0,0,0,0,0
66.1,-90.5,0,0,0,0
66.1,-90.1,0,0,0,0
66.1,-89.6,0,0,0,0
66.1,-89.1,0,0,0,0
66.1,-88.7,0,0,0,0
66.1,-88.2,0,0,0,0
66.1,-85.0,0,0,0,0
66.1,-84.6,0,0,0,0
66.1,-84.1,0,0,0,0
66.1,-83.7,0,0,0,0
66.1,-73.4,0,0,0,0
66.1,-72.9,0,0,0,0
66.1,-71.9,0,0,0,0
66.1,-71.5,0,0,0,0
66.1,-70.5,0,0,0,0
66.1,-70.1,0,0,0,0
66.1,-69.0,0,0,0,0
66.1,-67.6,0,0,0,0
66.1,-66.6,0,0,0,0
66.1,-65.6,0,0,0,0
66.1,-65.1,0,0,0,0
66.1,-64.1,0,0,0,0
66.1,-63.1,0,0,0,0
66.1,-62.1,0,0,0,0
66.2,-141.0,0,0,0,0
66.2,-140.4,0,0,0,0
66.2,-139.7,0,0,0,0
66.2,-139.1,0,0,0,0
66.2,-138.4,0,0,0,0
66.2,-136.8,0,0,0,0
66.2,-136.1,0,0,0,0
66.2,-135.5,0,0,0,0
66.2,-134.9,0,0,0,0
66.2,-133.2,0,0,0,0
66.2,-132.6,0,0,0,0
66.2,-130.9,0,0,0,0
66.2,-130.3,0,0,0,0
66.2,-129.3,0,0,0,0
66.2,-128.6,0,0,0,0
66.2,-127.6,0,0,0,0
66.2,-127.0,0,0,0,0
66.2,-126.6,0,0,0,0
66.2,-126.0,0,0,0,0
66.2,-124.9,0,0,0,0
66.2,-123.9,0,0,0,0
66.2,-123.3,0,0,0,0
66.2,-122.9,0,0,0,0
66.2,-122.3,0,0,0,0
66.2,-121.3,0,0,0,0
66.2,-120.2,0,0,0,0
66.2,-119.8,0,0,0,0
66.2,-119.2,0,0,0,0
66.2,-118.8,0,0,0,0
66.2,-117.8,0,0,0,0
66.2,-116.8,0,0,0,0
66.2,-115.7,0,0,0,0
66.2,-115.3,0,0,0,0
66.2,-114.3,0,0,0,0
66.2,-113.9,0,0,0,0
66.2,-112.8,0,0,0,0
66.2,-112.4,0,0,0,0
66.2,-111.4,0,0,0,0
66.2,-111.0,0,0,0,0
66.2,-110.0,0,0,0,0
66.2,-109.5,0,0,0,0
66.2,-108.1,0,0,0,0
66.2,-107.6,0,0,0,0
66.2,-106.2,0,0,0,0
66.2,-105.7,0,0,0,0
66.2,-104.3,0,0,0,0
66.2,-103.8,0,0,0,0
66.2,-103.4,0,0,0,0
66.2,-101.5,0,0,0,0
66.2,-101.1,0,0,0,0
66.2,-100.6,0,0,0,0
66.2,-100.2,0,0,0,0
66.2,-97.8,0,0,0,0
66.2,-97.4,0,0,0,0
66.2,-96.9,0,0,0,0
66.2,-96.5,0,0,0,0
66.2,-96.0,0,0,0,0
66.2,-95.5,0,0,0,0
66.2,-95.1,0,0,0,0
66.2,-88.7,0,0,0,0
66.2,-88.2,0,0,0,0
66.2,-87.8,0,0,0,0
66.2,-87.3,0,0,0,0
66.2,-86.8,0,0,0,0
66.2,-86.4,0,0,0,0
66.2,-85.9,0,0,0,0
66.2,-83.6,0,0,0,0
66.2,-83.1,0,0,0,0
66.2,-82.7,0,0,0,0
66.2,-74.2,0,0,0,0
66.2,-73.8,0,0,0,0
66.2,-72.8,0,0,0,0
66.2,-72.4,0,0,0,0
66.2,-71.3,0,0,0,0
66.2,-70.9,0,0,0,0
66.2,-69.9,0,0,0,0
66.2,-69.5,0,0,0,0
66.2,-68.5,0,0,0,0
66.2,-68.0,0,0,0,0
66.2,-67.0,0,0,0,0
66.2,-66.0,0,0,0,0
66.2,-65.0,0,0,0,0
66.2,-64.5,0,0,0,0
66.2,-63.9,0,0,0,0
66.2,-63.5,0,0,0,0
66.2,-62.5,0,0,0,0
66.3,-141.3,0,0,0,0
66.3,-140.7,0,0,0,0
66.3,-140.0,0,0,0,0
66.3,-139.4,0,0,0,0
66.3,-138.7,0,0,0,0
66.3,-138.1,0,0,0,0
66.3,-137.4,0,0,0,0
66.3,-135.8,0,0,0,0
66.3,-135.1,0,0,0,0
66.3,-134.5,0,0,0,0
66.3,-133.8,0,0,0,0
66.3,-132.8,0,0,0,0
66.3,-132.2,0,0,0,0
66.3,-131.6,0,0,0,0
66.3,-130.5,0,0,0,0
66.3,-129.9,0,0,0,0
66.3,-128.9,0,0,0,0
66.3,-128.2,0,0,0,0
66.3,-127.2,0,0,0,0
66.3,-126.2,0,0,0,0
66.3,-125.6,0,0,0,0
66.3,-124.5,0,0,0,0
66.3,-123.5,0,0,0,0
66.3,-122.5,0,0,0,0
66.3,-121.9,0,0,0,0
66.3,-121.5,0,0,0,0
66.3,-120.8,0,0,0,0
66.3,-120.4,0,0,0,0
66.3,-119.4,0,0,0,0
66.3,-118.4,0,0,0,0
66.3,-117.4,0,0,0,0
66.3,-116.3,0,0,0,0
66.3,-115.9,0,0,0,0
66.3,-114.9,0,0,0,0
66.3,-114.4,0,0,0,0
66.3,-113.4,0,0,0,0
66.3,-112.0,0,0,0,0
66.3,-110.5,0,0,0,0
66.3,-110.1,0,0,0,0
66.3,-109.1,0,0,0,0
66.3,-108.6,0,0,0,0
66.3,-107.2,0,0,0,0
66.3,-106.7,0,0,0,0
66.3,-105.3,0,0,0,0
66.3,-104.8,0,0,0,0
66.3,-104.4,0,0,0,0
66.3,-102.9,0,0,0,0
66.3,-102.5,0,0,0,0
66.3,-102.0,0,0,0,0
66.3,-99.7,0,0,0,0
66.3,-99.2,0,0,0,0
66.3,-98.8,0,0,0,0
66.3,-98.3,0,0,0,0
66.3,-97.9,0,0,0,0
66.3,-94.6,0,0,0,0
66.3,-94.2,0,0,0,0
66.3,-93.7,0,0,0,0
66.3,-93.3,0,0,0,0
66.3,-92.8,0,0,0,0
66.3,-92.3,0,0,0,0
66.3,-91.9,0,0,0,0
66.3,-91.4,0,0,0,0
66.3,-91.0,0,0,0,0
66.3,-90.5,0,0,0,0
66.3,-90.0,0,0,0,0
66.3,-89.6,0,0,0,0
66.3,-89.1,0,0,0,0
66.3,-85.4,0,0,0,0
66.3,-85.0,0,0,0,0
66.3,-84.5,0,0,0,0
66.3,-84.1,0,0,0,0
66.3,-73.2,0,0,0,0
66.3,-71.8,0,0,0,0
66.3,-70.3,0,0,0,0
66.3,-68.9,0,0,0,0
66.3,-67.9,0,0,0,0
66.3,-67.4,0,0,0,0
66.3,-66.4,0,0,0,0
66.3,-65.4,0,0,0,0
66.3,-64.4,0,0,0,0
66.3,-63.3,0,0,0,0
66.3,-62.9,0,0,0,0
66.3,-62.3,0,0,0,0
66.3,-61.9,0,0,0,0
66.3,-61.3,0,0,0,0
66.4,-140.3,0,0,0,0
66.4,-139.7,0,0,0,0
66.4,-139.0,0,0,0,0
66.4,-138.4,0,0,0,0
66.4,-137.7,0,0,0,0
66.4,-137.1,0,0,0,0
66.4,-136.4,0,0,0,0
66.4,-134.8,0,0,0,0
66.4,-134.1,0,0,0,0
66.4,-133.5,0,0,0,0
66.4,-132.5,0,0,0,0
66.4,-131.8,0,0,0,0
66.4,-131.2,0,0,0,0
66.4,-130.2,0,0,0,0
66.4,-129.5,0,0,0,0
66.4,-128.5,0,0,0,0
66.4,-127.9,0,0,0,0
66.4,-126.8,0,0,0,0
66.4,-125.8,0,0,0,0
66.4,-125.2,0,0,0,0
66.4,-124.1,0,0,0,0
66.4,-123.1,0,0,0,0
66.4,-122.1,0,0,0,0
66.4,-121.0,0,0,0,0
66.4,-120.0,0,0,0,0
66.4,-119.0,0,0,0,0
66.4,-118.0,0,0,0,0
66.4,-116.9,0,0,0,0
66.4,-116.5,0,0,0,0
66.4,-115.5,0,0,0,0
66.4,-114.0,0,0,0,0
66.4,-113.0,0,0,0,0
66.4,-112.6,0,0,0,0
66.4,-111.5,0,0,0,0
66.4,-111.1,0,0,0,0
66.4,-109.6,0,0,0,0
66.4,-109.2,0,0,0,0
66.4,-108.2,0,0,0,0
66.4,-107.7,0,0,0,0
66.4,-106.3,0,0,0,0
66.4,-105.8,0,0,0,0
66.4,-105.4,0,0,0,0
66.4,-103.9,0,0,0,0
66.4,-103.5,0,0,0,0
66.4,-103.0,0,0,0,0
66.4,-101.6,0,0,0,0
66.4,-101.1,0,0,0,0
66.4,-100.7,0,0,0,0
66.4,-100.2,0,0,0,0
66.4,-97.4,0,0,0,0
66.4,-97.0,0,0,0,0
66.4,-96.5,0,0,0,0
66.4,-96.0,0,0,0,0
66.4,-95.6,0,0,0,0
66.4,-95.1,0,0,0,0
66.4,-94.7,0,0,0,0
66.4,-94.2,0,0,0,0
66.4,-89.6,0,0,0,0
66.4,-89.1,0,0,0,0
66.4,-88.6,0,0,0,0
66.4,-88.2,0,0,0,0
66.4,-87.7,0,0,0,0
66.4,-87.3,0,0,0,0
66.4,-86.8,0,0,0,0
66.4,-86.3,0,0,0,0
66.4,-85.9,0,0,0,0
66.4,-83.5,0,0,0,0
66.4,-83.1,0,0,0,0
66.4,-82.6,0,0,0,0
66.4,-74.1,0,0,0,0
66.4,-73.7,0,0,0,0
66.4,-72.7,0,0,0,0
66.4,-72.2,0,0,0,0
66.4,-71.2,0,0,0,0
66.4,-70.8,0,0,0,0
66.4,-69.7,0,0,0,0
66.4,-69.3,0,0,0,0
66.4,-68.3,0,0,0,0
66.4,-67.3,0,0,0,0
66.4,-66.8,0,0,0,0
66.4,-65.8,0,0,0,0
66.4,-64.8,0,0,0,0
66.4,-63.7,0,0,0,0
66.4,-62.7,0,0,0,0
66.4,-61.7,0,0,0,0
66.5,-141.0,0,0,0,0
66.5,-138.0,0,0,0,0
66.5,-137.4,0,0,0,0
66.5,-136.7,0,0,0,0
66.5,-136.1,0,0,0,0
66.5,-135.4,0,0,0,0
66.5,-134.4,0,0,0,0
66.5,-133.8,0,0,0,0
66.5,-133.1,0,0,0,0
66.5,-131.5,0,0,0,0
66.5,-130.8,0,0,0,0
66.5,-129.8,0,0,0,0
66.5,-129.1,0,0,0,0
66.5,-128.1,0,0,0,0
66.5,-127.5,0,0,0,0
66.5,-126.4,0,0,0,0
66.5,-125.4,0,0,0,0
66.5,-124.8,0,0,0,0
66.5,-123.7,0,0,0,0
66.5,-122.7,0,0,0,0
66.5,-121.7,0,0,0,0
66.5,-120.6,0,0,0,0
66.5,-119.6,0,0,0,0
66.5,-118.6,0,0,0,0
66.5,-117.5,0,0,0,0
66.5,-117.1,0,0,0,0
66.5,-116.1,0,0,0,0
66.5,-115.0,0,0,0,0
66.5,-114.6,0,0,0,0
66.5,-113.6,0,0,0,0
66.5,-113.1,0,0,0,0
66.5,-112.1,0,0,0,0
66.5,-111.7,0,0,0,0
66.5,-110.7,0,0,0,0
66.5,-110.2,0,0,0,0
66.5,-108.7,0,0,0,0
66.5,-108.3,0,0,0,0
66.5,-107.3,0,0,0,0
66.5,-106.8,0,0,0,0
66.5,-106.4,0,0,0,0
66.5,-104.9,0,0,0,0
66.5,-104.5,0,0,0,0
66.5,-102.6,0,0,0,0
66.5,-102.1,0,0,0,0
66.5,-101.7,0,0,0,0
66.5,-99.8,1,0,0,0
66.5,-99.3,0,0,0,0
66.5,-98.8,0,0,0,0
66.5,-98.4,0,0,0,0
66.5,-97.9,0,0,0,0
66.5,-93.7,1,0,0,0
66.5,-93.3,1,0,0,0
66.5,-92.8,1,0,0,0
66.5,-92.3,1,0,0,0
66.5,-91.9,1,0,0,0
66.5,-91.4,1,0,0,0
66.5,-91.0,0,0,0,0
66.5,-90.5,1,0,0,0
66.5,-90.0,1,0,0,0
66.5,-85.8,0,0,0,0
66.5,-85.4,0,0,0,0
66.5,-84.9,0,0,0,0
66.5,-84.5,0,0,0,0
66.5,-84.0,0,0,0,0
66.5,-73.5,0,0,0,0
66.5,-73.1,0,0,0,0
66.5,-72.1,0,0,0,0
66.5,-71.6,0,0,0,0
66.5,-70.6,0,0,0,0
66.5,-70.2,0,0,0,0
66.5,-69.1,0,0,0,0
66.5,-68.7,0,0,0,0
66.5,-67.7,0,0,0,0
66.5,-66.7,0,0,0,0
66.5,-66.2,0,0,0,0
66.5,-65.2,0,0,0,0
66.5,-64.2,0,0,0,0
66.5,-63.1,0,0,0,0
66.5,-62.1,0,0,0,0
66.6,-141.3,0,0,0,0
66.6,-140.7,0,0,0,0
66.6,-140.0,0,0,0,0
66.6,-139.4,0,0,0,0
66.6,-138.7,0,0,0,0
66.6,-137.0,0,0,0,0
66.6,-136.4,0,0,0,0
66.6,-135.7,0,0,0,0
66.6,-135.1,0,0,0,0
66.6,-133.4,0,0,0,0
66.6,-132.7,0,0,0,0
66.6,-132.1,0,0,0,0
66.6,-131.1,0,0,0,0
66.6,-130.4,0,0,0,0
66.6,-129.4,0,0,0,0
66.6,-128.8,0,0,0,0
66.6,-127.7,0,0,0,0
66.6,-127.1,0,0,0,0
66.6,-126.0,0,0,0,0
66.6,-125.0,0,0,0,0
66.6,-124.4,0,0,0,0
66.6,-124.0,0,0,0,0
66.6,-123.3,0,0,0,0
66.6,-122.3,0,0,0,0
66.6,-121.3,0,0,0,0
66.6,-120.2,0,0,0,0
66.6,-119.2,0,0,0,0
66.6,-118.8,0,0,0,0
66.6,-118.1,0,0,0,0
66.6,-117.7,0,0,0,0
66.6,-116.7,0,0,0,0
66.6,-115.6,0,0,0,0
66.6,-115.2,0,0,0,0
66.6,-114.2,0,0,0,0
66.6,-113.7,0,0,0,0
66.6,-112.7,0,0,0,0
66.6,-111.2,0,0,0,0
66.6,-110.8,0,0,0,0
66.6,-109.8,0,0,0,0
66.6,-109.3,0,0,0,0
66.6,-107.9,0,0,0,0
66.6,-107.4,0,0,0,0
66.6,-105.9,0,0,0,0
66.6,-105.5,0,0,0,0
66.6,-104.0,0,0,0,0
66.6,-103.6,0,0,0,0
66.6,-103.1,0,0,0,0
66.6,-101.2,0,0,0,0
66.6,-100.7,0,0,0,0
66.6,-100.3,0,0,0,0
66.6,-99.8,0,1,0,0
66.6,-97.5,0,0,0,0
66.6,-97.0,0,0,0,0
66.6,-96.5,0,0,0,0
66.6,-96.1,0,0,0,0
66.6,-95.6,0,0,0,0
66.6,-95.1,0,0,0,0
66.6,-94.7,0,0,0,0
66.6,-94.2,0,0,0,0
66.6,-93.7,0,1,0,0
66.6,-93.3,0,1,0,0
66.6,-92.8,0,1,0,0
66.6,-92.3,0,1,0,0
66.6,-91.9,0,1,0,0
66.6,-91.4,0,1,0,0
66.6,-90.9,0,0,0,0
66.6,-90.5,0,1,0,0
66.6,-90.0,0,1,0,0
66.6,-89.6,0,0,0,0
66.6,-89.1,0,0,0,0
66.6,-88.6,0,0,0,0
66.6,-88.2,0,0,0,0
66.6,-87.7,0,0,0,0
66.6,-87.2,0,0,0,0
66.6,-86.8,0,0,0,0
66.6,-86.3,0,0,0,0
66.6,-83.9,0,0,0,0
66.6,-83.5,0,0,0,0
66.6,-83.0,0,0,0,0
66.6,-82.6,0,0,0,0
66.6,-72.5,0,0,0,0
66.6,-71.1,0,0,0,0
66.6,-69.6,0,0,0,0
66.6,-68.5,0,0,0,0
66.6,-68.1,0,0,0,0
66.6,-67.1,0,0,0,0
66.6,-66.0,0,0,0,0
66.6,-65.6,0,0,0,0
66.6,-65.0,0,0,0,0
66.6,-64.6,0,0,0,0
66.6,-63.5,0,0,0,0
66.6,-62.5,0,0,0,0
66.6,-61.5,0,0,0,0
66.7,-141.0,0,0,0,0
66.7,-140.3,0,0,0,0
66.7,-139.7,0,0,0,0
66.7,-139.0,0,0,0,0
66.7,-138.4,0,0,0,0
66.7,-137.7,0,0,0,0
66.7,-136.0,0,0,0,0
66.7,-135.4,0,0,0,0
66.7,-134.7,0,0,0,0
66.7,-134.1,0,0,0,0
66.7,-133.0,0,0,0,0
66.7,-132.4,0,0,0,0
66.7,-131.7,0,0,0,0
66.7,-130.7,0,0,0,0
66.7,-130.0,0,0,0,0
66.7,-129.0,0,0,0,0
66.7,-128.4,0,0,0,0
66.7,-127.3,0,0,0,0
66.7,-126.7,0,0,0,0
66.7,-125.6,0,0,0,0
66.7,-124.6,0,0,0,0
66.7,-123.6,0,0,0,0
66.7,-122.9,0,0,0,0
66.7,-122.5,0,0,0,0
66.7,-121.9,0,0,0,0
66.7,-121.5,0,0,0,0
66.7,-120.8,0,0,0,0
66.7,-120.4,0,0,0,0
66.7,-119.8,0,0,0,0
66.7,-119.4,0,0,0,0
66.7,-118.3,0,0,0,0
66.7,-117.3,0,0,0,0
66.7,-116.2,0,0,0,0
66.7,-115.8,0,0,0,0
66.7,-114.8,0,0,0,0
66.7,-113.3,0,0,0,0
66.7,-112.3,0,0,0,0
66.7,-111.8,0,0,0,0
66.7,-110.3,0,0,0,0
66.7,-108.9,0,0,0,0
66.7,-108.4,0,0,0,0
66.7,-106.9,0,0,0,0
66.7,-106.5,0,0,0,0
66.7,-105.0,0,0,0,0
66.7,-104.6,0,0,0,0
66.7,-104.1,0,0,0,0
66.7,-102.6,0,0,0,0
66.7,-102.2,0,0,0,0
66.7,-101.7,0,0,0,0
66.7,-101.3,0,0,0,0
66.7,-99.4,1,0,0,0
66.7,-98.9,0,0,0,0
66.7,-98.4,0,0,0,0
66.7,-98.0,0,0,0,0
66.7,-97.5,0,0,0,0
66.7,-86.3,0,0,0,0
66.7,-85.8,0,0,0,0
66.7,-85.3,0,0,0,0
66.7,-84.9,0,0,0,0
66.7,-84.4,1,0,0,0
66.7,-82.5,0,0,0,0
66.7,-82.0,0,0,0,0
66.7,-73.4,0,0,0,0
66.7,-73.0,0,0,0,0
66.7,-71.9,0,0,0,0
66.7,-71.5,0,0,0,0
66.7,-70.5,0,0,0,0
66.7,-70.0,0,0,0,0
66.7,-69.0,0,0,0,0
66.7,-67.9,0,0,0,0
66.7,-67.5,0,0,0,0
66.7,-66.5,0,0,0,0
66.7,-65.4,0,0,0,0
66.7,-64.4,0,0,0,0
66.7,-64.0,0,0,0,0
66.7,-63.3,0,0,0,0
66.7,-62.9,0,0,0,0
66.7,-61.9,0,0,0,0
66.7,-61.2,0,0,0,0
66.8,-141.3,0,0,0,0
66.8,-140.7,0,0,0,0
66.8,-140.0,0,0,0,0
66.8,-139.3,0,0,0,0
66.8,-138.7,0,0,0,0
66.8,-138.0,0,0,0,0
66.8,-137.3,0,0,0,0
66.8,-136.7,0,0,0,0
66.8,-135.0,0,0,0,0
66.8,-134.3,0,0,0,0
66.8,-133.7,0,0,0,0
66.8,-132.0,0,0,0,0
66.8,-131.3,0,0,0,0
66.8,-130.3,0,0,0,0
66.8,-129.7,0,0,0,0
66.8,-128.6,0,0,0,0
66.8,-128.0,0,0,0,0
66.8,-126.9,0,0,0,0
66.8,-126.3,0,0,0,0
66.8,-125.2,0,0,0,0
66.8,-124.2,0,0,0,0
66.8,-123.1,0,0,0,0
66.8,-122.1,0,0,0,0
66.8,-121.0,0,0,0,0
66.8,-120.0,0,0,0,0
66.8,-118.9,0,0,0,0
66.8,-117.9,0,0,0,0
66.8,-116.9,0,0,0,0
66.8,-116.4,0,0,0,0
66.8,-115.4,0,0,0,0
66.8,-114.3,0,0,0,0
66.8,-113.9,0,0,0,0
66.8,-112.9,0,0,0,0
66.8,-112.4,0,0,0,0
66.8,-111.4,0,0,0,0
66.8,-110.9,0,0,0,0
66.8,-109.9,0,0,0,0
66.8,-109.4,0,0,0,0
66.8,-108.0,0,0,0,0
66.8,-107.5,0,0,0,0
66.8,-106.0,0,0,0,0
66.8,-105.6,0,0,0,0
66.8,-105.1,0,0,0,0
66.8,-103.7,0,0,0,0
66.8,-103.2,0,0,0,0
66.8,-102.7,0,0,0,0
66.8,-100.8,0,0,0,0
66.8,-100.3,0,0,0,0
66.8,-99.9,0,0,0,0
66.8,-99.4,0,1,0,0
66.8,-97.0,0,0,0,0
66.8,-96.6,0,0,0,0
66.8,-96.1,0,0,0,0
66.8,-95.6,0,0,0,0
66.8,-95.2,0,0,0,0
66.8,-94.7,0,0,0,0
66.8,-94.2,0,0,0,0
66.8,-93.8,0,0,0,0
66.8,-93.3,0,0,0,0
66.8,-92.8,0,0,0,0
66.8,-92.3,0,0,0,0
66.8,-91.9,0,0,0,0
66.8,-91.4,0,0,0,0
66.8,-90.9,0,0,0,0
66.8,-90.5,0,0,0,0
66.8,-90.0,0,0,0,0
66.8,-89.5,0,0,0,0
66.8,-89.1,0,0,0,0
66.8,-88.6,0,0,0,0
66.8,-88.1,0,0,0,0
66.8,-87.7,0,0,0,0
66.8,-87.2,0,0,0,0
66.8,-86.7,0,0,0,0
66.8,-84.4,0,1,0,0
66.8,-83.9,0,0,0,0
66.8,-83.4,0,0,0,0
66.8,-83.0,0,0,0,0
66.8,-72.8,0,0,0,0
66.8,-72.4,0,0,0,0
66.8,-71.3,0,0,0,0
66.8,-70.9,0,0,0,0
66.8,-69.9,0,0,0,0
66.8,-69.4,0,0,0,0
66.8,-68.4,0,0,0,0
66.8,-67.3,0,0,0,0
66.8,-66.9,0,0,0,0
66.8,-65.9,0,0,0,0
66.8,-64.8,0,0,0,0
66.8,-63.8,0,0,0,0
66.8,-62.7,0,0,0,0
66.8,-62.3,0,0,0,0
66.8,-61.7,0,0,0,0
66.9,-138.3,0,0,0,0
66.9,-137.6,0,0,0,0
66.9,-137.0,0,0,0,0
66.9,-136.3,0,0,0,0
66.9,-135.7,0,0,0,0
66.9,-134.0,0,0,0,0
66.9,-133.3,0,0,0,0
66.9,-132.7,0,0,0,0
66.9,-131.6,0,0,0,0
66.9,-131.0,0,0,0,0
66.9,-129.9,0,0,0,0
66.9,-129.3,0,0,0,0
66.9,-128.2,0,0,0,0
66.9,-127.6,0,0,0,0
66.9,-126.5,0,0,0,0
66.9,-125.9,0,0,0,0
66.9,-125.5,0,0,0,0
66.9,-124.8,0,0,0,0
66.9,-123.8,0,0,0,0
66.9,-122.7,0,0,0,0
66.9,-121.7,0,0,0,0
66.9,-120.6,0,0,0,0
66.9,-119.6,0,0,0,0
66.9,-118.5,0,0,0,0
66.9,-117.5,0,0,0,0
66.9,-117.0,0,0,0,0
66.9,-116.0,0,0,0,0
66.9,-114.9,0,0,0,0
66.9,-114.5,0,0,0,0
66.9,-113.5,0,0,0,0
66.9,-113.0,0,0,0,0
66.9,-112.0,0,0,0,0
66.9,-111.5,0,0,0,0
66.9,-110.5,0,0,0,0
66.9,-110.0,0,0,0,0
66.9,-109.0,0,0,0,0
66.9,-108.5,0,0,0,0
66.9,-107.1,0,0,0,0
66.9,-106.6,0,0,0,0
66.9,-106.1,0,0,0,0
66.9,-104.7,0,0,0,0
66.9,-104.2,0,0,0,0
66.9,-102.3,0,0,0,0
66.9,-101.8,0,0,0,0
66.9,-101.3,0,0,0,0
66.9,-98.9,0,0,0,0
66.9,-98.5,0,0,0,0
66.9,-98.0,0,0,0,0
66.9,-97.5,0,0,0,0
66.9,-97.1,0,0,0,0
66.9,-96.6,0,0,0,0
66.9,-87.2,0,0,0,0
66.9,-86.7,0,0,0,0
66.9,-86.2,0,0,0,0
66.9,-85.8,0,0,0,0
66.9,-85.3,0,0,0,0
66.9,-84.8,1,0,0,0
66.9,-82.4,0,0,0,0
66.9,-82.0,0,0,0,0
66.9,-81.5,0,0,0,0
66.9,-72.2,0,0,0,0
66.9,-71.8,0,0,0,0
66.9,-70.3,0,0,0,0
66.9,-69.3,0,0,0,0
66.9,-68.8,0,0,0,0
66.9,-67.8,0,0,0,0
66.9,-66.7,0,0,0,0
66.9,-66.3,0,0,0,0
66.9,-65.2,0,0,0,0
66.9,-64.2,0,0,0,0
66.9,-63.1,0,0,0,0
66.9,-62.1,0,0,0,0
67.0,-141.0,0,0,0,0
67.0,-140.3,0,0,0,0
67.0,-139.6,0,0,0,0
67.0,-139.0,0,0,0,0
67.0,-137.3,0,0,0,0
67.0,-136.6,0,0,0,0
67.0,-136.0,0,0,0,0
67.0,-135.3,0,0,0,0
67.0,-134.6,0,0,0,0
67.0,-133.6,0,0,0,0
67.0,-132.9,0,0,0,0
67.0,-132.3,0,0,0,0
67.0,-131.2,0,0,0,0
67.0,-130.6,0,0,0,0
67.0,-129.5,0,0,0,0
67.0,-128.9,0,0,0,0
67.0,-127.8,0,0,0,0
67.0,-127.2,0,0,0,0
67.0,-126.1,0,0,0,0
67.0,-125.1,0,0,0,0
67.0,-124.4,0,0,0,0
67.0,-123.4,0,0,0,0
67.0,-122.3,0,0,0,0
67.0,-121.3,0,0,0,0
67.0,-120.2,0,0,0,0
67.0,-119.1,0,0,0,0
67.0,-118.1,0,0,0,0
67.0,-117.7,0,0,0,0
67.0,-116.6,0,0,0,0
67.0,-115.5,0,0,0,0
67.0,-115.1,0,0,0,0
67.0,-114.1,0,0,0,0
67.0,-112.6,0,0,0,0
67.0,-111.1,0,0,0,0
67.0,-109.6,0,0,0,0
67.0,-109.1,0,0,0,0
67.0,-108.1,0,0,0,0
67.0,-107.6,0,0,0,0
67.0,-107.2,0,0,0,0
67.0,-105.7,0,0,0,0
67.0,-105.2,0,0,0,0
67.0,-103.7,0,0,0,0
67.0,-103.3,0,0,0,0
67.0,-102.8,0,0,0,0
67.0,-100.9,1,0,0,0
67.0,-100.4,0,0,0,0
67.0,-99.9,0,0,0,0
67.0,-99.5,0,0,0,0
67.0,-99.0,0,0,0,0
67.0,-96.1,0,0,0,0
67.0,-95.7,0,0,0,0
67.0,-95.2,0,0,0,0
67.0,-94.7,0,0,0,0
67.0,-94.2,0,0,0,0
67.0,-93.8,0,0,0,0
67.0,-93.3,0,0,0,0
67.0,-92.8,0,0,0,0
67.0,-92.4,0,0,0,0
67.0,-91.9,0,0,0,0
67.0,-91.4,0,0,0,0
67.0,-90.9,0,0,0,0
67.0,-90.5,0,0,0,0
67.0,-90.0,0,0,0,0
67.0,-89.5,0,0,0,0
67.0,-89.0,0,0,0,0
67.0,-88.6,0,0,0,0
67.0,-88.1,0,0,0,0
67.0,-87.6,1,0,0,0
67.0,-84.8,0,1,0,0
67.0,-84.3,0,0,0,0
67.0,-83.8,0,0,0,0
67.0,-83.4,0,0,0,0
67.0,-82.9,0,0,0,0
67.0,-72.7,0,0,0,0
67.0,-71.2,0,0,0,0
67.0,-70.8,0,0,0,0
67.0,-69.7,0,0,0,0
67.0,-68.7,0,0,0,0
67.0,-68.2,0,0,0,0
67.0,-67.2,0,0,0,0
67.0,-66.1,0,0,0,0
67.0,-65.7,0,0,0,0
67.0,-64.6,0,0,0,0
67.0,-63.6,0,0,0,0
67.0,-62.5,0,0,0,0
67.1,-141.3,0,0,0,0
67.1,-140.6,0,0,0,0
67.1,-140.0,0,0,0,0
67.1,-139.3,0,0,0,0
67.1,-138.6,0,0,0,0
67.1,-138.0,0,0,0,0
67.1,-136.3,0,0,0,0
67.1,-135.6,0,0,0,0
67.1,-134.9,0,0,0,0
67.1,-134.3,0,0,0,0
67.1,-133.2,0,0,0,0
67.1,-132.6,0,0,0,0
67.1,-131.9,0,0,0,0
67.1,-130.8,0,0,0,0
67.1,-130.2,0,0,0,0
67.1,-129.1,0,0,0,0
67.1,-128.5,0,0,0,0
67.1,-127.4,0,0,0,0
67.1,-126.8,0,0,0,0
67.1,-125.7,0,0,0,0
67.1,-124.7,0,0,0,0
67.1,-124.0,0,0,0,0
67.1,-123.6,0,0,0,0
67.1,-122.9,0,0,0,0
67.1,-121.9,0,0,0,0
67.1,-120.8,0,0,0,0
67.1,-119.8,0,0,0,0
67.1,-119.3,0,0,0,0
67.1,-118.7,0,0,0,0
67.1,-118.3,0,0,0,0
67.1,-117.2,0,0,0,0
67.1,-116.2,0,0,0,0
67.1,-115.7,0,0,0,0
67.1,-114.7,0,0,0,0
67.1,-113.6,0,0,0,0
67.1,-113.2,0,0,0,0
67.1,-112.1,0,0,0,0
67.1,-111.7,0,0,0,0
67.1,-110.6,0,0,0,0
67.1,-110.2,0,0,0,0
67.1,-108.7,0,0,0,0
67.1,-108.2,0,0,0,0
67.1,-106.7,0,0,0,0
67.1,-106.2,0,0,0,0
67.1,-104.8,0,0,0,0
67.1,-104.3,0,0,0,0
67.1,-103.8,0,0,0,0
67.1,-102.3,0,0,0,0
67.1,-101.9,0,0,0,0
67.1,-101.4,0,0,0,0
67.1,-100.9,0,1,0,0
67.1,-98.5,0,0,0,0
67.1,-98.1,0,0,0,0
67.1,-97.6,0,0,0,0
67.1,-97.1,0,0,0,0
67.1,-96.6,0,0,0,0
67.1,-96.2,0,0,0,0
67.1,-87.6,0,1,0,0
67.1,-87.1,0,0,0,0
67.1,-86.7,0,0,0,0
67.1,-86.2,0,0,0,0
67.1,-85.7,0,0,0,0
67.1,-85.2,0,0,0,0
67.1,-82.8,0,0,0,0
67.1,-82.4,0,0,0,0
67.1,-81.9,0,0,0,0
67.1,-81.4,0,0,0,0
67.1,-72.1,0,0,0,0
67.1,-71.6,0,0,0,0
67.1,-70.6,0,0,0,0
67.1,-70.1,0,0,0,0
67.1,-69.1,0,0,0,0
67.1,-67.6,0,0,0,0
67.1,-66.5,0,0,0,0
67.1,-65.5,0,0,0,0
67.1,-65.0,0,0,0,0
67.1,-64.0,0,0,0,0
67.1,-62.9,0,0,0,0
67.1,-61.9,0,0,0,0
67.2,-141.0,0,0,0,0
67.2,-140.3,0,0,0,0
67.2,-139.6,0,0,0,0
67.2,-139.0,0,0,0,0
67.2,-138.3,0,0,0,0
67.2,-137.6,0,0,0,0
67.2,-136.9,0,0,0,0
67.2,-135.2,0,0,0,0
67.2,-134.6,0,0,0,0
67.2,-133.9,0,0,0,0
67.2,-132.2,0,0,0,0
67.2,-131.5,0,0,0,0
67.2,-130.5,0,0,0,0
67.2,-129.8,0,0,0,0
67.2,-128.7,0,0,0,0
67.2,-128.1,0,0,0,0
67.2,-127.0,0,0,0,0
67.2,-126.4,0,0,0,0
67.2,-125.3,0,0,0,0
67.2,-124.2,0,0,0,0
67.2,-123.2,0,0,0,0
67.2,-122.5,0,0,0,0
67.2,-122.1,0,0,0,0
67.2,-121.5,0,0,0,0
67.2,-121.0,0,0,0,0
67.2,-120.4,0,0,0,0
67.2,-120.0,0,0,0,0
67.2,-118.9,0,0,0,0
67.2,-117.8,0,0,0,0
67.2,-116.8,0,0,0,0
67.2,-116.3,0,0,0,0
67.2,-115.3,0,0,0,0
67.2,-114.2,0,0,0,0
67.2,-113.8,0,0,0,0
67.2,-112.7,0,0,0,0
67.2,-112.3,0,0,0,0
67.2,-111.2,0,0,0,0
67.2,-110.8,0,0,0,0
67.2,-109.7,0,0,0,0
67.2,-109.2,0,0,0,0
67.2,-107.7,0,0,0,0
67.2,-107.3,0,0,0,0
67.2,-105.8,0,0,0,0
67.2,-105.3,0,0,0,0
67.2,-104.9,0,0,0,0
67.2,-103.4,0,0,0,0
67.2,-102.9,0,0,0,0
67.2,-102.4,0,0,0,0
67.2,-100.5,1,0,0,0
67.2,-100.0,0,0,0,0
67.2,-99.5,0,0,0,0
67.2,-99.0,0,0,0,0
67.2,-95.7,1,0,0,0
67.2,-95.2,0,0,0,0
67.2,-94.7,0,0,0,0
67.2,-94.3,0,0,0,0
67.2,-93.8,0,0,0,0
67.2,-93.3,0,0,0,0
67.2,-92.8,0,0,0,0
67.2,-92.4,0,0,0,0
67.2,-91.9,0,0,0,0
67.2,-91.4,0,0,0,0
67.2,-90.9,0,0,0,0
67.2,-90.5,0,0,0,0
67.2,-90.0,0,0,0,0
67.2,-89.5,0,0,0,0
67.2,-89.0,0,0,0,0
67.2,-88.5,0,0,0,0
67.2,-88.1,0,0,0,0
67.2,-84.7,0,0,0,0
67.2,-84.2,0,0,0,0
67.2,-83.8,0,0,0,0
67.2,-83.3,0,0,0,0
67.2,-81.3,0,0,0,0
67.2,-76.5,0,0,0,0
67.2,-76.0,0,0,0,0
67.2,-72.6,0,0,0,0
67.2,-71.5,0,0,0,0
67.2,-71.0,0,0,0,0
67.2,-70.0,0,0,0,0
67.2,-69.5,0,0,0,0
67.2,-68.5,0,0,0,0
67.2,-68.0,0,0,0,0
67.2,-67.0,0,0,0,0
67.2,-65.9,0,0,0,0
67.2,-64.9,0,0,0,0
67.2,-64.4,0,0,0,0
67.2,-63.8,0,0,0,0
67.2,-63.4,0,0,0,0
67.2,-62.7,0,0,0,0
67.2,-62.3,0,0,0,0
67.3,-138.6,0,0,0,0
67.3,-137.9,0,0,0,0
67.3,-137.2,0,0,0,0
67.3,-136.6,0,0,0,0
67.3,-135.9,0,0,0,0
67.3,-134.2,0,0,0,0
67.3,-133.5,0,0,0,0
67.3,-132.8,0,0,0,0
67.3,-131.8,0,0,0,0
67.3,-131.1,0,0,0,0
67.3,-130.1,0,0,0,0
67.3,-129.4,0,0,0,0
67.3,-128.3,0,0,0,0
67.3,-127.7,0,0,0,0
67.3,-126.6,0,0,0,0
67.3,-126.0,0,0,0,0
67.3,-124.9,0,0,0,0
67.3,-123.8,0,0,0,0
67.3,-122.8,0,0,0,0
67.3,-121.7,0,0,0,0
67.3,-120.6,0,0,0,0
67.3,-119.5,0,0,0,0
67.3,-118.5,0,0,0,0
67.3,-117.4,0,0,0,0
67.3,-115.9,0,0,0,0
67.3,-114.8,0,0,0,0
67.3,-114.4,0,0,0,0
67.3,-113.3,0,0,0,0
67.3,-111.8,0,0,0,0
67.3,-110.3,0,0,0,0
67.3,-109.8,0,0,0,0
67.3,-108.8,0,0,0,0
67.3,-108.3,0,0,0,0
67.3,-106.8,0,0,0,0
67.3,-106.4,0,0,0,0
67.3,-105.9,0,0,0,0
67.3,-104.4,0,0,0,0
67.3,-103.9,0,0,0,0
67.3,-101.9,0,0,0,0
67.3,-101.5,0,0,0,0
67.3,-101.0,0,0,0,0
67.3,-100.5,0,1,0,0
67.3,-98.6,0,0,0,0
67.3,-98.1,0,0,0,0
67.3,-97.6,0,0,0,0
67.3,-97.1,0,0,0,0
67.3,-96.7,0,0,0,0
67.3,-96.2,0,0,0,0
67.3,-95.7,0,1,0,0
67.3,-88.0,0,0,0,0
67.3,-87.6,0,0,0,0
67.3,-87.1,0,0,0,0
67.3,-86.6,0,0,0,0
67.3,-86.1,0,0,0,0
67.3,-85.7,0,0,0,0
67.3,-85.2,0,0,0,0
67.3,-83.2,0,0,0,0
67.3,-82.8,0,0,0,0
67.3,-82.3,0,0,0,0
67.3,-81.8,0,0,0,0
67.3,-77.4,0,0,0,0
67.3,-76.9,0,0,0,0
67.3,-75.4,0,0,0,0
67.3,-72.0,0,0,0,0
67.3,-70.4,0,0,0,0
67.3,-69.4,0,0,0,0
67.3,-68.9,0,0,0,0
67.3,-67.9,0,0,0,0
67.3,-67.4,0,0,0,0
67.3,-66.4,0,0,0,0
67.3,-65.3,0,0,0,0
67.3,-64.2,0,0,0,0
67.3,-63.1,0,0,0,0
67.4,-141.3,0,0,0,0
67.4,-140.6,0,0,0,0
67.4,-140.0,0,0,0,0
67.4,-139.3,0,0,0,0
67.4,-137.6,0,0,0,0
67.4,-136.9,0,0,0,0
67.4,-136.2,0,0,0,0
67.4,-135.5,0,0,0,0
67.4,-134.9,0,0,0,0
67.4,-133.8,0,0,0,0
67.4,-133.1,0,0,0,0
67.4,-132.5,0,0,0,0
67.4,-131.4,0,0,0,0
67.4,-130.7,0,0,0,0
67.4,-129.7,0,0,0,0
67.4,-129.0,0,0,0,0
67.4,-127.9,0,0,0,0
67.4,-127.3,0,0,0,0
67.4,-126.2,0,0,0,0
67.4,-125.5,0,0,0,0
67.4,-125.1,0,0,0,0
67.4,-124.5,0,0,0,0
67.4,-123.4,0,0,0,0
67.4,-122.3,0,0,0,0
67.4,-121.3,0,0,0,0
67.4,-120.2,0,0,0,0
67.4,-119.1,0,0,0,0
67.4,-118.0,0,0,0,0
67.4,-117.6,0,0,0,0
67.4,-117.0,0,0,0,0
67.4,-116.5,0,0,0,0
67.4,-115.4,0,0,0,0
67.4,-113.9,0,0,0,0
67.4,-112.9,0,0,0,0
67.4,-112.4,0,0,0,0
67.4,-111.4,0,0,0,0
67.4,-110.9,0,0,0,0
67.4,-109.4,0,0,0,0
67.4,-108.9,0,0,0,0
67.4,-107.9,0,0,0,0
67.4,-107.4,0,0,0,0
67.4,-106.9,0,0,0,0
67.4,-105.4,0,0,0,0
67.4,-104.9,0,0,0,0
67.4,-103.4,0,0,0,0
67.4,-103.0,0,0,0,0
67.4,-102.5,0,0,0,0
67.4,-102.0,0,0,0,0
67.4,-100.1,0,0,0,0
67.4,-99.6,0,0,0,0
67.4,-99.1,0,0,0,0
67.4,-98.6,0,0,0,0
67.4,-95.2,0,0,0,0
67.4,-94.8,1,0,0,0
67.4,-94.3,0,0,0,0
67.4,-93.8,0,0,0,0
67.4,-93.3,0,0,0,0
67.4,-92.8,0,0,0,0
67.4,-92.4,0,0,0,0
67.4,-91.9,0,0,0,0
67.4,-91.4,0,0,0,0
67.4,-90.9,0,0,0,0
67.4,-90.4,0,0,0,0
67.4,-90.0,0,0,0,0
67.4,-89.5,0,0,0,0
67.4,-89.0,1,0,0,0
67.4,-88.5,1,0,0,0
67.4,-85.1,0,0,0,0
67.4,-84.7,0,0,0,0
67.4,-84.2,0,0,0,0
67.4,-83.7,0,0,0,0
67.4,-81.7,0,0,0,0
67.4,-81.3,0,0,0,0
67.4,-76.8,0,0,0,0
67.4,-76.4,0,0,0,0
67.4,-75.9,0,0,0,0
67.4,-72.4,0,0,0,0
67.4,-71.3,0,0,0,0
67.4,-70.9,0,0,0,0
67.4,-69.8,0,0,0,0
67.4,-68.3,0,0,0,0
67.4,-67.2,0,0,0,0
67.4,-66.8,0,0,0,0
67.4,-65.7,0,0,0,0
67.4,-64.7,0,0,0,0
67.4,-63.6,0,0,0,0
67.5,-141.0,0,0,0,0
67.5,-140.3,0,0,0,0
67.5,-139.6,0,0,0,0
67.5,-138.9,0,0,0,0
67.5,-138.2,0,0,0,0
67.5,-136.5,0,0,0,0
67.5,-135.8,0,0,0,0
67.5,-135.2,0,0,0,0
67.5,-134.5,0,0,0,0
67.5,-132.7,0,0,0,0
67.5,-132.1,0,0,0,0
67.5,-131.0,0,0,0,0
67.5,-130.3,0,0,0,0
67.5,-128.6,0,0,0,0
67.5,-127.5,0,0,0,0
67.5,-126.9,0,0,0,0
67.5,-125.8,0,0,0,0
67.5,-124.7,0,0,0,0
67.5,-124.1,0,0,0,0
67.5,-123.0,0,0,0,0
67.5,-121.9,0,0,0,0
67.5,-120.8,0,0,0,0
67.5,-119.7,0,0,0,0
67.5,-118.7,0,0,0,0
67.5,-118.2,0,0,0,0
67.5,-117.1,0,0,0,0
67.5,-116.1,0,0,0,0
67.5,-115.0,0,0,0,0
67.5,-114.5,0,0,0,0
67.5,-113.5,0,0,0,0
67.5,-113.0,0,0,0,0
67.5,-112.0,0,0,0,0
67.5,-111.5,0,0,0,0
67.5,-110.4,0,0,0,0
67.5,-110.0,0,0,0,0
67.5,-108.4,0,0,0,0
67.5,-108.0,0,0,0,0
67.5,-106.5,0,0,0,0
67.5,-106.0,0,0,0,0
67.5,-104.5,0,0,0,0
67.5,-104.0,0,0,0,0
67.5,-103.5,0,0,0,0
67.5,-101.5,0,0,0,0
67.5,-101.1,0,0,0,0
67.5,-100.6,0,0,0,0
67.5,-98.1,0,0,0,0
67.5,-97.7,0,0,0,0
67.5,-97.2,0,0,0,0
67.5,-96.7,0,0,0,0
67.5,-96.2,0,0,0,0
67.5,-95.7,0,0,0,0
67.5,-95.3,0,0,0,0
67.5,-94.8,0,1,0,0
67.5,-89.0,0,1,0,0
67.5,-88.5,0,1,0,0
67.5,-88.0,0,0,0,0
67.5,-87.5,0,0,0,0
67.5,-87.1,0,0,0,0
67.5,-86.6,0,0,0,0
67.5,-86.1,0,0,0,0
67.5,-85.6,1,0,0,0
67.5,-83.2,0,0,0,0
67.5,-82.7,0,0,0,0
67.5,-82.2,0,0,0,0
67.5,-77.3,0,0,0,0
67.5,-75.8,0,0,0,0
67.5,-75.3,0,0,0,0
67.5,-72.3,0,0,0,0
67.5,-71.8,0,0,0,0
67.5,-70.7,0,0,0,0
67.5,-70.3,0,0,0,0
67.5,-69.2,0,0,0,0
67.5,-68.8,0,0,0,0
67.5,-67.7,0,0,0,0
67.5,-66.6,0,0,0,0
67.5,-66.2,0,0,0,0
67.5,-65.5,0,0,0,0
67.5,-65.1,0,0,0,0
67.5,-64.0,0,0,0,0
67.6,-141.3,0,0,0,0
67.6,-140.6,0,0,0,0
67.6,-139.9,0,0,0,0
67.6,-139.2,0,0,0,0
67.6,-138.6,0,0,0,0
67.6,-137.9,0,0,0,0
67.6,-137.2,0,0,0,0
67.6,-135.5,0,0,0,0
67.6,-134.8,0,0,0,0
67.6,-134.1,0,0,0,0
67.6,-133.4,0,0,0,0
67.6,-132.4,0,0,0,0
67.6,-131.7,0,0,0,0
67.6,-130.6,0,0,0,0
67.6,-129.9,0,0,0,0
67.6,-129.3,0,0,0,0
67.6,-128.2,0,0,0,0
67.6,-127.1,0,0,0,0
67.6,-126.4,0,0,0,0
67.6,-125.4,0,0,0,0
67.6,-124.3,0,0,0,0
67.6,-123.6,0,0,0,0
67.6,-123.2,0,0,0,0
67.6,-122.5,0,0,0,0
67.6,-121.5,0,0,0,0
67.6,-120.4,0,0,0,0
67.6,-119.3,0,0,0,0
67.6,-118.9,0,0,0,0
67.6,-117.8,0,0,0,0
67.6,-116.7,0,0,0,0
67.6,-115.6,0,0,0,0
67.6,-115.2,0,0,0,0
67.6,-114.1,0,0,0,0
67.6,-113.6,0,0,0,0
67.6,-112.6,0,0,0,0
67.6,-112.1,0,0,0,0
67.6,-111.0,0,0,0,0
67.6,-110.6,0,0,0,0
67.6,-109.5,0,0,0,0
67.6,-109.0,0,0,0,0
67.6,-107.5,0,0,0,0
67.6,-107.0,0,0,0,0
67.6,-105.5,0,0,0,0
67.6,-105.0,0,0,0,0
67.6,-104.6,0,0,0,0
67.6,-103.1,0,0,0,0
67.6,-102.6,0,0,0,0
67.6,-102.1,0,0,0,0
67.6,-100.1,0,0,0,0
67.6,-99.6,0,0,0,0
67.6,-99.2,0,0,0,0
67.6,-98.7,0,0,0,0
67.6,-98.2,0,0,0,0
67.6,-94.3,0,0,0,0
67.6,-93.8,0,0,0,0
67.6,-93.3,0,0,0,0
67.6,-92.8,0,0,0,0
67.6,-92.4,0,0,0,0
67.6,-91.9,0,0,0,0
67.6,-91.4,0,0,0,0
67.6,-90.9,0,0,0,0
67.6,-90.4,0,0,0,0
67.6,-89.9,0,0,0,0
67.6,-89.5,0,0,0,0
67.6,-85.6,0,1,0,0
67.6,-85.1,0,0,0,0
67.6,-84.6,0,0,0,0
67.6,-84.1,0,0,0,0
67.6,-83.6,0,0,0,0
67.6,-81.7,0,0,0,0
67.6,-81.2,0,0,0,0
67.6,-76.7,0,0,0,0
67.6,-76.2,0,0,0,0
67.6,-72.7,0,0,0,0
67.6,-71.2,0,0,0,0
67.6,-70.1,0,0,0,0
67.6,-69.7,0,0,0,0
67.6,-68.6,0,0,0,0
67.6,-68.1,0,0,0,0
67.6,-67.1,0,0,0,0
67.6,-66.0,0,0,0,0
67.6,-64.9,0,0,0,0
67.6,-64.5,0,0,0,0
67.7,-139.6,0,0,0,0
67.7,-138.9,0,0,0,0
67.7,-138.2,0,0,0,0
67.7,-137.5,0,0,0,0
67.7,-136.8,0,0,0,0
67.7,-136.1,0,0,0,0
67.7,-134.4,0,0,0,0
67.7,-133.7,0,0,0,0
67.7,-133.0,0,0,0,0
67.7,-132.0,0,0,0,0
67.7,-131.3,0,0,0,0
67.7,-129.5,0,0,0,0
67.7,-128.9,0,0,0,0
67.7,-127.8,0,0,0,0
67.7,-126.7,0,0,0,0
67.7,-126.0,0,0,0,0
67.7,-124.9,0,0,0,0
67.7,-123.9,0,0,0,0
67.7,-122.8,0,0,0,0
67.7,-122.1,0,0,0,0
67.7,-121.7,0,0,0,0
67.7,-121.0,0,0,0,0
67.7,-120.6,0,0,0,0
67.7,-119.9,0,0,0,0
67.7,-119.5,0,0,0,0
67.7,-118.4,0,0,0,0
67.7,-117.3,0,0,0,0
67.7,-116.3,0,0,0,0
67.7,-115.8,0,0,0,0
67.7,-114.7,0,0,0,0
67.7,-113.2,0,0,0,0
67.7,-111.6,0,0,0,0
67.7,-110.1,0,0,0,0
67.7,-109.6,0,0,0,0
67.7,-108.6,0,0,0,0
67.7,-108.1,0,0,0,0
67.7,-106.6,0,0,0,0
67.7,-106.1,0,0,0,0
67.7,-105.6,0,0,0,0
67.7,-104.1,0,0,0,0
67.7,-103.6,0,0,0,0
67.7,-103.1,0,0,0,0
67.7,-101.6,0,0,0,0
67.7,-101.1,0,0,0,0
67.7,-100.7,0,0,0,0
67.7,-100.2,0,0,0,0
67.7,-97.7,0,0,0,0
67.7,-97.2,0,0,0,0
67.7,-96.7,0,0,0,0
67.7,-96.3,0,0,0,0
67.7,-95.8,0,0,0,0
67.7,-95.3,0,0,0,0
67.7,-94.8,0,0,0,0
67.7,-94.3,0,0,0,0
67.7,-93.8,0,0,0,0
67.7,-89.9,0,0,0,0
67.7,-89.4,0,0,0,0
67.7,-89.0,0,0,0,0
67.7,-88.5,0,0,0,0
67.7,-88.0,0,0,0,0
67.7,-87.0,0,0,0,0
67.7,-86.5,0,0,0,0
67.7,-86.0,1,0,0,0
67.7,-83.6,0,0,0,0
67.7,-83.1,0,0,0,0
67.7,-82.6,0,0,0,0
67.7,-82.1,1,0,0,0
67.7,-77.2,0,0,0,0
67.7,-75.7,0,0,0,0
67.7,-75.2,0,0,0,0
67.7,-74.1,0,0,0,0
67.7,-73.7,0,0,0,0
67.7,-72.1,0,0,0,0
67.7,-71.7,0,0,0,0
67.7,-70.6,0,0,0,0
67.7,-69.0,0,0,0,0
67.7,-68.0,0,0,0,0
67.7,-67.5,0,0,0,0
67.7,-66.4,0,0,0,0
67.7,-65.3,0,0,0,0
67.7,-64.2,0,0,0,0
67.7,-63.8,0,0,0,0
67.8,-141.0,0,0,0,0
67.8,-140.3,0,0,0,0
67.8,-137.8,0,0,0,0
67.8,-137.1,0,0,0,0
67.8,-136.5,0,0,0,0
67.8,-135.8,0,0,0,0
67.8,-135.1,0,0,0,0
67.8,-134.0,0,0,0,0
67.8,-133.3,0,0,0,0
67.8,-132.6,0,0,0,0
67.8,-131.6,0,0,0,0
67.8,-130.9,0,0,0,0
67.8,-130.2,0,0,0,0
67.8,-129.1,0,0,0,0
67.8,-128.5,0,0,0,0
67.8,-127.4,0,0,0,0
67.8,-126.3,0,0,0,0
67.8,-125.6,0,0,0,0
67.8,-124.5,0,0,0,0
67.8,-123.4,0,0,0,0
67.8,-122.3,0,0,0,0
67.8,-121.2,0,0,0,0
67.8,-120.2,0,0,0,0
67.8,-119.1,0,0,0,0
67.8,-118.0,0,0,0,0
67.8,-116.9,0,0,0,0
67.8,-116.4,0,0,0,0
67.8,-115.3,0,0,0,0
67.8,-114.3,0,0,0,0
67.8,-113.8,0,0,0,0
67.8,-112.7,0,0,0,0
67.8,-112.3,0,0,0,0
67.8,-111.2,0,0,0,0
67.8,-110.7,0,0,0,0
67.8,-109.2,0,0,0,0
67.8,-108.7,0,0,0,0
67.8,-107.6,0,0,0,0
67.8,-107.2,0,0,0,0
67.8,-106.7,0,0,0,0
67.8,-105.1,0,0,0,0
67.8,-104.7,0,0,0,0
67.8,-102.7,0,0,0,0
67.8,-102.2,0,0,0,0
67.8,-101.7,0,0,0,0
67.8,-99.7,0,0,0,0
67.8,-99.2,0,0,0,0
67.8,-98.7,0,0,0,0
67.8,-98.2,0,0,0,0
67.8,-97.8,0,0,0,0
67.8,-93.3,0,0,0,0
67.8,-92.9,0,0,0,0
67.8,-92.4,0,0,0,0
67.8,-91.9,0,0,0,0
67.8,-91.4,0,0,0,0
67.8,-90.9,0,0,0,0
67.8,-90.4,0,0,0,0
67.8,-86.0,0,1,0,0
67.8,-85.5,0,0,0,0
67.8,-85.0,0,0,0,0
67.8,-84.5,0,0,0,0
67.8,-84.1,0,0,0,0
67.8,-82.1,0,1,0,0
67.8,-81.6,0,0,0,0
67.8,-77.1,0,0,0,0
67.8,-76.6,0,0,0,0
67.8,-76.1,0,0,0,0
67.8,-75.1,0,0,0,0
67.8,-74.6,0,0,0,0
67.8,-73.0,0,0,0,0
67.8,-72.6,0,0,0,0
67.8,-71.5,0,0,0,0
67.8,-71.0,0,0,0,0
67.8,-70.0,0,0,0,0
67.8,-69.5,0,0,0,0
67.8,-68.4,0,0,0,0
67.8,-67.3,0,0,0,0
67.8,-66.9,0,0,0,0
67.8,-65.8,0,0,0,0
67.8,-64.7,0,0,0,0
67.9,-141.3,0,0,0,0
67.9,-140.6,0,0,0,0
67.9,-139.9,0,0,0,0
67.9,-139.2,0,0,0,0
67.9,-138.5,0,0,0,0
67.9,-136.8,0,0,0,0
67.9,-136.1,0,0,0,0
67.9,-135.4,0,0,0,0
67.9,-134.7,0,0,0,0
67.9,-132.9,0,0,0,0
67.9,-132.3,0,0,0,0
67.9,-130.5,0,0,0,0
67.9,-129.8,0,0,0,0
67.9,-128.7,0,0,0,0
67.9,-128.0,0,0,0,0
67.9,-127.0,0,0,0,0
67.9,-125.9,0,0,0,0
67.9,-125.2,0,0,0,0
67.9,-124.1,0,0,0,0
67.9,-123.0,0,0,0,0
67.9,-121.9,0,0,0,0
67.9,-120.8,0,0,0,0
67.9,-119.7,0,0,0,0
67.9,-118.6,0,0,0,0
67.9,-117.5,0,0,0,0
67.9,-117.1,0,0,0,0
67.9,-116.0,0,0,0,0
67.9,-114.9,0,0,0,0
67.9,-114.4,0,0,0,0
67.9,-113.3,0,0,0,0
67.9,-112.9,0,0,0,0
67.9,-111.3,0,0,0,0
67.9,-110.2,0,0,0,0
67.9,-109.8,0,0,0,0
67.9,-108.2,0,0,0,0
67.9,-107.8,0,0,0,0
67.9,-106.2,0,0,0,0
67.9,-105.7,0,0,0,0
67.9,-104.2,0,0,0,0
67.9,-103.7,0,0,0,0
67.9,-103.2,0,0,0,0
67.9,-101.2,0,0,0,0
67.9,-100.7,0,0,0,0
67.9,-100.2,0,0,0,0
67.9,-99.8,0,0,0,0
67.9,-97.3,1,0,0,0
67.9,-96.8,0,0,0,0
67.9,-96.3,0,0,0,0
67.9,-95.8,0,0,0,0
67.9,-95.3,0,0,0,0
67.9,-94.8,0,0,0,0
67.9,-94.3,0,0,0,0
67.9,-93.8,0,0,0,0
67.9,-93.4,0,0,0,0
67.9,-92.9,0,0,0,0
67.9,-92.4,0,0,0,0
67.9,-91.9,0,0,0,0
67.9,-91.4,0,0,0,0
67.9,-90.9,0,0,0,0
67.9,-90.4,0,0,0,0
67.9,-89.9,0,0,0,0
67.9,-89.4,0,0,0,0
67.9,-88.9,0,0,0,0
67.9,-88.4,0,0,0,0
67.9,-87.0,0,0,0,0
67.9,-86.5,1,0,0,0
67.9,-84.0,0,0,0,0
67.9,-83.5,0,0,0,0
67.9,-83.0,0,0,0,0
67.9,-82.5,0,0,0,0
67.9,-76.0,0,0,0,0
67.9,-75.5,0,0,0,0
67.9,-74.0,0,0,0,0
67.9,-73.5,0,0,0,0
67.9,-72.4,0,0,0,0
67.9,-72.0,0,0,0,0
67.9,-70.9,0,0,0,0
67.9,-70.4,0,0,0,0
67.9,-69.3,0,0,0,0
67.9,-68.9,0,0,0,0
67.9,-67.8,0,0,0,0
67.9,-66.7,0,0,0,0
67.9,-66.2,0,0,0,0
67.9,-65.1,0,0,0,0
68.0,-140.9,0,0,0,0
68.0,-140.2,0,0,0,0
68.0,-139.6,0,0,0,0
68.0,-138.9,0,0,0,0
68.0,-138.2,0,0,0,0
68.0,-137.5,0,0,0,0
68.0,-135.7,0,0,0,0
68.0,-135.0,0,0,0,0
68.0,-134.3,0,0,0,0
68.0,-133.6,0,0,0,0
68.0,-132.5,0,0,0,0
68.0,-131.9,0,0,0,0
68.0,-131.2,0,0,0,0
68.0,-130.1,0,0,0,0
68.0,-129.4,0,0,0,0
68.0,-128.3,0,0,0,0
68.0,-127.6,0,0,0,0
68.0,-126.5,0,0,0,0
68.0,-125.4,0,0,0,0
68.0,-124.8,0,0,0,0
68.0,-124.3,0,0,0,0
68.0,-123.7,0,0,0,0
68.0,-122.6,0,0,0,0
68.0,-121.5,0,0,0,0
68.0,-120.4,0,0,0,0
68.0,-119.3,0,0,0,0
68.0,-118.2,0,0,0,0
68.0,-117.7,0,0,0,0
68.0,-116.6,0,0,0,0
68.0,-115.5,0,0,0,0
68.0,-115.1,0,0,0,0
68.0,-114.0,0,0,0,0
68.0,-112.4,0,0,0,0
68.0,-110.9,0,0,0,0
68.0,-110.4,0,0,0,0
68.0,-109.3,0,0,0,0
68.0,-108.8,0,0,0,0
68.0,-107.3,0,0,0,0
68.0,-106.8,0,0,0,0
68.0,-105.3,0,0,0,0
68.0,-104.8,0,0,0,0
68.0,-104.3,0,0,0,0
68.0,-102.7,0,0,0,0
68.0,-102.3,0,0,0,0
68.0,-99.3,0,0,0,0
68.0,-98.8,0,0,0,0
68.0,-98.3,0,0,0,0
68.0,-97.8,0,0,0,0
68.0,-97.3,0,1,0,0
68.0,-86.5,0,1,0,0
68.0,-86.0,0,0,0,0
68.0,-85.5,0,0,0,0
68.0,-85.0,0,0,0,0
68.0,-84.5,0,0,0,0
68.0,-82.0,0,0,0,0
68.0,-79.0,0,0,0,0
68.0,-77.0,0,0,0,0
68.0,-76.5,0,0,0,0
68.0,-74.9,0,0,0,0
68.0,-74.5,0,0,0,0
68.0,-73.4,0,0,0,0
68.0,-72.9,0,0,0,0
68.0,-71.3,0,0,0,0
68.0,-69.8,0,0,0,0
68.0,-68.7,0,0,0,0
68.0,-68.2,0,0,0,0
68.0,-67.1,0,0,0,0
68.0,-66.0,0,0,0,0
68.0,-65.6,0,0,0,0
68.0,-64.5,0,0,0,0
68.1,-140.6,0,0,0,0
68.1,-139.9,0,0,0,0
68.1,-139.2,0,0,0,0
68.1,-138.5,0,0,0,0
68.1,-137.8,0,0,0,0
68.1,-137.1,0,0,0,0
68.1,-136.4,0,0,0,0
68.1,-134.6,0,0,0,0
68.1,-133.9,0,0,0,0
68.1,-133.2,0,0,0,0
68.1,-132.2,0,0,0,0
68.1,-131.5,0,0,0,0
68.1,-130.8,0,0,0,0
68.1,-129.7,0,0,0,0
68.1,-129.0,0,0,0,0
68.1,-127.9,0,0,0,0
68.1,-127.2,0,0,0,0
68.1,-126.8,0,0,0,0
68.1,-126.1,0,0,0,0
68.1,-125.0,0,0,0,0
68.1,-123.9,0,0,0,0
68.1,-123.2,0,0,0,0
68.1,-122.8,0,0,0,0
68.1,-122.1,0,0,0,0
68.1,-121.0,0,0,0,0
68.1,-119.9,0,0,0,0
68.1,-119.5,0,0,0,0
68.1,-118.8,0,0,0,0
68.1,-118.4,0,0,0,0
68.1,-117.3,0,0,0,0
68.1,-116.2,0,0,0,0
68.1,-115.7,0,0,0,0
68.1,-114.6,0,0,0,0
68.1,-113.5,0,0,0,0
68.1,-113.0,0,0,0,0
68.1,-111.9,0,0,0,0
68.1,-109.9,0,0,0,0
68.1,-109.4,0,0,0,0
68.1,-108.4,0,0,0,0
68.1,-107.9,0,0,0,0
68.1,-106.3,0,0,0,0
68.1,-105.8,0,0,0,0
68.1,-105.4,0,0,0,0
68.1,-103.8,0,0,0,0
68.1,-103.3,0,0,0,0
68.1,-96.8,0,0,0,0
68.1,-96.3,0,0,0,0
68.1,-95.8,0,0,0,0
68.1,-95.3,0,0,0,0
68.1,-94.8,0,0,0,0
68.1,-94.4,0,0,0,0
68.1,-93.9,0,0,0,0
68.1,-93.4,0,0,0,0
68.1,-92.9,0,0,0,0
68.1,-92.4,0,0,0,0
68.1,-91.9,0,0,0,0
68.1,-91.4,0,0,0,0
68.1,-90.9,0,0,0,0
68.1,-90.4,0,0,0,0
68.1,-89.9,0,0,0,0
68.1,-89.4,0,0,0,0
68.1,-88.9,0,0,0,0
68.1,-88.4,0,0,0,0
68.1,-87.9,0,0,0,0
68.1,-87.4,0,0,0,0
68.1,-86.9,0,0,0,0
68.1,-84.4,0,0,0,0
68.1,-83.9,0,0,0,0
68.1,-83.5,0,0,0,0
68.1,-83.0,0,0,0,0
68.1,-82.5,0,0,0,0
68.1,-75.9,0,0,0,0
68.1,-75.4,0,0,0,0
68.1,-73.8,0,0,0,0
68.1,-72.3,0,0,0,0
68.1,-71.8,0,0,0,0
68.1,-70.7,0,0,0,0
68.1,-70.3,0,0,0,0
68.1,-69.2,0,0,0,0
68.1,-68.1,0,0,0,0
68.1,-67.6,0,0,0,0
68.1,-66.5,0,0,0,0
68.1,-65.4,0,0,0,0
68.1,-64.9,0,0,0,0
68.2,-141.3,0,0,0,0
68.2,-138.1,0,0,0,0
68.2,-137.4,0,0,0,0
68.2,-136.7,0,0,0,0
68.2,-136.0,0,0,0,0
68.2,-135.3,0,0,0,0
68.2,-134.2,0,0,0,0
68.2,-133.5,0,0,0,0
68.2,-132.8,0,0,0,0
68.2,-131.1,0,0,0,0
68.2,-130.4,0,0,0,0
68.2,-129.3,0,0,0,0
68.2,-128.6,0,0,0,0
68.2,-127.5,0,0,0,0
68.2,-126.4,0,0,0,0
68.2,-125.7,0,0,0,0
68.2,-124.6,0,0,0,0
68.2,-123.5,0,0,0,0
68.2,-122.4,0,0,0,0
68.2,-121.7,0,0,0,0
68.2,-121.2,0,0,0,0
68.2,-120.6,0,0,0,0
68.2,-120.1,0,0,0,0
68.2,-119.0,0,0,0,0
68.2,-117.9,0,0,0,0
68.2,-116.8,0,0,0,0
68.2,-116.4,0,0,0,0
68.2,-115.2,0,0,0,0
68.2,-114.1,0,0,0,0
68.2,-113.7,0,0,0,0
68.2,-112.6,0,0,0,0
68.2,-112.1,0,0,0,0
68.2,-111.0,0,0,0,0
68.2,-110.5,0,0,0,0
68.2,-109.0,0,0,0,0
68.2,-108.5,0,0,0,0
68.2,-107.4,0,0,0,0
68.2,-106.9,0,0,0,0
68.2,-106.4,0,0,0,0
68.2,-104.9,0,0,0,0
68.2,-104.4,0,0,0,0
68.2,-98.8,0,0,0,0
68.2,-98.3,0,0,0,0
68.2,-97.8,0,0,0,0
68.2,-97.4,0,0,0,0
68.2,-96.9,0,0,0,0
68.2,-86.9,0,0,0,0
68.2,-86.4,0,0,0,0
68.2,-85.9,0,0,0,0
68.2,-85.4,0,0,0,0
68.2,-84.9,0,0,0,0
68.2,-82.4,0,0,0,0
68.2,-81.9,0,0,0,0
68.2,-79.4,0,0,0,0
68.2,-78.9,0,0,0,0
68.2,-78.4,0,0,0,0
68.2,-76.8,0,0,0,0
68.2,-76.4,0,0,0,0
68.2,-74.8,0,0,0,0
68.2,-74.3,0,0,0,0
68.2,-73.2,0,0,0,0
68.2,-72.8,0,0,0,0
68.2,-71.7,0,0,0,0
68.2,-71.2,0,0,0,0
68.2,-70.1,0,0,0,0
68.2,-69.6,0,0,0,0
68.2,-68.5,0,0,0,0
68.2,-67.4,0,0,0,0
68.2,-66.9,0,0,0,0
68.2,-65.8,0,0,0,0
68.3,-140.9,0,0,0,0
68.3,-140.2,0,0,0,0
68.3,-139.5,0,0,0,0
68.3,-138.8,0,0,0,0
68.3,-137.0,0,0,0,0
68.3,-136.3,0,0,0,0
68.3,-135.6,0,0,0,0
68.3,-134.9,0,0,0,0
68.3,-133.1,0,0,0,0
68.3,-132.4,0,0,0,0
68.3,-131.7,0,0,0,0
68.3,-130.6,0,0,0,0
68.3,-130.0,0,0,0,0
68.3,-128.9,0,0,0,0
68.3,-128.2,0,0,0,0
68.3,-127.1,0,0,0,0
68.3,-125.9,0,0,0,0
68.3,-125.3,0,0,0,0
68.3,-124.1,0,0,0,0
68.3,-123.0,0,0,0,0
68.3,-121.9,0,0,0,0
68.3,-120.8,0,0,0,0
68.3,-119.7,0,0,0,0
68.3,-118.6,0,0,0,0
68.3,-117.5,0,0,0,0
68.3,-117.0,0,0,0,0
68.3,-115.9,0,0,0,0
68.3,-114.8,0,0,0,0
68.3,-114.3,0,0,0,0
68.3,-113.2,0,0,0,0
68.3,-112.7,0,0,0,0
68.3,-111.6,0,0,0,0
68.3,-111.2,0,0,0,0
68.3,-109.6,0,0,0,0
68.3,-108.0,0,0,0,0
68.3,-107.5,0,0,0,0
68.3,-105.9,0,0,0,0
68.3,-105.5,0,0,0,0
68.3,-100.9,0,0,0,0
68.3,-100.4,0,0,0,0
68.3,-99.9,0,0,0,0
68.3,-99.4,0,0,0,0
68.3,-96.4,0,0,0,0
68.3,-95.9,0,0,0,0
68.3,-94.4,0,0,0,0
68.3,-93.9,0,0,0,0
68.3,-93.4,0,0,0,0
68.3,-92.9,0,0,0,0
68.3,-92.4,0,0,0,0
68.3,-91.9,0,0,0,0
68.3,-91.4,0,0,0,0
68.3,-90.9,0,0,0,0
68.3,-90.4,0,0,0,0
68.3,-89.9,0,0,0,0
68.3,-89.4,0,0,0,0
68.3,-88.9,0,0,0,0
68.3,-88.4,0,0,0,0
68.3,-87.9,0,0,0,0
68.3,-87.4,0,0,0,0
68.3,-84.4,0,0,0,0
68.3,-83.9,0,0,0,0
68.3,-83.4,0,0,0,0
68.3,-82.9,0,0,0,0
68.3,-78.3,0,0,0,0
68.3,-76.2,0,0,0,0
68.3,-75.8,0,0,0,0
68.3,-75.3,0,0,0,0
68.3,-74.2,0,0,0,0
68.3,-73.7,0,0,0,0
68.3,-72.6,0,0,0,0
68.3,-72.1,0,0,0,0
68.3,-70.6,0,0,0,0
68.3,-69.4,0,0,0,0
68.3,-69.0,0,0,0,0
68.3,-67.9,0,0,0,0
68.3,-66.8,0,0,0,0
68.3,-66.3,0,0,0,0
68.4,-141.3,0,0,0,0
68.4,-140.6,0,0,0,0
68.4,-139.9,0,0,0,0
68.4,-139.2,0,0,0,0
68.4,-138.5,0,0,0,0
68.4,-137.7,0,0,0,0
68.4,-136.0,0,0,0,0
68.4,-135.2,0,0,0,0
68.4,-134.5,0,0,0,0
68.4,-133.8,0,0,0,0
68.4,-132.7,0,0,0,0
68.4,-132.0,0,0,0,0
68.4,-131.3,0,0,0,0
68.4,-130.2,0,0,0,0
68.4,-129.5,0,0,0,0
68.4,-128.4,0,0,0,0
68.4,-127.7,0,0,0,0
68.4,-126.6,0,0,0,0
68.4,-125.5,0,0,0,0
68.4,-124.8,0,0,0,0
68.4,-123.7,0,0,0,0
68.4,-122.6,0,0,0,0
68.4,-121.5,0,0,0,0
68.4,-120.4,0,0,0,0
68.4,-119.2,0,0,0,0
68.4,-118.1,0,0,0,0
68.4,-117.7,0,0,0,0
68.4,-116.5,0,0,0,0
68.4,-115.4,0,0,0,0
68.4,-115.0,0,0,0,0
68.4,-113.8,0,0,0,0
68.4,-112.3,0,0,0,0
68.4,-110.7,0,0,0,0
68.4,-109.1,0,0,0,0
68.4,-108.6,0,0,0,0
68.4,-107.0,0,0,0,0
68.4,-106.5,0,0,0,0
68.4,-105.0,0,0,0,0
68.4,-104.5,0,0,0,0
68.4,-100.9,0,0,0,0
68.4,-98.9,1,0,0,0
68.4,-98.4,0,0,0,0
68.4,-97.9,0,0,0,0
68.4,-97.4,0,0,0,0
68.4,-96.9,0,0,0,0
68.4,-96.4,0,0,0,0
68.4,-95.9,0,0,0,0
68.4,-87.9,0,0,0,0
68.4,-85.9,0,0,0,0
68.4,-85.4,0,0,0,0
68.4,-84.9,0,0,0,0
68.4,-82.8,0,0,0,0
68.4,-82.3,0,0,0,0
68.4,-81.8,0,0,0,0
68.4,-79.3,0,0,0,0
68.4,-78.8,0,0,0,0
68.4,-76.7,0,0,0,0
68.4,-75.1,0,0,0,0
68.4,-74.7,0,0,0,0
68.4,-73.1,0,0,0,0
68.4,-71.5,0,0,0,0
68.4,-71.0,0,0,0,0
68.4,-69.9,0,0,0,0
68.4,-68.8,0,0,0,0
68.4,-68.3,0,0,0,0
68.4,-67.2,0,0,0,0
68.5,-140.9,0,0,0,0
68.5,-140.2,0,0,0,0
68.5,-139.5,0,0,0,0
68.5,-138.8,0,0,0,0
68.5,-138.1,0,0,0,0
68.5,-137.4,0,0,0,0
68.5,-136.7,0,0,0,0
68.5,-134.9,0,0,0,0
68.5,-134.2,0,0,0,0
68.5,-133.4,0,0,0,0
68.5,-132.3,0,0,0,0
68.5,-131.6,0,0,0,0
68.5,-130.9,0,0,0,0
68.5,-129.8,0,0,0,0
68.5,-129.1,0,0,0,0
68.5,-128.0,0,0,0,0
68.5,-127.3,0,0,0,0
68.5,-126.2,0,0,0,0
68.5,-125.1,0,0,0,0
68.5,-124.4,0,0,0,0
68.5,-124.0,0,0,0,0
68.5,-123.3,0,0,0,0
68.5,-122.1,0,0,0,0
68.5,-121.0,0,0,0,0
68.5,-119.9,0,0,0,0
68.5,-118.8,0,0,0,0
68.5,-118.3,0,0,0,0
68.5,-117.2,0,0,0,0
68.5,-116.1,0,0,0,0
68.5,-114.5,0,0,0,0
68.5,-113.4,0,0,0,0
68.5,-112.9,0,0,0,0
68.5,-111.8,0,0,0,0
68.5,-111.3,0,0,0,0
68.5,-110.2,0,0,0,0
68.5,-108.1,0,0,0,0
68.5,-107.6,0,0,0,0
68.5,-106.1,0,0,0,0
68.5,-105.6,0,0,0,0
68.5,-105.1,0,0,0,0
68.5,-100.4,0,0,0,0
68.5,-99.9,0,0,0,0
68.5,-99.4,0,0,0,0
68.5,-98.9,0,1,0,0
68.5,-95.4,1,0,0,0
68.5,-94.4,0,0,0,0
68.5,-93.9,0,0,0,0
68.5,-93.4,0,0,0,0
68.5,-92.9,0,0,0,0
68.5,-92.4,0,0,0,0
68.5,-91.9,0,0,0,0
68.5,-91.4,0,0,0,0
68.5,-90.9,0,0,0,0
68.5,-90.4,0,0,0,0
68.5,-89.9,0,0,0,0
68.5,-89.4,0,0,0,0
68.5,-88.9,0,0,0,0
68.5,-88.4,0,0,0,0
68.5,-84.8,0,0,0,0
68.5,-84.3,0,0,0,0
68.5,-83.8,0,0,0,0
68.5,-83.3,0,0,0,0
68.5,-81.3,0,0,0,0
68.5,-78.7,0,0,0,0
68.5,-75.6,0,0,0,0
68.5,-74.0,0,0,0,0
68.5,-73.6,0,0,0,0
68.5,-72.5,0,0,0,0
68.5,-72.0,0,0,0,0
68.5,-70.9,0,0,0,0
68.5,-70.4,0,0,0,0
68.5,-69.3,0,0,0,0
68.5,-67.7,0,0,0,0
68.5,-66.6,0,0,0,0
68.6,-138.4,0,0,0,0
68.6,-137.7,0,0,0,0
68.6,-137.0,0,0,0,0
68.6,-136.3,0,0,0,0
68.6,-135.6,0,0,0,0
68.6,-133.8,0,0,0,0
68.6,-133.0,0,0,0,0
68.6,-131.2,0,0,0,0
68.6,-130.5,0,0,0,0
68.6,-129.4,0,0,0,0
68.6,-128.7,0,0,0,0
68.6,-127.6,0,0,0,0
68.6,-126.9,0,0,0,0
68.6,-125.8,0,0,0,0
68.6,-124.6,0,0,0,0
68.6,-123.5,0,0,0,0
68.6,-122.8,0,0,0,0
68.6,-122.4,0,0,0,0
68.6,-121.7,0,0,0,0
68.6,-121.2,0,0,0,0
68.6,-120.6,0,0,0,0
68.6,-120.1,0,0,0,0
68.6,-119.4,0,0,0,0
68.6,-119.0,0,0,0,0
68.6,-117.9,0,0,0,0
68.6,-116.7,0,0,0,0
68.6,-115.6,0,0,0,0
68.6,-115.1,0,0,0,0
68.6,-114.0,0,0,0,0
68.6,-113.5,0,0,0,0
68.6,-112.4,0,0,0,0
68.6,-111.9,0,0,0,0
68.6,-110.8,0,0,0,0
68.6,-110.3,0,0,0,0
68.6,-107.2,0,0,0,0
68.6,-106.7,0,0,0,0
68.6,-106.2,0,0,0,0
68.6,-104.6,0,0,0,0
68.6,-102.0,0,0,0,0
68.6,-101.5,0,0,0,0
68.6,-101.0,0,0,0,0
68.6,-100.5,0,0,0,0
68.6,-98.4,0,0,0,0
68.6,-97.9,0,0,0,0
68.6,-97.4,0,0,0,0
68.6,-96.9,0,0,0,0
68.6,-96.4,0,0,0,0
68.6,-95.9,0,0,0,0
68.6,-95.4,0,1,0,0
68.6,-88.3,0,0,0,0
68.6,-87.8,0,0,0,0
68.6,-85.8,0,0,0,0
68.6,-85.3,0,0,0,0
68.6,-82.8,0,0,0,0
68.6,-82.3,0,0,0,0
68.6,-81.8,0,0,0,0
68.6,-79.2,0,0,0,0
68.6,-75.0,0,0,0,0
68.6,-74.5,0,0,0,0
68.6,-73.4,0,0,0,0
68.6,-72.9,0,0,0,0
68.6,-71.8,0,0,0,0
68.6,-71.3,0,0,0,0
68.6,-70.2,0,0,0,0
68.6,-69.7,0,0,0,0
68.6,-68.6,0,0,0,0
68.6,-68.2,0,0,0,0
68.6,-67.0,0,0,0,0
68.7,-141.3,0,0,0,0
68.7,-140.6,0,0,0,0
68.7,-139.8,0,0,0,0
68.7,-139.1,0,0,0,0
68.7,-137.3,0,0,0,0
68.7,-136.6,0,0,0,0
68.7,-135.9,0,0,0,0
68.7,-135.2,0,0,0,0
68.7,-134.5,0,0,0,0
68.7,-133.4,0,0,0,0
68.7,-132.6,0,0,0,0
68.7,-131.9,0,0,0,0
68.7,-130.8,0,0,0,0
68.7,-130.1,0,0,0,0
68.7,-129.0,0,0,0,0
68.7,-128.3,0,0,0,0
68.7,-127.2,0,0,0,0
68.7,-126.5,0,0,0,0
68.7,-126.0,0,0,0,0
68.7,-125.3,0,0,0,0
68.7,-124.2,0,0,0,0
68.7,-123.1,0,0,0,0
68.7,-121.9,0,0,0,0
68.7,-120.8,0,0,0,0
68.7,-119.7,0,0,0,0
68.7,-118.5,0,0,0,0
68.7,-117.4,0,0,0,0
68.7,-116.3,0,0,0,0
68.7,-115.8,0,0,0,0
68.7,-114.7,0,0,0,0
68.7,-114.2,0,0,0,0
68.7,-113.1,0,0,0,0
68.7,-111.5,0,0,0,0
68.7,-109.9,0,0,0,0
68.7,-109.4,0,0,0,0
68.7,-108.3,0,0,0,0
68.7,-107.8,0,0,0,0
68.7,-107.3,0,0,0,0
68.7,-105.7,0,0,0,0
68.7,-105.2,0,0,0,0
68.7,-102.6,0,0,0,0
68.7,-100.0,0,0,0,0
68.7,-99.0,0,0,0,0
68.7,-98.5,0,0,0,0
68.7,-94.9,1,0,0,0
68.7,-94.4,1,0,0,0
68.7,-93.9,0,0,0,0
68.7,-93.4,0,0,0,0
68.7,-92.9,0,0,0,0
68.7,-92.4,0,0,0,0
68.7,-91.9,0,0,0,0
68.7,-91.4,0,0,0,0
68.7,-90.9,0,0,0,0
68.7,-90.4,0,0,0,0
68.7,-89.9,0,0,0,0
68.7,-89.3,1,0,0,0
68.7,-88.8,1,0,0,0
68.7,-85.3,0,0,0,0
68.7,-84.8,0,0,0,0
68.7,-84.3,0,0,0,0
68.7,-83.8,0,0,0,0
68.7,-83.3,0,0,0,0
68.7,-81.2,0,0,0,0
68.7,-78.6,0,0,0,0
68.7,-76.5,0,0,0,0
68.7,-76.0,0,0,0,0
68.7,-75.5,0,0,0,0
68.7,-74.4,0,0,0,0
68.7,-73.9,0,0,0,0
68.7,-72.3,0,0,0,0
68.7,-70.7,0,0,0,0
68.7,-69.1,0,0,0,0
68.7,-68.0,0,0,0,0
68.7,-67.5,0,0,0,0
68.8,-140.9,0,0,0,0
68.8,-140.2,0,0,0,0
68.8,-139.5,0,0,0,0
68.8,-138.8,0,0,0,0
68.8,-138.0,0,0,0,0
68.8,-136.2,0,0,0,0
68.8,-135.5,0,0,0,0
68.8,-134.8,0,0,0,0
68.8,-134.1,0,0,0,0
68.8,-132.9,0,0,0,0
68.8,-132.2,0,0,0,0
68.8,-131.5,0,0,0,0
68.8,-130.4,0,0,0,0
68.8,-129.7,0,0,0,0
68.8,-128.6,0,0,0,0
68.8,-127.9,0,0,0,0
68.8,-126.7,0,0,0,0
68.8,-125.6,0,0,0,0
68.8,-124.9,0,0,0,0
68.8,-123.8,0,0,0,0
68.8,-122.6,0,0,0,0
68.8,-121.5,0,0,0,0
68.8,-120.3,0,0,0,0
68.8,-119.2,0,0,0,0
68.8,-118.1,0,0,0,0
68.8,-116.9,0,0,0,0
68.8,-116.5,0,0,0,0
68.8,-115.3,0,0,0,0
68.8,-113.7,0,0,0,0
68.8,-112.6,0,0,0,0
68.8,-112.1,0,0,0,0
68.8,-111.0,0,0,0,0
68.8,-110.5,0,0,0,0
68.8,-108.9,0,0,0,0
68.8,-108.4,0,0,0,0
68.8,-106.8,0,0,0,0
68.8,-106.3,0,0,0,0
68.8,-104.7,0,0,0,0
68.8,-104.2,0,0,0,0
68.8,-103.7,0,0,0,0
68.8,-102.1,0,0,0,0
68.8,-101.6,0,0,0,0
68.8,-100.6,0,0,0,0
68.8,-98.0,0,0,0,0
68.8,-97.5,0,0,0,0
68.8,-97.0,0,0,0,0
68.8,-96.5,0,0,0,0
68.8,-96.0,0,0,0,0
68.8,-95.5,0,0,0,0
68.8,-94.9,0,1,0,0
68.8,-94.4,0,1,0,0
68.8,-89.3,0,1,0,0
68.8,-88.8,0,1,0,0
68.8,-88.3,0,0,0,0
68.8,-87.8,0,0,0,0
68.8,-85.8,0,0,0,0
68.8,-83.2,0,0,0,0
68.8,-82.7,0,0,0,0
68.8,-82.2,0,0,0,0
68.8,-81.7,0,0,0,0
68.8,-80.1,0,0,0,0
68.8,-79.6,0,0,0,0
68.8,-79.1,0,0,0,0
68.8,-75.4,0,0,0,0
68.8,-74.9,0,0,0,0
68.8,-73.3,0,0,0,0
68.8,-72.8,0,0,0,0
68.8,-71.7,0,0,0,0
68.8,-71.2,0,0,0,0
68.8,-70.1,0,0,0,0
68.8,-69.6,0,0,0,0
68.8,-68.4,0,0,0,0
68.8,-67.3,0,0,0,0
68.9,-141.3,0,0,0,0
68.9,-140.5,0,0,0,0
68.9,-139.8,0,0,0,0
68.9,-139.1,0,0,0,0
68.9,-138.4,0,0,0,0
68.9,-137.7,0,0,0,0
68.9,-136.9,0,0,0,0
68.9,-135.1,0,0,0,0
68.9,-134.4,0,0,0,0
68.9,-133.7,0,0,0,0
68.9,-131.8,0,0,0,0
68.9,-131.1,0,0,0,0
68.9,-130.0,0,0,0,0
68.9,-129.3,0,0,0,0
68.9,-128.1,0,0,0,0
68.9,-127.4,0,0,0,0
68.9,-126.3,0,0,0,0
68.9,-125.1,0,0,0,0
68.9,-124.4,0,0,0,0
68.9,-123.3,0,0,0,0
68.9,-122.2,0,0,0,0
68.9,-121.0,0,0,0,0
68.9,-119.9,0,0,0,0
68.9,-118.7,0,0,0,0
68.9,-118.3,0,0,0,0
68.9,-117.6,0,0,0,0
68.9,-117.1,0,0,0,0
68.9,-116.0,0,0,0,0
68.9,-114.8,0,0,0,0
68.9,-114.4,0,0,0,0
68.9,-113.2,0,0,0,0
68.9,-112.7,0,0,0,0
68.9,-111.6,0,0,0,0
68.9,-111.1,0,0,0,0
68.9,-110.0,0,0,0,0
68.9,-109.5,0,0,0,0
68.9,-107.9,0,0,0,0
68.9,-107.4,0,0,0,0
68.9,-105.8,0,0,0,0
68.9,-105.3,0,0,0,0
68.9,-104.8,0,0,0,0
68.9,-103.2,0,0,0,0
68.9,-102.7,0,0,0,0
68.9,-102.2,0,0,0,0
68.9,-100.1,1,0,0,0
68.9,-99.6,0,0,0,0
68.9,-99.1,0,0,0,0
68.9,-98.5,0,0,0,0
68.9,-98.0,0,0,0,0
68.9,-93.9,1,0,0,0
68.9,-93.4,1,0,0,0
68.9,-92.9,1,0,0,0
68.9,-92.4,1,0,0,0
68.9,-91.9,1,0,0,0
68.9,-91.4,1,0,0,0
68.9,-90.9,1,0,0,0
68.9,-90.3,1,0,0,0
68.9,-89.8,1,0,0,0
68.9,-85.7,0,0,0,0
68.9,-85.2,0,0,0,0
68.9,-84.7,0,0,0,0
68.9,-84.2,0,0,0,0
68.9,-83.7,0,0,0,0
68.9,-81.6,0,0,0,0
68.9,-81.1,0,0,0,0
68.9,-79.0,0,0,0,0
68.9,-76.4,0,0,0,0
68.9,-75.9,0,0,0,0
68.9,-74.3,0,0,0,0
68.9,-73.8,0,0,0,0
68.9,-72.6,0,0,0,0
68.9,-72.2,0,0,0,0
68.9,-71.0,0,0,0,0
68.9,-70.5,0,0,0,0
68.9,-69.4,0,0,0,0
68.9,-68.9,0,0,0,0
68.9,-67.8,0,0,0,0
69.0,-138.7,0,0,0,0
69.0,-138.0,0,0,0,0
69.0,-137.3,0,0,0,0
69.0,-136.5,0,0,0,0
69.0,-135.8,0,0,0,0
69.0,-134.0,0,0,0,0
69.0,-133.3,0,0,0,0
69.0,-132.5,0,0,0,0
69.0,-131.4,0,0,0,0
69.0,-130.7,0,0,0,0
69.0,-129.6,0,0,0,0
69.0,-128.8,0,0,0,0
69.0,-127.7,0,0,0,0
69.0,-127.0,0,0,0,0
69.0,-125.8,0,0,0,0
69.0,-124.7,0,0,0,0
69.0,-124.0,0,0,0,0
69.0,-123.5,0,0,0,0
69.0,-122.9,0,0,0,0
69.0,-121.7,0,0,0,0
69.0,-120.6,0,0,0,0
69.0,-119.4,0,0,0,0
69.0,-118.9,0,0,0,0
69.0,-117.8,0,0,0,0
69.0,-116.6,0,0,0,0
69.0,-115.5,0,0,0,0
69.0,-113.9,0,0,0,0
69.0,-113.4,0,0,0,0
69.0,-112.3,0,0,0,0
69.0,-111.8,0,0,0,0
69.0,-110.6,0,0,0,0
69.0,-110.1,0,0,0,0
69.0,-109.0,0,0,0,0
69.0,-108.5,0,0,0,0
69.0,-106.4,0,0,0,0
69.0,-105.9,0,0,0,0
69.0,-104.3,0,0,0,0
69.0,-103.8,0,0,0,0
69.0,-101.7,1,0,0,0
69.0,-100.6,0,0,0,0
69.0,-100.1,0,1,0,0
69.0,-97.5,0,0,0,0
69.0,-97.0,0,0,0,0
69.0,-96.5,0,0,0,0
69.0,-96.0,0,0,0,0
69.0,-94.5,0,0,0,0
69.0,-93.9,0,1,0,0
69.0,-93.4,0,1,0,0
69.0,-92.9,0,1,0,0
69.0,-92.4,0,1,0,0
69.0,-91.9,0,1,0,0
69.0,-91.4,0,1,0,0
69.0,-90.9,0,1,0,0
69.0,-90.3,0,1,0,0
69.0,-89.8,0,1,0,0
69.0,-89.3,0,0,0,0
69.0,-88.8,0,0,0,0
69.0,-88.3,0,0,0,0
69.0,-83.6,0,0,0,0
69.0,-83.1,0,0,0,0
69.0,-82.6,0,0,0,0
69.0,-82.1,0,0,0,0
69.0,-79.5,0,0,0,0
69.0,-76.9,0,0,0,0
69.0,-75.2,0,0,0,0
69.0,-74.7,0,0,0,0
69.0,-73.6,0,0,0,0
69.0,-73.1,0,0,0,0
69.0,-71.5,0,0,0,0
69.0,-70.4,0,0,0,0
69.0,-69.9,0,0,0,0
69.0,-68.7,0,0,0,0
69.0,-68.3,0,0,0,0
69.1,-140.9,0,0,0,0
69.1,-140.2,0,0,0,0
69.1,-139.4,0,0,0,0
69.1,-137.6,0,0,0,0
69.1,-136.2,0,0,0,0
69.1,-135.4,0,0,0,0
69.1,-134.7,0,0,0,0
69.1,-133.6,0,0,0,0
69.1,-132.8,0,0,0,0
69.1,-132.1,0,0,0,0
69.1,-131.0,0,0,0,0
69.1,-130.3,0,0,0,0
69.1,-129.1,0,0,0,0
69.1,-128.4,0,0,0,0
69.1,-127.3,0,0,0,0
69.1,-126.5,0,0,0,0
69.1,-125.4,0,0,0,0
69.1,-124.2,0,0,0,0
69.1,-123.1,0,0,0,0
69.1,-122.4,0,0,0,0
69.1,-121.9,0,0,0,0
69.1,-121.2,0,0,0,0
69.1,-120.8,0,0,0,0
69.1,-120.1,0,0,0,0
69.1,-119.6,0,0,0,0
69.1,-118.5,0,0,0,0
69.1,-116.2,0,0,0,0
69.1,-112.9,0,0,0,0
69.1,-111.3,0,0,0,0
69.1,-109.6,0,0,0,0
69.1,-109.1,0,0,0,0
69.1,-108.0,0,0,0,0
69.1,-107.5,0,0,0,0
69.1,-107.0,0,0,0,0
69.1,-105.4,0,0,0,0
69.1,-104.9,0,0,0,0
69.1,-103.3,0,0,0,0
69.1,-102.8,0,0,0,0
69.1,-102.3,0,0,0,0
69.1,-101.7,0,1,0,0
69.1,-99.6,0,0,0,0
69.1,-99.1,0,0,0,0
69.1,-98.6,0,0,0,0
69.1,-98.1,0,0,0,0
69.1,-97.6,0,0,0,0
69.1,-85.7,0,0,0,0
69.1,-85.2,0,0,0,0
69.1,-84.6,0,0,0,0
69.1,-84.1,0,0,0,0
69.1,-82.0,0,0,0,0
69.1,-81.5,0,0,0,0
69.1,-81.0,0,0,0,0
69.1,-78.9,0,0,0,0
69.1,-78.4,0,0,0,0
69.1,-76.7,0,0,0,0
69.1,-76.2,0,0,0,0
69.1,-75.7,0,0,0,0
69.1,-74.6,0,0,0,0
69.1,-74.1,0,0,0,0
69.1,-72.5,0,0,0,0
69.1,-72.0,0,0,0,0
69.1,-70.9,0,0,0,0
69.1,-69.2,0,0,0,0
69.1,-68.1,0,0,0,0
69.1,-67.6,0,0,0,0
69.2,-141.3,0,0,0,0
69.2,-140.5,0,0,0,0
69.2,-139.8,0,0,0,0
69.2,-139.1,0,0,0,0
69.2,-138.3,0,0,0,0
69.2,-135.8,0,0,0,0
69.2,-135.0,0,0,0,0
69.2,-134.3,0,0,0,0
69.2,-133.2,0,0,0,0
69.2,-132.4,0,0,0,0
69.2,-131.7,0,0,0,0
69.2,-130.6,0,0,0,0
69.2,-129.8,0,0,0,0
69.2,-128.7,0,0,0,0
69.2,-128.0,0,0,0,0
69.2,-126.8,0,0,0,0
69.2,-126.1,0,0,0,0
69.2,-125.0,0,0,0,0
69.2,-123.8,0,0,0,0
69.2,-122.6,0,0,0,0
69.2,-121.5,0,0,0,0
69.2,-120.3,0,0,0,0
69.2,-119.2,0,0,0,0
69.2,-115.2,0,0,0,0
69.2,-114.1,0,0,0,0
69.2,-113.6,0,0,0,0
69.2,-112.4,0,0,0,0
69.2,-111.9,0,0,0,0
69.2,-110.8,0,0,0,0
69.2,-110.3,0,0,0,0
69.2,-108.7,0,0,0,0
69.2,-108.1,0,0,0,0
69.2,-106.5,0,0,0,0
69.2,-106.0,0,0,0,0
69.2,-104.4,0,0,0,0
69.2,-103.9,0,0,0,0
69.2,-103.4,0,0,0,0
69.2,-101.2,0,0,0,0
69.2,-100.2,0,0,0,0
69.2,-99.7,0,0,0,0
69.2,-97.1,1,0,0,0
69.2,-96.5,0,0,0,0
69.2,-96.0,0,0,0,0
69.2,-95.5,0,0,0,0
69.2,-94.5,0,0,0,0
69.2,-94.0,0,0,0,0
69.2,-93.4,0,0,0,0
69.2,-92.9,0,0,0,0
69.2,-92.4,0,0,0,0
69.2,-91.9,0,0,0,0
69.2,-91.4,0,0,0,0
69.2,-90.8,0,0,0,0
69.2,-90.3,0,0,0,0
69.2,-89.8,0,0,0,0
69.2,-89.3,0,0,0,0
69.2,-88.8,0,0,0,0
69.2,-84.1,0,0,0,0
69.2,-83.6,0,0,0,0
69.2,-83.0,0,0,0,0
69.2,-82.5,0,0,0,0
69.2,-79.4,0,0,0,0
69.2,-77.2,0,0,0,0
69.2,-75.6,0,0,0,0
69.2,-75.1,0,0,0,0
69.2,-73.5,0,0,0,0
69.2,-73.0,0,0,0,0
69.2,-71.8,0,0,0,0
69.2,-71.3,0,0,0,0
69.2,-70.2,0,0,0,0
69.2,-69.7,0,0,0,0
69.2,-68.6,0,0,0,0
69.2,-67.4,0,0,0,0
69.2,-66.9,0,0,0,0
69.3,-140.9,0,0,0,0
69.3,-140.2,0,0,0,0
69.3,-139.4,0,0,0,0
69.3,-138.7,0,0,0,0
69.3,-135.3,0,0,0,0
69.3,-134.6,0,0,0,0
69.3,-133.9,0,0,0,0
69.3,-132.0,0,0,0,0
69.3,-131.3,0,0,0,0
69.3,-130.1,0,0,0,0
69.3,-129.4,0,0,0,0
69.3,-128.3,0,0,0,0
69.3,-127.5,0,0,0,0
69.3,-126.4,0,0,0,0
69.3,-125.7,0,0,0,0
69.3,-125.2,0,0,0,0
69.3,-124.5,0,0,0,0
69.3,-123.3,0,0,0,0
69.3,-122.2,0,0,0,0
69.3,-121.0,0,0,0,0
69.3,-119.8,0,0,0,0
69.3,-118.7,0,0,0,0
69.3,-115.9,0,0,0,0
69.3,-114.7,0,0,0,0
69.3,-114.2,0,0,0,0
69.3,-113.1,0,0,0,0
69.3,-112.6,0,0,0,0
69.3,-111.4,0,0,0,0
69.3,-110.9,0,0,0,0
69.3,-109.8,0,0,0,0
69.3,-109.3,0,0,0,0
69.3,-107.6,0,0,0,0
69.3,-107.1,0,0,0,0
69.3,-105.5,0,0,0,0
69.3,-105.0,0,0,0,0
69.3,-104.5,0,0,0,0
69.3,-102.9,0,0,0,0
69.3,-102.3,0,0,0,0
69.3,-101.8,0,0,0,0
69.3,-99.2,0,0,0,0
69.3,-98.7,0,0,0,0
69.3,-98.1,0,0,0,0
69.3,-97.6,0,0,0,0
69.3,-97.1,0,1,0,0
69.3,-85.6,0,0,0,0
69.3,-85.1,0,0,0,0
69.3,-84.6,0,0,0,0
69.3,-81.9,0,0,0,0
69.3,-81.4,0,0,0,0
69.3,-78.8,0,0,0,0
69.3,-78.3,0,0,0,0
69.3,-76.6,0,0,0,0
69.3,-76.1,0,0,0,0
69.3,-74.5,0,0,0,0
69.3,-74.0,0,0,0,0
69.3,-72.8,0,0,0,0
69.3,-72.3,0,0,0,0
69.3,-71.2,0,0,0,0
69.3,-70.7,0,0,0,0
69.3,-69.5,0,0,0,0
69.3,-69.0,0,0,0,0
69.3,-67.9,0,0,0,0
69.3,-66.7,0,0,0,0
69.4,-139.8,0,0,0,0
69.4,-139.0,0,0,0,0
69.4,-134.2,0,0,0,0
69.4,-133.5,0,0,0,0
69.4,-132.7,0,0,0,0
69.4,-131.6,0,0,0,0
69.4,-130.9,0,0,0,0
69.4,-129.7,0,0,0,0
69.4,-129.0,0,0,0,0
69.4,-127.8,0,0,0,0
69.4,-127.1,0,0,0,0
69.4,-125.9,0,0,0,0
69.4,-124.8,0,0,0,0
69.4,-124.0,0,0,0,0
69.4,-122.9,0,0,0,0
69.4,-121.7,0,0,0,0
69.4,-120.5,0,0,0,0
69.4,-119.4,0,0,0,0
69.4,-116.6,0,0,0,0
69.4,-115.4,0,0,0,0
69.4,-114.9,0,0,0,0
69.4,-113.7,0,0,0,0
69.4,-112.1,0,0,0,0
69.4,-110.4,0,0,0,0
69.4,-109.9,0,0,0,0
69.4,-108.8,0,0,0,0
69.4,-108.3,0,0,0,0
69.4,-106.6,0,0,0,0
69.4,-106.1,0,0,0,0
69.4,-105.6,0,0,0,0
69.4,-104.0,0,0,0,0
69.4,-103.5,0,0,0,0
69.4,-102.9,0,0,0,0
69.4,-101.3,0,0,0,0
69.4,-100.8,0,0,0,0
69.4,-96.6,1,0,0,0
69.4,-96.1,0,0,0,0
69.4,-95.5,0,0,0,0
69.4,-94.5,0,0,0,0
69.4,-94.0,0,0,0,0
69.4,-93.5,0,0,0,0
69.4,-92.9,0,0,0,0
69.4,-92.4,0,0,0,0
69.4,-91.9,0,0,0,0
69.4,-91.4,0,0,0,0
69.4,-90.8,0,0,0,0
69.4,-90.3,0,0,0,0
69.4,-84.0,0,0,0,0
69.4,-83.5,0,0,0,0
69.4,-83.0,0,0,0,0
69.4,-82.5,0,0,0,0
69.4,-80.3,0,0,0,0
69.4,-77.1,0,0,0,0
69.4,-75.5,0,0,0,0
69.4,-75.0,0,0,0,0
69.4,-73.8,0,0,0,0
69.4,-73.3,0,0,0,0
69.4,-71.7,0,0,0,0
69.4,-70.0,0,0,0,0
69.4,-68.9,0,0,0,0
69.4,-68.4,0,0,0,0
69.4,-67.2,0,0,0,0
69.5,-141.3,0,0,0,0
69.5,-140.5,0,0,0,0
69.5,-135.7,0,0,0,0
69.5,-134.9,0,0,0,0
69.5,-133.8,0,0,0,0
69.5,-133.1,0,0,0,0
69.5,-132.3,0,0,0,0
69.5,-131.2,0,0,0,0
69.5,-130.4,0,0,0,0
69.5,-129.3,0,0,0,0
69.5,-128.5,0,0,0,0
69.5,-127.4,0,0,0,0
69.5,-126.6,0,0,0,0
69.5,-125.5,0,0,0,0
69.5,-124.3,0,0,0,0
69.5,-123.6,0,0,0,0
69.5,-123.1,0,0,0,0
69.5,-122.4,0,0,0,0
69.5,-121.2,0,0,0,0
69.5,-120.1,0,0,0,0
69.5,-116.1,0,0,0,0
69.5,-115.6,0,0,0,0
69.5,-114.4,0,0,0,0
69.5,-113.2,0,0,0,0
69.5,-112.8,0,0,0,0
69.5,-111.6,0,0,0,0
69.5,-111.1,0,0,0,0
69.5,-109.4,0,0,0,0
69.5,-108.9,0,0,0,0
69.5,-107.8,0,0,0,0
69.5,-107.3,0,0,0,0
69.5,-106.8,0,0,0,0
69.5,-105.1,0,0,0,0
69.5,-104.6,0,0,0,0
69.5,-102.4,0,0,0,0
69.5,-101.9,0,0,0,0
69.5,-101.4,0,0,0,0
69.5,-98.7,0,0,0,0
69.5,-98.2,0,0,0,0
69.5,-97.7,0,0,0,0
69.5,-97.1,0,0,0,0
69.5,-96.6,0,1,0,0
69.5,-85.6,0,0,0,0
69.5,-85.0,0,0,0,0
69.5,-84.5,1,0,0,0
69.5,-82.4,0,0,0,0
69.5,-81.9,0,0,0,0
69.5,-81.3,0,0,0,0
69.5,-78.7,0,0,0,0
69.5,-78.1,0,0,0,0
69.5,-77.0,0,0,0,0
69.5,-76.5,0,0,0,0
69.5,-76.0,0,0,0,0
69.5,-74.8,0,0,0,0
69.5,-74.3,0,0,0,0
69.5,-72.7,0,0,0,0
69.5,-72.2,0,0,0,0
69.5,-71.0,0,0,0,0
69.5,-70.5,0,0,0,0
69.5,-69.3,0,0,0,0
69.5,-68.2,0,0,0,0
69.5,-67.7,0,0,0,0
69.6,-140.9,0,0,0,0
69.6,-140.1,0,0,0,0
69.6,-139.4,0,0,0,0
69.6,-138.6,0,0,0,0
69.6,-135.3,0,0,0,0
69.6,-134.5,0,0,0,0
69.6,-132.6,0,0,0,0
69.6,-131.9,0,0,0,0
69.6,-130.7,0,0,0,0
69.6,-130.0,0,0,0,0
69.6,-128.8,0,0,0,0
69.6,-128.1,0,0,0,0
69.6,-126.9,0,0,0,0
69.6,-126.2,0,0,0,0
69.6,-125.0,0,0,0,0
69.6,-123.8,0,0,0,0
69.6,-122.7,0,0,0,0
69.6,-121.9,0,0,0,0
69.6,-121.5,0,0,0,0
69.6,-120.8,0,0,0,0
69.6,-116.8,0,0,0,0
69.6,-116.3,0,0,0,0
69.6,-115.1,0,0,0,0
69.6,-113.9,0,0,0,0
69.6,-113.4,0,0,0,0
69.6,-112.3,0,0,0,0
69.6,-111.8,0,0,0,0
69.6,-110.6,0,0,0,0
69.6,-110.1,0,0,0,0
69.6,-108.4,0,0,0,0
69.6,-107.9,0,0,0,0
69.6,-106.2,0,0,0,0
69.6,-105.7,0,0,0,0
69.6,-104.1,0,0,0,0
69.6,-103.6,0,0,0,0
69.6,-103.0,0,0,0,0
69.6,-100.9,0,0,0,0
69.6,-96.1,0,0,0,0
69.6,-95.6,0,0,0,0
69.6,-95.0,0,0,0,0
69.6,-94.5,0,0,0,0
69.6,-94.0,0,0,0,0
69.6,-93.5,0,0,0,0
69.6,-92.9,0,0,0,0
69.6,-92.4,0,0,0,0
69.6,-91.9,0,0,0,0
69.6,-91.4,0,0,0,0
69.6,-90.8,0,0,0,0
69.6,-90.3,0,0,0,0
69.6,-84.5,0,1,0,0
69.6,-83.9,0,0,0,0
69.6,-83.4,0,0,0,0
69.6,-82.9,0,0,0,0
69.6,-80.7,0,0,0,0
69.6,-80.2,0,0,0,0
69.6,-79.7,0,0,0,0
69.6,-78.0,0,0,0,0
69.6,-77.5,0,0,0,0
69.6,-75.9,0,0,0,0
69.6,-75.3,0,0,0,0
69.6,-73.7,0,0,0,0
69.6,-73.2,0,0,0,0
69.6,-72.0,0,0,0,0
69.6,-71.5,0,0,0,0
69.6,-70.3,0,0,0,0
69.6,-69.8,0,0,0,0
69.6,-68.7,0,0,0,0
69.6,-67.0,0,0,0,0
69.7,-140.5,0,0,0,0
69.7,-139.8,0,0,0,0
69.7,-139.0,0,0,0,0
69.7,-134.9,0,0,0,0
69.7,-134.1,0,0,0,0
69.7,-132.2,0,0,0,0
69.7,-131.5,0,0,0,0
69.7,-130.3,0,0,0,0
69.7,-129.6,0,0,0,0
69.7,-128.4,0,0,0,0
69.7,-127.6,0,0,0,0
69.7,-126.5,0,0,0,0
69.7,-125.7,0,0,0,0
69.7,-124.6,0,0,0,0
69.7,-123.4,0,0,0,0
69.7,-122.2,0,0,0,0
69.7,-121.0,0,0,0,0
69.7,-117.0,0,0,0,0
69.7,-115.8,0,0,0,0
69.7,-114.6,0,0,0,0
69.7,-114.1,0,0,0,0
69.7,-112.9,0,0,0,0
69.7,-112.4,0,0,0,0
69.7,-111.2,0,0,0,0
69.7,-110.7,0,0,0,0
69.7,-109.6,0,0,0,0
69.7,-109.1,0,0,0,0
69.7,-107.4,0,0,0,0
69.7,-106.9,0,0,0,0
69.7,-105.2,0,0,0,0
69.7,-104.7,0,0,0,0
69.7,-104.2,0,0,0,0
69.7,-102.5,0,0,0,0
69.7,-102.0,0,0,0,0
69.7,-101.5,0,0,0,0
69.7,-100.9,0,0,0,0
69.7,-98.8,0,0,0,0
69.7,-98.2,0,0,0,0
69.7,-97.7,0,0,0,0
69.7,-97.2,0,0,0,0
69.7,-96.7,0,0,0,0
69.7,-96.1,0,0,0,0
69.7,-95.6,0,0,0,0
69.7,-85.5,0,0,0,0
69.7,-85.0,0,0,0,0
69.7,-82.8,0,0,0,0
69.7,-82.3,0,0,0,0
69.7,-81.8,0,0,0,0
69.7,-81.3,0,0,0,0
69.7,-79.6,0,0,0,0
69.7,-79.1,0,0,0,0
69.7,-78.6,0,0,0,0
69.7,-76.9,0,0,0,0
69.7,-76.4,0,0,0,0
69.7,-74.7,0,0,0,0
69.7,-74.2,0,0,0,0
69.7,-73.0,0,0,0,0
69.7,-72.5,0,0,0,0
69.7,-70.8,0,0,0,0
69.7,-69.7,0,0,0,0
69.7,-69.2,0,0,0,0
69.7,-68.0,0,0,0,0
69.7,-67.5,0,0,0,0
69.8,-134.4,0,0,0,0
69.8,-131.8,0,0,0,0
69.8,-131.0,0,0,0,0
69.8,-129.1,0,0,0,0
69.8,-127.9,0,0,0,0
69.8,-127.2,0,0,0,0
69.8,-125.3,0,0,0,0
69.8,-124.8,0,0,0,0
69.8,-124.1,0,0,0,0
69.8,-122.9,0,0,0,0
69.8,-121.7,0,0,0,0
69.8,-116.5,0,0,0,0
69.8,-115.3,0,0,0,0
69.8,-114.8,0,0,0,0
69.8,-113.6,0,0,0,0
69.8,-111.9,0,0,0,0
69.8,-110.2,0,0,0,0
69.8,-109.7,0,0,0,0
69.8,-108.6,0,0,0,0
69.8,-108.0,0,0,0,0
69.8,-106.4,0,0,0,0
69.8,-105.8,0,0,0,0
69.8,-105.3,0,0,0,0
69.8,-103.6,0,0,0,0
69.8,-103.1,0,0,0,0
69.8,-102.6,0,0,0,0
69.8,-95.1,0,0,0,0
69.8,-94.5,0,0,0,0
69.8,-94.0,0,0,0,0
69.8,-93.5,0,0,0,0
69.8,-92.9,0,0,0,0
69.8,-92.4,0,0,0,0
69.8,-91.9,0,0,0,0
69.8,-91.3,0,0,0,0
69.8,-90.8,0,0,0,0
69.8,-84.9,0,0,0,0
69.8,-84.4,0,0,0,0
69.8,-83.9,0,0,0,0
69.8,-83.3,0,0,0,0
69.8,-81.2,0,0,0,0
69.8,-80.6,0,0,0,0
69.8,-80.1,0,0,0,0
69.8,-78.4,0,0,0,0
69.8,-77.9,0,0,0,0
69.8,-77.4,0,0,0,0
69.8,-75.7,0,0,0,0
69.8,-75.2,0,0,0,0
69.8,-74.0,0,0,0,0
69.8,-73.5,0,0,0,0
69.8,-71.8,0,0,0,0
69.8,-71.3,0,0,0,0
69.8,-70.2,0,0,0,0
69.8,-68.5,0,0,0,0
69.8,-67.3,0,0,0,0
69.8,-66.8,0,0,0,0
69.9,-131.3,0,0,0,0
69.9,-130.6,0,0,0,0
69.9,-129.9,0,0,0,0
69.9,-128.7,0,0,0,0
69.9,-127.5,0,0,0,0
69.9,-126.7,0,0,0,0
69.9,-124.4,0,0,0,0
69.9,-122.4,0,0,0,0
69.9,-121.2,0,0,0,0
69.9,-117.2,0,0,0,0
69.9,-116.0,0,0,0,0
69.9,-114.3,0,0,0,0
69.9,-113.1,0,0,0,0
69.9,-112.6,0,0,0,0
69.9,-111.4,0,0,0,0
69.9,-110.9,0,0,0,0
69.9,-109.2,0,0,0,0
69.9,-108.7,0,0,0,0
69.9,-107.5,0,0,0,0
69.9,-107.0,0,0,0,0
69.9,-106.5,0,0,0,0
69.9,-104.8,0,0,0,0
69.9,-104.3,0,0,0,0
69.9,-102.1,0,0,0,0
69.9,-101.5,0,0,0,0
69.9,-101.0,0,0,0,0
69.9,-98.3,0,0,0,0
69.9,-97.8,0,0,0,0
69.9,-97.2,0,0,0,0
69.9,-96.2,0,0,0,0
69.9,-95.6,0,0,0,0
69.9,-95.1,0,0,0,0
69.9,-94.6,0,0,0,0
69.9,-87.1,0,0,0,0
69.9,-86.5,0,0,0,0
69.9,-85.5,0,0,0,0
69.9,-82.7,0,0,0,0
69.9,-82.2,0,0,0,0
69.9,-81.7,0,0,0,0
69.9,-79.5,0,0,0,0
69.9,-79.0,0,0,0,0
69.9,-77.3,0,0,0,0
69.9,-76.8,0,0,0,0
69.9,-76.2,0,0,0,0
69.9,-75.1,0,0,0,0
69.9,-74.6,0,0,0,0
69.9,-72.9,0,0,0,0
69.9,-72.4,0,0,0,0
69.9,-71.2,0,0,0,0
69.9,-70.7,0,0,0,0
69.9,-69.5,0,0,0,0
69.9,-69.0,0,0,0,0
69.9,-67.8,0,0,0,0
70.0,-130.9,0,0,0,0
70.0,-130.2,0,0,0,0
70.0,-129.4,0,0,0,0
70.0,-128.2,0,0,0,0
70.0,-127.0,0,0,0,0
70.0,-125.1,0,0,0,0
70.0,-116.7,0,0,0,0
70.0,-115.5,0,0,0,0
70.0,-115.0,0,0,0,0
70.0,-113.8,0,0,0,0
70.0,-113.3,0,0,0,0
70.0,-112.1,0,0,0,0
70.0,-111.6,0,0,0,0
70.0,-110.4,0,0,0,0
70.0,-109.9,0,0,0,0
70.0,-108.2,0,0,0,0
70.0,-107.7,0,0,0,0
70.0,-106.0,0,0,0,0
70.0,-105.4,0,0,0,0
70.0,-103.7,0,0,0,0
70.0,-103.2,0,0,0,0
70.0,-102.7,0,0,0,0
70.0,-94.0,1,0,0,0
70.0,-93.5,1,0,0,0
70.0,-93.0,1,0,0,0
70.0,-92.4,0,0,0,0
70.0,-91.9,0,0,0,0
70.0,-91.3,0,0,0,0
70.0,-85.4,0,0,0,0
70.0,-84.9,0,0,0,0
70.0,-84.3,0,0,0,0
70.0,-83.8,0,0,0,0
70.0,-83.3,0,0,0,0
70.0,-81.1,0,0,0,0
70.0,-80.5,0,0,0,0
70.0,-80.0,0,0,0,0
70.0,-78.3,0,0,0,0
70.0,-77.8,0,0,0,0
70.0,-76.1,0,0,0,0
70.0,-75.6,0,0,0,0
70.0,-73.9,0,0,0,0
70.0,-73.4,0,0,0,0
70.0,-72.2,0,0,0,0
70.0,-71.7,0,0,0,0
70.0,-70.5,0,0,0,0
70.0,-70.0,0,0,0,0
70.0,-68.8,0,0,0,0
70.0,-68.3,0,0,0,0
70.0,-67.1,0,0,0,0
70.1,-129.7,0,0,0,0
70.1,-129.0,0,0,0,0
70.1,-127.8,0,0,0,0
70.1,-124.6,0,0,0,0
70.1,-117.4,0,0,0,0
70.1,-116.2,0,0,0,0
70.1,-115.7,0,0,0,0
70.1,-114.5,0,0,0,0
70.1,-114.0,0,0,0,0
70.1,-112.8,0,0,0,0
70.1,-111.1,0,0,0,0
70.1,-110.5,0,0,0,0
70.1,-109.4,0,0,0,0
70.1,-108.8,0,0,0,0
70.1,-107.1,0,0,0,0
70.1,-106.6,0,0,0,0
70.1,-104.9,0,0,0,0
70.1,-104.4,0,0,0,0
70.1,-103.8,0,0,0,0
70.1,-102.2,0,0,0,0
70.1,-101.6,0,0,0,0
70.1,-101.1,0,0,0,0
70.1,-100.6,0,0,0,0
70.1,-96.7,0,0,0,0
70.1,-96.2,0,0,0,0
70.1,-95.7,0,0,0,0
70.1,-95.1,0,0,0,0
70.1,-94.6,0,0,0,0
70.1,-94.0,0,1,0,0
70.1,-93.5,0,1,0,0
70.1,-93.0,0,1,0,0
70.1,-90.8,0,0,0,0
70.1,-90.3,0,0,0,0
70.1,-87.6,0,0,0,0
70.1,-87.0,0,0,0,0
70.1,-86.5,0,0,0,0
70.1,-85.9,0,0,0,0
70.1,-83.2,0,0,0,0
70.1,-82.7,0,0,0,0
70.1,-82.1,0,0,0,0
70.1,-81.6,0,0,0,0
70.1,-79.9,0,0,0,0
70.1,-79.4,0,0,0,0
70.1,-78.9,0,0,0,0
70.1,-77.2,0,0,0,0
70.1,-76.6,0,0,0,0
70.1,-74.9,0,0,0,0
70.1,-74.4,0,0,0,0
70.1,-73.2,0,0,0,0
70.1,-72.7,0,0,0,0
70.1,-71.0,0,0,0,0
70.1,-69.3,0,0,0,0
70.1,-68.1,0,0,0,0
70.1,-67.6,0,0,0,0
70.2,-130.5,0,0,0,0
70.2,-129.3,0,0,0,0
70.2,-128.5,0,0,0,0
70.2,-127.3,0,0,0,0
70.2,-125.4,0,0,0,0
70.2,-124.1,0,0,0,0
70.2,-116.9,0,0,0,0
70.2,-116.4,0,0,0,0
70.2,-115.2,0,0,0,0
70.2,-113.5,0,0,0,0
70.2,-112.3,0,0,0,0
70.2,-111.7,0,0,0,0
70.2,-110.0,0,0,0,0
70.2,-109.5,0,0,0,0
70.2,-108.3,0,0,0,0
70.2,-107.8,0,0,0,0
70.2,-106.1,0,0,0,0
70.2,-105.5,0,0,0,0
70.2,-105.0,0,0,0,0
70.2,-103.3,0,0,0,0
70.2,-102.8,0,0,0,0
70.2,-102.2,0,0,0,0
70.2,-92.4,1,0,0,0
70.2,-91.9,1,0,0,0
70.2,-91.3,1,0,0,0
70.2,-85.9,0,0,0,0
70.2,-85.4,0,0,0,0
70.2,-84.8,0,0,0,0
70.2,-84.3,0,0,0,0
70.2,-83.7,1,0,0,0
70.2,-81.5,0,0,0,0
70.2,-81.0,0,0,0,0
70.2,-80.4,0,0,0,0
70.2,-78.7,0,0,0,0
70.2,-78.2,0,0,0,0
70.2,-77.7,0,0,0,0
70.2,-76.0,0,0,0,0
70.2,-75.5,0,0,0,0
70.2,-73.7,0,0,0,0
70.2,-72.0,0,0,0,0
70.2,-71.5,0,0,0,0
70.2,-70.3,0,0,0,0
70.2,-69.8,0,0,0,0
70.2,-68.6,0,0,0,0
70.2,-67.4,0,0,0,0
70.3,-130.0,0,0,0,0
70.3,-128.1,0,0,0,0
70.3,-124.9,0,0,0,0
70.3,-117.1,0,0,0,0
70.3,-115.9,0,0,0,0
70.3,-114.7,0,0,0,0
70.3,-114.1,0,0,0,0
70.3,-112.9,0,0,0,0
70.3,-112.4,0,0,0,0
70.3,-111.2,0,0,0,0
70.3,-110.7,0,0,0,0
70.3,-109.0,0,0,0,0
70.3,-108.5,0,0,0,0
70.3,-107.3,0,0,0,0
70.3,-106.7,0,0,0,0
70.3,-106.2,0,0,0,0
70.3,-104.5,0,0,0,0
70.3,-104.0,0,0,0,0
70.3,-101.7,0,0,0,0
70.3,-101.2,0,0,0,0
70.3,-100.6,0,0,0,0
70.3,-100.1,0,0,0,0
70.3,-96.8,0,0,0,0
70.3,-96.2,0,0,0,0
70.3,-95.7,0,0,0,0
70.3,-95.2,0,0,0,0
70.3,-94.6,0,0,0,0
70.3,-94.1,0,0,0,0
70.3,-93.5,0,0,0,0
70.3,-93.0,0,0,0,0
70.3,-92.4,0,1,0,0
70.3,-91.9,0,1,0,0
70.3,-91.3,0,1,0,0
70.3,-88.1,0,0,0,0
70.3,-87.5,0,0,0,0
70.3,-87.0,0,0,0,0
70.3,-86.4,0,0,0,0
70.3,-83.7,0,1,0,0
70.3,-83.1,0,0,0,0
70.3,-82.6,0,0,0,0
70.3,-82.1,0,0,0,0
70.3,-79.8,0,0,0,0
70.3,-79.3,0,0,0,0
70.3,-77.6,0,0,0,0
70.3,-77.0,0,0,0,0
70.3,-76.5,0,0,0,0
70.3,-74.8,0,0,0,0
70.3,-74.3,0,0,0,0
70.3,-73.1,0,0,0,0
70.3,-72.5,0,0,0,0
70.3,-71.3,0,0,0,0
70.3,-70.8,0,0,0,0
70.3,-69.6,0,0,0,0
70.3,-69.1,0,0,0,0
70.3,-67.9,0,0,0,0
70.4,-129.6,0,0,0,0
70.4,-128.4,0,0,0,0
70.4,-127.6,0,0,0,0
70.4,-116.6,0,0,0,0
70.4,-115.4,0,0,0,0
70.4,-113.6,0,0,0,0
70.4,-111.9,0,0,0,0
70.4,-111.4,0,0,0,0
70.4,-110.2,0,0,0,0
70.4,-109.7,0,0,0,0
70.4,-107.9,0,0,0,0
70.4,-107.4,0,0,0,0
70.4,-105.7,0,0,0,0
70.4,-105.1,0,0,0,0
70.4,-103.4,0,0,0,0
70.4,-102.9,0,0,0,0
70.4,-102.3,0,0,0,0
70.4,-101.8,0,0,0,0
70.4,-86.4,0,0,0,0
70.4,-85.8,0,0,0,0
70.4,-85.3,0,0,0,0
70.4,-84.8,0,0,0,0
70.4,-84.2,0,0,0,0
70.4,-82.0,0,0,0,0
70.4,-81.4,0,0,0,0
70.4,-80.9,0,0,0,0
70.4,-80.3,0,0,0,0
70.4,-78.6,0,0,0,0
70.4,-78.1,0,0,0,0
70.4,-76.4,0,0,0,0
70.4,-75.8,0,0,0,0
70.4,-75.3,0,0,0,0
70.4,-74.1,0,0,0,0
70.4,-73.6,0,0,0,0
70.4,-72.4,0,0,0,0
70.4,-71.9,0,0,0,0
70.4,-70.6,0,0,0,0
70.4,-70.1,0,0,0,0
70.4,-68.9,0,0,0,0
70.4,-68.4,0,0,0,0
70.5,-127.9,0,0,0,0
70.5,-117.3,0,0,0,0
70.5,-116.1,0,0,0,0
70.5,-115.6,0,0,0,0
70.5,-112.6,0,0,0,0
70.5,-110.9,0,0,0,0
70.5,-109.1,0,0,0,0
70.5,-108.6,0,0,0,0
70.5,-106.9,0,0,0,0
70.5,-106.3,0,0,0,0
70.5,-104.6,0,0,0,0
70.5,-104.1,0,0,0,0
70.5,-103.5,0,0,0,0
70.5,-101.3,0,0,0,0
70.5,-100.7,0,0,0,0
70.5,-100.2,0,0,0,0
70.5,-96.3,0,0,0,0
70.5,-95.7,0,0,0,0
70.5,-95.2,0,0,0,0
70.5,-94.6,0,0,0,0
70.5,-94.1,0,0,0,0
70.5,-93.5,0,0,0,0
70.5,-93.0,0,0,0,0
70.5,-92.4,0,0,0,0
70.5,-91.9,0,0,0,0
70.5,-89.1,0,0,0,0
70.5,-88.6,0,0,0,0
70.5,-88.0,0,0,0,0
70.5,-87.5,0,0,0,0
70.5,-86.9,1,0,0,0
70.5,-84.1,0,0,0,0
70.5,-83.6,0,0,0,0
70.5,-83.1,0,0,0,0
70.5,-82.5,0,0,0,0
70.5,-80.2,0,0,0,0
70.5,-79.7,0,0,0,0
70.5,-79.2,0,0,0,0
70.5,-77.4,0,0,0,0
70.5,-76.9,0,0,0,0
70.5,-75.2,0,0,0,0
70.5,-74.6,0,0,0,0
70.5,-72.9,0,0,0,0
70.5,-71.2,0,0,0,0
70.5,-69.4,0,0,0,0
70.5,-68.2,0,0,0,0
70.6,-128.7,0,0,0,0
70.6,-116.8,0,0,0,0
70.6,-116.3,0,0,0,0
70.6,-115.0,0,0,0,0
70.6,-113.8,0,0,0,0
70.6,-113.3,0,0,0,0
70.6,-112.1,0,0,0,0
70.6,-111.6,0,0,0,0
70.6,-110.3,0,0,0,0
70.6,-109.8,0,0,0,0
70.6,-108.1,0,0,0,0
70.6,-107.5,0,0,0,0
70.6,-105.8,0,0,0,0
70.6,-105.2,0,0,0,0
70.6,-104.7,0,0,0,0
70.6,-103.0,0,0,0,0
70.6,-102.4,0,0,0,0
70.6,-86.9,0,1,0,0
70.6,-86.3,0,0,0,0
70.6,-85.8,0,0,0,0
70.6,-85.2,0,0,0,0
70.6,-84.7,0,0,0,0
70.6,-81.9,0,0,0,0
70.6,-81.3,0,0,0,0
70.6,-80.8,0,0,0,0
70.6,-79.1,0,0,0,0
70.6,-78.5,0,0,0,0
70.6,-78.0,0,0,0,0
70.6,-76.2,0,0,0,0
70.6,-75.7,0,0,0,0
70.6,-74.0,0,0,0,0
70.6,-73.4,0,0,0,0
70.6,-72.2,0,0,0,0
70.6,-71.7,0,0,0,0
70.6,-70.5,0,0,0,0
70.6,-69.9,0,0,0,0
70.6,-68.7,0,0,0,0
70.7,-128.2,0,0,0,0
70.7,-117.5,0,0,0,0
70.7,-117.0,0,0,0,0
70.7,-115.8,0,0,0,0
70.7,-114.5,0,0,0,0
70.7,-114.0,0,0,0,0
70.7,-112.8,0,0,0,0
70.7,-112.3,0,0,0,0
70.7,-111.0,0,0,0,0
70.7,-110.5,0,0,0,0
70.7,-109.3,0,0,0,0
70.7,-108.7,0,0,0,0
70.7,-108.2,0,0,0,0
70.7,-107.0,0,0,0,0
70.7,-106.4,0,0,0,0
70.7,-105.9,0,0,0,0
70.7,-104.2,0,0,0,0
70.7,-103.6,0,0,0,0
70.7,-103.1,0,0,0,0
70.7,-100.8,0,0,0,0
70.7,-100.2,0,0,0,0
70.7,-96.3,0,0,0,0
70.7,-95.8,1,0,0,0
70.7,-95.2,0,0,0,0
70.7,-94.7,0,0,0,0
70.7,-94.1,0,0,0,0
70.7,-93.5,0,0,0,0
70.7,-93.0,0,0,0,0
70.7,-92.4,0,0,0,0
70.7,-89.1,0,0,0,0
70.7,-88.6,0,0,0,0
70.7,-88.0,1,0,0,0
70.7,-87.4,1,0,0,0
70.7,-84.1,0,0,0,0
70.7,-83.5,0,0,0,0
70.7,-83.0,0,0,0,0
70.7,-82.4,0,0,0,0
70.7,-80.7,0,0,0,0
70.7,-80.1,0,0,0,0
70.7,-79.6,0,0,0,0
70.7,-77.9,0,0,0,0
70.7,-77.3,0,0,0,0
70.7,-76.8,0,0,0,0
70.7,-75.0,0,0,0,0
70.7,-74.5,0,0,0,0
70.7,-73.3,0,0,0,0
70.7,-72.7,0,0,0,0
70.7,-71.5,0,0,0,0
70.7,-71.0,0,0,0,0
70.7,-69.8,0,0,0,0
70.7,-69.2,0,0,0,0
70.8,-118.2,0,0,0,0
70.8,-117.7,0,0,0,0
70.8,-116.5,0,0,0,0
70.8,-115.2,0,0,0,0
70.8,-114.7,0,0,0,0
70.8,-113.5,0,0,0,0
70.8,-111.7,0,0,0,0
70.8,-111.2,0,0,0,0
70.8,-110.0,0,0,0,0
70.8,-109.4,0,0,0,0
70.8,-107.7,0,0,0,0
70.8,-107.1,0,0,0,0
70.8,-105.4,0,0,0,0
70.8,-104.8,0,0,0,0
70.8,-96.4,0,0,0,0
70.8,-95.8,0,1,0,0
70.8,-88.0,0,1,0,0
70.8,-87.4,0,1,0,0
70.8,-86.9,0,0,0,0
70.8,-86.3,0,0,0,0
70.8,-85.7,0,0,0,0
70.8,-85.2,0,0,0,0
70.8,-84.6,0,0,0,0
70.8,-82.3,0,0,0,0
70.8,-81.8,0,0,0,0
70.8,-81.2,0,0,0,0
70.8,-78.9,0,0,0,0
70.8,-78.4,0,0,0,0
70.8,-76.6,0,0,0,0
70.8,-76.1,0,0,0,0
70.8,-75.6,0,0,0,0
70.8,-74.3,0,0,0,0
70.8,-73.8,0,0,0,0
70.8,-72.0,0,0,0,0
70.8,-70.3,0,0,0,0
70.8,-69.0,0,0,0,0
70.9,-118.5,0,0,0,0
70.9,-117.2,0,0,0,0
70.9,-116.0,0,0,0,0
70.9,-115.4,0,0,0,0
70.9,-114.2,0,0,0,0
70.9,-113.0,0,0,0,0
70.9,-112.4,0,0,0,0
70.9,-110.7,0,0,0,0
70.9,-108.9,0,0,0,0
70.9,-108.3,0,0,0,0
70.9,-106.6,0,0,0,0
70.9,-106.0,0,0,0,0
70.9,-104.3,0,0,0,0
70.9,-100.9,0,0,0,0
70.9,-100.3,0,0,0,0
70.9,-95.2,0,0,0,0
70.9,-94.7,1,0,0,0
70.9,-94.1,0,0,0,0
70.9,-93.6,0,0,0,0
70.9,-93.0,0,0,0,0
70.9,-89.6,0,0,0,0
70.9,-89.1,0,0,0,0
70.9,-88.5,1,0,0,0
70.9,-84.6,0,0,0,0
70.9,-84.0,0,0,0,0
70.9,-83.5,0,0,0,0
70.9,-82.9,0,0,0,0
70.9,-80.6,0,0,0,0
70.9,-80.0,0,0,0,0
70.9,-79.5,0,0,0,0
70.9,-77.7,0,0,0,0
70.9,-77.2,0,0,0,0
70.9,-75.4,0,0,0,0
70.9,-74.9,0,0,0,0
70.9,-73.1,0,0,0,0
70.9,-72.6,0,0,0,0
70.9,-71.3,0,0,0,0
70.9,-70.8,0,0,0,0
70.9,-69.6,0,0,0,0
71.0,-123.0,0,0,0,0
71.0,-118.0,0,0,0,0
71.0,-116.7,0,0,0,0
71.0,-116.2,0,0,0,0
71.0,-114.9,0,0,0,0
71.0,-113.7,0,0,0,0
71.0,-113.1,0,0,0,0
71.0,-111.9,0,0,0,0
71.0,-111.4,0,0,0,0
71.0,-110.1,0,0,0,0
71.0,-109.6,0,0,0,0
71.0,-107.8,0,0,0,0
71.0,-107.3,0,0,0,0
71.0,-105.5,0,0,0,0
71.0,-104.9,0,0,0,0
71.0,-104.4,0,0,0,0
71.0,-96.4,0,0,0,0
71.0,-95.8,0,0,0,0
71.0,-95.3,0,0,0,0
71.0,-94.7,0,1,0,0
71.0,-88.5,0,1,0,0
71.0,-87.9,0,0,0,0
71.0,-87.4,0,0,0,0
71.0,-86.8,0,0,0,0
71.0,-86.2,0,0,0,0
71.0,-85.7,0,0,0,0
71.0,-85.1,1,0,0,0
71.0,-82.8,0,0,0,0
71.0,-82.3,0,0,0,0
71.0,-81.7,0,0,0,0
71.0,-81.2,0,0,0,0
71.0,-79.4,0,0,0,0
71.0,-78.8,0,0,0,0
71.0,-78.3,0,0,0,0
71.0,-76.5,0,0,0,0
71.0,-76.0,0,0,0,0
71.0,-74.2,0,0,0,0
71.0,-73.6,0,0,0,0
71.0,-72.4,0,0,0,0
71.0,-71.9,0,0,0,0
71.0,-70.6,0,0,0,0
71.0,-70.1,0,0,0,0
71.1,-122.5,0,0,0,0
71.1,-117.4,0,0,0,0
71.1,-116.9,0,0,0,0
71.1,-115.7,0,0,0,0
71.1,-114.4,0,0,0,0
71.1,-113.9,0,0,0,0
71.1,-112.6,0,0,0,0
71.1,-112.1,0,0,0,0
71.1,-110.8,0,0,0,0
71.1,-110.3,0,0,0,0
71.1,-109.0,0,0,0,0
71.1,-108.5,0,0,0,0
71.1,-106.7,0,0,0,0
71.1,-106.2,0,0,0,0
71.1,-105.6,0,0,0,0
71.1,-94.1,0,0,0,0
71.1,-93.6,0,0,0,0
71.1,-93.0,0,0,0,0
71.1,-89.6,0,0,0,0
71.1,-89.1,0,0,0,0
71.1,-85.1,0,1,0,0
71.1,-84.5,0,0,0,0
71.1,-83.9,0,0,0,0
71.1,-83.4,0,0,0,0
71.1,-81.1,0,0,0,0
71.1,-80.5,0,0,0,0
71.1,-79.9,0,0,0,0
71.1,-78.2,0,0,0,0
71.1,-77.6,0,0,0,0
71.1,-77.1,0,0,0,0
71.1,-75.3,0,0,0,0
71.1,-74.7,0,0,0,0
71.1,-73.5,0,0,0,0
71.1,-72.9,0,0,0,0
71.1,-71.7,0,0,0,0
71.1,-71.2,0,0,0,0
71.2,-123.3,0,0,0,0
71.2,-122.0,0,0,0,0
71.2,-118.2,0,0,0,0
71.2,-117.7,0,0,0,0
71.2,-116.4,0,0,0,0
71.2,-115.1,0,0,0,0
71.2,-114.6,0,0,0,0
71.2,-113.3,0,0,0,0
71.2,-111.5,0,0,0,0
71.2,-109.7,0,0,0,0
71.2,-109.2,0,0,0,0
71.2,-107.9,0,0,0,0
71.2,-107.4,0,0,0,0
71.2,-106.8,0,0,0,0
71.2,-105.0,0,0,0,0
71.2,-104.5,0,0,0,0
71.2,-97.0,0,0,0,0
71.2,-96.4,0,0,0,0
71.2,-95.9,0,0,0,0
71.2,-95.3,0,0,0,0
71.2,-94.7,0,0,0,0
71.2,-94.2,0,0,0,0
71.2,-93.6,0,0,0,0
71.2,-89.6,0,0,0,0
71.2,-89.0,0,0,0,0
71.2,-88.5,0,0,0,0
71.2,-87.9,0,0,0,0
71.2,-87.3,0,0,0,0
71.2,-86.8,0,0,0,0
71.2,-86.2,0,0,0,0
71.2,-85.6,1,0,0,0
71.2,-82.7,0,0,0,0
71.2,-82.2,0,0,0,0
71.2,-81.6,0,0,0,0
71.2,-79.3,0,0,0,0
71.2,-78.7,0,0,0,0
71.2,-76.9,0,0,0,0
71.2,-76.4,0,0,0,0
71.2,-75.8,0,0,0,0
71.2,-74.6,0,0,0,0
71.2,-74.0,0,0,0,0
71.2,-72.2,0,0,0,0
71.3,-123.5,0,0,0,0
71.3,-122.8,0,0,0,0
71.3,-121.5,0,0,0,0
71.3,-118.4,0,0,0,0
71.3,-117.1,0,0,0,0
71.3,-115.9,0,0,0,0
71.3,-114.1,0,0,0,0
71.3,-112.8,0,0,0,0
71.3,-112.2,0,0,0,0
71.3,-111.0,0,0,0,0
71.3,-110.4,0,0,0,0
71.3,-108.6,0,0,0,0
71.3,-108.1,0,0,0,0
71.3,-106.3,0,0,0,0
71.3,-105.7,0,0,0,0
71.3,-99.3,0,0,0,0
71.3,-98.8,0,0,0,0
71.3,-98.2,0,0,0,0
71.3,-93.0,0,0,0,0
71.3,-85.6,0,1,0,0
71.3,-85.0,0,0,0,0
71.3,-84.4,0,0,0,0
71.3,-83.9,0,0,0,0
71.3,-83.3,0,0,0,0
71.3,-81.0,0,0,0,0
71.3,-80.4,0,0,0,0
71.3,-79.8,0,0,0,0
71.3,-78.0,0,0,0,0
71.3,-77.5,0,0,0,0
71.3,-75.7,0,0,0,0
71.3,-75.1,0,0,0,0
71.3,-73.3,0,0,0,0
71.3,-72.8,0,0,0,0
71.3,-71.5,0,0,0,0
71.3,-71.0,0,0,0,0
71.4,-123.0,0,0,0,0
71.4,-122.3,0,0,0,0
71.4,-121.7,0,0,0,0
71.4,-121.0,0,0,0,0
71.4,-120.5,0,0,0,0
71.4,-117.9,0,0,0,0
71.4,-116.6,0,0,0,0
71.4,-115.3,0,0,0,0
71.4,-114.8,0,0,0,0
71.4,-113.5,0,0,0,0
71.4,-113.0,0,0,0,0
71.4,-111.7,0,0,0,0
71.4,-111.2,0,0,0,0
71.4,-109.9,0,0,0,0
71.4,-109.3,0,0,0,0
71.4,-107.5,0,0,0,0
71.4,-107.0,0,0,0,0
71.4,-105.2,0,0,0,0
71.4,-104.6,0,0,0,0
71.4,-104.0,0,0,0,0
71.4,-97.0,0,0,0,0
71.4,-96.5,0,0,0,0
71.4,-95.9,0,0,0,0
71.4,-95.3,0,0,0,0
71.4,-94.8,0,0,0,0
71.4,-94.2,0,0,0,0
71.4,-93.6,0,0,0,0
71.4,-93.0,0,0,0,0
71.4,-90.2,0,0,0,0
71.4,-89.6,0,0,0,0
71.4,-89.0,0,0,0,0
71.4,-88.4,0,0,0,0
71.4,-87.9,0,0,0,0
71.4,-87.3,0,0,0,0
71.4,-86.7,0,0,0,0
71.4,-86.1,1,0,0,0
71.4,-83.2,0,0,0,0
71.4,-82.7,0,0,0,0
71.4,-82.1,0,0,0,0
71.4,-81.5,0,0,0,0
71.4,-79.7,0,0,0,0
71.4,-79.2,0,0,0,0
71.4,-78.6,0,0,0,0
71.4,-76.8,0,0,0,0
71.4,-76.2,0,0,0,0
71.4,-74.4,0,0,0,0
71.4,-73.9,0,0,0,0
71.4,-72.6,0,0,0,0
71.4,-72.1,0,0,0,0
71.5,-123.8,0,0,0,0
71.5,-122.5,0,0,0,0
71.5,-121.2,0,0,0,0
71.5,-118.6,0,0,0,0
71.5,-117.4,0,0,0,0
71.5,-116.1,0,0,0,0
71.5,-115.5,0,0,0,0
71.5,-114.3,0,0,0,0
71.5,-113.7,0,0,0,0
71.5,-112.4,0,0,0,0
71.5,-111.9,0,0,0,0
71.5,-110.6,0,0,0,0
71.5,-110.1,0,0,0,0
71.5,-108.8,0,0,0,0
71.5,-108.2,0,0,0,0
71.5,-106.4,0,0,0,0
71.5,-105.8,0,0,0,0
71.5,-105.3,0,0,0,0
71.5,-99.4,0,0,0,0
71.5,-98.8,0,0,0,0
71.5,-98.2,0,0,0,0
71.5,-97.7,0,0,0,0
71.5,-86.1,0,1,0,0
71.5,-85.5,0,0,0,0
71.5,-84.9,0,0,0,0
71.5,-84.4,0,0,0,0
71.5,-83.8,0,0,0,0
71.5,-81.4,0,0,0,0
71.5,-80.9,0,0,0,0
71.5,-80.3,0,0,0,0
71.5,-78.5,0,0,0,0
71.5,-77.9,0,0,0,0
71.5,-77.4,0,0,0,0
71.5,-75.5,0,0,0,0
71.5,-75.0,0,0,0,0
71.5,-73.7,0,0,0,0
71.5,-73.2,0,0,0,0
71.5,-71.3,0,0,0,0
71.6,-123.3,0,0,0,0
71.6,-122.0,0,0,0,0
71.6,-120.7,0,0,0,0
71.6,-119.4,0,0,0,0
71.6,-118.1,0,0,0,0
71.6,-116.8,0,0,0,0
71.6,-116.3,0,0,0,0
71.6,-115.0,0,0,0,0
71.6,-113.2,0,0,0,0
71.6,-111.3,0,0,0,0
71.6,-109.5,0,0,0,0
71.6,-108.9,0,0,0,0
71.6,-107.7,0,0,0,0
71.6,-107.1,0,0,0,0
71.6,-106.5,0,0,0,0
71.6,-104.7,0,0,0,0
71.6,-104.1,0,0,0,0
71.6,-97.1,0,0,0,0
71.6,-95.9,0,0,0,0
71.6,-95.4,0,0,0,0
71.6,-94.8,0,0,0,0
71.6,-94.2,0,0,0,0
71.6,-93.6,0,0,0,0
71.6,-90.1,0,0,0,0
71.6,-89.6,0,0,0,0
71.6,-89.0,0,0,0,0
71.6,-88.4,0,0,0,0
71.6,-87.8,0,0,0,0
71.6,-87.2,0,0,0,0
71.6,-86.7,0,0,0,0
71.6,-83.7,0,0,0,0
71.6,-83.1,0,0,0,0
71.6,-82.6,0,0,0,0
71.6,-82.0,0,0,0,0
71.6,-80.2,0,0,0,0
71.6,-79.6,0,0,0,0
71.6,-79.0,0,0,0,0
71.6,-77.2,0,0,0,0
71.6,-76.7,0,0,0,0
71.6,-76.1,0,0,0,0
71.6,-74.8,0,0,0,0
71.6,-74.3,0,0,0,0
71.6,-72.4,0,0,0,0
71.6,-71.9,0,0,0,0
71.7,-124.9,0,0,0,0
71.7,-124.1,0,0,0,0
71.7,-122.8,0,0,0,0
71.7,-121.5,0,0,0,0
71.7,-120.2,0,0,0,0
71.7,-118.9,0,0,0,0
71.7,-118.4,0,0,0,0
71.7,-117.6,0,0,0,0
71.7,-117.0,0,0,0,0
71.7,-115.7,0,0,0,0
71.7,-114.5,0,0,0,0
71.7,-113.9,0,0,0,0
71.7,-112.6,0,0,0,0
71.7,-112.1,0,0,0,0
71.7,-110.8,0,0,0,0
71.7,-110.2,0,0,0,0
71.7,-108.4,0,0,0,0
71.7,-107.8,0,0,0,0
71.7,-106.0,0,0,0,0
71.7,-105.4,0,0,0,0
71.7,-99.5,1,0,0,0
71.7,-98.9,0,0,0,0
71.7,-98.3,0,0,0,0
71.7,-97.7,0,0,0,0
71.7,-97.1,0,0,0,0
71.7,-96.6,0,0,0,0
71.7,-86.6,0,0,0,0
71.7,-86.0,0,0,0,0
71.7,-85.5,0,0,0,0
71.7,-84.9,0,0,0,0
71.7,-84.3,0,0,0,0
71.7,-81.9,0,0,0,0
71.7,-81.3,0,0,0,0
71.7,-80.8,0,0,0,0
71.7,-78.4,0,0,0,0
71.7,-77.8,0,0,0,0
71.7,-76.0,0,0,0,0
71.7,-75.4,0,0,0,0
71.7,-73.5,0,0,0,0
71.7,-73.0,0,0,0,0
71.8,-124.4,0,0,0,0
71.8,-123.6,0,0,0,0
71.8,-123.1,0,0,0,0
71.8,-122.3,0,0,0,0
71.8,-121.0,0,0,0,0
71.8,-119.1,0,0,0,0
71.8,-117.8,0,0,0,0
71.8,-116.5,0,0,0,0
71.8,-115.2,0,0,0,0
71.8,-114.7,0,0,0,0
71.8,-113.4,0,0,0,0
71.8,-112.8,0,0,0,0
71.8,-111.5,0,0,0,0
71.8,-110.9,0,0,0,0
71.8,-109.7,0,0,0,0
71.8,-109.1,0,0,0,0
71.8,-107.2,0,0,0,0
71.8,-106.7,0,0,0,0
71.8,-104.8,0,0,0,0
71.8,-104.3,0,0,0,0
71.8,-100.1,0,0,0,0
71.8,-99.5,0,1,0,0
71.8,-95.4,0,0,0,0
71.8,-94.8,0,0,0,0
71.8,-94.2,0,0,0,0
71.8,-93.6,0,0,0,0
71.8,-90.1,0,0,0,0
71.8,-89.5,0,0,0,0
71.8,-89.0,0,0,0,0
71.8,-88.4,0,0,0,0
71.8,-87.8,0,0,0,0
71.8,-87.2,0,0,0,0
71.8,-84.2,0,0,0,0
71.8,-83.6,0,0,0,0
71.8,-83.1,0,0,0,0
71.8,-82.5,0,0,0,0
71.8,-80.1,0,0,0,0
71.8,-79.5,0,0,0,0
71.8,-78.9,0,0,0,0
71.8,-77.1,0,0,0,0
71.8,-76.5,0,0,0,0
71.8,-74.7,0,0,0,0
71.8,-74.1,0,0,0,0
71.9,-125.2,0,0,0,0
71.9,-123.9,0,0,0,0
71.9,-122.5,0,0,0,0
71.9,-121.8,0,0,0,0
71.9,-121.2,0,0,0,0
71.9,-120.4,0,0,0,0
71.9,-118.6,0,0,0,0
71.9,-117.3,0,0,0,0
71.9,-116.0,0,0,0,0
71.9,-115.4,0,0,0,0
71.9,-114.1,0,0,0,0
71.9,-113.6,0,0,0,0
71.9,-112.2,0,0,0,0
71.9,-110.4,0,0,0,0
71.9,-109.8,0,0,0,0
71.9,-108.5,0,0,0,0
71.9,-108.0,0,0,0,0
71.9,-106.1,0,0,0,0
71.9,-105.5,0,0,0,0
71.9,-105.0,0,0,0,0
71.9,-99.0,1,0,0,0
71.9,-98.4,0,0,0,0
71.9,-97.8,0,0,0,0
71.9,-97.2,0,0,0,0
71.9,-96.6,0,0,0,0
71.9,-87.7,0,0,0,0
71.9,-87.2,0,0,0,0
71.9,-86.6,0,0,0,0
71.9,-86.0,0,0,0,0
71.9,-85.4,0,0,0,0
71.9,-84.8,0,0,0,0
71.9,-81.8,0,0,0,0
71.9,-81.2,0,0,0,0
71.9,-80.7,0,0,0,0
71.9,-78.8,0,0,0,0
71.9,-78.2,0,0,0,0
71.9,-77.7,0,0,0,0
71.9,-75.8,0,0,0,0
71.9,-75.2,0,0,0,0
71.9,-73.9,0,0,0,0
72.0,-126.0,0,0,0,0
72.0,-124.7,0,0,0,0
72.0,-123.3,0,0,0,0
72.0,-122.0,0,0,0,0
72.0,-120.7,0,0,0,0
72.0,-119.4,0,0,0,0
72.0,-118.1,0,0,0,0
72.0,-116.7,0,0,0,0
72.0,-116.2,0,0,0,0
72.0,-114.9,0,0,0,0
72.0,-113.0,0,0,0,0
72.0,-111.7,0,0,0,0
72.0,-111.1,0,0,0,0
72.0,-109.3,0,0,0,0
72.0,-108.7,0,0,0,0
72.0,-107.4,0,0,0,0
72.0,-106.8,0,0,0,0
72.0,-106.2,0,0,0,0
72.0,-100.2,0,0,0,0
72.0,-99.6,0,0,0,0
72.0,-99.0,0,1,0,0
72.0,-95.4,0,0,0,0
72.0,-94.8,0,0,0,0
72.0,-94.2,0,0,0,0
72.0,-90.1,0,0,0,0
72.0,-89.5,0,0,0,0
72.0,-88.9,1,0,0,0
72.0,-88.3,1,0,0,0
72.0,-84.7,0,0,0,0
72.0,-84.2,0,0,0,0
72.0,-83.6,0,0,0,0
72.0,-83.0,0,0,0,0
72.0,-82.4,0,0,0,0
72.0,-80.6,0,0,0,0
72.0,-80.0,0,0,0,0
72.0,-79.4,0,0,0,0
72.0,-77.5,0,0,0,0
72.0,-77.0,0,0,0,0
72.0,-76.4,0,0,0,0
72.0,-75.1,0,0,0,0
72.0,-74.5,0,0,0,0
72.1,-125.5,0,0,0,0
72.1,-125.0,0,0,0,0
72.1,-124.2,0,0,0,0
72.1,-122.8,0,0,0,0
72.1,-121.5,0,0,0,0
72.1,-120.2,0,0,0,0
72.1,-118.8,0,0,0,0
72.1,-117.5,0,0,0,0
72.1,-117.0,0,0,0,0
72.1,-115.6,0,0,0,0
72.1,-114.3,0,0,0,0
72.1,-113.8,0,0,0,0
72.1,-112.4,0,0,0,0
72.1,-111.9,0,0,0,0
72.1,-110.6,0,0,0,0
72.1,-110.0,0,0,0,0
72.1,-108.1,0,0,0,0
72.1,-107.5,0,0,0,0
72.1,-105.7,0,0,0,0
72.1,-105.1,0,0,0,0
72.1,-101.5,0,0,0,0
72.1,-98.4,0,0,0,0
72.1,-97.8,0,0,0,0
72.1,-97.2,0,0,0,0
72.1,-96.7,0,0,0,0
72.1,-95.5,0,0,0,0
72.1,-94.9,0,0,0,0
72.1,-88.9,0,1,0,0
72.1,-88.3,0,1,0,0
72.1,-87.7,0,0,0,0
72.1,-87.1,0,0,0,0
72.1,-86.5,0,0,0,0
72.1,-85.9,0,0,0,0
72.1,-85.3,0,0,0,0
72.1,-82.3,0,0,0,0
72.1,-81.7,0,0,0,0
72.1,-81.1,0,0,0,0
72.1,-78.7,0,0,0,0
72.1,-78.1,0,0,0,0
72.1,-76.2,0,0,0,0
72.1,-75.7,0,0,0,0
72.2,-125.8,0,0,0,0
72.2,-124.4,0,0,0,0
72.2,-123.6,0,0,0,0
72.2,-122.3,0,0,0,0
72.2,-121.0,0,0,0,0
72.2,-119.6,0,0,0,0
72.2,-118.3,0,0,0,0
72.2,-117.7,0,0,0,0
72.2,-116.4,0,0,0,0
72.2,-115.1,0,0,0,0
72.2,-114.5,0,0,0,0
72.2,-113.2,0,0,0,0
72.2,-112.6,0,0,0,0
72.2,-111.3,0,0,0,0
72.2,-110.7,0,0,0,0
72.2,-109.4,0,0,0,0
72.2,-108.8,0,0,0,0
72.2,-107.0,0,0,0,0
72.2,-106.4,0,0,0,0
72.2,-100.9,1,0,0,0
72.2,-100.3,0,0,0,0
72.2,-99.7,0,0,0,0
72.2,-99.1,0,0,0,0
72.2,-98.5,0,0,0,0
72.2,-94.3,1,0,0,0
72.2,-93.7,1,0,0,0
72.2,-90.1,1,0,0,0
72.2,-89.5,1,0,0,0
72.2,-85.3,0,0,0,0
72.2,-84.7,0,0,0,0
72.2,-84.1,0,0,0,0
72.2,-83.5,0,0,0,0
72.2,-82.9,0,0,0,0
72.2,-80.4,0,0,0,0
72.2,-79.9,0,0,0,0
72.2,-79.3,0,0,0,0
72.2,-77.4,0,0,0,0
72.2,-76.8,0,0,0,0
72.2,-74.9,0,0,0,0
72.2,-74.4,0,0,0,0
72.3,-125.3,0,0,0,0
72.3,-123.9,0,0,0,0
72.3,-123.1,0,0,0,0
72.3,-122.6,0,0,0,0
72.3,-121.8,0,0,0,0
72.3,-121.2,0,0,0,0
72.3,-120.4,0,0,0,0
72.3,-119.9,0,0,0,0
72.3,-118.5,0,0,0,0
72.3,-117.2,0,0,0,0
72.3,-115.9,0,0,0,0
72.3,-115.3,0,0,0,0
72.3,-114.0,0,0,0,0
72.3,-112.1,0,0,0,0
72.3,-110.2,0,0,0,0
72.3,-109.6,0,0,0,0
72.3,-108.3,0,0,0,0
72.3,-107.7,0,0,0,0
72.3,-105.8,0,0,0,0
72.3,-105.2,0,0,0,0
72.3,-102.1,0,0,0,0
72.3,-101.5,0,0,0,0
72.3,-100.9,0,1,0,0
72.3,-97.9,0,0,0,0
72.3,-97.3,0,0,0,0
72.3,-96.7,0,0,0,0
72.3,-95.5,0,0,0,0
72.3,-94.9,0,0,0,0
72.3,-94.3,0,1,0,0
72.3,-93.7,0,1,0,0
72.3,-90.1,0,1,0,0
72.3,-89.5,0,1,0,0
72.3,-88.9,0,0,0,0
72.3,-88.3,0,0,0,0
72.3,-87.7,0,0,0,0
72.3,-87.1,0,0,0,0
72.3,-86.5,0,0,0,0
72.3,-85.9,0,0,0,0
72.3,-82.8,0,0,0,0
72.3,-82.2,0,0,0,0
72.3,-81.6,0,0,0,0
72.3,-81.0,0,0,0,0
72.3,-79.2,0,0,0,0
72.3,-78.6,0,0,0,0
72.3,-78.0,0,0,0,0
72.3,-76.1,0,0,0,0
72.3,-75.5,0,0,0,0
72.4,-124.7,0,0,0,0
72.4,-123.4,0,0,0,0
72.4,-122.0,0,0,0,0
72.4,-120.7,0,0,0,0
72.4,-119.3,0,0,0,0
72.4,-118.0,0,0,0,0
72.4,-116.6,0,0,0,0
72.4,-116.1,0,0,0,0
72.4,-114.7,0,0,0,0
72.4,-113.4,0,0,0,0
72.4,-112.8,0,0,0,0
72.4,-111.5,0,0,0,0
72.4,-110.9,0,0,0,0
72.4,-109.0,0,0,0,0
72.4,-108.4,0,0,0,0
72.4,-107.1,0,0,0,0
72.4,-106.5,0,0,0,0
72.4,-105.9,0,0,0,0
72.4,-100.4,1,0,0,0
72.4,-99.8,0,0,0,0
72.4,-99.2,0,0,0,0
72.4,-98.6,0,0,0,0
72.4,-97.9,0,0,0,0
72.4,-85.8,0,0,0,0
72.4,-85.2,0,0,0,0
72.4,-84.6,0,0,0,0
72.4,-84.0,0,0,0,0
72.4,-83.4,0,0,0,0
72.4,-80.9,0,0,0,0
72.4,-80.3,0,0,0,0
72.4,-79.7,0,0,0,0
72.4,-77.8,0,0,0,0
72.4,-77.3,0,0,0,0
72.4,-76.7,0,0,0,0
72.4,-75.4,0,0,0,0
72.4,-74.8,0,0,0,0
72.5,-125.6,0,0,0,0
72.5,-124.2,0,0,0,0
72.5,-122.9,0,0,0,0
72.5,-121.5,0,0,0,0
72.5,-120.1,0,0,0,0
72.5,-118.8,0,0,0,0
72.5,-117.4,0,0,0,0
72.5,-116.9,0,0,0,0
72.5,-115.5,0,0,0,0
72.5,-114.2,0,0,0,0
72.5,-113.6,0,0,0,0
72.5,-112.2,0,0,0,0
72.5,-111.7,0,0,0,0
72.5,-110.3,0,0,0,0
72.5,-109.7,0,0,0,0
72.5,-107.8,0,0,0,0
72.5,-107.2,0,0,0,0
72.5,-105.3,0,0,0,0
72.5,-102.2,0,0,0,0
72.5,-101.6,0,0,0,0
72.5,-101.0,0,0,0,0
72.5,-100.4,0,1,0,0
72.5,-97.3,0,0,0,0
72.5,-96.7,0,0,0,0
72.5,-96.1,0,0,0,0
72.5,-95.5,0,0,0,0
72.5,-94.9,0,0,0,0
72.5,-94.3,0,0,0,0
72.5,-93.7,0,0,0,0
72.5,-90.1,0,0,0,0
72.5,-89.5,0,0,0,0
72.5,-88.8,0,0,0,0
72.5,-88.2,0,0,0,0
72.5,-87.6,0,0,0,0
72.5,-87.0,0,0,0,0
72.5,-86.4,1,0,0,0
72.5,-83.3,0,0,0,0
72.5,-82.7,0,0,0,0
72.5,-82.1,0,0,0,0
72.5,-81.5,0,0,0,0
72.5,-79.6,0,0,0,0
72.5,-79.0,0,0,0,0
72.5,-78.4,0,0,0,0
72.5,-76.5,0,0,0,0
72.5,-75.9,0,0,0,0
72.6,-125.0,0,0,0,0
72.6,-124.5,0,0,0,0
72.6,-123.7,0,0,0,0
72.6,-122.3,0,0,0,0
72.6,-121.0,0,0,0,0
72.6,-119.6,0,0,0,0
72.6,-118.2,0,0,0,0
72.6,-117.7,0,0,0,0
72.6,-116.3,0,0,0,0
72.6,-114.9,0,0,0,0
72.6,-114.4,0,0,0,0
72.6,-113.0,0,0,0,0
72.6,-112.4,0,0,0,0
72.6,-111.1,0,0,0,0
72.6,-110.5,0,0,0,0
72.6,-109.2,0,0,0,0
72.6,-108.6,0,0,0,0
72.6,-106.6,0,0,0,0
72.6,-106.1,0,0,0,0
72.6,-102.9,0,0,0,0
72.6,-102.3,0,0,0,0
72.6,-99.8,0,0,0,0
72.6,-99.2,0,0,0,0
72.6,-98.6,0,0,0,0
72.6,-98.0,0,0,0,0
72.6,-97.4,0,0,0,0
72.6,-86.4,0,1,0,0
72.6,-85.8,0,0,0,0
72.6,-85.2,0,0,0,0
72.6,-84.5,0,0,0,0
72.6,-83.9,0,0,0,0
72.6,-81.4,0,0,0,0
72.6,-80.8,0,0,0,0
72.6,-80.2,0,0,0,0
72.6,-77.7,0,0,0,0
72.6,-77.1,0,0,0,0
72.6,-75.2,0,0,0,0
72.7,-125.3,0,0,0,0
72.7,-124.0,0,0,0,0
72.7,-123.1,0,0,0,0
72.7,-122.6,0,0,0,0
72.7,-121.8,0,0,0,0
72.7,-120.4,0,0,0,0
72.7,-119.8,0,0,0,0
72.7,-119.0,0,0,0,0
72.7,-118.5,0,0,0,0
72.7,-117.1,0,0,0,0
72.7,-115.7,0,0,0,0
72.7,-115.2,0,0,0,0
72.7,-113.8,0,0,0,0
72.7,-111.9,0,0,0,0
72.7,-109.9,0,0,0,0
72.7,-109.3,0,0,0,0
72.7,-108.0,0,0,0,0
72.7,-107.4,0,0,0,0
72.7,-106.8,0,0,0,0
72.7,-105.5,0,0,0,0
72.7,-101.7,0,0,0,0
72.7,-101.1,0,0,0,0
72.7,-100.5,0,0,0,0
72.7,-99.9,0,0,0,0
72.7,-96.8,1,0,0,0
72.7,-96.2,0,0,0,0
72.7,-95.6,0,0,0,0
72.7,-95.0,0,0,0,0
72.7,-94.3,0,0,0,0
72.7,-93.7,0,0,0,0
72.7,-93.1,0,0,0,0
72.7,-92.5,0,0,0,0
72.7,-91.9,0,0,0,0
72.7,-89.4,0,0,0,0
72.7,-88.8,0,0,0,0
72.7,-88.2,0,0,0,0
72.7,-87.6,0,0,0,0
72.7,-87.0,0,0,0,0
72.7,-83.3,0,0,0,0
72.7,-82.6,0,0,0,0
72.7,-82.0,0,0,0,0
72.7,-79.5,0,0,0,0
72.7,-78.9,0,0,0,0
72.7,-78.3,0,0,0,0
72.7,-76.4,0,0,0,0
72.7,-75.8,0,0,0,0
72.8,-124.8,0,0,0,0
72.8,-123.4,0,0,0,0
72.8,-122.1,0,0,0,0
72.8,-121.2,0,0,0,0
72.8,-120.7,0,0,0,0
72.8,-119.3,0,0,0,0
72.8,-117.9,0,0,0,0
72.8,-116.5,0,0,0,0
72.8,-116.0,0,0,0,0
72.8,-114.6,0,0,0,0
72.8,-113.2,0,0,0,0
72.8,-112.6,0,0,0,0
72.8,-111.3,0,0,0,0
72.8,-110.7,0,0,0,0
72.8,-108.7,0,0,0,0
72.8,-108.1,0,0,0,0
72.8,-106.2,0,0,0,0
72.8,-105.6,0,0,0,0
72.8,-103.0,0,0,0,0
72.8,-102.4,0,0,0,0
72.8,-99.3,0,0,0,0
72.8,-98.7,0,0,0,0
72.8,-98.1,0,0,0,0
72.8,-97.5,0,0,0,0
72.8,-96.8,0,1,0,0
72.8,-86.9,0,0,0,0
72.8,-86.3,0,0,0,0
72.8,-85.7,0,0,0,0
72.8,-85.1,0,0,0,0
72.8,-84.5,0,0,0,0
72.8,-83.9,0,0,0,0
72.8,-81.3,0,0,0,0
72.8,-80.7,0,0,0,0
72.8,-80.1,0,0,0,0
72.8,-78.2,0,0,0,0
72.8,-77.6,0,0,0,0
72.8,-77.0,0,0,0,0
72.9,-124.3,0,0,0,0
72.9,-122.9,0,0,0,0
72.9,-121.5,0,0,0,0
72.9,-120.1,0,0,0,0
72.9,-118.7,0,0,0,0
72.9,-117.3,0,0,0,0
72.9,-116.8,0,0,0,0
72.9,-115.4,0,0,0,0
72.9,-114.0,0,0,0,0
72.9,-113.4,0,0,0,0
72.9,-112.0,0,0,0,0
72.9,-110.1,0,0,0,0
72.9,-109.5,0,0,0,0
72.9,-107.5,0,0,0,0
72.9,-106.9,0,0,0,0
72.9,-105.0,0,0,0,0
72.9,-101.8,0,0,0,0
72.9,-101.2,0,0,0,0
72.9,-100.6,0,0,0,0
72.9,-100.0,0,0,0,0
72.9,-95.6,0,0,0,0
72.9,-95.0,0,0,0,0
72.9,-94.4,0,0,0,0
72.9,-93.7,0,0,0,0
72.9,-93.1,0,0,0,0
72.9,-92.5,0,0,0,0
72.9,-91.9,0,0,0,0
72.9,-89.4,0,0,0,0
72.9,-88.8,0,0,0,0
72.9,-88.2,0,0,0,0
72.9,-87.5,1,0,0,0
72.9,-83.8,0,0,0,0
72.9,-83.2,0,0,0,0
72.9,-82.6,0,0,0,0
72.9,-81.9,0,0,0,0
72.9,-80.0,0,0,0,0
72.9,-79.4,0,0,0,0
72.9,-78.8,0,0,0,0
72.9,-76.8,0,0,0,0
72.9,-76.2,0,0,0,0
73.0,-125.1,0,0,0,0
73.0,-123.7,0,0,0,0
73.0,-122.3,0,0,0,0
73.0,-120.9,0,0,0,0
73.0,-119.5,0,0,0,0
73.0,-118.2,0,0,0,0
73.0,-117.6,0,0,0,0
73.0,-116.2,0,0,0,0
73.0,-114.8,0,0,0,0
73.0,-114.2,0,0,0,0
73.0,-112.8,0,0,0,0
73.0,-110.9,0,0,0,0
73.0,-110.3,0,0,0,0
73.0,-108.9,0,0,0,0
73.0,-108.3,0,0,0,0
73.0,-106.3,0,0,0,0
73.0,-105.7,0,0,0,0
73.0,-105.1,0,0,0,0
73.0,-102.5,0,0,0,0
73.0,-101.9,0,0,0,0
73.0,-99.4,1,0,0,0
73.0,-98.7,0,0,0,0
73.0,-98.1,0,0,0,0
73.0,-97.5,0,0,0,0
73.0,-96.9,0,0,0,0
73.0,-96.3,0,0,0,0
73.0,-87.5,0,1,0,0
73.0,-86.9,0,0,0,0
73.0,-86.3,0,0,0,0
73.0,-85.6,0,0,0,0
73.0,-85.0,0,0,0,0
73.0,-84.4,0,0,0,0
73.0,-81.8,0,0,0,0
73.0,-81.2,0,0,0,0
73.0,-80.6,0,0,0,0
73.0,-78.7,0,0,0,0
73.0,-78.0,0,0,0,0
73.0,-77.4,0,0,0,0
73.1,-124.6,0,0,0,0
73.1,-124.0,0,0,0,0
73.1,-123.2,0,0,0,0
73.1,-121.8,0,0,0,0
73.1,-120.4,0,0,0,0
73.1,-119.0,0,0,0,0
73.1,-118.4,0,0,0,0
73.1,-117.0,0,0,0,0
73.1,-115.6,0,0,0,0
73.1,-115.0,0,0,0,0
73.1,-113.6,0,0,0,0
73.1,-112.2,0,0,0,0
73.1,-107.7,0,0,0,0
73.1,-107.1,0,0,0,0
73.1,-106.5,0,0,0,0
73.1,-104.5,0,0,0,0
73.1,-101.3,0,0,0,0
73.1,-100.7,0,0,0,0
73.1,-100.1,0,0,0,0
73.1,-99.4,0,1,0,0
73.1,-95.6,0,0,0,0
73.1,-95.0,0,0,0,0
73.1,-94.4,0,0,0,0
73.1,-93.8,0,0,0,0
73.1,-93.1,0,0,0,0
73.1,-92.5,0,0,0,0
73.1,-91.9,0,0,0,0
73.1,-91.3,0,0,0,0
73.1,-89.4,0,0,0,0
73.1,-88.8,0,0,0,0
73.1,-88.1,0,0,0,0
73.1,-84.3,0,0,0,0
73.1,-83.7,0,0,0,0
73.1,-83.1,0,0,0,0
73.1,-82.5,0,0,0,0
73.1,-79.9,0,0,0,0
73.1,-79.3,0,0,0,0
73.1,-77.3,0,0,0,0
73.1,-76.7,0,0,0,0
73.1,-76.1,0,0,0,0
73.2,-124.9,0,0,0,0
73.2,-123.5,0,0,0,0
73.2,-122.6,0,0,0,0
73.2,-122.1,0,0,0,0
73.2,-121.2,0,0,0,0
73.2,-120.7,0,0,0,0
73.2,-119.8,0,0,0,0
73.2,-119.2,0,0,0,0
73.2,-117.8,0,0,0,0
73.2,-116.4,0,0,0,0
73.2,-114.4,0,0,0,0
73.2,-108.5,0,0,0,0
73.2,-107.8,0,0,0,0
73.2,-105.9,0,0,0,0
73.2,-105.2,0,0,0,0
73.2,-102.0,0,0,0,0
73.2,-101.4,0,0,0,0
73.2,-98.8,0,0,0,0
73.2,-98.2,0,0,0,0
73.2,-97.6,0,0,0,0
73.2,-96.9,0,0,0,0
73.2,-95.7,0,0,0,0
73.2,-95.0,0,0,0,0
73.2,-88.7,0,0,0,0
73.2,-88.1,0,0,0,0
73.2,-87.5,0,0,0,0
73.2,-86.8,0,0,0,0
73.2,-86.2,0,0,0,0
73.2,-85.6,0,0,0,0
73.2,-85.0,0,0,0,0
73.2,-82.4,0,0,0,0
73.2,-81.7,0,0,0,0
73.2,-81.1,0,0,0,0
73.2,-80.5,0,0,0,0
73.2,-78.5,0,0,0,0
73.2,-77.9,0,0,0,0
73.3,-124.3,0,0,0,0
73.3,-122.9,0,0,0,0
73.3,-121.5,0,0,0,0
73.3,-120.1,0,0,0,0
73.3,-118.7,0,0,0,0
73.3,-117.3,0,0,0,0
73.3,-115.8,0,0,0,0
73.3,-115.2,0,0,0,0
73.3,-113.8,0,0,0,0
73.3,-107.2,0,0,0,0
73.3,-106.6,0,0,0,0
73.3,-104.6,0,0,0,0
73.3,-100.8,0,0,0,0
73.3,-100.1,0,0,0,0
73.3,-99.5,0,0,0,0
73.3,-98.9,0,0,0,0
73.3,-94.4,0,0,0,0
73.3,-93.8,0,0,0,0
73.3,-93.1,0,0,0,0
73.3,-92.5,0,0,0,0
73.3,-91.9,0,0,0,0
73.3,-91.3,0,0,0,0
73.3,-89.4,0,0,0,0
73.3,-84.9,0,0,0,0
73.3,-84.3,0,0,0,0
73.3,-83.6,0,0,0,0
73.3,-83.0,0,0,0,0
73.3,-80.4,0,0,0,0
73.3,-79.8,0,0,0,0
73.3,-79.1,0,0,0,0
73.3,-77.2,0,0,0,0
73.3,-76.5,0,0,0,0
73.4,-123.8,0,0,0,0
73.4,-122.4,0,0,0,0
73.4,-120.9,0,0,0,0
73.4,-119.5,0,0,0,0
73.4,-118.1,0,0,0,0
73.4,-116.7,0,0,0,0
73.4,-116.1,0,0,0,0
73.4,-114.7,0,0,0,0
73.4,-114.1,0,0,0,0
73.4,-108.0,0,0,0,0
73.4,-106.0,0,0,0,0
73.4,-105.4,0,0,0,0
73.4,-104.7,0,0,0,0
73.4,-101.5,0,0,0,0
73.4,-100.9,0,0,0,0
73.4,-98.3,1,0,0,0
73.4,-97.6,0,0,0,0
73.4,-97.0,0,0,0,0
73.4,-95.7,0,0,0,0
73.4,-95.1,0,0,0,0
73.4,-94.4,0,0,0,0
73.4,-93.8,0,0,0,0
73.4,-93.2,0,0,0,0
73.4,-92.5,0,0,0,0
73.4,-91.9,0,0,0,0
73.4,-91.2,0,0,0,0
73.4,-90.6,0,0,0,0
73.4,-88.7,0,0,0,0
73.4,-88.1,0,0,0,0
73.4,-87.4,0,0,0,0
73.4,-86.8,0,0,0,0
73.4,-86.1,0,0,0,0
73.4,-85.5,1,0,0,0
73.4,-82.9,0,0,0,0
73.4,-82.3,0,0,0,0
73.4,-81.6,0,0,0,0
73.4,-81.0,0,0,0,0
73.4,-79.0,0,0,0,0
73.4,-78.4,0,0,0,0
73.4,-77.8,0,0,0,0
73.5,-124.6,0,0,0,0
73.5,-123.2,0,0,0,0
73.5,-121.8,0,0,0,0
73.5,-120.4,0,0,0,0
73.5,-118.9,0,0,0,0
73.5,-118.3,0,0,0,0
73.5,-117.5,0,0,0,0
73.5,-116.9,0,0,0,0
73.5,-115.5,0,0,0,0
73.5,-107.4,0,0,0,0
73.5,-106.8,0,0,0,0
73.5,-106.1,0,0,0,0
73.5,-104.1,0,0,0,0
73.5,-100.2,0,0,0,0
73.5,-99.6,0,0,0,0
73.5,-99.0,0,0,0,0
73.5,-98.3,0,1,0,0
73.5,-85.5,0,1,0,0
73.5,-84.8,0,0,0,0
73.5,-84.2,0,0,0,0
73.5,-83.5,0,0,0,0
73.5,-80.9,0,0,0,0
73.5,-80.3,0,0,0,0
73.5,-79.6,0,0,0,0
73.5,-77.6,0,0,0,0
73.5,-77.0,0,0,0,0
73.6,-124.1,0,0,0,0
73.6,-123.5,0,0,0,0
73.6,-122.7,0,0,0,0
73.6,-122.1,0,0,0,0
73.6,-121.2,0,0,0,0
73.6,-120.6,0,0,0,0
73.6,-119.8,0,0,0,0
73.6,-119.2,0,0,0,0
73.6,-117.8,0,0,0,0
73.6,-116.3,0,0,0,0
73.6,-108.2,0,0,0,0
73.6,-107.5,0,0,0,0
73.6,-105.5,0,0,0,0
73.6,-104.9,0,0,0,0
73.6,-101.6,0,0,0,0
73.6,-101.0,0,0,0,0
73.6,-97.7,0,0,0,0
73.6,-97.0,0,0,0,0
73.6,-95.8,0,0,0,0
73.6,-95.1,0,0,0,0
73.6,-94.5,0,0,0,0
73.6,-93.8,0,0,0,0
73.6,-93.2,0,0,0,0
73.6,-92.5,0,0,0,0
73.6,-91.9,0,0,0,0
73.6,-91.2,0,0,0,0
73.6,-90.6,0,0,0,0
73.6,-88.7,0,0,0,0
73.6,-88.0,0,0,0,0
73.6,-87.4,0,0,0,0
73.6,-86.7,0,0,0,0
73.6,-86.1,0,0,0,0
73.6,-82.8,0,0,0,0
73.6,-82.2,0,0,0,0
73.6,-81.5,0,0,0,0
73.6,-78.9,0,0,0,0
73.6,-78.3,0,0,0,0
73.7,-124.4,0,0,0,0
73.7,-123.0,0,0,0,0
73.7,-121.5,0,0,0,0
73.7,-120.1,0,0,0,0
73.7,-118.6,0,0,0,0
73.7,-117.2,0,0,0,0
73.7,-115.7,0,0,0,0
73.7,-106.9,0,0,0,0
73.7,-106.3,0,0,0,0
73.7,-104.2,0,0,0,0
73.7,-100.3,0,0,0,0
73.7,-99.7,0,0,0,0
73.7,-99.0,0,0,0,0
73.7,-98.4,0,0,0,0
73.7,-97.7,0,0,0,0
73.7,-86.0,0,0,0,0
73.7,-85.4,0,0,0,0
73.7,-84.7,0,0,0,0
73.7,-83.5,0,0,0,0
73.7,-80.8,0,0,0,0
73.7,-80.2,0,0,0,0
73.7,-79.5,0,0,0,0
73.8,-123.8,0,0,0,0
73.8,-122.4,0,0,0,0
73.8,-120.9,0,0,0,0
73.8,-119.5,0,0,0,0
73.8,-118.0,0,0,0,0
73.8,-116.6,0,0,0,0
73.8,-116.0,0,0,0,0
73.8,-105.6,0,0,0,0
73.8,-105.0,0,0,0,0
73.8,-101.0,0,0,0,0
73.8,-100.4,0,0,0,0
73.8,-97.1,0,0,0,0
73.8,-95.8,0,0,0,0
73.8,-95.1,0,0,0,0
73.8,-94.5,0,0,0,0
73.8,-93.8,0,0,0,0
73.8,-93.2,0,0,0,0
73.8,-92.5,0,0,0,0
73.8,-91.9,0,0,0,0
73.8,-91.2,0,0,0,0
73.8,-90.6,0,0,0,0
73.8,-89.9,0,0,0,0
73.8,-88.0,0,0,0,0
73.8,-87.3,0,0,0,0
73.8,-86.7,0,0,0,0
73.8,-82.7,0,0,0,0
73.8,-82.1,0,0,0,0
73.8,-81.4,0,0,0,0
73.8,-78.1,0,0,0,0
73.9,-124.7,0,0,0,0
73.9,-123.3,0,0,0,0
73.9,-121.8,0,0,0,0
73.9,-120.3,0,0,0,0
73.9,-118.9,0,0,0,0
73.9,-117.4,0,0,0,0
73.9,-116.8,0,0,0,0
73.9,-99.8,1,0,0,0
73.9,-99.1,0,0,0,0
73.9,-98.4,0,0,0,0
73.9,-97.8,0,0,0,0
73.9,-97.1,0,0,0,0
73.9,-86.6,0,0,0,0
73.9,-86.0,0,0,0,0
73.9,-85.3,0,0,0,0
74.0,-124.2,0,0,0,0
74.0,-123.6,0,0,0,0
74.0,-122.7,0,0,0,0
74.0,-121.2,0,0,0,0
74.0,-119.7,0,0,0,0
74.0,-119.1,0,0,0,0
74.0,-118.3,0,0,0,0
74.0,-117.7,0,0,0,0
74.0,-116.2,0,0,0,0
74.0,-100.5,0,0,0,0
74.0,-99.8,0,1,0,0
74.0,-95.2,0,0,0,0
74.0,-94.5,0,0,0,0
74.0,-93.9,0,0,0,0
74.0,-93.2,0,0,0,0
74.0,-92.5,0,0,0,0
74.0,-91.9,0,0,0,0
74.0,-91.2,0,0,0,0
74.0,-90.6,0,0,0,0
74.0,-89.9,0,0,0,0
74.1,-124.5,0,0,0,0
74.1,-123.0,0,0,0,0
74.1,-122.1,0,0,0,0
74.1,-121.5,0,0,0,0
74.1,-120.6,0,0,0,0
74.1,-120.0,0,0,0,0
74.1,-118.5,0,0,0,0
74.1,-117.1,0,0,0,0
74.1,-99.2,0,0,0,0
74.1,-98.5,0,0,0,0
74.1,-97.9,0,0,0,0
74.2,-123.9,0,0,0,0
74.2,-122.4,0,0,0,0
74.2,-120.9,0,0,0,0
74.2,-119.4,0,0,0,0
74.2,-117.9,0,0,0,0
74.2,-99.3,0,0,0,0
74.2,-95.2,0,0,0,0
74.2,-94.5,0,0,0,0
74.2,-93.9,0,0,0,0
74.2,-93.2,0,0,0,0
74.2,-92.6,0,0,0,0
74.3,-124.8,0,0,0,0
74.3,-123.3,0,0,0,0
74.3,-121.8,0,0,0,0
74.3,-120.3,0,0,0,0
74.3,-118.8,0,0,0,0
74.3,-117.3,0,0,0,0
74.3,-113.1,0,0,0,0
74.3,-98.6,0,0,0,0
74.4,-124.2,0,0,0,0
74.4,-122.7,0,0,0,0
74.4,-121.2,0,0,0,0
74.4,-119.7,0,0,0,0
74.4,-118.2,0,0,0,0
74.4,-113.9,0,0,0,0
74.4,-112.4,0,0,0,0
74.4,-111.8,0,0,0,0
74.4,-85.1,0,0,0,0
74.4,-84.4,0,0,0,0
74.5,-123.6,0,0,0,0
74.5,-123.0,0,0,0,0
74.5,-122.1,0,0,0,0
74.5,-121.5,0,0,0,0
74.5,-120.6,0,0,0,0
74.5,-113.3,0,0,0,0
74.5,-112.7,0,0,0,0
74.5,-111.2,0,0,0,0
74.5,-98.0,0,0,0,0
74.5,-97.3,0,0,0,0
74.5,-96.0,0,0,0,0
74.5,-95.3,0,0,0,0
74.5,-91.2,0,0,0,0
74.5,-90.5,0,0,0,0
74.5,-89.8,0,0,0,0
74.5,-89.2,0,0,0,0
74.5,-88.5,0,0,0,0
74.5,-87.8,0,0,0,0
74.5,-87.1,0,0,0,0
74.5,-86.5,0,0,0,0
74.5,-85.8,0,0,0,0
74.5,-82.3,0,0,0,0
74.5,-81.7,0,0,0,0
74.5,-81.0,0,0,0,0
74.6,-114.2,0,0,0,0
74.6,-112.0,0,0,0,0
74.6,-85.7,0,0,0,0
74.6,-85.0,0,0,0,0
74.6,-84.4,0,0,0,0
74.6,-83.7,0,0,0,0
74.6,-83.0,0,0,0,0
74.6,-80.9,0,0,0,0
74.6,-80.2,0,0,0,0
74.7,-113.5,0,0,0,0
74.7,-112.9,0,0,0,0
74.7,-111.4,0,0,0,0
74.7,-110.7,0,0,0,0
74.7,-97.4,0,0,0,0
74.7,-96.0,0,0,0,0
74.7,-95.3,0,0,0,0
74.7,-94.6,0,0,0,0
74.7,-93.9,0,0,0,0
74.7,-93.3,0,0,0,0
74.7,-91.9,0,0,0,0
74.7,-91.2,0,0,0,0
74.7,-90.5,0,0,0,0
74.7,-89.8,0,0,0,0
74.7,-89.1,0,0,0,0
74.7,-88.5,0,0,0,0
74.7,-87.8,0,0,0,0
74.7,-87.1,0,0,0,0
74.7,-86.4,0,0,0,0
74.7,-82.9,0,0,0,0
74.7,-82.2,0,0,0,0
74.7,-81.6,0,0,0,0
74.8,-114.4,0,0,0,0
74.8,-113.8,0,0,0,0
74.8,-112.2,0,0,0,0
74.8,-111.6,0,0,0,0
74.8,-110.1,0,0,0,0
74.8,-109.4,0,0,0,0
74.8,-98.1,0,0,0,0
74.8,-86.3,0,0,0,0
74.8,-85.7,0,0,0,0
74.8,-85.0,0,0,0,0
74.8,-84.3,0,0,0,0
74.8,-83.6,0,0,0,0
74.8,-80.8,0,0,0,0
74.8,-80.1,0,0,0,0
74.8,-79.4,0,0,0,0
74.9,-115.3,0,0,0,0
74.9,-114.7,0,0,0,0
74.9,-113.1,0,0,0,0
74.9,-112.4,0,0,0,0
74.9,-110.9,0,0,0,0
74.9,-110.2,0,0,0,0
74.9,-108.7,0,0,0,0
74.9,-108.0,0,0,0,0
74.9,-104.5,0,0,0,0
74.9,-100.3,0,0,0,0
74.9,-96.7,0,0,0,0
74.9,-96.0,0,0,0,0
74.9,-95.4,0,0,0,0
74.9,-94.7,0,0,0,0
74.9,-94.0,0,0,0,0
74.9,-93.3,0,0,0,0
74.9,-91.9,0,0,0,0
74.9,-91.2,0,0,0,0
74.9,-90.5,0,0,0,0
74.9,-89.8,0,0,0,0
74.9,-89.1,0,0,0,0
74.9,-88.4,0,0,0,0
74.9,-87.7,1,0,0,0
74.9,-87.0,1,0,0,0
74.9,-83.5,0,0,0,0
74.9,-82.8,0,0,0,0
74.9,-82.1,0,0,0,0
74.9,-81.4,0,0,0,0
74.9,-79.3,0,0,0,0
75.0,-116.2,0,0,0,0
75.0,-115.6,0,0,0,0
75.0,-114.0,0,0,0,0
75.0,-111.8,0,0,0,0
75.0,-109.6,0,0,0,0
75.0,-108.9,0,0,0,0
75.0,-107.4,0,0,0,0
75.0,-106.7,0,0,0,0
75.0,-106.0,0,0,0,0
75.0,-103.8,0,0,0,0
75.0,-99.6,0,0,0,0
75.0,-98.9,0,0,0,0
75.0,-98.2,0,0,0,0
75.0,-97.5,0,0,0,0
75.0,-96.8,0,0,0,0
75.0,-96.1,0,0,0,0
75.0,-87.7,0,1,0,0
75.0,-87.0,0,1,0,0
75.0,-86.3,0,0,0,0
75.0,-85.6,0,0,0,0
75.0,-84.9,0,0,0,0
75.0,-84.2,0,0,0,0
75.0,-81.3,0,0,0,0
75.0,-80.6,0,0,0,0
75.0,-80.0,0,0,0,0
75.1,-117.1,0,0,0,0
75.1,-116.5,0,0,0,0
75.1,-114.9,0,0,0,0
75.1,-113.3,0,0,0,0
75.1,-112.7,0,0,0,0
75.1,-111.1,0,0,0,0
75.1,-110.4,0,0,0,0
75.1,-108.2,0,0,0,0
75.1,-107.5,0,0,0,0
75.1,-104.6,0,0,0,0
75.1,-104.0,0,0,0,0
75.1,-100.4,0,0,0,0
75.1,-99.7,0,0,0,0
75.1,-95.4,0,0,0,0
75.1,-94.7,0,0,0,0
75.1,-94.0,0,0,0,0
75.1,-93.3,0,0,0,0
75.1,-92.6,0,0,0,0
75.1,-91.9,0,0,0,0
75.1,-91.2,0,0,0,0
75.1,-90.5,0,0,0,0
75.1,-89.8,0,0,0,0
75.1,-89.1,0,0,0,0
75.1,-88.4,0,0,0,0
75.1,-84.1,0,0,0,0
75.1,-83.4,0,0,0,0
75.1,-82.7,0,0,0,0
75.1,-82.0,0,0,0,0
75.2,-117.4,0,0,0,0
75.2,-115.8,0,0,0,0
75.2,-114.2,0,0,0,0
75.2,-113.6,0,0,0,0
75.2,-112.0,0,0,0,0
75.2,-111.3,0,0,0,0
75.2,-109.8,0,0,0,0
75.2,-109.1,0,0,0,0
75.2,-106.9,0,0,0,0
75.2,-106.2,0,0,0,0
75.2,-103.3,0,0,0,0
75.2,-99.0,1,0,0,0
75.2,-98.3,0,0,0,0
75.2,-97.6,0,0,0,0
75.2,-96.8,0,0,0,0
75.2,-96.1,0,0,0,0
75.2,-95.4,0,0,0,0
75.2,-94.7,0,0,0,0
75.2,-89.0,0,0,0,0
75.2,-88.3,0,0,0,0
75.2,-87.6,0,0,0,0
75.2,-86.9,0,0,0,0
75.2,-86.2,0,0,0,0
75.2,-85.5,0,0,0,0
75.2,-84.8,0,0,0,0
75.2,-81.9,0,0,0,0
75.2,-81.2,0,0,0,0
75.2,-80.5,0,0,0,0
75.2,-79.8,0,0,0,0
75.3,-116.7,0,0,0,0
75.3,-115.2,0,0,0,0
75.3,-114.5,0,0,0,0
75.3,-112.9,0,0,0,0
75.3,-112.2,0,0,0,0
75.3,-110.7,0,0,0,0
75.3,-110.0,0,0,0,0
75.3,-108.4,0,0,0,0
75.3,-107.7,0,0,0,0
75.3,-107.0,0,0,0,0
75.3,-105.5,0,0,0,0
75.3,-104.8,0,0,0,0
75.3,-104.1,0,0,0,0
75.3,-100.5,0,0,0,0
75.3,-99.7,0,0,0,0
75.3,-99.0,0,1,0,0
75.3,-94.0,0,0,0,0
75.3,-93.3,0,0,0,0
75.3,-92.6,0,0,0,0
75.3,-91.9,0,0,0,0
75.3,-91.2,0,0,0,0
75.3,-90.5,0,0,0,0
75.3,-89.8,0,0,0,0
75.3,-84.7,0,0,0,0
75.3,-84.0,0,0,0,0
75.3,-83.3,0,0,0,0
75.3,-82.6,0,0,0,0
75.3,-79.7,0,0,0,0
75.4,-117.7,0,0,0,0
75.4,-116.1,0,0,0,0
75.4,-115.4,0,0,0,0
75.4,-113.8,0,0,0,0
75.4,-111.5,0,0,0,0
75.4,-109.3,0,0,0,0
75.4,-108.6,0,0,0,0
75.4,-106.3,0,0,0,0
75.4,-105.6,0,0,0,0
75.4,-101.3,0,0,0,0
75.4,-98.3,0,0,0,0
75.4,-97.6,0,0,0,0
75.4,-96.9,0,0,0,0
75.4,-96.2,0,0,0,0
75.4,-95.5,0,0,0,0
75.4,-94.8,0,0,0,0
75.4,-94.0,0,0,0,0
75.4,-93.3,0,0,0,0
75.4,-92.6,0,0,0,0
75.4,-91.9,0,0,0,0
75.4,-91.2,0,0,0,0
75.4,-90.5,0,0,0,0
75.4,-89.7,0,0,0,0
75.4,-89.0,0,0,0,0
75.4,-88.3,0,0,0,0
75.4,-87.6,0,0,0,0
75.4,-86.9,0,0,0,0
75.4,-86.2,0,0,0,0
75.4,-85.4,1,0,0,0
75.4,-81.8,0,0,0,0
75.4,-81.1,0,0,0,0
75.4,-80.4,0,0,0,0
75.5,-118.6,0,0,0,0
75.5,-117.0,0,0,0,0
75.5,-116.3,0,0,0,0
75.5,-114.7,0,0,0,0
75.5,-113.1,0,0,0,0
75.5,-112.5,0,0,0,0
75.5,-110.9,0,0,0,0
75.5,-110.2,0,0,0,0
75.5,-107.9,0,0,0,0
75.5,-107.2,0,0,0,0
75.5,-104.2,0,0,0,0
75.5,-100.6,0,0,0,0
75.5,-99.8,0,0,0,0
75.5,-99.1,0,0,0,0
75.5,-98.4,0,0,0,0
75.5,-85.4,0,1,0,0
75.5,-84.7,0,0,0,0
75.5,-83.9,0,0,0,0
75.5,-83.2,0,0,0,0
75.5,-82.5,0,0,0,0
75.5,-80.3,0,0,0,0
75.5,-79.6,0,0,0,0
75.6,-119.6,0,0,0,0
75.6,-118.0,0,0,0,0
75.6,-117.3,0,0,0,0
75.6,-115.7,0,0,0,0
75.6,-114.1,0,0,0,0
75.6,-113.4,0,0,0,0
75.6,-111.8,0,0,0,0
75.6,-111.1,0,0,0,0
75.6,-109.5,0,0,0,0
75.6,-108.8,0,0,0,0
75.6,-106.5,0,0,0,0
75.6,-105.8,0,0,0,0
75.6,-105.1,0,0,0,0
75.6,-102.8,0,0,0,0
75.6,-102.1,0,0,0,0
75.6,-101.4,0,0,0,0
75.6,-97.7,0,0,0,0
75.6,-97.0,0,0,0,0
75.6,-96.2,0,0,0,0
75.6,-95.5,0,0,0,0
75.6,-94.8,0,0,0,0
75.6,-94.1,0,0,0,0
75.6,-92.6,0,0,0,0
75.6,-91.9,0,0,0,0
75.6,-91.2,0,0,0,0
75.6,-90.4,0,0,0,0
75.6,-89.7,0,0,0,0
75.6,-89.0,0,0,0,0
75.6,-88.3,0,0,0,0
75.6,-87.5,0,0,0,0
75.6,-86.8,0,0,0,0
75.6,-86.1,0,0,0,0
75.6,-82.4,0,0,0,0
75.6,-81.7,0,0,0,0
75.6,-81.0,0,0,0,0
75.7,-118.9,0,0,0,0
75.7,-118.2,0,0,0,0
75.7,-116.6,0,0,0,0
75.7,-115.0,0,0,0,0
75.7,-114.3,0,0,0,0
75.7,-112.7,0,0,0,0
75.7,-112.0,0,0,0,0
75.7,-109.7,0,0,0,0
75.7,-108.1,0,0,0,0
75.7,-107.4,0,0,0,0
75.7,-106.7,0,0,0,0
75.7,-103.6,0,0,0,0
75.7,-102.9,0,0,0,0
75.7,-100.6,0,0,0,0
75.7,-99.9,0,0,0,0
75.7,-99.2,0,0,0,0
75.7,-98.5,0,0,0,0
75.7,-97.7,0,0,0,0
75.7,-85.3,0,0,0,0
75.7,-84.6,0,0,0,0
75.7,-83.8,0,0,0,0
75.7,-83.1,0,0,0,0
75.7,-80.8,0,0,0,0
75.7,-80.1,0,0,0,0
75.8,-122.5,0,0,0,0
75.8,-121.5,0,0,0,0
75.8,-120.9,0,0,0,0
75.8,-119.2,0,0,0,0
75.8,-117.6,0,0,0,0
75.8,-115.9,0,0,0,0
75.8,-115.3,0,0,0,0
75.8,-113.6,0,0,0,0
75.8,-111.3,0,0,0,0
75.8,-109.0,0,0,0,0
75.8,-108.3,0,0,0,0
75.8,-105.9,0,0,0,0
75.8,-105.2,0,0,0,0
75.8,-102.2,0,0,0,0
75.8,-101.5,0,0,0,0
75.8,-100.8,0,0,0,0
75.8,-97.0,0,0,0,0
75.8,-96.3,0,0,0,0
75.8,-95.6,0,0,0,0
75.8,-94.8,0,0,0,0
75.8,-94.1,0,0,0,0
75.8,-92.6,0,0,0,0
75.8,-91.9,0,0,0,0
75.8,-91.2,0,0,0,0
75.8,-90.4,0,0,0,0
75.8,-89.7,0,0,0,0
75.8,-88.9,0,0,0,0
75.8,-83.0,0,0,0,0
75.8,-82.3,0,0,0,0
75.8,-81.6,0,0,0,0
75.8,-78.5,0,0,0,0
75.9,-121.9,0,0,0,0
75.9,-120.2,0,0,0,0
75.9,-118.5,0,0,0,0
75.9,-116.9,0,0,0,0
75.9,-116.2,0,0,0,0
75.9,-114.6,0,0,0,0
75.9,-112.9,0,0,0,0
75.9,-112.2,0,0,0,0
75.9,-109.9,0,0,0,0
75.9,-107.5,0,0,0,0
75.9,-106.8,0,0,0,0
75.9,-103.8,0,0,0,0
75.9,-103.1,0,0,0,0
75.9,-100.0,0,0,0,0
75.9,-99.3,0,0,0,0
75.9,-98.6,0,0,0,0
75.9,-97.8,0,0,0,0
75.9,-83.8,0,0,0,0
75.9,-80.0,0,0,0,0
75.9,-79.3,0,0,0,0
76.0,-122.9,0,0,0,0
76.0,-121.2,0,0,0,0
76.0,-119.5,0,0,0,0
76.0,-117.9,0,0,0,0
76.0,-117.2,0,0,0,0
76.0,-115.5,0,0,0,0
76.0,-113.9,0,0,0,0
76.0,-113.2,0,0,0,0
76.0,-111.5,0,0,0,0
76.0,-109.2,0,0,0,0
76.0,-108.5,0,0,0,0
76.0,-107.7,0,0,0,0
76.0,-106.1,0,0,0,0
76.0,-105.4,0,0,0,0
76.0,-104.7,0,0,0,0
76.0,-102.3,0,0,0,0
76.0,-101.6,0,0,0,0
76.0,-100.9,0,0,0,0
76.0,-100.1,0,0,0,0
76.0,-95.6,0,0,0,0
76.0,-94.9,1,0,0,0
76.0,-94.1,0,0,0,0
76.0,-92.6,0,0,0,0
76.0,-91.9,0,0,0,0
76.0,-91.1,0,0,0,0
76.0,-90.4,0,0,0,0
76.0,-89.7,0,0,0,0
76.0,-79.1,0,0,0,0
76.1,-122.2,0,0,0,0
76.1,-120.5,0,0,0,0
76.1,-118.9,0,0,0,0
76.1,-118.2,0,0,0,0
76.1,-116.5,0,0,0,0
76.1,-114.8,0,0,0,0
76.1,-114.1,0,0,0,0
76.1,-112.5,0,0,0,0
76.1,-109.4,0,0,0,0
76.1,-107.0,0,0,0,0
76.1,-106.3,0,0,0,0
76.1,-103.9,0,0,0,0
76.1,-103.2,0,0,0,0
76.1,-102.4,0,0,0,0
76.1,-99.4,0,0,0,0
76.1,-98.6,0,0,0,0
76.1,-97.9,0,0,0,0
76.1,-97.1,0,0,0,0
76.1,-94.9,0,1,0,0
76.1,-88.9,0,0,0,0
76.1,-81.3,0,0,0,0
76.1,-80.6,0,0,0,0
76.2,-123.2,0,0,0,0
76.2,-122.5,0,0,0,0
76.2,-121.5,0,0,0,0
76.2,-120.9,0,0,0,0
76.2,-119.8,0,0,0,0
76.2,-119.2,0,0,0,0
76.2,-117.5,0,0,0,0
76.2,-115.8,0,0,0,0
76.2,-115.1,0,0,0,0
76.2,-113.4,0,0,0,0
76.2,-108.6,0,0,0,0
76.2,-107.9,0,0,0,0
76.2,-104.8,0,0,0,0
76.2,-104.1,0,0,0,0
76.2,-101.7,0,0,0,0
76.2,-101.0,0,0,0,0
76.2,-100.2,0,0,0,0
76.2,-99.5,0,0,0,0
76.2,-92.6,1,0,0,0
76.2,-91.9,1,0,0,0
76.2,-91.1,1,0,0,0
76.2,-90.4,1,0,0,0
76.2,-89.6,1,0,0,0
76.2,-84.3,0,0,0,0
76.2,-79.7,0,0,0,0
76.2,-79.0,0,0,0,0
76.3,-121.9,0,0,0,0
76.3,-120.2,0,0,0,0
76.3,-118.5,0,0,0,0
76.3,-116.8,0,0,0,0
76.3,-116.1,0,0,0,0
76.3,-114.4,0,0,0,0
76.3,-112.7,0,0,0,0
76.3,-110.3,0,0,0,0
76.3,-109.6,0,0,0,0
76.3,-103.3,0,0,0,0
76.3,-102.6,0,0,0,0
76.3,-101.8,0,0,0,0
76.3,-98.7,0,0,0,0
76.3,-98.0,0,0,0,0
76.3,-97.2,0,0,0,0
76.3,-96.4,0,0,0,0
76.3,-95.7,0,0,0,0
76.3,-94.9,0,0,0,0
76.3,-94.2,0,0,0,0
76.3,-93.4,0,0,0,0
76.3,-92.6,0,1,0,0
76.3,-91.9,0,1,0,0
76.3,-91.1,0,1,0,0
76.3,-90.4,0,1,0,0
76.3,-89.6,0,1,0,0
76.3,-88.8,0,0,0,0
76.3,-88.1,0,0,0,0
76.3,-87.3,0,0,0,0
76.3,-86.6,0,0,0,0
76.3,-85.8,0,0,0,0
76.3,-85.1,0,0,0,0
76.3,-82.0,0,0,0,0
76.3,-81.2,0,0,0,0
76.3,-80.5,0,0,0,0
76.4,-122.9,0,0,0,0
76.4,-121.2,0,0,0,0
76.4,-119.5,0,0,0,0
76.4,-117.8,0,0,0,0
76.4,-117.1,0,0,0,0
76.4,-115.4,0,0,0,0
76.4,-113.7,0,0,0,0
76.4,-110.5,0,0,0,0
76.4,-108.8,0,0,0,0
76.4,-108.1,0,0,0,0
76.4,-104.2,0,0,0,0
76.4,-101.1,0,0,0,0
76.4,-100.3,0,0,0,0
76.4,-99.6,0,0,0,0
76.4,-98.8,0,0,0,0
76.4,-85.0,0,0,0,0
76.4,-84.2,0,0,0,0
76.4,-83.5,0,0,0,0
76.4,-82.7,0,0,0,0
76.4,-79.6,0,0,0,0
76.4,-78.8,0,0,0,0
76.5,-122.2,0,0,0,0
76.5,-120.5,0,0,0,0
76.5,-118.8,0,0,0,0
76.5,-118.1,0,0,0,0
76.5,-116.4,0,0,0,0
76.5,-114.6,0,0,0,0
76.5,-113.9,0,0,0,0
76.5,-109.8,0,0,0,0
76.5,-109.0,0,0,0,0
76.5,-103.5,0,0,0,0
76.5,-102.7,0,0,0,0
76.5,-101.9,0,0,0,0
76.5,-101.2,0,0,0,0
76.5,-98.0,0,0,0,0
76.5,-97.3,1,0,0,0
76.5,-96.5,0,0,0,0
76.5,-95.7,0,0,0,0
76.5,-95.0,0,0,0,0
76.5,-94.2,0,0,0,0
76.5,-93.4,0,0,0,0
76.5,-92.7,0,0,0,0
76.5,-91.9,0,0,0,0
76.5,-91.1,0,0,0,0
76.5,-90.3,0,0,0,0
76.5,-89.6,0,0,0,0
76.5,-88.8,0,0,0,0
76.5,-88.0,0,0,0,0
76.5,-87.3,0,0,0,0
76.5,-86.5,0,0,0,0
76.5,-85.7,1,0,0,0
76.5,-82.6,0,0,0,0
76.5,-81.8,0,0,0,0
76.5,-81.1,0,0,0,0
76.5,-80.3,0,0,0,0
76.5,-77.9,0,0,0,0
76.6,-121.5,0,0,0,0
76.6,-120.8,0,0,0,0
76.6,-119.8,0,0,0,0
76.6,-119.1,0,0,0,0
76.6,-117.4,0,0,0,0
76.6,-115.6,0,0,0,0
76.6,-114.9,0,0,0,0
76.6,-110.0,0,0,0,0
76.6,-108.3,0,0,0,0
76.6,-104.4,0,0,0,0
76.6,-103.6,0,0,0,0
76.6,-100.4,0,0,0,0
76.6,-99.6,0,0,0,0
76.6,-98.9,0,0,0,0
76.6,-98.1,0,0,0,0
76.6,-97.3,0,1,0,0
76.6,-86.4,0,0,0,0
76.6,-85.7,0,1,0,0
76.6,-84.9,0,0,0,0
76.6,-84.1,0,0,0,0
76.6,-83.4,0,0,0,0
76.6,-80.2,0,0,0,0
76.6,-79.4,0,0,0,0
76.6,-78.7,0,0,0,0
76.7,-120.1,0,0,0,0
76.7,-118.4,0,0,0,0
76.7,-116.7,0,0,0,0
76.7,-115.9,0,0,0,0
76.7,-114.2,0,0,0,0
76.7,-109.3,0,0,0,0
76.7,-108.5,0,0,0,0
76.7,-101.3,0,0,0,0
76.7,-100.5,0,0,0,0
76.7,-96.6,1,0,0,0
76.7,-95.8,0,0,0,0
76.7,-95.0,0,0,0,0
76.7,-94.2,0,0,0,0
76.7,-93.4,0,0,0,0
76.7,-92.7,0,0,0,0
76.7,-91.9,0,0,0,0
76.7,-91.1,0,0,0,0
76.7,-90.3,0,0,0,0
76.7,-89.5,0,0,0,0
76.7,-88.8,0,0,0,0
76.7,-88.0,0,0,0,0
76.7,-87.2,1,0,0,0
76.7,-83.3,0,0,0,0
76.7,-82.5,0,0,0,0
76.7,-81.7,0,0,0,0
76.7,-80.9,0,0,0,0
76.7,-78.5,0,0,0,0
76.7,-77.7,0,0,0,0
76.8,-121.2,0,0,0,0
76.8,-119.4,0,0,0,0
76.8,-117.7,0,0,0,0
76.8,-117.0,0,0,0,0
76.8,-115.2,0,0,0,0
76.8,-113.5,0,0,0,0
76.8,-99.7,0,0,0,0
76.8,-97.4,0,0,0,0
76.8,-96.6,0,1,0,0
76.8,-87.2,0,1,0,0
76.8,-86.4,0,0,0,0
76.8,-85.6,0,0,0,0
76.8,-84.8,0,0,0,0
76.8,-84.0,0,0,0,0
76.8,-80.8,0,0,0,0
76.8,-80.0,0,0,0,0
76.8,-79.3,0,0,0,0
76.9,-120.5,0,0,0,0
76.9,-118.7,0,0,0,0
76.9,-118.0,0,0,0,0
76.9,-116.2,0,0,0,0
76.9,-114.5,0,0,0,0
76.9,-113.7,0,0,0,0
76.9,-109.5,0,0,0,0
76.9,-108.7,0,0,0,0
76.9,-101.4,0,0,0,0
76.9,-95.8,0,0,0,0
76.9,-95.0,0,0,0,0
76.9,-94.3,0,0,0,0
76.9,-93.5,0,0,0,0
76.9,-90.3,0,0,0,0
76.9,-89.5,0,0,0,0
76.9,-88.7,1,0,0,0
76.9,-87.9,1,0,0,0
76.9,-83.1,0,0,0,0
76.9,-82.4,0,0,0,0
76.9,-81.6,0,0,0,0
76.9,-78.3,0,0,0,0
76.9,-77.6,0,0,0,0
77.0,-119.8,0,0,0,0
77.0,-119.0,0,0,0,0
77.0,-117.3,0,0,0,0
77.0,-115.5,0,0,0,0
77.0,-103.9,0,0,0,0
77.0,-97.5,0,0,0,0
77.0,-96.7,0,0,0,0
77.0,-95.9,0,0,0,0
77.0,-95.1,0,0,0,0
77.0,-88.7,0,1,0,0
77.0,-87.9,0,1,0,0
77.0,-87.1,0,0,0,0
77.0,-86.3,0,0,0,0
77.0,-85.5,0,0,0,0
77.0,-84.7,0,0,0,0
77.0,-83.9,0,0,0,0
77.0,-80.7,0,0,0,0
77.0,-79.9,0,0,0,0
77.0,-79.1,0,0,0,0
77.1,-120.1,0,0,0,0
77.1,-118.3,0,0,0,0
77.1,-116.5,0,0,0,0
77.1,-115.8,0,0,0,0
77.1,-114.0,0,0,0,0
77.1,-104.8,0,0,0,0
77.1,-94.3,0,0,0,0
77.1,-91.1,0,0,0,0
77.1,-84.6,0,0,0,0
77.1,-83.8,0,0,0,0
77.1,-83.0,0,0,0,0
77.1,-82.2,0,0,0,0
77.1,-81.5,0,0,0,0
77.1,-78.9,0,0,0,0
77.1,-78.2,0,0,0,0
77.2,-119.4,0,0,0,0
77.2,-117.6,0,0,0,0
77.2,-116.8,0,0,0,0
77.2,-113.2,0,0,0,0
77.2,-104.0,0,0,0,0
77.2,-95.9,0,0,0,0
77.2,-95.1,0,0,0,0
77.2,-91.1,0,0,0,0
77.2,-90.3,0,0,0,0
77.2,-89.5,0,0,0,0
77.2,-88.7,0,0,0,0
77.2,-87.8,0,0,0,0
77.2,-87.0,0,0,0,0
77.2,-86.2,0,0,0,0
77.2,-85.4,1,0,0,0
77.2,-81.3,0,0,0,0
77.2,-80.5,0,0,0,0
77.2,-79.7,0,0,0,0
77.3,-118.6,0,0,0,0
77.3,-117.9,0,0,0,0
77.3,-116.1,0,0,0,0
77.3,-111.7,0,0,0,0
77.3,-110.9,0,0,0,0
77.3,-105.8,0,0,0,0
77.3,-105.0,0,0,0,0
77.3,-104.2,0,0,0,0
77.3,-85.4,0,1,0,0
77.3,-84.5,0,0,0,0
77.3,-83.7,0,0,0,0
77.3,-82.9,0,0,0,0
77.3,-82.1,0,0,0,0
77.3,-79.6,0,0,0,0
77.3,-78.8,0,0,0,0
77.4,-119.7,0,0,0,0
77.4,-119.0,0,0,0,0
77.4,-117.1,0,0,0,0
77.4,-115.3,0,0,0,0
77.4,-112.7,0,0,0,0
77.4,-110.1,0,0,0,0
77.4,-106.0,0,0,0,0
77.4,-96.0,0,0,0,0
77.4,-95.2,0,0,0,0
77.4,-94.3,0,0,0,0
77.4,-93.5,0,0,0,0
77.4,-91.1,0,0,0,0
77.4,-90.2,0,0,0,0
77.4,-89.4,0,0,0,0
77.4,-87.8,0,0,0,0
77.4,-87.0,0,0,0,0
77.4,-86.2,0,0,0,0
77.4,-82.0,0,0,0,0
77.4,-81.2,0,0,0,0
77.4,-80.4,0,0,0,0
77.4,-77.8,0,0,0,0
77.5,-116.4,0,0,0,0
77.5,-115.6,0,0,0,0
77.5,-112.0,0,0,0,0
77.5,-111.2,0,0,0,0
77.5,-105.2,0,0,0,0
77.5,-86.1,0,0,0,0
77.5,-85.3,0,0,0,0
77.5,-84.4,0,0,0,0
77.5,-83.6,0,0,0,0
77.5,-82.8,0,0,0,0
77.5,-80.2,0,0,0,0
77.5,-79.4,0,0,0,0
77.5,-78.6,0,0,0,0
77.6,-117.5,0,0,0,0
77.6,-116.7,0,0,0,0
77.6,-113.0,0,0,0,0
77.6,-112.2,0,0,0,0
77.6,-110.4,0,0,0,0
77.6,-109.6,0,0,0,0
77.6,-106.2,0,0,0,0
77.6,-101.9,0,0,0,0
77.6,-101.1,0,0,0,0
77.6,-96.0,0,0,0,0
77.6,-95.2,0,0,0,0
77.6,-94.4,0,0,0,0
77.6,-93.6,0,0,0,0
77.6,-92.7,0,0,0,0
77.6,-91.1,0,0,0,0
77.6,-90.2,0,0,0,0
77.6,-89.4,0,0,0,0
77.6,-88.6,0,0,0,0
77.6,-87.7,0,0,0,0
77.6,-86.9,0,0,0,0
77.6,-82.7,0,0,0,0
77.6,-81.9,0,0,0,0
77.6,-81.1,0,0,0,0
77.6,-77.6,0,0,0,0
77.7,-115.9,0,0,0,0
77.7,-114.1,0,0,0,0
77.7,-113.3,0,0,0,0
77.7,-111.4,0,0,0,0
77.7,-110.6,0,0,0,0
77.7,-105.3,0,0,0,0
77.7,-96.9,0,0,0,0
77.7,-96.1,0,0,0,0
77.7,-87.7,0,0,0,0
77.7,-86.8,0,0,0,0
77.7,-86.0,0,0,0,0
77.7,-85.2,0,0,0,0
77.7,-84.3,0,0,0,0
77.7,-83.5,0,0,0,0
77.7,-80.1,0,0,0,0
77.7,-79.3,0,0,0,0
77.7,-78.4,0,0,0,0
77.8,-115.1,0,0,0,0
77.8,-114.3,0,0,0,0
77.8,-112.5,0,0,0,0
77.8,-111.7,0,0,0,0
77.8,-109.8,0,0,0,0
77.8,-106.3,0,0,0,0
77.8,-105.5,0,0,0,0
77.8,-102.9,0,0,0,0
77.8,-102.0,0,0,0,0
77.8,-101.2,0,0,0,0
77.8,-100.4,0,0,0,0
77.8,-95.3,0,0,0,0
77.8,-94.4,0,0,0,0
77.8,-93.6,0,0,0,0
77.8,-92.7,0,0,0,0
77.8,-88.5,0,0,0,0
77.8,-83.4,0,0,0,0
77.8,-82.6,0,0,0,0
77.8,-81.7,0,0,0,0
77.8,-80.9,0,0,0,0
77.8,-78.3,0,0,0,0
77.8,-77.4,0,0,0,0
77.9,-115.4,0,0,0,0
77.9,-113.6,0,0,0,0
77.9,-110.9,0,0,0,0
77.9,-99.5,0,0,0,0
77.9,-98.7,0,0,0,0
77.9,-97.8,0,0,0,0
77.9,-97.0,0,0,0,0
77.9,-96.2,0,0,0,0
77.9,-95.3,0,0,0,0
77.9,-88.5,0,0,0,0
77.9,-87.6,0,0,0,0
77.9,-86.8,0,0,0,0
77.9,-85.9,0,0,0,0
77.9,-85.1,0,0,0,0
77.9,-84.2,0,0,0,0
77.9,-80.8,0,0,0,0
77.9,-79.9,0,0,0,0
77.9,-79.1,0,0,0,0
77.9,-76.4,0,0,0,0
77.9,-75.6,0,0,0,0
78.0,-114.6,0,0,0,0
78.0,-112.7,0,0,0,0
78.0,-111.9,0,0,0,0
78.0,-110.0,0,0,0,0
78.0,-109.2,0,0,0,0
78.0,-102.2,0,0,0,0
78.0,-101.3,0,0,0,0
78.0,-100.5,0,0,0,0
78.0,-99.6,0,0,0,0
78.0,-84.1,0,0,0,0
78.0,-83.3,0,0,0,0
78.0,-82.4,0,0,0,0
78.0,-81.6,0,0,0,0
78.0,-78.9,0,0,0,0
78.0,-78.1,0,0,0,0
78.0,-77.2,0,0,0,0
78.0,-75.4,0,0,0,0
78.1,-113.8,0,0,0,0
78.1,-113.0,0,0,0,0
78.1,-111.1,0,0,0,0
78.1,-110.3,0,0,0,0
78.1,-103.2,0,0,0,0
78.1,-102.3,0,0,0,0
78.1,-98.8,0,0,0,0
78.1,-97.9,0,0,0,0
78.1,-97.1,0,0,0,0
78.1,-96.2,0,0,0,0
78.1,-95.3,0,0,0,0
78.1,-94.5,0,0,0,0
78.1,-91.9,0,0,0,0
78.1,-91.0,0,0,0,0
78.1,-90.2,0,0,0,0
78.1,-89.3,0,0,0,0
78.1,-88.4,0,0,0,0
78.1,-87.6,0,0,0,0
78.1,-86.7,0,0,0,0
78.1,-85.9,0,0,0,0
78.1,-85.0,0,0,0,0
78.1,-81.5,0,0,0,0
78.1,-80.6,0,0,0,0
78.1,-79.8,0,0,0,0
78.1,-77.1,0,0,0,0
78.1,-76.2,0,0,0,0
78.2,-114.9,0,0,0,0
78.2,-114.1,0,0,0,0
78.2,-111.4,0,0,0,0
78.2,-109.5,0,0,0,0
78.2,-104.2,0,0,0,0
78.2,-101.5,0,0,0,0
78.2,-100.6,0,0,0,0
78.2,-99.7,0,0,0,0
78.2,-98.9,0,0,0,0
78.2,-84.9,0,0,0,0
78.2,-84.0,0,0,0,0
78.2,-83.2,0,0,0,0
78.2,-82.3,0,0,0,0
78.2,-79.6,0,0,0,0
78.2,-78.7,0,0,0,0
78.2,-77.9,0,0,0,0
78.2,-75.2,0,0,0,0
78.3,-113.3,0,0,0,0
78.3,-110.5,0,0,0,0
78.3,-109.7,0,0,0,0
78.3,-103.3,0,0,0,0
78.3,-102.5,0,0,0,0
78.3,-101.6,0,0,0,0
78.3,-98.0,0,0,0,0
78.3,-97.1,0,0,0,0
78.3,-96.3,0,0,0,0
78.3,-95.4,0,0,0,0
78.3,-94.5,0,0,0,0
78.3,-92.8,0,0,0,0
78.3,-91.9,0,0,0,0
78.3,-91.0,0,0,0,0
78.3,-90.1,0,0,0,0
78.3,-89.3,0,0,0,0
78.3,-88.4,0,0,0,0
78.3,-87.5,0,0,0,0
78.3,-86.6,0,0,0,0
78.3,-85.8,0,0,0,0
78.3,-82.2,0,0,0,0
78.3,-81.3,0,0,0,0
78.3,-80.5,0,0,0,0
78.3,-77.7,0,0,0,0
78.3,-76.9,0,0,0,0
78.3,-76.0,0,0,0,0
78.4,-114.4,0,0,0,0
78.4,-112.5,0,0,0,0
78.4,-111.6,0,0,0,0
78.4,-108.9,0,0,0,0
78.4,-105.2,0,0,0,0
78.4,-104.4,0,0,0,0
78.4,-100.7,0,0,0,0
78.4,-99.9,0,0,0,0
78.4,-98.1,0,0,0,0
78.4,-97.2,0,0,0,0
78.4,-86.6,0,0,0,0
78.4,-85.7,0,0,0,0
78.4,-84.8,0,0,0,0
78.4,-83.9,0,0,0,0
78.4,-83.1,0,0,0,0
78.4,-79.4,0,0,0,0
78.4,-78.6,0,0,0,0
78.4,-75.8,0,0,0,0
78.4,-74.9,0,0,0,0
78.5,-113.6,0,0,0,0
78.5,-112.8,0,0,0,0
78.5,-110.8,0,0,0,0
78.5,-109.9,0,0,0,0
78.5,-103.5,0,0,0,0
78.5,-102.6,0,0,0,0
78.5,-101.7,0,0,0,0
78.5,-100.8,0,0,0,0
78.5,-96.3,0,0,0,0
78.5,-95.4,0,0,0,0
78.5,-94.6,0,0,0,0
78.5,-92.8,0,0,0,0
78.5,-91.9,0,0,0,0
78.5,-91.0,0,0,0,0
78.5,-90.1,0,0,0,0
78.5,-89.2,0,0,0,0
78.5,-88.3,1,0,0,0
78.5,-87.5,0,0,0,0
78.5,-82.9,0,0,0,0
78.5,-82.1,0,0,0,0
78.5,-81.2,0,0,0,0
78.5,-80.3,0,0,0,0
78.5,-77.5,0,0,0,0
78.5,-76.6,0,0,0,0
78.6,-111.9,0,0,0,0
78.6,-111.1,0,0,0,0
78.6,-109.1,0,0,0,0
78.6,-105.4,0,0,0,0
78.6,-104.5,0,0,0,0
78.6,-103.6,0,0,0,0
78.6,-100.0,0,0,0,0
78.6,-99.1,0,0,0,0
78.6,-98.2,0,0,0,0
78.6,-97.3,0,0,0,0
78.6,-96.4,0,0,0,0
78.6,-88.3,0,1,0,0
78.6,-87.4,0,0,0,0
78.6,-86.5,0,0,0,0
78.6,-85.6,0,0,0,0
78.6,-84.7,0,0,0,0
78.6,-83.8,0,0,0,0
78.6,-80.1,0,0,0,0
78.6,-79.3,0,0,0,0
78.6,-78.4,0,0,0,0
78.6,-75.6,0,0,0,0
78.6,-74.7,0,0,0,0
78.7,-110.2,0,0,0,0
78.7,-102.8,0,0,0,0
78.7,-101.9,0,0,0,0
78.7,-101.0,0,0,0,0
78.7,-100.1,0,0,0,0
78.7,-93.7,1,0,0,0
78.7,-92.8,1,0,0,0
78.7,-91.9,1,0,0,0
78.7,-91.0,1,0,0,0
78.7,-90.1,1,0,0,0
78.7,-89.2,1,0,0,0
78.7,-83.7,0,0,0,0
78.7,-82.8,0,0,0,0
78.7,-81.9,0,0,0,0
78.7,-81.0,0,0,0,0
78.7,-78.2,0,0,0,0
78.7,-77.3,0,0,0,0
78.7,-76.4,0,0,0,0
78.7,-74.5,0,0,0,0
78.8,-111.3,0,0,0,0
78.8,-104.7,0,0,0,0
78.8,-103.8,0,0,0,0
78.8,-102.9,0,0,0,0
78.8,-98.3,0,0,0,0
78.8,-97.4,0,0,0,0
78.8,-93.7,0,1,0,0
78.8,-92.8,0,1,0,0
78.8,-91.9,0,1,0,0
78.8,-91.0,0,1,0,0
78.8,-90.1,0,1,0,0
78.8,-89.2,0,1,0,0
78.8,-88.2,0,0,0,0
78.8,-87.3,0,0,0,0
78.8,-86.4,0,0,0,0
78.8,-85.5,0,0,0,0
78.8,-84.6,0,0,0,0
78.8,-80.9,0,0,0,0
78.8,-80.0,0,0,0,0
78.8,-79.1,0,0,0,0
78.8,-76.2,0,0,0,0
78.8,-75.3,0,0,0,0
78.9,-110.5,0,0,0,0
78.9,-104.9,0,0,0,0
78.9,-102.0,0,0,0,0
78.9,-101.1,0,0,0,0
78.9,-100.2,0,0,0,0
78.9,-84.5,0,0,0,0
78.9,-83.6,0,0,0,0
78.9,-82.7,0,0,0,0
78.9,-81.8,0,0,0,0
78.9,-78.9,0,0,0,0
78.9,-78.0,0,0,0,0
78.9,-77.1,0,0,0,0
79.0,-104.0,0,0,0,0
79.0,-103.1,0,0,0,0
79.0,-102.2,0,0,0,0
79.0,-94.7,0,0,0,0
79.0,-93.7,0,0,0,0
79.0,-92.8,0,0,0,0
79.0,-91.9,0,0,0,0
79.0,-91.0,0,0,0,0
79.0,-90.0,0,0,0,0
79.0,-89.1,0,0,0,0
79.0,-88.2,0,0,0,0
79.0,-87.3,0,0,0,0
79.0,-86.3,1,0,0,0
79.0,-85.4,0,0,0,0
79.0,-81.6,0,0,0,0
79.0,-80.7,0,0,0,0
79.0,-79.8,0,0,0,0
79.0,-76.9,0,0,0,0
79.0,-76.0,0,0,0,0
79.0,-75.1,0,0,0,0
79.1,-106.0,0,0,0,0
79.1,-105.1,0,0,0,0
79.1,-104.2,0,0,0,0
79.1,-101.2,0,0,0,0
79.1,-86.3,0,1,0,0
79.1,-85.3,0,0,0,0
79.1,-84.4,0,0,0,0
79.1,-83.5,0,0,0,0
79.1,-82.5,0,0,0,0
79.1,-78.7,0,0,0,0
79.1,-77.8,0,0,0,0
79.1,-74.8,0,0,0,0
79.1,-73.9,0,0,0,0
79.2,-103.2,0,0,0,0
79.2,-102.3,0,0,0,0
79.2,-94.7,0,0,0,0
79.2,-93.8,0,0,0,0
79.2,-92.8,0,0,0,0
79.2,-91.9,0,0,0,0
79.2,-91.0,0,0,0,0
79.2,-90.0,0,0,0,0
79.2,-89.1,0,0,0,0
79.2,-88.1,0,0,0,0
79.2,-87.2,0,0,0,0
79.2,-82.4,0,0,0,0
79.2,-81.5,0,0,0,0
79.2,-80.5,0,0,0,0
79.2,-79.6,0,0,0,0
79.2,-76.7,0,0,0,0
79.2,-75.8,0,0,0,0
79.3,-105.3,0,0,0,0
79.3,-104.3,0,0,0,0
79.3,-97.6,0,0,0,0
79.3,-87.1,0,0,0,0
79.3,-86.2,0,0,0,0
79.3,-85.2,0,0,0,0
79.3,-84.3,0,0,0,0
79.3,-83.3,0,0,0,0
79.3,-79.4,0,0,0,0
79.3,-78.5,0,0,0,0
79.3,-77.6,0,0,0,0
79.3,-75.5,0,0,0,0
79.3,-74.6,0,0,0,0
79.4,-103.4,0,0,0,0
79.4,-95.7,0,0,0,0
79.4,-94.8,1,0,0,0
79.4,-93.8,1,0,0,0
79.4,-92.8,0,0,0,0
79.4,-91.9,1,0,0,0
79.4,-90.9,1,0,0,0
79.4,-90.0,1,0,0,0
79.4,-89.0,1,0,0,0
79.4,-88.1,0,0,0,0
79.4,-83.2,0,0,0,0
79.4,-82.3,0,0,0,0
79.4,-81.3,0,0,0,0
79.4,-80.4,0,0,0,0
79.4,-77.4,0,0,0,0
79.4,-76.4,0,0,0,0
79.4,-73.4,0,0,0,0
79.5,-105.5,0,0,0,0
79.5,-97.7,0,0,0,0
79.5,-95.8,0,0,0,0
79.5,-94.8,0,1,0,0
79.5,-93.8,0,1,0,0
79.5,-92.9,0,0,0,0
79.5,-91.9,0,1,0,0
79.5,-90.9,0,1,0,0
79.5,-90.0,0,1,0,0
79.5,-89.0,0,1,0,0
79.5,-88.0,0,0,0,0
79.5,-87.1,0,0,0,0
79.5,-86.1,0,0,0,0
79.5,-85.1,0,0,0,0
79.5,-84.2,0,0,0,0
79.5,-80.2,0,0,0,0
79.5,-79.3,0,0,0,0
79.5,-78.3,0,0,0,0
79.5,-75.3,0,0,0,0
79.5,-74.3,0,0,0,0
79.6,-84.1,0,0,0,0
79.6,-83.1,0,0,0,0
79.6,-82.1,0,0,0,0
79.6,-81.2,0,0,0,0
79.6,-78.1,0,0,0,0
79.6,-77.1,0,0,0,0
79.6,-76.2,0,0,0,0
79.6,-74.1,0,0,0,0
79.6,-73.1,0,0,0,0
79.7,-98.8,0,0,0,0
79.7,-97.8,0,0,0,0
79.7,-96.8,0,0,0,0
79.7,-95.8,0,0,0,0
79.7,-94.8,0,0,0,0
79.7,-93.9,0,0,0,0
79.7,-92.9,0,0,0,0
79.7,-91.9,0,0,0,0
79.7,-90.9,0,0,0,0
79.7,-89.9,0,0,0,0
79.7,-88.9,0,0,0,0
79.7,-88.0,0,0,0,0
79.7,-87.0,0,0,0,0
79.7,-86.0,0,0,0,0
79.7,-85.0,0,0,0,0
79.7,-81.0,0,0,0,0
79.7,-80.0,0,0,0,0
79.7,-79.1,0,0,0,0
79.7,-76.0,0,0,0,0
79.7,-75.0,0,0,0,0
79.7,-72.8,0,0,0,0
79.7,-71.9,0,0,0,0
79.8,-99.9,0,0,0,0
79.8,-98.9,0,0,0,0
79.8,-84.9,0,0,0,0
79.8,-83.9,0,0,0,0
79.8,-82.9,0,0,0,0
79.8,-82.0,0,0,0,0
79.8,-78.9,0,0,0,0
79.8,-77.9,0,0,0,0
79.8,-76.9,0,0,0,0
79.8,-74.8,0,0,0,0
79.8,-73.8,0,0,0,0
79.8,-70.7,0,0,0,0
79.9,-96.9,0,0,0,0
79.9,-95.9,0,0,0,0
79.9,-94.9,0,0,0,0
79.9,-93.9,0,0,0,0
79.9,-92.9,0,0,0,0
79.9,-91.9,0,0,0,0
79.9,-90.9,0,0,0,0
79.9,-89.9,0,0,0,0
79.9,-88.9,0,0,0,0
79.9,-87.9,0,0,0,0
79.9,-86.9,0,0,0,0
79.9,-85.9,0,0,0,0
79.9,-81.8,0,0,0,0
79.9,-80.8,0,0,0,0
79.9,-79.8,0,0,0,0
79.9,-76.7,0,0,0,0
79.9,-75.7,0,0,0,0
79.9,-72.6,0,0,0,0
79.9,-71.6,0,0,0,0
80.0,-100.0,0,0,0,0
80.0,-99.0,0,0,0,0
80.0,-97.0,0,0,0,0
80.0,-86.8,0,0,0,0
80.0,-85.8,0,0,0,0
80.0,-84.8,0,0,0,0
80.0,-83.8,0,0,0,0
80.0,-82.8,0,0,0,0
80.0,-79.6,0,0,0,0
80.0,-78.7,0,0,0,0
80.0,-77.7,0,0,0,0
80.0,-74.5,0,0,0,0
80.0,-73.5,0,0,0,0
80.0,-71.3,0,0,0,0
80.0,-70.3,0,0,0,0
80.1,-96.0,0,0,0,0
80.1,-94.9,0,0,0,0
80.1,-93.9,0,0,0,0
80.1,-92.9,0,0,0,0
80.1,-91.9,0,0,0,0
80.1,-90.9,0,0,0,0
80.1,-89.9,0,0,0,0
80.1,-88.8,0,0,0,0
80.1,-87.8,0,0,0,0
80.1,-82.7,0,0,0,0
80.1,-81.7,0,0,0,0
80.1,-80.6,0,0,0,0
80.1,-77.4,0,0,0,0
80.1,-76.4,0,0,0,0
80.1,-75.5,0,0,0,0
80.1,-73.2,0,0,0,0
80.1,-72.2,0,0,0,0
80.1,-70.0,0,0,0,0
80.2,-100.1,0,0,0,0
80.2,-99.1,0,0,0,0
80.2,-97.1,0,0,0,0
80.2,-96.0,0,0,0,0
80.2,-95.0,0,0,0,0
80.2,-94.0,0,0,0,0
80.2,-92.9,0,0,0,0
80.2,-90.9,0,0,0,0
80.2,-89.8,0,0,0,0
80.2,-88.8,0,0,0,0
80.2,-87.8,0,0,0,0
80.2,-86.7,0,0,0,0
80.2,-85.7,0,0,0,0
80.2,-84.7,0,0,0,0
80.2,-83.7,0,0,0,0
80.2,-79.5,0,0,0,0
80.2,-78.4,0,0,0,0
80.2,-75.2,0,0,0,0
80.2,-74.2,0,0,0,0
80.2,-71.0,0,0,0,0
80.3,-91.9,0,0,0,0
80.3,-83.5,0,0,0,0
80.3,-82.5,0,0,0,0
80.3,-81.5,0,0,0,0
80.3,-80.5,0,0,0,0
80.3,-77.2,0,0,0,0
80.3,-76.2,0,0,0,0
80.3,-72.9,0,0,0,0
80.3,-71.9,0,0,0,0
80.3,-69.6,0,0,0,0
80.4,-97.1,0,0,0,0
80.4,-96.1,0,0,0,0
80.4,-95.0,0,0,0,0
80.4,-94.0,0,0,0,0
80.4,-92.9,0,0,0,0
80.4,-91.9,0,0,0,0
80.4,-90.8,0,0,0,0
80.4,-89.8,0,0,0,0
80.4,-88.7,0,0,0,0
80.4,-87.7,0,0,0,0
80.4,-86.7,0,0,0,0
80.4,-85.6,0,0,0,0
80.4,-84.6,0,0,0,0
80.4,-80.3,0,0,0,0
80.4,-79.2,0,0,0,0
80.4,-78.2,0,0,0,0
80.4,-75.9,0,0,0,0
80.4,-74.9,0,0,0,0
80.4,-73.9,0,0,0,0
80.4,-71.6,0,0,0,0
80.4,-70.6,0,0,0,0
80.5,-85.5,0,0,0,0
80.5,-84.5,0,0,0,0
80.5,-83.4,0,0,0,0
80.5,-82.4,0,0,0,0
80.5,-81.3,0,0,0,0
80.5,-78.0,0,0,0,0
80.5,-77.0,0,0,0,0
80.5,-73.6,0,0,0,0
80.5,-72.6,0,0,0,0
80.5,-70.3,0,0,0,0
80.5,-69.3,0,0,0,0
80.6,-96.2,0,0,0,0
80.6,-95.1,0,0,0,0
80.6,-94.0,0,0,0,0
80.6,-93.0,0,0,0,0
80.6,-91.9,0,0,0,0
80.6,-90.8,0,0,0,0
80.6,-89.8,0,0,0,0
80.6,-88.7,0,0,0,0
80.6,-87.6,0,0,0,0
80.6,-86.6,0,0,0,0
80.6,-81.1,0,0,0,0
80.6,-80.1,0,0,0,0
80.6,-79.0,0,0,0,0
80.6,-75.7,0,0,0,0
80.6,-74.6,0,0,0,0
80.6,-72.3,0,0,0,0
80.6,-71.3,0,0,0,0
80.6,-68.9,0,0,0,0
80.7,-86.5,0,0,0,0
80.7,-85.4,0,0,0,0
80.7,-84.3,0,0,0,0
80.7,-83.3,0,0,0,0
80.7,-82.2,0,0,0,0
80.7,-78.8,0,0,0,0
80.7,-77.8,0,0,0,0
80.7,-76.7,0,0,0,0
80.7,-74.4,0,0,0,0
80.7,-73.3,0,0,0,0
80.7,-70.9,0,0,0,0
80.7,-69.9,0,0,0,0
80.7,-67.5,0,0,0,0
80.8,-96.2,0,0,0,0
80.8,-95.2,0,0,0,0
80.8,-94.1,0,0,0,0
80.8,-93.0,0,0,0,0
80.8,-91.9,0,0,0,0
80.8,-90.8,0,0,0,0
80.8,-89.7,0,0,0,0
80.8,-88.6,0,0,0,0
80.8,-87.6,0,0,0,0
80.8,-82.0,0,0,0,0
80.8,-81.0,0,0,0,0
80.8,-79.9,0,0,0,0
80.8,-76.5,0,0,0,0
80.8,-75.4,0,0,0,0
80.8,-72.0,0,0,0,0
80.8,-68.5,0,0,0,0
80.9,-95.2,0,0,0,0
80.9,-94.1,0,0,0,0
80.9,-93.0,0,0,0,0
80.9,-91.9,0,0,0,0
80.9,-90.8,0,0,0,0
80.9,-89.7,0,0,0,0
80.9,-88.6,0,0,0,0
80.9,-87.5,0,0,0,0
80.9,-86.4,0,0,0,0
80.9,-85.3,0,0,0,0
80.9,-84.2,0,0,0,0
80.9,-83.1,0,0,0,0
80.9,-79.7,0,0,0,0
80.9,-78.6,0,0,0,0
80.9,-77.5,0,0,0,0
80.9,-74.1,0,0,0,0
80.9,-73.0,0,0,0,0
80.9,-70.6,0,0,0,0
80.9,-69.5,0,0,0,0
80.9,-67.1,0,0,0,0
81.0,-84.1,0,0,0,0
81.0,-83.0,0,0,0,0
81.0,-81.9,0,0,0,0
81.0,-80.8,0,0,0,0
81.0,-77.3,0,0,0,0
81.0,-76.2,0,0,0,0
81.0,-75.1,0,0,0,0
81.0,-72.7,0,0,0,0
81.0,-71.6,0,0,0,0
81.0,-69.2,0,0,0,0
81.0,-68.1,0,0,0,0
81.1,-95.3,0,0,0,0
81.1,-94.1,0,0,0,0
81.1,-93.0,0,0,0,0
81.1,-91.9,0,0,0,0
81.1,-90.8,0,0,0,0
81.1,-89.6,0,0,0,0
81.1,-88.5,0,0,0,0
81.1,-87.4,0,0,0,0
81.1,-86.3,0,0,0,0
81.1,-85.2,0,0,0,0
81.1,-80.6,0,0,0,0
81.1,-79.5,0,0,0,0
81.1,-78.4,0,0,0,0
81.1,-74.8,0,0,0,0
81.1,-73.7,0,0,0,0
81.1,-71.3,0,0,0,0
81.1,-70.2,0,0,0,0
81.1,-67.7,0,0,0,0
81.1,-66.7,0,0,0,0
81.1,-65.2,0,0,0,0
81.2,-85.1,0,0,0,0
81.2,-83.9,0,0,0,0
81.2,-82.8,0,0,0,0
81.2,-81.7,0,0,0,0
81.2,-78.1,0,0,0,0
81.2,-77.0,0,0,0,0
81.2,-75.9,0,0,0,0
81.2,-73.4,0,0,0,0
81.2,-72.3,0,0,0,0
81.2,-69.8,0,0,0,0
81.2,-68.8,0,0,0,0
81.2,-66.2,0,0,0,0
81.3,-94.2,0,0,0,0
81.3,-93.0,0,0,0,0
81.3,-91.9,0,0,0,0
81.3,-90.8,0,0,0,0
81.3,-89.6,0,0,0,0
81.3,-88.5,0,0,0,0
81.3,-87.3,0,0,0,0
81.3,-86.2,0,0,0,0
81.3,-81.5,0,0,0,0
81.3,-80.4,0,0,0,0
81.3,-79.2,0,0,0,0
81.3,-75.6,0,0,0,0
81.3,-74.5,0,0,0,0
81.3,-70.9,0,0,0,0
81.3,-68.4,0,0,0,0
81.3,-67.3,0,0,0,0
81.3,-64.7,0,0,0,0
81.4,-87.2,0,0,0,0
81.4,-86.1,0,0,0,0
81.4,-84.9,0,0,0,0
81.4,-83.8,0,0,0,0
81.4,-82.6,0,0,0,0
81.4,-79.0,0,0,0,0
81.4,-77.9,0,0,0,0
81.4,-76.7,0,0,0,0
81.4,-73.1,0,0,0,0
81.4,-72.0,0,0,0,0
81.4,-69.4,0,0,0,0
81.4,-66.9,0,0,0,0
81.4,-65.8,0,0,0,0
81.5,-93.1,0,0,0,0
81.5,-91.9,1,0,0,0
81.5,-90.7,1,0,0,0
81.5,-89.6,0,0,0,0
81.5,-88.4,0,0,0,0
81.5,-82.5,0,0,0,0
81.5,-81.3,0,0,0,0
81.5,-80.2,0,0,0,0
81.5,-76.5,0,0,0,0
81.5,-75.3,0,0,0,0
81.5,-74.2,0,0,0,0
81.5,-71.6,0,0,0,0
81.5,-70.5,0,0,0,0
81.5,-67.9,0,0,0,0
81.5,-65.3,0,0,0,0
81.5,-64.3,0,0,0,0
81.6,-91.9,0,1,0,0
81.6,-90.7,0,1,0,0
81.6,-89.5,0,0,0,0
81.6,-88.3,0,0,0,0
81.6,-87.2,0,0,0,0
81.6,-86.0,0,0,0,0
81.6,-84.8,0,0,0,0
81.6,-83.6,0,0,0,0
81.6,-78.8,0,0,0,0
81.6,-77.6,0,0,0,0
81.6,-73.9,0,0,0,0
81.6,-72.8,0,0,0,0
81.6,-70.1,0,0,0,0
81.6,-69.0,0,0,0,0
81.6,-66.4,0,0,0,0
81.7,-83.5,0,0,0,0
81.7,-82.3,0,0,0,0
81.7,-81.1,0,0,0,0
81.7,-79.9,0,0,0,0
81.7,-76.2,0,0,0,0
81.7,-75.0,0,0,0,0
81.7,-72.4,0,0,0,0
81.7,-71.3,0,0,0,0
81.7,-68.6,0,0,0,0
81.7,-67.5,0,0,0,0
81.7,-64.8,0,0,0,0
81.8,-91.9,0,0,0,0
81.8,-90.7,0,0,0,0
81.8,-89.5,0,0,0,0
81.8,-88.3,0,0,0,0
81.8,-87.1,0,0,0,0
81.8,-85.9,0,0,0,0
81.8,-84.7,0,0,0,0
81.8,-79.7,0,0,0,0
81.8,-78.5,0,0,0,0
81.8,-77.4,0,0,0,0
81.8,-74.7,0,0,0,0
81.8,-73.6,0,0,0,0
81.8,-70.9,0,0,0,0
81.8,-69.7,0,0,0,0
81.8,-67.0,0,0,0,0
81.8,-65.9,0,0,0,0
81.8,-64.3,0,0,0,0
81.8,-63.2,0,0,0,0
81.9,-85.8,0,0,0,0
81.9,-84.5,0,0,0,0
81.9,-83.3,0,0,0,0
81.9,-82.1,0,0,0,0
81.9,-80.9,0,0,0,0
81.9,-77.1,0,0,0,0
81.9,-75.9,0,0,0,0
81.9,-72.0,0,0,0,0
81.9,-69.3,0,0,0,0
81.9,-68.2,0,0,0,0
81.9,-65.4,0,0,0,0
81.9,-62.7,0,0,0,0
82.0,-90.7,0,0,0,0
82.0,-89.4,0,0,0,0
82.0,-88.2,0,0,0,0
82.0,-87.0,0,0,0,0
82.0,-80.7,0,0,0,0
82.0,-79.5,0,0,0,0
82.0,-78.3,0,0,0,0
82.0,-75.6,0,0,0,0
82.0,-74.4,0,0,0,0
82.0,-73.2,0,0,0,0
82.0,-70.5,0,0,0,0
82.0,-67.7,0,0,0,0
82.0,-66.6,0,0,0,0
82.0,-63.8,0,0,0,0
82.1,-88.1,0,0,0,0
82.1,-86.9,0,0,0,0
82.1,-85.6,0,0,0,0
82.1,-84.4,0,0,0,0
82.1,-83.1,0,0,0,0
82.1,-81.9,0,0,0,0
82.1,-78.0,0,0,0,0
82.1,-76.8,0,0,0,0
82.1,-72.8,0,0,0,0
82.1,-71.7,0,0,0,0
82.1,-68.9,0,0,0,0
82.1,-66.1,0,0,0,0
82.1,-64.9,0,0,0,0
82.1,-62.2,0,0,0,0
82.2,-83.0,0,0,0,0
82.2,-81.7,0,0,0,0
82.2,-80.5,0,0,0,0
82.2,-79.2,0,0,0,0
82.2,-75.3,0,0,0,0
82.2,-74.0,0,0,0,0
82.2,-71.3,0,0,0,0
82.2,-70.1,0,0,0,0
82.2,-67.3,0,0,0,0
82.2,-64.4,0,0,0,0
82.2,-63.3,0,0,0,0
82.2,-61.6,0,0,0,0
82.3,-86.8,0,0,0,0
82.3,-85.5,0,0,0,0
82.3,-84.2,0,0,0,0
82.3,-79.0,0,0,0,0
82.3,-77.7,0,0,0,0
82.3,-76.5,0,0,0,0
82.3,-73.7,0,0,0,0
82.3,-72.5,0,0,0,0
82.3,-69.6,0,0,0,0
82.3,-68.4,0,0,0,0
82.3,-65.6,0,0,0,0
82.3,-62.7,0,0,0,0
82.4,-84.1,0,0,0,0
82.4,-82.8,0,0,0,0
82.4,-81.5,0,0,0,0
82.4,-80.2,0,0,0,0
82.4,-76.2,0,0,0,0
82.4,-74.9,0,0,0,0
82.4,-72.1,0,0,0,0
82.4,-70.8,0,0,0,0
82.4,-68.0,0,0,0,0
82.4,-66.8,0,0,0,0
82.4,-63.9,0,0,0,0
82.4,-61.0,0,0,0,0
82.5,-85.4,0,0,0,0
82.5,-80.0,0,0,0,0
82.5,-78.7,0,0,0,0
82.5,-77.4,0,0,0,0
82.5,-74.6,0,0,0,0
82.5,-73.3,0,0,0,0
82.5,-70.4,0,0,0,0
82.5,-69.2,0,0,0,0
82.5,-66.3,0,0,0,0
82.5,-65.1,0,0,0,0
82.5,-63.3,0,0,0,0
82.5,-62.1,0,0,0,0
82.6,-82.6,0,0,0,0
82.6,-81.3,0,0,0,0
82.6,-77.1,0,0,0,0
82.6,-75.9,0,0,0,0
82.6,-71.7,0,0,0,0
82.6,-67.5,0,0,0,0
82.6,-64.5,0,0,0,0
82.7,-81.1,0,0,0,0
82.7,-79.8,0,0,0,0
82.7,-78.4,0,0,0,0
82.7,-75.5,0,0,0,0
82.7,-74.2,0,0,0,0
82.7,-72.9,0,0,0,0
82.7,-70.0,0,0,0,0
82.7,-68.7,0,0,0,0
82.7,-67.0,0,0,0,0
82.7,-65.7,0,0,0,0
82.7,-62.7,0,0,0,0
82.8,-82.4,0,0,0,0
82.8,-78.2,0,0,0,0
82.8,-76.8,0,0,0,0
82.8,-72.5,0,0,0,0
82.8,-71.2,0,0,0,0
82.8,-68.2,0,0,0,0
82.8,-65.2,0,0,0,0
82.8,-64.0,0,0,0,0
82.9,-80.8,0,0,0,0
82.9,-79.5,0,0,0,0
82.9,-75.2,0,0,0,0
82.9,-73.8,0,0,0,0
82.9,-70.8,0,0,0,0
82.9,-69.5,0,0,0,0
82.9,-66.4,0,0,0,0
83.0,-79.2,0,0,0,0
83.0,-77.9,0,0,0,0
83.0,-76.5,0,0,0,0
83.0,-73.5,0,0,0,0
83.0,-72.1,0,0,0,0
83.0,-69.0,0,0,0,0
83.0,-67.7,0,0,0,0
83.1,-76.2,0,0,0,0
83.1,-74.8,0,0,0,0
83.1,-71.7,0,0,0,0
83.1,-70.3,0,0,0,0
83.2,-77.5,0,0,0,0
83.2,-73.0,0,0,0,0
