lon,lat,LCOE,max_elc,demand,co2,region,up_id,down_id,right_id,left_id,right_distance,left_distance,up_distance,down_distance,site_id,co2_cost
-141,60,0.056970275,990423.1093,0.0,0.0,R0,R1,R-999,R11,R-999,55.799470393260385,,111.42072786973738,,R0,50
-141,61,0.10029576666666666,1805530.18595,0.0,0.0,R1,R2,R0,R12,R-999,54.106952852548226,,111.43737284500068,111.42072786973738,R1,50
-141,62,0.13873473,935088.40031,0.0,0.0,R2,R3,R1,R13,R-999,52.39772668635684,,111.45364869914782,111.43737284500068,R2,50
-141,63,0.12036938333333332,1248552.22053,0.0,0.0,R3,R4,R2,R14,R-999,50.672313414069706,,111.46953532428122,111.45364869914782,R3,50
-141,64,0.0804090375,1285274.90565,0.0,0.0,R4,R5,R3,R15,R-999,48.93124010863544,,111.48501307932553,111.46953532428122,R4,50
-141,65,0.0546795,1575932.6464,0.0,0.0,R5,R6,R4,R16,R-999,47.175039232189974,,111.500062815354,111.48501307932553,R5,50
-141,66,0.05464087777777778,1938626.0353,0.0,0.0,R6,R7,R5,R17,R-999,45.404248468318045,,111.51466590034875,111.500062815354,R6,50
-141,67,0.04975144166666667,2995238.1099,0.0,0.0,R7,R8,R6,R18,R-999,43.61941055101836,,111.52880424334909,111.51466590034875,R7,50
-141,68,0.09521199090909092,1681661.16017,0.0,0.0,R8,R9,R7,R19,R-999,41.82107309044281,,111.54246031795869,111.52880424334909,R8,50
-141,69,0.07642990000000001,2055245.41261,0.0,0.0,R9,R10,R8,R20,R-999,40.009788395485515,,111.55561718517784,111.54246031795869,R9,50
-141,70,0.03825035,627453.0095,0.0,0.0,R10,R-999,R9,R21,R-999,38.18611329330402,,,111.55561718517784,R10,50
-140,60,0.06162122,941197.3334,0.0,0.0,R11,R12,R-999,R22,R0,55.799470393260385,55.799470393260385,111.42072786973738,,R11,50
-140,61,0.07406652666666667,3081879.11307,0.0,0.0,R12,R13,R11,R23,R1,54.106952852548226,54.106952852548226,111.43737284500068,111.42072786973738,R12,50
-140,62,0.15598578181818182,837968.58702,0.0,0.0,R13,R14,R12,R24,R2,52.39772668635684,52.39772668635684,111.45364869914782,111.43737284500068,R13,50
-140,63,0.117085675,1223427.40682,0.0,0.0,R14,R15,R13,R25,R3,50.672313414069706,50.672313414069706,111.46953532428122,111.45364869914782,R14,50
-140,64,0.097631025,2111442.98737,0.0,0.0,R15,R16,R14,R26,R4,48.93124010863544,48.93124010863544,111.48501307932553,111.46953532428122,R15,50
-140,65,0.05618271666666667,2644297.196,0.0,0.0,R16,R17,R15,R27,R5,47.175039232189974,47.175039232189974,111.500062815354,111.48501307932553,R16,50
-140,66,0.04508079166666667,3235384.3254,0.0,0.0,R17,R18,R16,R28,R6,45.404248468318045,45.404248468318045,111.51466590034875,111.500062815354,R17,50
-140,67,0.061456383333333336,2508768.04824,0.0,0.0,R18,R19,R17,R29,R7,43.61941055101836,43.61941055101836,111.52880424334909,111.51466590034875,R18,50
-140,68,0.07793634,1548115.8961,0.0,0.0,R19,R20,R18,R30,R8,41.82107309044281,41.82107309044281,111.54246031795869,111.52880424334909,R19,50
-140,69,0.052324855555555556,2155935.1084000003,0.0,0.0,R20,R21,R19,R31,R9,40.009788395485515,40.009788395485515,111.55561718517784,111.54246031795869,R20,50
-140,70,0.0319899,724090.7196,0.0,0.0,R21,R-999,R20,R32,R10,38.18611329330402,38.18611329330402,,111.55561718517784,R21,50
-139,60,0.03540979090909091,3113248.06,0.0,0.0,R22,R23,R-999,R34,R11,55.799470393260385,55.799470393260385,111.42072786973738,,R22,50
-139,61,0.05169155714285715,3076826.39805,134.0313876,0.0,R23,R24,R22,R35,R12,54.106952852548226,54.106952852548226,111.43737284500068,111.42072786973738,R23,50
-139,62,0.10069010666666665,1825000.76443,0.0,0.0,R24,R25,R23,R36,R13,52.39772668635684,52.39772668635684,111.45364869914782,111.43737284500068,R24,50
-139,63,0.1181791923076923,1455260.89882,0.0,0.0,R25,R26,R24,R37,R14,50.672313414069706,50.672313414069706,111.46953532428122,111.45364869914782,R25,50
-139,64,0.10007075833333333,1529436.29201,0.0,0.0,R26,R27,R25,R38,R15,48.93124010863544,48.93124010863544,111.48501307932553,111.46953532428122,R26,50
-139,65,0.04611671428571429,3127270.3128,209.6364168,0.0,R27,R28,R26,R39,R16,47.175039232189974,47.175039232189974,111.500062815354,111.48501307932553,R27,50
-139,66,0.075838475,2188165.88217,0.0,0.0,R28,R29,R27,R40,R17,45.404248468318045,45.404248468318045,111.51466590034875,111.500062815354,R28,50
-139,67,0.08527408333333332,1719579.66413,0.0,0.0,R29,R30,R28,R41,R18,43.61941055101836,43.61941055101836,111.52880424334909,111.51466590034875,R29,50
-139,68,0.05968738888888889,1894107.6547,0.0,0.0,R30,R31,R29,R42,R19,41.82107309044281,41.82107309044281,111.54246031795869,111.52880424334909,R30,50
-139,69,0.04243838333333333,2827731.0398,3.020425636,0.0,R31,R32,R30,R43,R20,40.009788395485515,40.009788395485515,111.55561718517784,111.54246031795869,R31,50
-139,70,0.032055466666666664,1083375.7445,0.0,0.0,R32,R-999,R31,R77,R21,152.71877416769337,38.18611329330402,,111.55561718517784,R32,50
-138,59,0.047466133333333334,753672.2753,0.0,0.0,R33,R34,R-999,R44,R-999,57.47476350363418,,111.40373432223176,,R33,50
-138,60,0.039178033333333334,3598413.2165,0.0,0.0,R34,R35,R33,R45,R22,55.799470393260385,55.799470393260385,111.42072786973738,111.40373432223176,R34,50
-138,61,0.04971195625,3774067.7071,0.0,0.0,R35,R36,R34,R46,R23,54.106952852548226,54.106952852548226,111.43737284500068,111.42072786973738,R35,50
-138,62,0.06736849285714286,2498153.7076,0.0,0.0,R36,R37,R35,R47,R24,52.39772668635684,52.39772668635684,111.45364869914782,111.43737284500068,R36,50
-138,63,0.09453933333333332,1503364.98134,0.0,0.0,R37,R38,R36,R48,R25,50.672313414069706,50.672313414069706,111.46953532428122,111.45364869914782,R37,50
-138,64,0.09620886428571429,1882007.71008,0.0,0.0,R38,R39,R37,R49,R26,48.93124010863544,48.93124010863544,111.48501307932553,111.46953532428122,R38,50
-138,65,0.05507455,2609576.4411,0.0,0.0,R39,R40,R38,R50,R27,47.175039232189974,47.175039232189974,111.500062815354,111.48501307932553,R39,50
-138,66,0.09994645833333334,1558000.88351,0.0,0.0,R40,R41,R39,R51,R28,45.404248468318045,45.404248468318045,111.51466590034875,111.500062815354,R40,50
-138,67,0.12861938333333334,1151514.34453,0.0,0.0,R41,R42,R40,R52,R29,43.61941055101836,43.61941055101836,111.52880424334909,111.51466590034875,R41,50
-138,68,0.053564310000000004,2581960.8607,0.0,0.0,R42,R43,R41,R53,R30,41.82107309044281,41.82107309044281,111.54246031795869,111.52880424334909,R42,50
-138,69,0.042945033333333334,2465946.2018,0.0,0.0,R43,R-999,R42,R54,R31,40.009788395485515,40.009788395485515,,111.54246031795869,R43,50
-137,59,0.04474915,2249643.1033,0.0,0.0,R44,R45,R-999,R55,R33,57.47476350363418,57.47476350363418,111.40373432223176,,R44,50
-137,60,0.041718986666666666,4284995.6186999995,0.0,0.0,R45,R46,R44,R56,R34,55.799470393260385,55.799470393260385,111.42072786973738,111.40373432223176,R45,50
-137,61,0.05207743571428571,3245579.7749,0.0,0.0,R46,R47,R45,R57,R35,54.106952852548226,54.106952852548226,111.43737284500068,111.42072786973738,R46,50
-137,62,0.05993412142857143,2885946.4145,0.0,0.0,R47,R48,R46,R58,R36,52.39772668635684,52.39772668635684,111.45364869914782,111.43737284500068,R47,50
-137,63,0.07851855384615385,1961274.2322,0.0,0.0,R48,R49,R47,R59,R37,50.672313414069706,50.672313414069706,111.46953532428122,111.45364869914782,R48,50
-137,64,0.07740984615384616,2069034.72339,0.0,0.0,R49,R50,R48,R60,R38,48.93124010863544,48.93124010863544,111.48501307932553,111.46953532428122,R49,50
-137,65,0.060841433333333333,2377380.2192,0.0,0.0,R50,R51,R49,R61,R39,47.175039232189974,47.175039232189974,111.500062815354,111.48501307932553,R50,50
-137,66,0.07263952727272728,1852689.3388,0.0,0.0,R51,R52,R50,R62,R40,45.404248468318045,45.404248468318045,111.51466590034875,111.500062815354,R51,50
-137,67,0.08805519166666666,1884143.41436,0.0,0.0,R52,R53,R51,R63,R41,43.61941055101836,43.61941055101836,111.52880424334909,111.51466590034875,R52,50
-137,68,0.04734209166666667,2969706.1968,0.0,0.0,R53,R54,R52,R64,R42,41.82107309044281,41.82107309044281,111.54246031795869,111.52880424334909,R53,50
-137,69,0.040091716666666666,1749617.7908,0.0,0.0,R54,R-999,R53,R65,R43,40.009788395485515,40.009788395485515,,111.54246031795869,R54,50
-136,59,0.0588204,196658.5686,0.0,0.0,R55,R56,R-999,R66,R44,57.47476350363418,57.47476350363418,111.40373432223176,,R55,50
-136,60,0.040927533333333335,4468631.2372,0.0,0.0,R56,R57,R55,R67,R45,55.799470393260385,55.799470393260385,111.42072786973738,111.40373432223176,R56,50
-136,61,0.0553518923076923,2879296.0753,0.0,0.0,R57,R58,R56,R68,R46,54.106952852548226,54.106952852548226,111.43737284500068,111.42072786973738,R57,50
-136,62,0.06863510714285714,2425852.5248,0.0,0.0,R58,R59,R57,R69,R47,52.39772668635684,52.39772668635684,111.45364869914782,111.43737284500068,R58,50
-136,63,0.0769705125,2220045.09466,270.1393178,0.0,R59,R60,R58,R70,R48,50.672313414069706,50.672313414069706,111.46953532428122,111.45364869914782,R59,50
-136,64,0.11955335454545456,1205272.40919,0.0,0.0,R60,R61,R59,R71,R49,48.93124010863544,48.93124010863544,111.48501307932553,111.46953532428122,R60,50
-136,65,0.056364123076923074,2791583.4461,0.0,0.0,R61,R62,R60,R72,R50,47.175039232189974,47.175039232189974,111.500062815354,111.48501307932553,R61,50
-136,66,0.05718270833333333,2677768.859,0.0,0.0,R62,R63,R61,R73,R51,45.404248468318045,45.404248468318045,111.51466590034875,111.500062815354,R62,50
-136,67,0.048611936363636365,2812252.2499,0.0,0.0,R63,R64,R62,R74,R52,43.61941055101836,43.61941055101836,111.52880424334909,111.51466590034875,R63,50
-136,68,0.053135418181818175,2501919.6269,0.0,0.0,R64,R65,R63,R75,R53,41.82107309044281,41.82107309044281,111.54246031795869,111.52880424334909,R64,50
-136,69,0.036903225,2553216.2081999998,0.0,0.0,R65,R-999,R64,R76,R54,40.009788395485515,40.009788395485515,,111.54246031795869,R65,50
-135,59,0.02255376,1647287.6775,18.40571872,0.0,R66,R67,R-999,R78,R55,57.47476350363418,57.47476350363418,111.40373432223176,,R66,50
-135,60,0.04094885,4178554.8075,0.0,0.0,R67,R68,R66,R79,R56,55.799470393260385,55.799470393260385,111.42072786973738,111.40373432223176,R67,50
-135,61,0.05497093333333333,3231505.6548,0.0,0.0,R68,R69,R67,R80,R57,54.106952852548226,54.106952852548226,111.43737284500068,111.42072786973738,R68,50
-135,62,0.06979194615384615,2275824.2738,0.0,0.0,R69,R70,R68,R81,R58,52.39772668635684,52.39772668635684,111.45364869914782,111.43737284500068,R69,50
-135,63,0.08672909999999999,1835779.5739,0.0,0.0,R70,R71,R69,R82,R59,50.672313414069706,50.672313414069706,111.46953532428122,111.45364869914782,R70,50
-135,64,0.10161877142857142,1652917.2106,0.0,0.0,R71,R72,R70,R83,R60,48.93124010863544,48.93124010863544,111.48501307932553,111.46953532428122,R71,50
-135,65,0.06137410000000001,2434032.5359,0.0,0.0,R72,R73,R71,R84,R61,47.175039232189974,47.175039232189974,111.500062815354,111.48501307932553,R72,50
-135,66,0.06361846153846154,2466575.1391000003,0.0,0.0,R73,R74,R72,R85,R62,45.404248468318045,45.404248468318045,111.51466590034875,111.500062815354,R73,50
-135,67,0.09059336363636364,1418503.4287,0.0,0.0,R74,R75,R73,R86,R63,43.61941055101836,43.61941055101836,111.52880424334909,111.51466590034875,R74,50
-135,68,0.05359722727272727,2433988.1415,0.0,0.0,R75,R76,R74,R87,R64,41.82107309044281,41.82107309044281,111.54246031795869,111.52880424334909,R75,50
-135,69,0.03806138181818182,3394470.704,0.0,0.0,R76,R77,R75,R88,R65,40.009788395485515,40.009788395485515,111.55561718517784,111.54246031795869,R76,50
-135,70,0.030602466666666665,1134266.8225,0.0,0.0,R77,R-999,R76,R89,R32,38.18611329330402,152.71877416769337,,111.55561718517784,R77,50
-134,59,0.04553719166666667,3374727.0411,0.0,0.0,R78,R79,R-999,R93,R66,57.47476350363418,57.47476350363418,111.40373432223176,,R78,50
-134,60,0.0604187625,3116266.8161,0.0,0.0,R79,R80,R78,R94,R67,55.799470393260385,55.799470393260385,111.42072786973738,111.40373432223176,R79,50
-134,61,0.05906851428571429,2943534.6606,0.0,0.0,R80,R81,R79,R95,R68,54.106952852548226,54.106952852548226,111.43737284500068,111.42072786973738,R80,50
-134,62,0.06262267142857143,2783633.0151,0.0,0.0,R81,R82,R80,R96,R69,52.39772668635684,52.39772668635684,111.45364869914782,111.43737284500068,R81,50
-134,63,0.09215128461538462,1722001.9778,0.0,0.0,R82,R83,R81,R97,R70,50.672313414069706,50.672313414069706,111.46953532428122,111.45364869914782,R82,50
-134,64,0.12166246153846154,1373779.0931,0.0,0.0,R83,R84,R82,R98,R71,48.93124010863544,48.93124010863544,111.48501307932553,111.46953532428122,R83,50
-134,65,0.057839633333333335,2471407.4567,0.0,0.0,R84,R85,R83,R99,R72,47.175039232189974,47.175039232189974,111.500062815354,111.48501307932553,R84,50
-134,66,0.06686196363636364,1970268.3537,0.0,0.0,R85,R86,R84,R100,R73,45.404248468318045,45.404248468318045,111.51466590034875,111.500062815354,R85,50
-134,67,0.07648673846153846,1979049.6884,0.0,0.0,R86,R87,R85,R101,R74,43.61941055101836,43.61941055101836,111.52880424334909,111.51466590034875,R86,50
-134,68,0.053483054545454545,1997549.2934,556.985365,0.0,R87,R88,R86,R102,R75,41.82107309044281,41.82107309044281,111.54246031795869,111.52880424334909,R87,50
-134,69,0.040199536363636365,3221268.9571,0.0,0.0,R88,R89,R87,R103,R76,40.009788395485515,40.009788395485515,111.55561718517784,111.54246031795869,R88,50
-134,70,0.03107726666666667,1117124.4027,0.0,0.0,R89,R-999,R88,R104,R77,38.18611329330402,38.18611329330402,,111.55561718517784,R89,50
-133,53,0.028321199999999998,818241.1512,0.0,0.0,R90,R91,R-999,R106,R-999,67.13668303003111,,111.2956525875423,,R90,50
-133,54,0.03502455454545455,3831858.9262,0.0,0.0,R91,R92,R90,R107,R-999,65.57522899348992,,445.3666436003619,111.2956525875423,R91,50
-133,58,0.03465270833333333,4074852.4138,0.0,0.0,R92,R93,R91,R110,R-999,59.13232225082162,,111.38641316596589,445.3666436003619,R92,50
-133,59,0.05726479375,3471504.256,0.0,0.0,R93,R94,R92,R111,R78,57.47476350363418,57.47476350363418,111.40373432223176,111.38641316596589,R93,50
-133,60,0.06119427692307692,2628342.6573,0.0,0.0,R94,R95,R93,R112,R79,55.799470393260385,55.799470393260385,111.42072786973738,111.40373432223176,R94,50
-133,61,0.07052173333333332,2601516.4665,0.0,0.0,R95,R96,R94,R113,R80,54.106952852548226,54.106952852548226,111.43737284500068,111.42072786973738,R95,50
-133,62,0.06022892142857143,2906777.0047,0.0,0.0,R96,R97,R95,R114,R81,52.39772668635684,52.39772668635684,111.45364869914782,111.43737284500068,R96,50
-133,63,0.08858964285714287,1957367.63934,0.0,0.0,R97,R98,R96,R115,R82,50.672313414069706,50.672313414069706,111.46953532428122,111.45364869914782,R97,50
-133,64,0.10021114615384616,1603864.5467400001,0.0,0.0,R98,R99,R97,R116,R83,48.93124010863544,48.93124010863544,111.48501307932553,111.46953532428122,R98,50
-133,65,0.06056693333333333,2358164.167,0.0,0.0,R99,R100,R98,R117,R84,47.175039232189974,47.175039232189974,111.500062815354,111.48501307932553,R99,50
-133,66,0.079859725,1784426.0959,0.0,0.0,R100,R101,R99,R118,R85,45.404248468318045,45.404248468318045,111.51466590034875,111.500062815354,R100,50
-133,67,0.07590152,1545453.0223,0.0,0.0,R101,R102,R100,R119,R86,43.61941055101836,43.61941055101836,111.52880424334909,111.51466590034875,R101,50
-133,68,0.054980525,2562306.428,0.0,0.0,R102,R103,R101,R120,R87,41.82107309044281,41.82107309044281,111.54246031795869,111.52880424334909,R102,50
-133,69,0.044672869999999996,2665542.9030999998,0.0,0.0,R103,R104,R102,R121,R88,40.009788395485515,40.009788395485515,111.55561718517784,111.54246031795869,R103,50
-133,70,0.03419995,676465.6257,0.0,0.0,R104,R-999,R103,R122,R89,38.18611329330402,38.18611329330402,,111.55561718517784,R104,50
-132,52,0.0299559,386151.3777,0.0,0.0,R105,R106,R-999,R123,R-999,68.67747478989759,,111.27682580399299,,R105,50
-132,53,0.03436116875,4855491.3685,520.0795392,0.0,R106,R107,R105,R124,R90,67.13668303003111,67.13668303003111,111.2956525875423,111.27682580399299,R106,50
-132,54,0.0349009,4266772.6446,0.0,0.0,R107,R108,R106,R125,R91,65.57522899348992,65.57522899348992,222.64698405518604,111.2956525875423,R107,50
-132,56,0.0407151,284109.2458,0.0,0.0,R108,R109,R107,R127,R-999,62.39222720455756,,111.35087379293904,222.64698405518604,R108,50
-132,57,0.04388132307692308,3646497.1007000003,0.0,0.0,R109,R110,R108,R128,R-999,60.771642727955076,,111.36878575223717,111.35087379293904,R109,50
-132,58,0.055595175000000004,3532900.8452,0.0,0.0,R110,R111,R109,R129,R92,59.13232225082162,59.13232225082162,111.38641316596589,111.36878575223717,R110,50
-132,59,0.06831617142857142,2493697.1888,0.0,0.0,R111,R112,R110,R130,R93,57.47476350363418,57.47476350363418,111.40373432223176,111.38641316596589,R111,50
-132,60,0.0624358625,3093360.1901000002,0.0,0.0,R112,R113,R111,R131,R94,55.799470393260385,55.799470393260385,111.42072786973738,111.40373432223176,R112,50
-132,61,0.06653721428571428,2574585.5422,0.0,0.0,R113,R114,R112,R132,R95,54.106952852548226,54.106952852548226,111.43737284500068,111.42072786973738,R113,50
-132,62,0.08518614615384615,2005768.0307,0.0,0.0,R114,R115,R113,R133,R96,52.39772668635684,52.39772668635684,111.45364869914782,111.43737284500068,R114,50
-132,63,0.08931117692307693,1773894.9357,0.0,0.0,R115,R116,R114,R134,R97,50.672313414069706,50.672313414069706,111.46953532428122,111.45364869914782,R115,50
-132,64,0.082937375,1775542.4598,0.0,0.0,R116,R117,R115,R135,R98,48.93124010863544,48.93124010863544,111.48501307932553,111.46953532428122,R116,50
-132,65,0.05212574615384616,2957825.3638,0.0,0.0,R117,R118,R116,R136,R99,47.175039232189974,47.175039232189974,111.500062815354,111.48501307932553,R117,50
-132,66,0.08345899166666666,1687226.9608,0.0,0.0,R118,R119,R117,R137,R100,45.404248468318045,45.404248468318045,111.51466590034875,111.500062815354,R118,50
-132,67,0.08104837499999999,1757543.5313,0.0,0.0,R119,R120,R118,R138,R101,43.61941055101836,43.61941055101836,111.52880424334909,111.51466590034875,R119,50
-132,68,0.060145040000000004,2077686.5403,0.0,0.0,R120,R121,R119,R139,R102,41.82107309044281,41.82107309044281,111.54246031795869,111.52880424334909,R120,50
-132,69,0.04269685833333334,3293114.2987,0.0,0.0,R121,R122,R120,R140,R103,40.009788395485515,40.009788395485515,111.55561718517784,111.54246031795869,R121,50
-132,70,0.03316413333333334,1048070.7503,0.0,0.0,R122,R-999,R121,R141,R104,38.18611329330402,38.18611329330402,,111.55561718517784,R122,50
-131,52,0.027941499999999998,2497900.2427000003,0.0,0.0,R123,R124,R-999,R161,R105,137.35170172372824,68.67747478989759,111.27682580399299,,R123,50
-131,53,0.0268422,1307329.7297999999,0.0,0.0,R124,R125,R123,R142,R106,67.13668303003111,67.13668303003111,111.2956525875423,111.27682580399299,R124,50
-131,54,0.026699814285714284,3058060.627,0.0,0.0,R125,R126,R124,R143,R107,65.57522899348992,65.57522899348992,111.31428472223197,111.2956525875423,R125,50
-131,55,0.02964415,1607117.6717,0.0,0.0,R126,R127,R125,R144,R-999,63.993584273358834,,111.3326993329539,111.31428472223197,R126,50
-131,56,0.058228833333333334,642414.2003,0.0,0.0,R127,R128,R126,R145,R108,62.39222720455756,62.39222720455756,111.35087379293904,111.3326993329539,R127,50
-131,57,0.04341462777777778,4399355.3950000005,82.58976349,0.0,R128,R129,R127,R146,R109,60.771642727955076,60.771642727955076,111.36878575223717,111.35087379293904,R128,50
-131,58,0.06698899999999999,3023961.7253,0.0,0.0,R129,R130,R128,R147,R110,59.13232225082162,59.13232225082162,111.38641316596589,111.36878575223717,R129,50
-131,59,0.05218430625,3812433.6217,0.0,0.0,R130,R131,R129,R148,R111,57.47476350363418,57.47476350363418,111.40373432223176,111.38641316596589,R130,50
-131,60,0.04215992666666667,3675743.4367,3544.752649,0.0,R131,R132,R130,R149,R112,55.799470393260385,55.799470393260385,111.42072786973738,111.40373432223176,R131,50
-131,61,0.05409317142857143,3194559.662,0.0,0.0,R132,R133,R131,R150,R113,54.106952852548226,54.106952852548226,111.43737284500068,111.42072786973738,R132,50
-131,62,0.0899056642857143,1972849.68617,0.0,0.0,R133,R134,R132,R151,R114,52.39772668635684,52.39772668635684,111.45364869914782,111.43737284500068,R133,50
-131,63,0.09321469230769232,1673010.70136,0.0,0.0,R134,R135,R133,R152,R115,50.672313414069706,50.672313414069706,111.46953532428122,111.45364869914782,R134,50
-131,64,0.06342981538461538,2481925.6950000003,0.0,0.0,R135,R136,R134,R153,R116,48.93124010863544,48.93124010863544,111.48501307932553,111.46953532428122,R135,50
-131,65,0.061024725,2368821.7086,0.0,0.0,R136,R137,R135,R154,R117,47.175039232189974,47.175039232189974,111.500062815354,111.48501307932553,R136,50
-131,66,0.08109302307692307,1877289.4982,0.0,0.0,R137,R138,R136,R155,R118,45.404248468318045,45.404248468318045,111.51466590034875,111.500062815354,R137,50
-131,67,0.0797363909090909,1648941.0172,0.0,0.0,R138,R139,R137,R156,R119,43.61941055101836,43.61941055101836,111.52880424334909,111.51466590034875,R138,50
-131,68,0.06709785454545454,1943035.9817,0.0,0.0,R139,R140,R138,R157,R120,41.82107309044281,41.82107309044281,111.54246031795869,111.52880424334909,R139,50
-131,69,0.04561518,2560577.3392,0.0,0.0,R140,R141,R139,R158,R121,40.009788395485515,40.009788395485515,111.55561718517784,111.54246031795869,R140,50
-131,70,0.03421202857142857,2372673.7343,0.0,0.0,R141,R-999,R140,R159,R122,38.18611329330402,38.18611329330402,,111.55561718517784,R141,50
-130,53,0.02929926,4035842.4129,0.0,0.0,R142,R143,R-999,R162,R124,67.13668303003111,67.13668303003111,111.2956525875423,,R142,50
-130,54,0.038744961111111115,5448700.5487,0.0,0.0,R143,R144,R142,R163,R125,65.57522899348992,65.57522899348992,111.31428472223197,111.2956525875423,R143,50
-130,55,0.0502543875,3826295.8216,0.0,0.0,R144,R145,R143,R164,R126,63.993584273358834,63.993584273358834,111.3326993329539,111.31428472223197,R144,50
-130,56,0.04829786,3840249.3843,0.0,0.0,R145,R146,R144,R165,R127,62.39222720455756,62.39222720455756,111.35087379293904,111.3326993329539,R145,50
-130,57,0.048455325,3987126.1862,0.0,0.0,R146,R147,R145,R166,R128,60.771642727955076,60.771642727955076,111.36878575223717,111.35087379293904,R146,50
-130,58,0.05558463333333333,3363370.4255,0.0,0.0,R147,R148,R146,R167,R129,59.13232225082162,59.13232225082162,111.38641316596589,111.36878575223717,R147,50
-130,59,0.049838799999999996,3984479.6963,0.0,0.0,R148,R149,R147,R168,R130,57.47476350363418,57.47476350363418,111.40373432223176,111.38641316596589,R148,50
-130,60,0.07041757692307692,2563321.67496,0.0,0.0,R149,R150,R148,R169,R131,55.799470393260385,55.799470393260385,111.42072786973738,111.40373432223176,R149,50
-130,61,0.08505855333333333,2470418.11198,0.0,0.0,R150,R151,R149,R170,R132,54.106952852548226,54.106952852548226,111.43737284500068,111.42072786973738,R150,50
-130,62,0.08790437499999999,1674239.20595,0.0,0.0,R151,R152,R150,R171,R133,52.39772668635684,52.39772668635684,111.45364869914782,111.43737284500068,R151,50
-130,63,0.07186826428571429,2420630.3028,0.0,0.0,R152,R153,R151,R172,R134,50.672313414069706,50.672313414069706,111.46953532428122,111.45364869914782,R152,50
-130,64,0.062262000000000005,2314617.5537,0.0,0.0,R153,R154,R152,R173,R135,48.93124010863544,48.93124010863544,111.48501307932553,111.46953532428122,R153,50
-130,65,0.06727148666666666,2416710.5068800002,185.2842351,0.0,R154,R155,R153,R174,R136,47.175039232189974,47.175039232189974,111.500062815354,111.48501307932553,R154,50
-130,66,0.08668876363636363,1523311.37697,0.0,0.0,R155,R156,R154,R175,R137,45.404248468318045,45.404248468318045,111.51466590034875,111.500062815354,R155,50
-130,67,0.08141393846153845,1885648.05,0.0,0.0,R156,R157,R155,R176,R138,43.61941055101836,43.61941055101836,111.52880424334909,111.51466590034875,R156,50
-130,68,0.07049872727272727,1868248.5514,0.0,0.0,R157,R158,R156,R177,R139,41.82107309044281,41.82107309044281,111.54246031795869,111.52880424334909,R157,50
-130,69,0.045241672727272725,2837376.7337,0.0,0.0,R158,R159,R157,R178,R140,40.009788395485515,40.009788395485515,111.55561718517784,111.54246031795869,R158,50
-130,70,0.03278593333333333,3202519.8686,0.0,0.0,R159,R-999,R158,R179,R141,38.18611329330402,38.18611329330402,,111.55561718517784,R159,50
-129,51,0.025734233333333332,1348736.2803,0.0,0.0,R160,R161,R-999,R182,R-999,70.19713955405018,,111.25782746631153,,R160,50
-129,52,0.02958875,2377552.7508,0.0,0.0,R161,R162,R160,R183,R123,68.67747478989759,137.35170172372824,111.27682580399299,111.25782746631153,R161,50
-129,53,0.04072180555555555,5305227.1014,0.0,0.0,R162,R163,R161,R184,R142,67.13668303003111,67.13668303003111,111.2956525875423,111.27682580399299,R162,50
-129,54,0.04558291666666667,4202732.693,4804.742081,0.0,R163,R164,R162,R185,R143,65.57522899348992,65.57522899348992,111.31428472223197,111.2956525875423,R163,50
-129,55,0.05274885625,3651499.7448,0.0,0.0,R164,R165,R163,R186,R144,63.993584273358834,63.993584273358834,111.3326993329539,111.31428472223197,R164,50
-129,56,0.07916441111111111,2992838.63008,0.0,0.0,R165,R166,R164,R187,R145,62.39222720455756,62.39222720455756,111.35087379293904,111.3326993329539,R165,50
-129,57,0.05636422666666666,3213997.9157,0.0,0.0,R166,R167,R165,R188,R146,60.771642727955076,60.771642727955076,111.36878575223717,111.35087379293904,R166,50
-129,58,0.06075224117647058,3555867.44656,0.0,0.0,R167,R168,R166,R189,R147,59.13232225082162,59.13232225082162,111.38641316596589,111.36878575223717,R167,50
-129,59,0.048813699999999995,3625547.0353,0.0,0.0,R168,R169,R167,R190,R148,57.47476350363418,57.47476350363418,111.40373432223176,111.38641316596589,R168,50
-129,60,0.08663529333333334,2128763.68884,0.0,0.0,R169,R170,R168,R191,R149,55.799470393260385,55.799470393260385,111.42072786973738,111.40373432223176,R169,50
-129,61,0.09569062666666667,1940186.29172,0.0,0.0,R170,R171,R169,R192,R150,54.106952852548226,54.106952852548226,111.43737284500068,111.42072786973738,R170,50
-129,62,0.07104702666666668,2714281.3012,0.0,0.0,R171,R172,R170,R193,R151,52.39772668635684,52.39772668635684,111.45364869914782,111.43737284500068,R171,50
-129,63,0.06834141538461538,2369697.3585,0.0,0.0,R172,R173,R171,R194,R152,50.672313414069706,50.672313414069706,111.46953532428122,111.45364869914782,R172,50
-129,64,0.06220676153846154,2561313.4006,0.0,0.0,R173,R174,R172,R195,R153,48.93124010863544,48.93124010863544,111.48501307932553,111.46953532428122,R173,50
-129,65,0.07943565,1861344.4864100001,0.0,0.0,R174,R175,R173,R196,R154,47.175039232189974,47.175039232189974,111.500062815354,111.48501307932553,R174,50
-129,66,0.08407286363636363,1575744.14664,0.0,0.0,R175,R176,R174,R197,R155,45.404248468318045,45.404248468318045,111.51466590034875,111.500062815354,R175,50
-129,67,0.07913806363636364,1634505.2846,0.0,0.0,R176,R177,R175,R198,R156,43.61941055101836,43.61941055101836,111.52880424334909,111.51466590034875,R176,50
-129,68,0.06849993,1711792.5362,0.0,0.0,R177,R178,R176,R199,R157,41.82107309044281,41.82107309044281,111.54246031795869,111.52880424334909,R177,50
-129,69,0.04397227272727273,3079389.0176,0.0,0.0,R178,R179,R177,R200,R158,40.009788395485515,40.009788395485515,111.55561718517784,111.54246031795869,R178,50
-129,70,0.033305825,2803220.7886,0.0,0.0,R179,R180,R178,R201,R159,38.18611329330402,38.18611329330402,111.56825851551484,111.55561718517784,R179,50
-129,71,0.0283283,408337.8119,0.0,0.0,R180,R-999,R179,R202,R-999,36.3506089458593,,,111.56825851551484,R180,50
-128,50,0.030856142857142856,2706145.3232,0.0,0.0,R181,R182,R-999,R204,R-999,71.69521960602547,,111.23868085995683,,R181,50
-128,51,0.04044570666666667,4592160.7657,0.0,0.0,R182,R183,R181,R205,R160,70.19713955405018,70.19713955405018,111.25782746631153,111.23868085995683,R182,50
-128,52,0.04683777222222222,4736090.2948,0.0,0.0,R183,R184,R182,R206,R161,68.67747478989759,68.67747478989759,111.27682580399299,111.25782746631153,R183,50
-128,53,0.04847183333333333,4382737.2312,0.0,0.0,R184,R185,R183,R207,R162,67.13668303003111,67.13668303003111,111.2956525875423,111.27682580399299,R184,50
-128,54,0.0492153,4485611.6255,0.0,0.0,R185,R186,R184,R208,R163,65.57522899348992,65.57522899348992,111.31428472223197,111.2956525875423,R185,50
-128,55,0.0592024705882353,3483421.8646,0.0,0.0,R186,R187,R185,R209,R164,63.993584273358834,63.993584273358834,111.3326993329539,111.31428472223197,R186,50
-128,56,0.06902425294117648,2942044.5663,0.0,0.0,R187,R188,R186,R210,R165,62.39222720455756,62.39222720455756,111.35087379293904,111.3326993329539,R187,50
-128,57,0.0569832125,3412976.9575,0.0,0.0,R188,R189,R187,R211,R166,60.771642727955076,60.771642727955076,111.36878575223717,111.35087379293904,R188,50
-128,58,0.055472775,3190396.9548,175.0902986,0.0,R189,R190,R188,R212,R167,59.13232225082162,59.13232225082162,111.38641316596589,111.36878575223717,R189,50
-128,59,0.062266713333333334,3061276.7648,0.0,0.0,R190,R191,R189,R213,R168,57.47476350363418,57.47476350363418,111.40373432223176,111.38641316596589,R190,50
-128,60,0.08473569333333333,2101384.0893,0.0,0.0,R191,R192,R190,R214,R169,55.799470393260385,55.799470393260385,111.42072786973738,111.40373432223176,R191,50
-128,61,0.08620274615384615,1859241.35342,0.0,0.0,R192,R193,R191,R215,R170,54.106952852548226,54.106952852548226,111.43737284500068,111.42072786973738,R192,50
-128,62,0.062350107142857145,2775754.78361,0.0,0.0,R193,R194,R192,R216,R171,52.39772668635684,52.39772668635684,111.45364869914782,111.43737284500068,R193,50
-128,63,0.053659871428571426,3092693.3122,0.0,0.0,R194,R195,R193,R217,R172,50.672313414069706,50.672313414069706,111.46953532428122,111.45364869914782,R194,50
-128,64,0.05982755384615384,2646614.4467,0.0,0.0,R195,R196,R194,R218,R173,48.93124010863544,48.93124010863544,111.48501307932553,111.46953532428122,R195,50
-128,65,0.05960558333333333,2348565.9307,0.0,0.0,R196,R197,R195,R219,R174,47.175039232189974,47.175039232189974,111.500062815354,111.48501307932553,R196,50
-128,66,0.068939,2037590.2053999999,0.0,0.0,R197,R198,R196,R220,R175,45.404248468318045,45.404248468318045,111.51466590034875,111.500062815354,R197,50
-128,67,0.08130549166666666,1756849.1478,0.0,0.0,R198,R199,R197,R221,R176,43.61941055101836,43.61941055101836,111.52880424334909,111.51466590034875,R198,50
-128,68,0.06254520909090909,2060079.5747,0.0,0.0,R199,R200,R198,R222,R177,41.82107309044281,41.82107309044281,111.54246031795869,111.52880424334909,R199,50
-128,69,0.041779336363636364,3221148.6399000003,0.0,0.0,R200,R201,R199,R223,R178,40.009788395485515,40.009788395485515,111.55561718517784,111.54246031795869,R200,50
-128,70,0.032113744444444446,3255423.9093,0.0,0.0,R201,R202,R200,R224,R179,38.18611329330402,38.18611329330402,111.56825851551484,111.55561718517784,R201,50
-128,71,0.030173850000000002,766880.7648,0.0,0.0,R202,R-999,R201,R296,R180,145.3776872076946,36.3506089458593,,111.56825851551484,R202,50
-127,49,0.027271999999999998,848321.3718000001,0.0,0.0,R203,R204,R-999,R225,R-999,73.17126435678436,,111.21940943207943,,R203,50
-127,50,0.04866274444444444,4493961.3265,0.0,0.0,R204,R205,R203,R226,R181,71.69521960602547,71.69521960602547,111.23868085995683,111.21940943207943,R204,50
-127,51,0.04577838333333333,4877870.9488,0.0,0.0,R205,R206,R204,R227,R182,70.19713955405018,70.19713955405018,111.25782746631153,111.23868085995683,R205,50
-127,52,0.058846352631578946,3864613.3376,0.0,0.0,R206,R207,R205,R228,R183,68.67747478989759,68.67747478989759,111.27682580399299,111.25782746631153,R206,50
-127,53,0.04859385,4399364.422,0.0,0.0,R207,R208,R206,R229,R184,67.13668303003111,67.13668303003111,111.2956525875423,111.27682580399299,R207,50
-127,54,0.06798193888888888,3413338.729,0.0,0.0,R208,R209,R207,R230,R185,65.57522899348992,65.57522899348992,111.31428472223197,111.2956525875423,R208,50
-127,55,0.07805749411764706,2644838.98768,0.0,0.0,R209,R210,R208,R231,R186,63.993584273358834,63.993584273358834,111.3326993329539,111.31428472223197,R209,50
-127,56,0.07454163125,2710428.49929,0.0,0.0,R210,R211,R209,R232,R187,62.39222720455756,62.39222720455756,111.35087379293904,111.3326993329539,R210,50
-127,57,0.058735325,3228306.0222,0.0,0.0,R211,R212,R210,R233,R188,60.771642727955076,60.771642727955076,111.36878575223717,111.35087379293904,R211,50
-127,58,0.05523166875,3538746.8087,0.0,0.0,R212,R213,R211,R234,R189,59.13232225082162,59.13232225082162,111.38641316596589,111.36878575223717,R212,50
-127,59,0.06451885,2988969.5771,0.0,0.0,R213,R214,R212,R235,R190,57.47476350363418,57.47476350363418,111.40373432223176,111.38641316596589,R213,50
-127,60,0.08017627142857142,2083763.0988,0.0,0.0,R214,R215,R213,R236,R191,55.799470393260385,55.799470393260385,111.42072786973738,111.40373432223176,R214,50
-127,61,0.082353025,2321837.3739,0.0,0.0,R215,R216,R214,R237,R192,54.106952852548226,54.106952852548226,111.43737284500068,111.42072786973738,R215,50
-127,62,0.06818140833333333,2272573.02562,0.0,0.0,R216,R217,R215,R238,R193,52.39772668635684,52.39772668635684,111.45364869914782,111.43737284500068,R216,50
-127,63,0.052857328571428566,3196451.5703,0.0,0.0,R217,R218,R216,R239,R194,50.672313414069706,50.672313414069706,111.46953532428122,111.45364869914782,R217,50
-127,64,0.05421982727272727,2427958.9792,0.0,0.0,R218,R219,R217,R240,R195,48.93124010863544,48.93124010863544,111.48501307932553,111.46953532428122,R218,50
-127,65,0.060521707142857144,2753640.4537,0.0,0.0,R219,R220,R218,R241,R196,47.175039232189974,47.175039232189974,111.500062815354,111.48501307932553,R219,50
-127,66,0.06636181666666667,2141457.2328,0.0,0.0,R220,R221,R219,R242,R197,45.404248468318045,45.404248468318045,111.51466590034875,111.500062815354,R220,50
-127,67,0.05999188333333333,2316751.8685,0.0,0.0,R221,R222,R220,R243,R198,43.61941055101836,43.61941055101836,111.52880424334909,111.51466590034875,R221,50
-127,68,0.0518974,2475967.3497,0.0,0.0,R222,R223,R221,R244,R199,41.82107309044281,41.82107309044281,111.54246031795869,111.52880424334909,R222,50
-127,69,0.034683090909090906,3130078.8214,32.94151709,0.0,R223,R224,R222,R245,R200,40.009788395485515,40.009788395485515,111.55561718517784,111.54246031795869,R223,50
-127,70,0.031236857142857143,2594263.2927,0.0,0.0,R224,R-999,R223,R246,R201,38.18611329330402,38.18611329330402,,111.55561718517784,R224,50
-126,49,0.04983675454545455,2816915.1162,0.0,0.0,R225,R226,R-999,R248,R203,73.17126435678436,73.17126435678436,111.21940943207943,,R225,50
-126,50,0.06418234736842106,3589545.448,0.0,0.0,R226,R227,R225,R249,R204,71.69521960602547,71.69521960602547,111.23868085995683,111.21940943207943,R226,50
-126,51,0.05778056499999999,3821697.9057,14730.8046,0.0,R227,R228,R226,R250,R205,70.19713955405018,70.19713955405018,111.25782746631153,111.23868085995683,R227,50
-126,52,0.05176935789473684,4500416.0405,0.0,0.0,R228,R229,R227,R251,R206,68.67747478989759,68.67747478989759,111.27682580399299,111.25782746631153,R228,50
-126,53,0.06749998888888889,3255585.5335,0.0,0.0,R229,R230,R228,R252,R207,67.13668303003111,67.13668303003111,111.2956525875423,111.27682580399299,R229,50
-126,54,0.06971214705882353,2910648.3273,0.0,0.0,R230,R231,R229,R253,R208,65.57522899348992,65.57522899348992,111.31428472223197,111.2956525875423,R230,50
-126,55,0.0793362,2712484.3029,0.0,0.0,R231,R232,R230,R254,R209,63.993584273358834,63.993584273358834,111.3326993329539,111.31428472223197,R231,50
-126,56,0.07016892941176471,2993041.417,0.0,0.0,R232,R233,R231,R255,R210,62.39222720455756,62.39222720455756,111.35087379293904,111.3326993329539,R232,50
-126,57,0.05878604117647059,3527495.5285,0.0,0.0,R233,R234,R232,R256,R211,60.771642727955076,60.771642727955076,111.36878575223717,111.35087379293904,R233,50
-126,58,0.07289835,2406384.9897,0.0,0.0,R234,R235,R233,R257,R212,59.13232225082162,59.13232225082162,111.38641316596589,111.36878575223717,R234,50
-126,59,0.04621758,3856548.3772,0.0,0.0,R235,R236,R234,R258,R213,57.47476350363418,57.47476350363418,111.40373432223176,111.38641316596589,R235,50
-126,60,0.059624826666666665,3085048.0855,0.0,0.0,R236,R237,R235,R259,R214,55.799470393260385,55.799470393260385,111.42072786973738,111.40373432223176,R236,50
-126,61,0.09283956153846154,1705942.01129,0.0,0.0,R237,R238,R236,R260,R215,54.106952852548226,54.106952852548226,111.43737284500068,111.42072786973738,R237,50
-126,62,0.08908263333333334,2103815.08287,26.80627752,0.0,R238,R239,R237,R261,R216,52.39772668635684,52.39772668635684,111.45364869914782,111.43737284500068,R238,50
-126,63,0.06282573846153847,2500861.7527,0.0,0.0,R239,R240,R238,R262,R217,50.672313414069706,50.672313414069706,111.46953532428122,111.45364869914782,R239,50
-126,64,0.09087380769230768,1708758.81766,0.0,0.0,R240,R241,R239,R263,R218,48.93124010863544,48.93124010863544,111.48501307932553,111.46953532428122,R240,50
-126,65,0.062229824999999996,2332360.8364,0.0,0.0,R241,R242,R240,R264,R219,47.175039232189974,47.175039232189974,111.500062815354,111.48501307932553,R241,50
-126,66,0.05590589166666666,2543993.9232,0.0,0.0,R242,R243,R241,R265,R220,45.404248468318045,45.404248468318045,111.51466590034875,111.500062815354,R242,50
-126,67,0.05592479090909091,2292694.4818,0.0,0.0,R243,R244,R242,R266,R221,43.61941055101836,43.61941055101836,111.52880424334909,111.51466590034875,R243,50
-126,68,0.052575566666666664,2671585.9402,0.0,0.0,R244,R245,R243,R267,R222,41.82107309044281,41.82107309044281,111.54246031795869,111.52880424334909,R244,50
-126,69,0.03928139,3014503.2712000003,0.0,0.0,R245,R246,R244,R268,R223,40.009788395485515,40.009788395485515,111.55561718517784,111.54246031795869,R245,50
-126,70,0.04044113333333333,860138.7184,0.0,0.0,R246,R247,R245,R269,R224,38.18611329330402,38.18611329330402,223.14862712587222,111.55561718517784,R246,50
-126,72,0.029890033333333333,1161648.7043,0.0,0.0,R247,R-999,R246,R270,R-999,34.50384066356811,,,223.14862712587222,R247,50
-125,49,0.07714468333333332,3145560.32585,0.0,0.0,R248,R249,R-999,R274,R225,73.17126435678436,73.17126435678436,111.21940943207943,,R248,50
-125,50,0.06701921,3858187.31947,0.0,0.0,R249,R250,R248,R275,R226,71.69521960602547,71.69521960602547,111.23868085995683,111.21940943207943,R249,50
-125,51,0.0640223894736842,3727792.7442,0.0,0.0,R250,R251,R249,R276,R227,70.19713955405018,70.19713955405018,111.25782746631153,111.23868085995683,R250,50
-125,52,0.06979456470588234,3216423.07834,0.0,0.0,R251,R252,R250,R277,R228,68.67747478989759,68.67747478989759,111.27682580399299,111.25782746631153,R251,50
-125,53,0.07188305,3469633.90542,0.0,0.0,R252,R253,R251,R278,R229,67.13668303003111,67.13668303003111,111.2956525875423,111.27682580399299,R252,50
-125,54,0.05972291666666666,3526172.9827,0.0,0.0,R253,R254,R252,R279,R230,65.57522899348992,65.57522899348992,111.31428472223197,111.2956525875423,R253,50
-125,55,0.07066446666666666,2697964.9043,12719.76746,0.0,R254,R255,R253,R280,R231,63.993584273358834,63.993584273358834,111.3326993329539,111.31428472223197,R254,50
-125,56,0.07523028125,2532127.4137,0.0,0.0,R255,R256,R254,R281,R232,62.39222720455756,62.39222720455756,111.35087379293904,111.3326993329539,R255,50
-125,57,0.0839534625,2315897.92533,0.0,0.0,R256,R257,R255,R282,R233,60.771642727955076,60.771642727955076,111.36878575223717,111.35087379293904,R256,50
-125,58,0.05532171764705882,4186993.31226,0.0,0.0,R257,R258,R256,R283,R234,59.13232225082162,59.13232225082162,111.38641316596589,111.36878575223717,R257,50
-125,59,0.05662050666666666,3164502.3415,0.0,0.0,R258,R259,R257,R284,R235,57.47476350363418,57.47476350363418,111.40373432223176,111.38641316596589,R258,50
-125,60,0.0791678,2524308.57178,0.0,0.0,R259,R260,R258,R285,R236,55.799470393260385,55.799470393260385,111.42072786973738,111.40373432223176,R259,50
-125,61,0.08072433333333334,2396746.54537,0.0,0.0,R260,R261,R259,R286,R237,54.106952852548226,54.106952852548226,111.43737284500068,111.42072786973738,R260,50
-125,62,0.06899276153846154,2536363.20571,0.0,0.0,R261,R262,R260,R287,R238,52.39772668635684,52.39772668635684,111.45364869914782,111.43737284500068,R261,50
-125,63,0.0848028,2023088.73465,0.0,0.0,R262,R263,R261,R288,R239,50.672313414069706,50.672313414069706,111.46953532428122,111.45364869914782,R262,50
-125,64,0.0782325923076923,2126244.47793,0.0,0.0,R263,R264,R262,R289,R240,48.93124010863544,48.93124010863544,111.48501307932553,111.46953532428122,R263,50
-125,65,0.06282331666666667,2258320.8649,0.0,0.0,R264,R265,R263,R290,R241,47.175039232189974,47.175039232189974,111.500062815354,111.48501307932553,R264,50
-125,66,0.059148036363636365,2247058.6426,0.0,0.0,R265,R266,R264,R291,R242,45.404248468318045,45.404248468318045,111.51466590034875,111.500062815354,R265,50
-125,67,0.0558216,2316513.6471,0.0,0.0,R266,R267,R265,R292,R243,43.61941055101836,43.61941055101836,111.52880424334909,111.51466590034875,R266,50
-125,68,0.04940033636363637,2610947.2628,0.0,0.0,R267,R268,R266,R293,R244,41.82107309044281,41.82107309044281,111.54246031795869,111.52880424334909,R267,50
-125,69,0.037003963636363636,3506596.2234,0.0,0.0,R268,R269,R267,R294,R245,40.009788395485515,40.009788395485515,111.55561718517784,111.54246031795869,R268,50
-125,70,0.03291486666666667,3235052.1807,0.0,0.0,R269,R270,R268,R295,R246,38.18611329330402,38.18611329330402,223.14862712587222,111.55561718517784,R269,50
-125,72,0.029709485714285715,2764152.8622,0.0,0.0,R270,R271,R269,R297,R247,34.50384066356811,34.50384066356811,111.59193242255498,223.14862712587222,R270,50
-125,73,0.029820625,3116964.1805000002,0.0,0.0,R271,R272,R270,R298,R-999,32.64637771616591,,111.60293557619657,111.59193242255498,R271,50
-125,74,0.029888949999999997,775650.6589,0.0,0.0,R272,R-999,R271,R299,R-999,30.778793140883696,,,111.60293557619657,R272,50
-124,48,0.047618320000000006,1288727.9488000001,0.0,0.0,R273,R274,R-999,R300,R-999,74.62483046588396,,111.2000367623785,,R273,50
-124,49,0.05999015217391304,3678190.2716,237219.1325,336760.0,R274,R275,R273,R301,R248,73.17126435678436,73.17126435678436,111.21940943207943,111.2000367623785,R274,50
-124,50,0.1108264,2335910.56342,0.0,0.0,R275,R276,R274,R302,R249,71.69521960602547,71.69521960602547,111.23868085995683,111.21940943207943,R275,50
-124,51,0.060659965,4389065.51577,0.0,0.0,R276,R277,R275,R303,R250,70.19713955405018,70.19713955405018,111.25782746631153,111.23868085995683,R276,50
-124,52,0.1035665,2355627.47216,0.0,0.0,R277,R278,R276,R304,R251,68.67747478989759,68.67747478989759,111.27682580399299,111.25782746631153,R277,50
-124,53,0.07510367058823529,2649774.7113,0.0,0.0,R278,R279,R277,R305,R252,67.13668303003111,67.13668303003111,111.2956525875423,111.27682580399299,R278,50
-124,54,0.05715850555555556,3704412.5313,0.0,0.0,R279,R280,R278,R306,R253,65.57522899348992,65.57522899348992,111.31428472223197,111.2956525875423,R279,50
-124,55,0.06694454705882354,2986503.9857,0.0,0.0,R280,R281,R279,R307,R254,63.993584273358834,63.993584273358834,111.3326993329539,111.31428472223197,R280,50
-124,56,0.062085100000000004,3101784.4372,0.0,0.0,R281,R282,R280,R308,R255,62.39222720455756,62.39222720455756,111.35087379293904,111.3326993329539,R281,50
-124,57,0.0531946,3887579.5624,0.0,0.0,R282,R283,R281,R309,R256,60.771642727955076,60.771642727955076,111.36878575223717,111.35087379293904,R282,50
-124,58,0.06324045,3087316.8905,0.0,0.0,R283,R284,R282,R310,R257,59.13232225082162,59.13232225082162,111.38641316596589,111.36878575223717,R283,50
-124,59,0.0923806125,2099606.80104,0.0,0.0,R284,R285,R283,R311,R258,57.47476350363418,57.47476350363418,111.40373432223176,111.38641316596589,R284,50
-124,60,0.08041639285714286,2152183.8818,0.0,0.0,R285,R286,R284,R312,R259,55.799470393260385,55.799470393260385,111.42072786973738,111.40373432223176,R285,50
-124,61,0.07470646428571429,2312764.9373,0.0,0.0,R286,R287,R285,R313,R260,54.106952852548226,54.106952852548226,111.43737284500068,111.42072786973738,R286,50
-124,62,0.08365101333333333,2255946.6754799997,0.0,0.0,R287,R288,R286,R314,R261,52.39772668635684,52.39772668635684,111.45364869914782,111.43737284500068,R287,50
-124,63,0.07838586923076923,2018805.6007,0.0,0.0,R288,R289,R287,R315,R262,50.672313414069706,50.672313414069706,111.46953532428122,111.45364869914782,R288,50
-124,64,0.058096946153846155,2690292.5843,0.0,0.0,R289,R290,R288,R316,R263,48.93124010863544,48.93124010863544,111.48501307932553,111.46953532428122,R289,50
-124,65,0.06024708333333333,2408617.6616,0.0,0.0,R290,R291,R289,R317,R264,47.175039232189974,47.175039232189974,111.500062815354,111.48501307932553,R290,50
-124,66,0.06233539166666666,2407399.7893000003,0.0,0.0,R291,R292,R290,R318,R265,45.404248468318045,45.404248468318045,111.51466590034875,111.500062815354,R291,50
-124,67,0.056386741666666663,2475563.1085,0.0,0.0,R292,R293,R291,R319,R266,43.61941055101836,43.61941055101836,111.52880424334909,111.51466590034875,R292,50
-124,68,0.0433015,2817025.5215,0.0,0.0,R293,R294,R292,R320,R267,41.82107309044281,41.82107309044281,111.54246031795869,111.52880424334909,R293,50
-124,69,0.035873627272727276,3612602.938,0.0,0.0,R294,R295,R293,R321,R268,40.009788395485515,40.009788395485515,111.55561718517784,111.54246031795869,R294,50
-124,70,0.03495296,1689355.5091,0.0,0.0,R295,R296,R294,R322,R269,38.18611329330402,38.18611329330402,111.56825851551484,111.55561718517784,R295,50
-124,71,0.0344964,335325.6744,0.0,0.0,R296,R297,R295,R323,R202,36.3506089458593,145.3776872076946,111.5803686103577,111.56825851551484,R296,50
-124,72,0.029922349999999997,3895879.3475,0.0,0.0,R297,R298,R296,R324,R270,34.50384066356811,34.50384066356811,111.59193242255498,111.5803686103577,R297,50
-124,73,0.027517471428571427,2944825.3315,0.0,0.0,R298,R299,R297,R325,R271,32.64637771616591,32.64637771616591,111.60293557619657,111.59193242255498,R298,50
-124,74,0.03121432,3710840.3543,0.0,0.0,R299,R-999,R298,R326,R272,30.778793140883696,30.778793140883696,,111.60293557619657,R299,50
-123,48,0.0515747,224286.951,0.0,0.0,R300,R301,R-999,R1173,R273,2151.2530405762022,74.62483046588396,111.2000367623785,,R300,50
-123,49,0.07058557272727273,3346069.52152,0.0,1256170.0,R301,R302,R300,R329,R274,73.17126435678436,73.17126435678436,111.21940943207943,111.2000367623785,R301,50
-123,50,0.08378845,2780371.67623,0.0,112950.0,R302,R303,R301,R330,R275,71.69521960602547,71.69521960602547,111.23868085995683,111.21940943207943,R302,50
-123,51,0.06440391578947369,3665813.20487,0.0,0.0,R303,R304,R302,R331,R276,70.19713955405018,70.19713955405018,111.25782746631153,111.23868085995683,R303,50
-123,52,0.0832987,2577890.1699,0.0,0.0,R304,R305,R303,R332,R277,68.67747478989759,68.67747478989759,111.27682580399299,111.25782746631153,R304,50
-123,53,0.0655505052631579,3415967.0642,0.0,0.0,R305,R306,R304,R333,R278,67.13668303003111,67.13668303003111,111.2956525875423,111.27682580399299,R305,50
-123,54,0.054050564999999995,3505656.3606000002,0.0,441830.0,R306,R307,R305,R334,R279,65.57522899348992,65.57522899348992,111.31428472223197,111.2956525875423,R306,50
-123,55,0.05897379411764706,3427951.0926,0.0,0.0,R307,R308,R306,R335,R280,63.993584273358834,63.993584273358834,111.3326993329539,111.31428472223197,R307,50
-123,56,0.04856243888888889,4376859.2372,0.0,0.0,R308,R309,R307,R336,R281,62.39222720455756,62.39222720455756,111.35087379293904,111.3326993329539,R308,50
-123,57,0.05960497142857143,2899306.8843,0.0,0.0,R309,R310,R308,R337,R282,60.771642727955076,60.771642727955076,111.36878575223717,111.35087379293904,R309,50
-123,58,0.1027119705882353,2043686.37353,0.0,0.0,R310,R311,R309,R338,R283,59.13232225082162,59.13232225082162,111.38641316596589,111.36878575223717,R310,50
-123,59,0.09840519375,1686868.00016,799.7520755,0.0,R311,R312,R310,R339,R284,57.47476350363418,57.47476350363418,111.40373432223176,111.38641316596589,R311,50
-123,60,0.07443412666666666,2416045.3138,0.0,0.0,R312,R313,R311,R340,R285,55.799470393260385,55.799470393260385,111.42072786973738,111.40373432223176,R312,50
-123,61,0.08861451538461539,1736589.63069,0.0,0.0,R313,R314,R312,R341,R286,54.106952852548226,54.106952852548226,111.43737284500068,111.42072786973738,R313,50
-123,62,0.07858460714285716,2115626.5162,0.0,0.0,R314,R315,R313,R342,R287,52.39772668635684,52.39772668635684,111.45364869914782,111.43737284500068,R314,50
-123,63,0.07881993571428571,2102343.609,0.0,0.0,R315,R316,R314,R343,R288,50.672313414069706,50.672313414069706,111.46953532428122,111.45364869914782,R315,50
-123,64,0.06687611538461538,2285406.6241,0.0,0.0,R316,R317,R315,R344,R289,48.93124010863544,48.93124010863544,111.48501307932553,111.46953532428122,R316,50
-123,65,0.05222922307692308,2960216.7751,0.0,0.0,R317,R318,R316,R345,R290,47.175039232189974,47.175039232189974,111.500062815354,111.48501307932553,R317,50
-123,66,0.05873045454545455,2280331.6113,0.0,0.0,R318,R319,R317,R346,R291,45.404248468318045,45.404248468318045,111.51466590034875,111.500062815354,R318,50
-123,67,0.04007655384615384,3288214.1227,63.05138515,0.0,R319,R320,R318,R347,R292,43.61941055101836,43.61941055101836,111.52880424334909,111.51466590034875,R319,50
-123,68,0.037189991666666665,3788073.8146,0.0,0.0,R320,R321,R319,R348,R293,41.82107309044281,41.82107309044281,111.54246031795869,111.52880424334909,R320,50
-123,69,0.033253088888888886,3145697.2285,0.0,0.0,R321,R322,R320,R349,R294,40.009788395485515,40.009788395485515,111.55561718517784,111.54246031795869,R321,50
-123,70,0.039176699999999995,1195241.5131,0.0,0.0,R322,R323,R321,R350,R295,38.18611329330402,38.18611329330402,111.56825851551484,111.55561718517784,R322,50
-123,71,0.0309359,1523160.8971,0.0,0.0,R323,R324,R322,R351,R296,36.3506089458593,36.3506089458593,111.5803686103577,111.56825851551484,R323,50
-123,72,0.02978559,3909936.2659,0.0,0.0,R324,R325,R323,R352,R297,34.50384066356811,34.50384066356811,111.59193242255498,111.5803686103577,R324,50
-123,73,0.027385749999999997,4235077.2239,0.0,0.0,R325,R326,R324,R353,R298,32.64637771616591,32.64637771616591,111.60293557619657,111.59193242255498,R325,50
-123,74,0.02770232857142857,2927341.0987,0.0,0.0,R326,R327,R325,R354,R299,30.778793140883696,30.778793140883696,111.61336438552951,111.60293557619657,R326,50
-123,75,0.0347051,333309.2082,0.0,0.0,R327,R328,R326,R355,R-999,28.901663548048116,,111.62320587302438,111.61336438552951,R327,50
-123,76,0.028620620000000003,2027083.611,0.0,0.0,R328,R-999,R327,R356,R-999,27.015568924217845,,,111.62320587302438,R328,50
-122,49,0.08252973333333334,1757643.38797,0.0,0.0,R329,R330,R-999,R358,R301,73.17126435678436,73.17126435678436,111.21940943207943,,R329,50
-122,50,0.06701647499999999,3658474.4658,0.0,0.0,R330,R331,R329,R359,R302,71.69521960602547,71.69521960602547,111.23868085995683,111.21940943207943,R330,50
-122,51,0.06420874210526316,3516753.5888,0.0,0.0,R331,R332,R330,R360,R303,70.19713955405018,70.19713955405018,111.25782746631153,111.23868085995683,R331,50
-122,52,0.06984198181818181,3372462.0344,10278.22527,0.0,R332,R333,R331,R361,R304,68.67747478989759,68.67747478989759,111.27682580399299,111.25782746631153,R332,50
-122,53,0.06710136111111112,2811775.8391,0.0,124480.0,R333,R334,R332,R362,R305,67.13668303003111,67.13668303003111,111.2956525875423,111.27682580399299,R333,50
-122,54,0.0821420875,2364944.54163,0.0,0.0,R334,R335,R333,R363,R306,65.57522899348992,65.57522899348992,111.31428472223197,111.2956525875423,R334,50
-122,55,0.04771877647058824,4299146.595,0.0,0.0,R335,R336,R334,R364,R307,63.993584273358834,63.993584273358834,111.3326993329539,111.31428472223197,R335,50
-122,56,0.0538411,3838429.1127,0.0,0.0,R336,R337,R335,R365,R308,62.39222720455756,62.39222720455756,111.35087379293904,111.3326993329539,R336,50
-122,57,0.07623591666666667,2786149.3552,0.0,0.0,R337,R338,R336,R366,R309,60.771642727955076,60.771642727955076,111.36878575223717,111.35087379293904,R337,50
-122,58,0.08530225714285714,1925136.7742,0.0,0.0,R338,R339,R337,R367,R310,59.13232225082162,59.13232225082162,111.38641316596589,111.36878575223717,R338,50
-122,59,0.08781382,2045586.21283,0.0,0.0,R339,R340,R338,R368,R311,57.47476350363418,57.47476350363418,111.40373432223176,111.38641316596589,R339,50
-122,60,0.08213903571428571,2021801.2833,0.0,0.0,R340,R341,R339,R369,R312,55.799470393260385,55.799470393260385,111.42072786973738,111.40373432223176,R340,50
-122,61,0.08083657142857144,2069057.4292000001,0.0,0.0,R341,R342,R340,R370,R313,54.106952852548226,54.106952852548226,111.43737284500068,111.42072786973738,R341,50
-122,62,0.08032825384615384,1941898.99,0.0,0.0,R342,R343,R341,R371,R314,52.39772668635684,52.39772668635684,111.45364869914782,111.43737284500068,R342,50
-122,63,0.06924560833333333,2074396.1854,0.0,0.0,R343,R344,R342,R372,R315,50.672313414069706,50.672313414069706,111.46953532428122,111.45364869914782,R343,50
-122,64,0.061895591666666666,2338831.7297,0.0,0.0,R344,R345,R343,R373,R316,48.93124010863544,48.93124010863544,111.48501307932553,111.46953532428122,R344,50
-122,65,0.05286615833333333,2783429.9096,0.0,0.0,R345,R346,R344,R374,R317,47.175039232189974,47.175039232189974,111.500062815354,111.48501307932553,R345,50
-122,66,0.04849425384615384,3201819.8727,0.0,0.0,R346,R347,R345,R375,R318,45.404248468318045,45.404248468318045,111.51466590034875,111.500062815354,R346,50
-122,67,0.04558946,2715137.0255,0.0,0.0,R347,R348,R346,R376,R319,43.61941055101836,43.61941055101836,111.52880424334909,111.51466590034875,R347,50
-122,68,0.0372936,2808505.0461,0.0,0.0,R348,R349,R347,R377,R320,41.82107309044281,41.82107309044281,111.54246031795869,111.52880424334909,R348,50
-122,69,0.033559069999999996,3467655.3583,0.0,0.0,R349,R350,R348,R378,R321,40.009788395485515,40.009788395485515,111.55561718517784,111.54246031795869,R349,50
-122,70,0.029460875,1574778.0058,0.0,0.0,R350,R351,R349,R379,R322,38.18611329330402,38.18611329330402,111.56825851551484,111.55561718517784,R350,50
-122,71,0.043074625,1084817.8961,0.0,0.0,R351,R352,R350,R380,R323,36.3506089458593,36.3506089458593,111.5803686103577,111.56825851551484,R351,50
-122,72,0.031883357142857144,2551683.8483,0.0,0.0,R352,R353,R351,R381,R324,34.50384066356811,34.50384066356811,111.59193242255498,111.5803686103577,R352,50
-122,73,0.026512200000000003,3542169.4302000003,12.17609085,0.0,R353,R354,R352,R382,R325,32.64637771616591,32.64637771616591,111.60293557619657,111.59193242255498,R353,50
-122,74,0.02871925555555556,3642526.5032,0.0,0.0,R354,R355,R353,R383,R326,30.778793140883696,30.778793140883696,111.61336438552951,111.60293557619657,R354,50
-122,75,0.0334122,346206.9016,0.0,0.0,R355,R356,R354,R437,R327,86.69677647368049,28.901663548048116,111.62320587302438,111.61336438552951,R355,50
-122,76,0.02984325,2344022.5408,0.0,0.0,R356,R357,R355,R384,R328,27.015568924217845,27.015568924217845,111.63244778651362,111.62320587302438,R356,50
-122,77,0.0282499,409470.3709,0.0,0.0,R357,R-999,R356,R385,R-999,25.121092432975185,,,111.63244778651362,R357,50
-121,49,0.07188083333333334,2005696.3667000001,0.0,0.0,R358,R359,R-999,R386,R329,73.17126435678436,73.17126435678436,111.21940943207943,,R358,50
-121,50,0.058572095000000005,4131779.3015,0.0,0.0,R359,R360,R358,R387,R330,71.69521960602547,71.69521960602547,111.23868085995683,111.21940943207943,R359,50
-121,51,0.06780457894736842,3334745.6911,0.0,0.0,R360,R361,R359,R388,R331,70.19713955405018,70.19713955405018,111.25782746631153,111.23868085995683,R360,50
-121,52,0.079699785,3122065.60376,0.0,0.0,R361,R362,R360,R389,R332,68.67747478989759,68.67747478989759,111.27682580399299,111.25782746631153,R361,50
-121,53,0.07460253529411764,2728035.9136,0.0,0.0,R362,R363,R361,R390,R333,67.13668303003111,67.13668303003111,111.2956525875423,111.27682580399299,R362,50
-121,54,0.06728514705882353,3208246.5811,0.0,0.0,R363,R364,R362,R391,R334,65.57522899348992,65.57522899348992,111.31428472223197,111.2956525875423,R363,50
-121,55,0.04394895882352941,4629225.1621,0.0,0.0,R364,R365,R363,R392,R335,63.993584273358834,63.993584273358834,111.3326993329539,111.31428472223197,R364,50
-121,56,0.0460422,4381737.7502,0.0,0.0,R365,R366,R364,R393,R336,62.39222720455756,62.39222720455756,111.35087379293904,111.3326993329539,R365,50
-121,57,0.06367611111111111,3464184.3128,0.0,0.0,R366,R367,R365,R394,R337,60.771642727955076,60.771642727955076,111.36878575223717,111.35087379293904,R366,50
-121,58,0.07590483125,2450367.6573,0.0,0.0,R367,R368,R366,R395,R338,59.13232225082162,59.13232225082162,111.38641316596589,111.36878575223717,R367,50
-121,59,0.06891672857142857,2402123.0143,0.0,0.0,R368,R369,R367,R396,R339,57.47476350363418,57.47476350363418,111.40373432223176,111.38641316596589,R368,50
-121,60,0.07714712142857143,2138671.9109,0.0,0.0,R369,R370,R368,R397,R340,55.799470393260385,55.799470393260385,111.42072786973738,111.40373432223176,R369,50
-121,61,0.06995604000000001,2516842.1971,0.0,0.0,R370,R371,R369,R398,R341,54.106952852548226,54.106952852548226,111.43737284500068,111.42072786973738,R370,50
-121,62,0.06070600714285714,2722730.2305,0.0,0.0,R371,R372,R370,R399,R342,52.39772668635684,52.39772668635684,111.45364869914782,111.43737284500068,R371,50
-121,63,0.06515410666666667,2714955.3867,0.0,0.0,R372,R373,R371,R400,R343,50.672313414069706,50.672313414069706,111.46953532428122,111.45364869914782,R372,50
-121,64,0.061003521428571426,2670656.4719,0.0,0.0,R373,R374,R372,R401,R344,48.93124010863544,48.93124010863544,111.48501307932553,111.46953532428122,R373,50
-121,65,0.07008855,2011527.0914,0.0,0.0,R374,R375,R373,R402,R345,47.175039232189974,47.175039232189974,111.500062815354,111.48501307932553,R374,50
-121,66,0.03740641538461538,4129397.5653,0.0,0.0,R375,R376,R374,R403,R346,45.404248468318045,45.404248468318045,111.51466590034875,111.500062815354,R375,50
-121,67,0.042667191666666666,3334508.0468,0.0,0.0,R376,R377,R375,R404,R347,43.61941055101836,43.61941055101836,111.52880424334909,111.51466590034875,R376,50
-121,68,0.03632838333333333,3883072.9189999998,0.0,0.0,R377,R378,R376,R405,R348,41.82107309044281,41.82107309044281,111.54246031795869,111.52880424334909,R377,50
-121,69,0.03373824615384616,3871562.7916,0.471941506,0.0,R378,R379,R377,R406,R349,40.009788395485515,40.009788395485515,111.55561718517784,111.54246031795869,R378,50
-121,70,0.0329263,1418924.4286,0.0,0.0,R379,R380,R378,R489,R350,152.71877416769337,38.18611329330402,111.56825851551484,111.55561718517784,R379,50
-121,71,0.0382412,605722.7884,0.0,0.0,R380,R381,R379,R407,R351,36.3506089458593,36.3506089458593,111.5803686103577,111.56825851551484,R380,50
-121,72,0.03291793,3531566.1109,0.0,0.0,R381,R382,R380,R408,R352,34.50384066356811,34.50384066356811,111.59193242255498,111.5803686103577,R381,50
-121,73,0.02878535555555556,3618171.8718,0.0,0.0,R382,R383,R381,R409,R353,32.64637771616591,32.64637771616591,111.60293557619657,111.59193242255498,R382,50
-121,74,0.0313868125,2974306.3555,0.0,0.0,R383,R384,R382,R410,R354,30.778793140883696,30.778793140883696,223.23657025855397,111.60293557619657,R383,50
-121,76,0.029346883333333334,2377116.4852,0.0,0.0,R384,R385,R383,R411,R356,27.015568924217845,27.015568924217845,111.63244778651362,223.23657025855397,R384,50
-121,77,0.0285064,812645.7211,0.0,0.0,R385,R-999,R384,R412,R357,25.121092432975185,25.121092432975185,,111.63244778651362,R385,50
-120,49,0.06815828461538462,2328990.28881,0.0,0.0,R386,R387,R-999,R413,R358,73.17126435678436,73.17126435678436,111.21940943207943,,R386,50
-120,50,0.050348825,4297626.696,179815.2826,0.0,R387,R388,R386,R414,R359,71.69521960602547,71.69521960602547,111.23868085995683,111.21940943207943,R387,50
-120,51,0.07561093157894737,2828182.6463,0.0,99460.0,R388,R389,R387,R415,R360,70.19713955405018,70.19713955405018,111.25782746631153,111.23868085995683,R388,50
-120,52,0.10017288947368422,2351591.93526,0.0,0.0,R389,R390,R388,R416,R361,68.67747478989759,68.67747478989759,111.27682580399299,111.25782746631153,R389,50
-120,53,0.058202800000000006,3996593.2332,0.0,0.0,R390,R391,R389,R417,R362,67.13668303003111,67.13668303003111,111.2956525875423,111.27682580399299,R390,50
-120,54,0.045120355555555554,4798778.5356,0.0,0.0,R391,R392,R390,R418,R363,65.57522899348992,65.57522899348992,111.31428472223197,111.2956525875423,R391,50
-120,55,0.04982745,3749316.5594,0.0,0.0,R392,R393,R391,R419,R364,63.993584273358834,63.993584273358834,111.3326993329539,111.31428472223197,R392,50
-120,56,0.04546157894736842,4513127.9278,21861.55759,0.0,R393,R394,R392,R420,R365,62.39222720455756,62.39222720455756,111.35087379293904,111.3326993329539,R393,50
-120,57,0.06452704000000001,2737352.3455,0.0,0.0,R394,R395,R393,R421,R366,60.771642727955076,60.771642727955076,111.36878575223717,111.35087379293904,R394,50
-120,58,0.06807105333333333,2578536.1113,0.0,0.0,R395,R396,R394,R422,R367,59.13232225082162,59.13232225082162,111.38641316596589,111.36878575223717,R395,50
-120,59,0.0870831,2166024.5339,0.0,0.0,R396,R397,R395,R423,R368,57.47476350363418,57.47476350363418,111.40373432223176,111.38641316596589,R396,50
-120,60,0.07453195333333333,2364268.6624000003,0.0,0.0,R397,R398,R396,R424,R369,55.799470393260385,55.799470393260385,111.42072786973738,111.40373432223176,R397,50
-120,61,0.07434017142857142,2202717.9626,0.0,0.0,R398,R399,R397,R425,R370,54.106952852548226,54.106952852548226,111.43737284500068,111.42072786973738,R398,50
-120,62,0.057765864285714286,2978751.2368,0.0,0.0,R399,R400,R398,R426,R371,52.39772668635684,52.39772668635684,111.45364869914782,111.43737284500068,R399,50
-120,63,0.067008075,2102071.3694,0.0,0.0,R400,R401,R399,R427,R372,50.672313414069706,50.672313414069706,111.46953532428122,111.45364869914782,R400,50
-120,64,0.05333612307692308,2423672.8602,271.8383073,0.0,R401,R402,R400,R428,R373,48.93124010863544,48.93124010863544,111.48501307932553,111.46953532428122,R401,50
-120,65,0.064528,2387529.8325,0.0,0.0,R402,R403,R401,R429,R374,47.175039232189974,47.175039232189974,111.500062815354,111.48501307932553,R402,50
-120,66,0.03914902307692308,3972031.2439,0.0,0.0,R403,R404,R402,R430,R375,45.404248468318045,45.404248468318045,111.51466590034875,111.500062815354,R403,50
-120,67,0.04215589166666667,3337826.5859,0.0,0.0,R404,R405,R403,R431,R376,43.61941055101836,43.61941055101836,111.52880424334909,111.51466590034875,R404,50
-120,68,0.03528225454545455,3640089.4817,0.0,0.0,R405,R406,R404,R432,R377,41.82107309044281,41.82107309044281,111.54246031795869,111.52880424334909,R405,50
-120,69,0.035533722222222223,2939296.8422,0.0,0.0,R406,R407,R405,R433,R378,40.009788395485515,40.009788395485515,223.1238757006927,111.54246031795869,R406,50
-120,71,0.0359093,322131.2132,0.0,0.0,R407,R408,R406,R461,R380,72.69874302897959,36.3506089458593,111.5803686103577,223.1238757006927,R407,50
-120,72,0.03886348333333333,1793908.3944,0.0,0.0,R408,R409,R407,R434,R381,34.50384066356811,34.50384066356811,111.59193242255498,111.5803686103577,R408,50
-120,73,0.031519063636363635,4063584.1783,0.0,0.0,R409,R410,R408,R435,R382,32.64637771616591,32.64637771616591,111.60293557619657,111.59193242255498,R409,50
-120,74,0.03626552857142857,2241861.76,0.0,0.0,R410,R411,R409,R436,R383,30.778793140883696,30.778793140883696,223.23657025855397,111.60293557619657,R410,50
-120,76,0.02840954,2053735.6684,0.0,0.0,R411,R412,R410,R438,R384,27.015568924217845,27.015568924217845,111.63244778651362,223.23657025855397,R411,50
-120,77,0.028262433333333333,2463934.6703,0.0,0.0,R412,R-999,R411,R439,R385,25.121092432975185,25.121092432975185,,111.63244778651362,R412,50
-119,49,0.12539351538461538,1380577.80523,0.0,0.0,R413,R414,R-999,R440,R386,73.17126435678436,73.17126435678436,111.21940943207943,,R413,50
-119,50,0.09538907894736842,2431442.3130200002,0.0,0.0,R414,R415,R413,R441,R387,71.69521960602547,71.69521960602547,111.23868085995683,111.21940943207943,R414,50
-119,51,0.12979001052631578,1884887.03635,0.0,0.0,R415,R416,R414,R442,R388,70.19713955405018,70.19713955405018,111.25782746631153,111.23868085995683,R415,50
-119,52,0.08052097,3236488.6363,0.0,0.0,R416,R417,R415,R443,R389,68.67747478989759,68.67747478989759,111.27682580399299,111.25782746631153,R416,50
-119,53,0.05295611176470588,3917102.7198,0.0,0.0,R417,R418,R416,R444,R390,67.13668303003111,67.13668303003111,111.2956525875423,111.27682580399299,R417,50
-119,54,0.051495011111111114,4216413.3527,0.0,0.0,R418,R419,R417,R445,R391,65.57522899348992,65.57522899348992,111.31428472223197,111.2956525875423,R418,50
-119,55,0.04932565789473684,4175585.3073,0.0,160230.0,R419,R420,R418,R446,R392,63.993584273358834,63.993584273358834,111.3326993329539,111.31428472223197,R419,50
-119,56,0.04539100625,4155201.3156,0.0,0.0,R420,R421,R419,R447,R393,62.39222720455756,62.39222720455756,111.35087379293904,111.3326993329539,R420,50
-119,57,0.06282648235294118,3199878.0839,0.0,0.0,R421,R422,R420,R448,R394,60.771642727955076,60.771642727955076,111.36878575223717,111.35087379293904,R421,50
-119,58,0.0665149,2815918.4708,0.0,0.0,R422,R423,R421,R449,R395,59.13232225082162,59.13232225082162,111.38641316596589,111.36878575223717,R422,50
-119,59,0.07437046,2409960.438,0.0,0.0,R423,R424,R422,R450,R396,57.47476350363418,57.47476350363418,111.40373432223176,111.38641316596589,R423,50
-119,60,0.06295130666666666,2787045.9758,0.0,0.0,R424,R425,R423,R451,R397,55.799470393260385,55.799470393260385,111.42072786973738,111.40373432223176,R424,50
-119,61,0.06872714666666666,2577427.7486,0.0,0.0,R425,R426,R424,R452,R398,54.106952852548226,54.106952852548226,111.43737284500068,111.42072786973738,R425,50
-119,62,0.05835785384615384,2758033.9390000002,0.0,0.0,R426,R427,R425,R453,R399,52.39772668635684,52.39772668635684,111.45364869914782,111.43737284500068,R426,50
-119,63,0.055139242857142855,2988820.3451,0.0,0.0,R427,R428,R426,R454,R400,50.672313414069706,50.672313414069706,111.46953532428122,111.45364869914782,R427,50
-119,64,0.062651625,2325494.3908,0.0,0.0,R428,R429,R427,R455,R401,48.93124010863544,48.93124010863544,111.48501307932553,111.46953532428122,R428,50
-119,65,0.06282610714285715,2648492.5668,0.0,0.0,R429,R430,R428,R456,R402,47.175039232189974,47.175039232189974,111.500062815354,111.48501307932553,R429,50
-119,66,0.04322235833333333,3296415.7448,0.0,0.0,R430,R431,R429,R457,R403,45.404248468318045,45.404248468318045,111.51466590034875,111.500062815354,R430,50
-119,67,0.04365153636363636,2998344.2479,0.0,0.0,R431,R432,R430,R458,R404,43.61941055101836,43.61941055101836,111.52880424334909,111.51466590034875,R431,50
-119,68,0.04344778181818182,3007714.6574,0.0,0.0,R432,R433,R431,R459,R405,41.82107309044281,41.82107309044281,111.54246031795869,111.52880424334909,R432,50
-119,69,0.0350849,3315099.028,0.0,0.0,R433,R434,R432,R460,R406,40.009788395485515,40.009788395485515,334.70424431105016,111.54246031795869,R433,50
-119,72,0.042518679999999996,2763622.5979,0.0,0.0,R434,R435,R433,R462,R408,34.50384066356811,34.50384066356811,111.59193242255498,334.70424431105016,R434,50
-119,73,0.03336655714285714,2438009.9535,0.0,0.0,R435,R436,R434,R463,R409,32.64637771616591,32.64637771616591,111.60293557619657,111.59193242255498,R435,50
-119,74,0.036610462499999996,2593453.2882000003,0.0,0.0,R436,R437,R435,R464,R410,30.778793140883696,30.778793140883696,111.61336438552951,111.60293557619657,R436,50
-119,75,0.0321294,360029.2473,0.0,0.0,R437,R438,R436,R465,R355,28.901663548048116,86.69677647368049,111.62320587302438,111.61336438552951,R437,50
-119,76,0.03245152857142857,2531185.9708000002,0.0,0.0,R438,R439,R437,R466,R411,27.015568924217845,27.015568924217845,111.63244778651362,111.62320587302438,R438,50
-119,77,0.02683017142857143,3024853.763,0.0,0.0,R439,R-999,R438,R467,R412,25.121092432975185,25.121092432975185,,111.63244778651362,R439,50
-118,49,0.12074029230769232,1118636.80898,0.0,116130.0,R440,R441,R-999,R468,R413,73.17126435678436,73.17126435678436,111.21940943207943,,R440,50
-118,50,0.104681125,2482145.08101,0.0,0.0,R441,R442,R440,R469,R414,71.69521960602547,71.69521960602547,111.23868085995683,111.21940943207943,R441,50
-118,51,0.092823015,2702586.98727,0.0,0.0,R442,R443,R441,R470,R415,70.19713955405018,70.19713955405018,111.25782746631153,111.23868085995683,R442,50
-118,52,0.0682010705882353,3180487.98141,0.0,0.0,R443,R444,R442,R471,R416,68.67747478989759,68.67747478989759,111.27682580399299,111.25782746631153,R443,50
-118,53,0.049166721052631576,4146893.0629,0.0,228970.0,R444,R445,R443,R472,R417,67.13668303003111,67.13668303003111,111.2956525875423,111.27682580399299,R444,50
-118,54,0.06051162631578947,3341978.8396,10303.8045,0.0,R445,R446,R444,R473,R418,65.57522899348992,65.57522899348992,111.31428472223197,111.2956525875423,R445,50
-118,55,0.0566926,3583940.4473,0.0,0.0,R446,R447,R445,R474,R419,63.993584273358834,63.993584273358834,111.3326993329539,111.31428472223197,R446,50
-118,56,0.04430915,4224052.0121,0.0,0.0,R447,R448,R446,R475,R420,62.39222720455756,62.39222720455756,111.35087379293904,111.3326993329539,R447,50
-118,57,0.06480721875,2953804.1177,0.0,0.0,R448,R449,R447,R476,R421,60.771642727955076,60.771642727955076,111.36878575223717,111.35087379293904,R448,50
-118,58,0.06578445,2849435.7213,0.0,0.0,R449,R450,R448,R477,R422,59.13232225082162,59.13232225082162,111.38641316596589,111.36878575223717,R449,50
-118,59,0.07897944666666666,2240694.0058999998,0.0,0.0,R450,R451,R449,R478,R423,57.47476350363418,57.47476350363418,111.40373432223176,111.38641316596589,R450,50
-118,60,0.06694252666666665,2662951.495,0.0,0.0,R451,R452,R450,R479,R424,55.799470393260385,55.799470393260385,111.42072786973738,111.40373432223176,R451,50
-118,61,0.07282598571428571,2251181.9373,0.0,0.0,R452,R453,R451,R480,R425,54.106952852548226,54.106952852548226,111.43737284500068,111.42072786973738,R452,50
-118,62,0.06254869285714286,2739477.3091,0.0,0.0,R453,R454,R452,R481,R426,52.39772668635684,52.39772668635684,111.45364869914782,111.43737284500068,R453,50
-118,63,0.0459272,3044082.912,0.0,0.0,R454,R455,R453,R482,R427,50.672313414069706,50.672313414069706,111.46953532428122,111.45364869914782,R454,50
-118,64,0.061768623076923074,2495346.8469,0.0,0.0,R455,R456,R454,R483,R428,48.93124010863544,48.93124010863544,111.48501307932553,111.46953532428122,R455,50
-118,65,0.0505602,2769717.2962,0.0,0.0,R456,R457,R455,R484,R429,47.175039232189974,47.175039232189974,111.500062815354,111.48501307932553,R456,50
-118,66,0.051628675000000006,2740014.8218,0.0,0.0,R457,R458,R456,R485,R430,45.404248468318045,45.404248468318045,111.51466590034875,111.500062815354,R457,50
-118,67,0.04645901818181818,2866822.3603,0.0,0.0,R458,R459,R457,R486,R431,43.61941055101836,43.61941055101836,111.52880424334909,111.51466590034875,R458,50
-118,68,0.043981145454545456,2997910.0622,0.0,0.0,R459,R460,R458,R487,R432,41.82107309044281,41.82107309044281,111.54246031795869,111.52880424334909,R459,50
-118,69,0.036005242857142856,2260552.8786,0.0,0.0,R460,R461,R459,R488,R433,40.009788395485515,40.009788395485515,223.1238757006927,111.54246031795869,R460,50
-118,71,0.03250682,2946787.774,40.11502798,0.0,R461,R462,R460,R490,R407,36.3506089458593,72.69874302897959,111.5803686103577,223.1238757006927,R461,50
-118,72,0.040283544444444444,2617713.1104,0.0,0.0,R462,R463,R461,R491,R434,34.50384066356811,34.50384066356811,111.59193242255498,111.5803686103577,R462,50
-118,73,0.03737358888888889,2854738.119,0.0,0.0,R463,R464,R462,R492,R435,32.64637771616591,32.64637771616591,111.60293557619657,111.59193242255498,R463,50
-118,74,0.031133642857142856,2614485.3125,0.0,0.0,R464,R465,R463,R493,R436,30.778793140883696,30.778793140883696,111.61336438552951,111.60293557619657,R464,50
-118,75,0.0408694,283036.5979,0.0,0.0,R465,R466,R464,R494,R437,28.901663548048116,28.901663548048116,111.62320587302438,111.61336438552951,R465,50
-118,76,0.03637474285714286,2245245.192,0.0,0.0,R466,R467,R465,R495,R438,27.015568924217845,27.015568924217845,111.63244778651362,111.62320587302438,R466,50
-118,77,0.02737217142857143,2978899.1204,0.0,0.0,R467,R-999,R466,R496,R439,25.121092432975185,25.121092432975185,,111.63244778651362,R467,50
-117,49,0.10216520000000001,1628812.07089,0.0,0.0,R468,R469,R-999,R498,R440,73.17126435678436,73.17126435678436,111.21940943207943,,R468,50
-117,50,0.07950232,3057400.863,0.0,0.0,R469,R470,R468,R499,R441,71.69521960602547,71.69521960602547,111.23868085995683,111.21940943207943,R469,50
-117,51,0.07783506999999999,3324982.68688,0.0,0.0,R470,R471,R469,R500,R442,70.19713955405018,70.19713955405018,111.25782746631153,111.23868085995683,R470,50
-117,52,0.059419385000000005,4574097.69656,0.0,0.0,R471,R472,R470,R501,R443,68.67747478989759,68.67747478989759,111.27682580399299,111.25782746631153,R471,50
-117,53,0.0642263611111111,3631059.0158,0.0,0.0,R472,R473,R471,R502,R444,67.13668303003111,67.13668303003111,111.2956525875423,111.27682580399299,R472,50
-117,54,0.06398505882352942,3143528.2213,0.0,0.0,R473,R474,R472,R503,R445,65.57522899348992,65.57522899348992,111.31428472223197,111.2956525875423,R473,50
-117,55,0.05077962352941176,4060920.7945,0.0,0.0,R474,R475,R473,R504,R446,63.993584273358834,63.993584273358834,111.3326993329539,111.31428472223197,R474,50
-117,56,0.04153634705882353,4260443.715,0.0,202680.0,R475,R476,R474,R505,R447,62.39222720455756,62.39222720455756,111.35087379293904,111.3326993329539,R475,50
-117,57,0.06384433529411765,3108445.79,0.0,0.0,R476,R477,R475,R506,R448,60.771642727955076,60.771642727955076,111.36878575223717,111.35087379293904,R476,50
-117,58,0.06462654,2754175.3018,0.0,0.0,R477,R478,R476,R507,R449,59.13232225082162,59.13232225082162,111.38641316596589,111.36878575223717,R477,50
-117,59,0.06972543333333332,2540412.2668,0.0,0.0,R478,R479,R477,R508,R450,57.47476350363418,57.47476350363418,111.40373432223176,111.38641316596589,R478,50
-117,60,0.07150526428571428,2361803.599,0.0,0.0,R479,R480,R478,R509,R451,55.799470393260385,55.799470393260385,111.42072786973738,111.40373432223176,R479,50
-117,61,0.060668839999999995,2545535.0416,591.8146481,0.0,R480,R481,R479,R510,R452,54.106952852548226,54.106952852548226,111.43737284500068,111.42072786973738,R480,50
-117,62,0.06013967142857143,2739469.9272,0.0,0.0,R481,R482,R480,R511,R453,52.39772668635684,52.39772668635684,111.45364869914782,111.43737284500068,R481,50
-117,63,0.06339467142857143,2636657.0311000003,0.0,0.0,R482,R483,R481,R512,R454,50.672313414069706,50.672313414069706,111.46953532428122,111.45364869914782,R482,50
-117,64,0.051225392307692304,2982439.8521,0.0,0.0,R483,R484,R482,R513,R455,48.93124010863544,48.93124010863544,111.48501307932553,111.46953532428122,R483,50
-117,65,0.04533569166666667,3068683.1612,0.0,0.0,R484,R485,R483,R514,R456,47.175039232189974,47.175039232189974,111.500062815354,111.48501307932553,R484,50
-117,66,0.04714938333333333,2964411.8273,0.0,0.0,R485,R486,R484,R515,R457,45.404248468318045,45.404248468318045,111.51466590034875,111.500062815354,R485,50
-117,67,0.040059950000000004,3545851.6193,0.0,0.0,R486,R487,R485,R516,R458,43.61941055101836,43.61941055101836,111.52880424334909,111.51466590034875,R486,50
-117,68,0.04031138181818182,3256764.6185,0.0,0.0,R487,R488,R486,R517,R459,41.82107309044281,41.82107309044281,111.54246031795869,111.52880424334909,R487,50
-117,69,0.03334294285714286,2438803.8933,0.0,0.0,R488,R489,R487,R518,R460,40.009788395485515,40.009788395485515,111.55561718517784,111.54246031795869,R488,50
-117,70,0.03255232222222222,3207327.1416,0.0,0.0,R489,R490,R488,R519,R379,38.18611329330402,152.71877416769337,111.56825851551484,111.55561718517784,R489,50
-117,71,0.035979311111111106,2960860.3306,0.0,0.0,R490,R491,R489,R520,R461,36.3506089458593,36.3506089458593,111.5803686103577,111.56825851551484,R490,50
-117,72,0.03502988888888889,2976951.9571,0.0,0.0,R491,R492,R490,R521,R462,34.50384066356811,34.50384066356811,111.59193242255498,111.5803686103577,R491,50
-117,73,0.037792511111111114,2780526.298,0.0,0.0,R492,R493,R491,R522,R463,32.64637771616591,32.64637771616591,111.60293557619657,111.59193242255498,R492,50
-117,74,0.03174332857142857,2555921.3505,0.0,0.0,R493,R494,R492,R523,R464,30.778793140883696,30.778793140883696,111.61336438552951,111.60293557619657,R493,50
-117,75,0.034936875,1358011.958,0.0,0.0,R494,R495,R493,R524,R465,28.901663548048116,28.901663548048116,111.62320587302438,111.61336438552951,R494,50
-117,76,0.039334714285714285,2119625.8413,0.0,0.0,R495,R496,R494,R525,R466,27.015568924217845,27.015568924217845,111.63244778651362,111.62320587302438,R495,50
-117,77,0.026310385714285713,3085587.4706,0.0,0.0,R496,R497,R495,R526,R467,25.121092432975185,25.121092432975185,111.64107861541223,111.63244778651362,R496,50
-117,78,0.028981550000000002,798267.2525,0.0,0.0,R497,R-999,R496,R527,R-999,23.218820213495963,,,111.64107861541223,R497,50
-116,49,0.07046968333333332,2052681.49235,0.0,0.0,R498,R499,R-999,R528,R468,73.17126435678436,73.17126435678436,111.21940943207943,,R498,50
-116,50,0.06461984761904763,3637337.4131,0.0,64600.0,R499,R500,R498,R529,R469,71.69521960602547,71.69521960602547,111.23868085995683,111.21940943207943,R499,50
-116,51,0.06656312105263158,3362560.51212,199100.2283,0.0,R500,R501,R499,R530,R470,70.19713955405018,70.19713955405018,111.25782746631153,111.23868085995683,R500,50
-116,52,0.05126453888888889,4335393.2171,0.0,0.0,R501,R502,R500,R531,R471,68.67747478989759,68.67747478989759,111.27682580399299,111.25782746631153,R501,50
-116,53,0.07923898421052632,2823769.1023,0.0,0.0,R502,R503,R501,R532,R472,67.13668303003111,67.13668303003111,111.2956525875423,111.27682580399299,R502,50
-116,54,0.06242295555555556,3429733.3067,0.0,0.0,R503,R504,R502,R533,R473,65.57522899348992,65.57522899348992,111.31428472223197,111.2956525875423,R503,50
-116,55,0.04998302777777778,4248915.6128,0.0,0.0,R504,R505,R503,R534,R474,63.993584273358834,63.993584273358834,111.3326993329539,111.31428472223197,R504,50
-116,56,0.05239821176470588,3799961.4951,0.0,0.0,R505,R506,R504,R535,R475,62.39222720455756,62.39222720455756,111.35087379293904,111.3326993329539,R505,50
-116,57,0.059450081249999995,3172043.1604,0.0,0.0,R506,R507,R505,R536,R476,60.771642727955076,60.771642727955076,111.36878575223717,111.35087379293904,R506,50
-116,58,0.053909653333333335,3290899.5198999997,0.0,0.0,R507,R508,R506,R537,R477,59.13232225082162,59.13232225082162,111.38641316596589,111.36878575223717,R507,50
-116,59,0.061543980000000005,2867551.6714,0.0,0.0,R508,R509,R507,R538,R478,57.47476350363418,57.47476350363418,111.40373432223176,111.38641316596589,R508,50
-116,60,0.056182006666666666,3142030.8471,0.0,0.0,R509,R510,R508,R539,R479,55.799470393260385,55.799470393260385,111.42072786973738,111.40373432223176,R509,50
-116,61,0.047975166666666666,3781567.152,0.0,0.0,R510,R511,R509,R540,R480,54.106952852548226,54.106952852548226,111.43737284500068,111.42072786973738,R510,50
-116,62,0.05566300769230769,2731857.462,0.0,0.0,R511,R512,R510,R541,R481,52.39772668635684,52.39772668635684,111.45364869914782,111.43737284500068,R511,50
-116,63,0.05291487692307692,2875008.9238,0.0,0.0,R512,R513,R511,R542,R482,50.672313414069706,50.672313414069706,111.46953532428122,111.45364869914782,R512,50
-116,64,0.04904603076923077,3079625.9886,0.0,0.0,R513,R514,R512,R543,R483,48.93124010863544,48.93124010863544,111.48501307932553,111.46953532428122,R513,50
-116,65,0.043989838461538464,3425020.1044,0.0,0.0,R514,R515,R513,R544,R484,47.175039232189974,47.175039232189974,111.500062815354,111.48501307932553,R514,50
-116,66,0.04477140909090909,2849903.1366,0.0,0.0,R515,R516,R514,R545,R485,45.404248468318045,45.404248468318045,111.51466590034875,111.500062815354,R515,50
-116,67,0.042090327272727275,3053243.4453,0.0,0.0,R516,R517,R515,R546,R486,43.61941055101836,43.61941055101836,111.52880424334909,111.51466590034875,R516,50
-116,68,0.03975806363636364,3312110.9115,0.0,0.0,R517,R518,R516,R547,R487,41.82107309044281,41.82107309044281,111.54246031795869,111.52880424334909,R517,50
-116,69,0.033606500000000004,3108279.2321,0.0,0.0,R518,R519,R517,R548,R488,40.009788395485515,40.009788395485515,111.55561718517784,111.54246031795869,R518,50
-116,70,0.03383327,3433696.7198,0.0,0.0,R519,R520,R518,R549,R489,38.18611329330402,38.18611329330402,111.56825851551484,111.55561718517784,R519,50
-116,71,0.03757472,3112136.5842,0.0,0.0,R520,R521,R519,R550,R490,36.3506089458593,36.3506089458593,111.5803686103577,111.56825851551484,R520,50
-116,72,0.03841945555555556,2763250.7765,0.0,0.0,R521,R522,R520,R551,R491,34.50384066356811,34.50384066356811,111.59193242255498,111.5803686103577,R521,50
-116,73,0.03835301111111111,2762250.2914,0.0,0.0,R522,R523,R521,R552,R492,32.64637771616591,32.64637771616591,111.60293557619657,111.59193242255498,R522,50
-116,74,0.038134925,1214395.6427,0.0,0.0,R523,R524,R522,R582,R493,61.55542041326323,30.778793140883696,111.61336438552951,111.60293557619657,R523,50
-116,75,0.0378812,1550497.2811,0.0,0.0,R524,R525,R523,R553,R494,28.901663548048116,28.901663548048116,111.62320587302438,111.61336438552951,R524,50
-116,76,0.0432859625,2248234.8517,0.0,0.0,R525,R526,R524,R554,R495,27.015568924217845,27.015568924217845,111.63244778651362,111.62320587302438,R525,50
-116,77,0.0240819875,2964059.622,1.132659614,0.0,R526,R527,R525,R555,R496,25.121092432975185,25.121092432975185,111.64107861541223,111.63244778651362,R526,50
-116,78,0.02740035,845638.7659,0.0,0.0,R527,R-999,R526,R556,R497,23.218820213495963,23.218820213495963,,111.64107861541223,R527,50
-115,49,0.06526414166666666,2313300.52272,0.0,0.0,R528,R529,R-999,R557,R498,73.17126435678436,73.17126435678436,111.21940943207943,,R528,50
-115,50,0.051259685,4757460.1879,0.0,0.0,R529,R530,R528,R558,R499,71.69521960602547,71.69521960602547,111.23868085995683,111.21940943207943,R529,50
-115,51,0.04440434090909091,5038195.8278,0.0,1356120.0,R530,R531,R529,R559,R500,70.19713955405018,70.19713955405018,111.25782746631153,111.23868085995683,R530,50
-115,52,0.06343303684210526,3559612.2105,0.0,0.0,R531,R532,R530,R560,R501,68.67747478989759,68.67747478989759,111.27682580399299,111.25782746631153,R531,50
-115,53,0.0625695,3331052.2172,0.0,0.0,R532,R533,R531,R561,R502,67.13668303003111,67.13668303003111,111.2956525875423,111.27682580399299,R532,50
-115,54,0.051310827777777776,4173095.7564,0.0,0.0,R533,R534,R532,R562,R503,65.57522899348992,65.57522899348992,111.31428472223197,111.2956525875423,R533,50
-115,55,0.04894738333333334,3938607.3132,0.0,15680.0,R534,R535,R533,R563,R504,63.993584273358834,63.993584273358834,111.3326993329539,111.31428472223197,R534,50
-115,56,0.05399555625,3500000.8276,0.0,0.0,R535,R536,R534,R564,R505,62.39222720455756,62.39222720455756,111.35087379293904,111.3326993329539,R535,50
-115,57,0.06763230625,2818103.3198,0.0,0.0,R536,R537,R535,R565,R506,60.771642727955076,60.771642727955076,111.36878575223717,111.35087379293904,R536,50
-115,58,0.06487724705882353,3061443.135,0.0,0.0,R537,R538,R536,R566,R507,59.13232225082162,59.13232225082162,111.38641316596589,111.36878575223717,R537,50
-115,59,0.06488057333333333,2775255.4442,0.0,0.0,R538,R539,R537,R567,R508,57.47476350363418,57.47476350363418,111.40373432223176,111.38641316596589,R538,50
-115,60,0.05429352857142857,3027239.7994,0.0,0.0,R539,R540,R538,R568,R509,55.799470393260385,55.799470393260385,111.42072786973738,111.40373432223176,R539,50
-115,61,0.04366489285714286,3970105.8056,0.0,0.0,R540,R541,R539,R569,R510,54.106952852548226,54.106952852548226,111.43737284500068,111.42072786973738,R540,50
-115,62,0.042678400000000005,4018618.4291000003,0.0,0.0,R541,R542,R540,R570,R511,52.39772668635684,52.39772668635684,111.45364869914782,111.43737284500068,R541,50
-115,63,0.05237278461538461,2911206.2885,0.0,0.0,R542,R543,R541,R571,R512,50.672313414069706,50.672313414069706,111.46953532428122,111.45364869914782,R542,50
-115,64,0.047859969230769225,3154362.8614,0.0,0.0,R543,R544,R542,R572,R513,48.93124010863544,48.93124010863544,111.48501307932553,111.46953532428122,R543,50
-115,65,0.03854755384615384,3911844.3286,0.0,0.0,R544,R545,R543,R573,R514,47.175039232189974,47.175039232189974,111.500062815354,111.48501307932553,R544,50
-115,66,0.04449806666666667,3146615.9877,0.0,0.0,R545,R546,R544,R574,R515,45.404248468318045,45.404248468318045,111.51466590034875,111.500062815354,R545,50
-115,67,0.03845719090909091,3358207.5933,0.0,0.0,R546,R547,R545,R575,R516,43.61941055101836,43.61941055101836,111.52880424334909,111.51466590034875,R546,50
-115,68,0.036248391666666664,3249812.5151,171.8810964,0.0,R547,R548,R546,R576,R517,41.82107309044281,41.82107309044281,111.54246031795869,111.52880424334909,R547,50
-115,69,0.0343938625,2695430.9666,0.0,0.0,R548,R549,R547,R577,R518,40.009788395485515,40.009788395485515,111.55561718517784,111.54246031795869,R548,50
-115,70,0.03538634444444445,2966826.3445,0.0,0.0,R549,R550,R548,R578,R519,38.18611329330402,38.18611329330402,111.56825851551484,111.55561718517784,R549,50
-115,71,0.035852110000000006,3238555.0031,0.0,0.0,R550,R551,R549,R579,R520,36.3506089458593,36.3506089458593,111.5803686103577,111.56825851551484,R550,50
-115,72,0.0374023,2825739.5446,0.0,0.0,R551,R552,R550,R580,R521,34.50384066356811,34.50384066356811,111.59193242255498,111.5803686103577,R551,50
-115,73,0.036124366666666664,2917166.6991,0.0,0.0,R552,R553,R551,R581,R522,32.64637771616591,32.64637771616591,223.21629996172567,111.59193242255498,R552,50
-115,75,0.03952674,1500793.7280000001,0.0,0.0,R553,R554,R552,R583,R524,28.901663548048116,28.901663548048116,111.62320587302438,223.21629996172567,R553,50
-115,76,0.0336208875,2778511.1471,0.0,0.0,R554,R555,R553,R584,R525,27.015568924217845,27.015568924217845,111.63244778651362,111.62320587302438,R554,50
-115,77,0.027122425,1714662.8105000001,0.0,0.0,R555,R556,R554,R585,R526,25.121092432975185,25.121092432975185,111.64107861541223,111.63244778651362,R555,50
-115,78,0.02608085,1774317.1252000001,0.0,0.0,R556,R-999,R555,R586,R527,23.218820213495963,23.218820213495963,,111.64107861541223,R556,50
-114,49,0.044342653846153844,3985735.53665,0.0,0.0,R557,R558,R-999,R587,R528,73.17126435678436,73.17126435678436,111.21940943207943,,R557,50
-114,50,0.04318472380952381,5803735.8243,0.0,0.0,R558,R559,R557,R588,R529,71.69521960602547,71.69521960602547,111.23868085995683,111.21940943207943,R558,50
-114,51,0.045050345,4291636.5527,0.0,512540.0,R559,R560,R558,R589,R530,70.19713955405018,70.19713955405018,111.25782746631153,111.23868085995683,R559,50
-114,52,0.034296347826086954,4779817.0547,0.0,3621520.0,R560,R561,R559,R590,R531,68.67747478989759,68.67747478989759,111.27682580399299,111.25782746631153,R560,50
-114,53,0.03834744736842105,5760758.5087,0.0,0.0,R561,R562,R560,R591,R532,67.13668303003111,67.13668303003111,111.2956525875423,111.27682580399299,R561,50
-114,54,0.037729844444444445,4947458.3422,0.0,531700.0,R562,R563,R561,R592,R533,65.57522899348992,65.57522899348992,111.31428472223197,111.2956525875423,R562,50
-114,55,0.05811184444444444,3665793.6521,0.0,0.0,R563,R564,R562,R593,R534,63.993584273358834,63.993584273358834,111.3326993329539,111.31428472223197,R563,50
-114,56,0.05880379411764706,3423639.0416,0.0,0.0,R564,R565,R563,R594,R535,62.39222720455756,62.39222720455756,111.35087379293904,111.3326993329539,R564,50
-114,57,0.06695055333333334,2675444.0686,0.0,0.0,R565,R566,R564,R595,R536,60.771642727955076,60.771642727955076,111.36878575223717,111.35087379293904,R565,50
-114,58,0.06284151875,2619762.3975,11245.23342,0.0,R566,R567,R565,R596,R537,59.13232225082162,59.13232225082162,111.38641316596589,111.36878575223717,R566,50
-114,59,0.07059611875,2712485.5721,0.0,0.0,R567,R568,R566,R597,R538,57.47476350363418,57.47476350363418,111.40373432223176,111.38641316596589,R567,50
-114,60,0.05672879333333333,3109011.4122,0.0,0.0,R568,R569,R567,R598,R539,55.799470393260385,55.799470393260385,111.42072786973738,111.40373432223176,R568,50
-114,61,0.05026575,3674069.5719,0.0,0.0,R569,R570,R568,R599,R540,54.106952852548226,54.106952852548226,111.43737284500068,111.42072786973738,R569,50
-114,62,0.03712712142857143,4608684.3215,0.0,0.0,R570,R571,R569,R600,R541,52.39772668635684,52.39772668635684,111.45364869914782,111.43737284500068,R570,50
-114,63,0.04701782857142857,3454237.3857,0.0,0.0,R571,R572,R570,R601,R542,50.672313414069706,50.672313414069706,111.46953532428122,111.45364869914782,R571,50
-114,64,0.045263725000000005,3076117.5695,0.0,0.0,R572,R573,R571,R602,R543,48.93124010863544,48.93124010863544,111.48501307932553,111.46953532428122,R572,50
-114,65,0.03955626153846154,3819259.9109,0.0,0.0,R573,R574,R572,R603,R544,47.175039232189974,47.175039232189974,111.500062815354,111.48501307932553,R573,50
-114,66,0.044874166666666666,3134351.0566,0.0,0.0,R574,R575,R573,R604,R545,45.404248468318045,45.404248468318045,111.51466590034875,111.500062815354,R574,50
-114,67,0.03475333636363637,3666385.2733,0.0,0.0,R575,R576,R574,R605,R546,43.61941055101836,43.61941055101836,111.52880424334909,111.51466590034875,R575,50
-114,68,0.03609699090909091,3554680.2813,0.0,0.0,R576,R577,R575,R606,R547,41.82107309044281,41.82107309044281,111.54246031795869,111.52880424334909,R576,50
-114,69,0.0361816,3536540.7983,0.0,0.0,R577,R578,R576,R607,R548,40.009788395485515,40.009788395485515,111.55561718517784,111.54246031795869,R577,50
-114,70,0.03544162,3276616.1466,0.0,0.0,R578,R579,R577,R608,R549,38.18611329330402,38.18611329330402,111.56825851551484,111.55561718517784,R578,50
-114,71,0.036083288888888884,2905094.0224,0.0,0.0,R579,R580,R578,R609,R550,36.3506089458593,36.3506089458593,111.5803686103577,111.56825851551484,R579,50
-114,72,0.03490356666666667,3015556.7797,0.0,0.0,R580,R581,R579,R610,R551,34.50384066356811,34.50384066356811,111.59193242255498,111.5803686103577,R580,50
-114,73,0.03887121111111111,2752032.3411,0.0,0.0,R581,R582,R580,R611,R552,32.64637771616591,32.64637771616591,111.60293557619657,111.59193242255498,R581,50
-114,74,0.0359377,321877.1604,0.0,0.0,R582,R583,R581,R612,R523,30.778793140883696,61.55542041326323,111.61336438552951,111.60293557619657,R582,50
-114,75,0.04340036666666666,2530499.2129,0.0,0.0,R583,R584,R582,R613,R553,28.901663548048116,28.901663548048116,111.62320587302438,111.61336438552951,R583,50
-114,76,0.028875685714285716,2808252.0001,0.0,0.0,R584,R585,R583,R614,R554,27.015568924217845,27.015568924217845,111.63244778651362,111.62320587302438,R584,50
-114,77,0.02753566,2104647.5225,0.0,0.0,R585,R586,R584,R615,R555,25.121092432975185,25.121092432975185,111.64107861541223,111.63244778651362,R585,50
-114,78,0.026891685714285712,3011907.4076,0.0,0.0,R586,R-999,R585,R616,R556,23.218820213495963,23.218820213495963,,111.64107861541223,R586,50
-113,49,0.02963823076923077,4342578.6111,2497.514448,0.0,R587,R588,R-999,R618,R557,73.17126435678436,73.17126435678436,111.21940943207943,,R587,50
-113,50,0.037564315,6216778.1353,0.0,0.0,R588,R589,R587,R619,R558,71.69521960602547,71.69521960602547,111.23868085995683,111.21940943207943,R588,50
-113,51,0.042305694736842106,5215347.021,0.0,0.0,R589,R590,R588,R620,R559,70.19713955405018,70.19713955405018,111.25782746631153,111.23868085995683,R589,50
-113,52,0.040109847368421055,5548249.7222,0.0,0.0,R590,R591,R589,R621,R560,68.67747478989759,68.67747478989759,111.27682580399299,111.25782746631153,R590,50
-113,53,0.03427452777777778,5424635.8064,0.0,76500.0,R591,R592,R590,R622,R561,67.13668303003111,67.13668303003111,111.2956525875423,111.27682580399299,R591,50
-113,54,0.02672486153846154,4846622.886,0.0,3737910.0,R592,R593,R591,R623,R562,65.57522899348992,65.57522899348992,111.31428472223197,111.2956525875423,R592,50
-113,55,0.0471481,3548511.017,166814.5211,165070.0,R593,R594,R592,R624,R563,63.993584273358834,63.993584273358834,111.3326993329539,111.31428472223197,R593,50
-113,56,0.0577728875,3232234.3147,0.0,0.0,R594,R595,R593,R625,R564,62.39222720455756,62.39222720455756,111.35087379293904,111.3326993329539,R594,50
-113,57,0.07177328125,2654862.8459,0.0,0.0,R595,R596,R594,R626,R565,60.771642727955076,60.771642727955076,111.36878575223717,111.35087379293904,R595,50
-113,58,0.06282223125,2981173.2161,0.0,0.0,R596,R597,R595,R627,R566,59.13232225082162,59.13232225082162,111.38641316596589,111.36878575223717,R596,50
-113,59,0.057937506666666666,3054906.4383,0.0,0.0,R597,R598,R596,R628,R567,57.47476350363418,57.47476350363418,111.40373432223176,111.38641316596589,R597,50
-113,60,0.05758509999999999,3038901.2741,0.0,0.0,R598,R599,R597,R629,R568,55.799470393260385,55.799470393260385,111.42072786973738,111.40373432223176,R598,50
-113,61,0.06055166875,3127125.8093,0.0,0.0,R599,R600,R598,R630,R569,54.106952852548226,54.106952852548226,111.43737284500068,111.42072786973738,R599,50
-113,62,0.04289484285714286,3900908.256,0.0,0.0,R600,R601,R599,R631,R570,52.39772668635684,52.39772668635684,111.45364869914782,111.43737284500068,R600,50
-113,63,0.04518931428571428,3595820.0634,0.0,0.0,R601,R602,R600,R632,R571,50.672313414069706,50.672313414069706,111.46953532428122,111.45364869914782,R601,50
-113,64,0.04306200769230769,3517593.4163,0.0,0.0,R602,R603,R601,R633,R572,48.93124010863544,48.93124010863544,111.48501307932553,111.46953532428122,R602,50
-113,65,0.037184507692307696,3456112.0224,20.76542625,0.0,R603,R604,R602,R634,R573,47.175039232189974,47.175039232189974,111.500062815354,111.48501307932553,R603,50
-113,66,0.03934798333333333,3546218.3195,0.0,0.0,R604,R605,R603,R635,R574,45.404248468318045,45.404248468318045,111.51466590034875,111.500062815354,R604,50
-113,67,0.03748951666666667,3728393.1557,0.0,0.0,R605,R606,R604,R636,R575,43.61941055101836,43.61941055101836,111.52880424334909,111.51466590034875,R605,50
-113,68,0.03314857272727272,3867334.8681,0.0,0.0,R606,R607,R605,R637,R576,41.82107309044281,41.82107309044281,111.54246031795869,111.52880424334909,R606,50
-113,69,0.03314068,3515916.1044,0.0,0.0,R607,R608,R606,R638,R577,40.009788395485515,40.009788395485515,111.55561718517784,111.54246031795869,R607,50
-113,70,0.0352226,2972003.2529,0.0,0.0,R608,R609,R607,R639,R578,38.18611329330402,38.18611329330402,111.56825851551484,111.55561718517784,R608,50
-113,71,0.03737004,3130682.0055,0.0,0.0,R609,R610,R608,R640,R579,36.3506089458593,36.3506089458593,111.5803686103577,111.56825851551484,R609,50
-113,72,0.0334844,3165497.8764,0.0,0.0,R610,R611,R609,R641,R580,34.50384066356811,34.50384066356811,111.59193242255498,111.5803686103577,R610,50
-113,73,0.03818514,1541575.0978,0.0,0.0,R611,R612,R610,R642,R581,32.64637771616591,32.64637771616591,111.60293557619657,111.59193242255498,R611,50
-113,74,0.03396895,690219.3803000001,0.0,0.0,R612,R613,R611,R643,R582,30.778793140883696,30.778793140883696,111.61336438552951,111.60293557619657,R612,50
-113,75,0.03516024285714286,2396351.8461,0.0,0.0,R613,R614,R612,R644,R583,28.901663548048116,28.901663548048116,111.62320587302438,111.61336438552951,R613,50
-113,76,0.027652516666666665,2533842.2513,0.0,0.0,R614,R615,R613,R645,R584,27.015568924217845,27.015568924217845,111.63244778651362,111.62320587302438,R614,50
-113,77,0.027113333333333333,1281080.9383,0.0,0.0,R615,R616,R614,R646,R585,25.121092432975185,25.121092432975185,111.64107861541223,111.63244778651362,R615,50
-113,78,0.028710160000000002,2016734.0230999999,0.0,0.0,R616,R617,R615,R647,R586,23.218820213495963,23.218820213495963,111.64908760598021,111.64107861541223,R616,50
-113,79,0.0295281,391746.629,0.0,0.0,R617,R-999,R616,R648,R-999,21.309341177024677,,,111.64908760598021,R617,50
-112,49,0.03169653076923077,4756293.3273,0.0,0.0,R618,R619,R-999,R649,R587,73.17126435678436,73.17126435678436,111.21940943207943,,R618,50
-112,50,0.03406492,6819631.1523,0.0,0.0,R619,R620,R618,R650,R588,71.69521960602547,71.69521960602547,111.23868085995683,111.21940943207943,R619,50
-112,51,0.03952638947368421,5594820.2642,0.0,0.0,R620,R621,R619,R651,R589,70.19713955405018,70.19713955405018,111.25782746631153,111.23868085995683,R620,50
-112,52,0.03379662105263158,6525624.514,0.0,0.0,R621,R622,R620,R652,R590,68.67747478989759,68.67747478989759,111.27682580399299,111.25782746631153,R621,50
-112,53,0.03545644210526316,6208397.5769,0.0,0.0,R622,R623,R621,R653,R591,67.13668303003111,67.13668303003111,111.2956525875423,111.27682580399299,R622,50
-112,54,0.04067699444444444,5198010.2669,0.0,0.0,R623,R624,R622,R654,R592,65.57522899348992,65.57522899348992,111.31428472223197,111.2956525875423,R623,50
-112,55,0.053561411764705885,3790962.5042,0.0,0.0,R624,R625,R623,R655,R593,63.993584273358834,63.993584273358834,111.3326993329539,111.31428472223197,R624,50
-112,56,0.0529996,4031362.085,0.0,0.0,R625,R626,R624,R656,R594,62.39222720455756,62.39222720455756,111.35087379293904,111.3326993329539,R625,50
-112,57,0.07348085882352941,2738787.6424,0.0,0.0,R626,R627,R625,R657,R595,60.771642727955076,60.771642727955076,111.36878575223717,111.35087379293904,R626,50
-112,58,0.0562411,3342841.0631,0.0,0.0,R627,R628,R626,R658,R596,59.13232225082162,59.13232225082162,111.38641316596589,111.36878575223717,R627,50
-112,59,0.05429207142857143,3126292.6234,0.0,0.0,R628,R629,R627,R659,R597,57.47476350363418,57.47476350363418,111.40373432223176,111.38641316596589,R628,50
-112,60,0.06320701428571428,2578103.7372,0.0,0.0,R629,R630,R628,R660,R598,55.799470393260385,55.799470393260385,111.42072786973738,111.40373432223176,R629,50
-112,61,0.04997843076923077,3034676.699,0.0,0.0,R630,R631,R629,R661,R599,54.106952852548226,54.106952852548226,111.43737284500068,111.42072786973738,R630,50
-112,62,0.045191614285714284,3607319.3489,0.0,0.0,R631,R632,R630,R662,R600,52.39772668635684,52.39772668635684,111.45364869914782,111.43737284500068,R631,50
-112,63,0.043774853846153844,3476984.6412,0.0,0.0,R632,R633,R631,R663,R601,50.672313414069706,50.672313414069706,111.46953532428122,111.45364869914782,R632,50
-112,64,0.037136716666666666,3744292.6209,0.0,0.0,R633,R634,R632,R664,R602,48.93124010863544,48.93124010863544,111.48501307932553,111.46953532428122,R633,50
-112,65,0.03818744166666666,3641875.323,0.0,0.0,R634,R635,R633,R665,R603,47.175039232189974,47.175039232189974,111.500062815354,111.48501307932553,R634,50
-112,66,0.03632595833333333,3843444.5092,0.0,0.0,R635,R636,R634,R666,R604,45.404248468318045,45.404248468318045,111.51466590034875,111.500062815354,R635,50
-112,67,0.032415316666666666,4312020.0649,0.0,0.0,R636,R637,R635,R667,R605,43.61941055101836,43.61941055101836,111.52880424334909,111.51466590034875,R636,50
-112,68,0.03312247777777778,3148487.3706,0.0,0.0,R637,R638,R636,R668,R606,41.82107309044281,41.82107309044281,111.54246031795869,111.52880424334909,R637,50
-112,69,0.031248110000000003,3720641.1732,0.0,0.0,R638,R639,R637,R669,R607,40.009788395485515,40.009788395485515,111.55561718517784,111.54246031795869,R638,50
-112,70,0.034818260000000004,3352200.5167,0.0,0.0,R639,R640,R638,R670,R608,38.18611329330402,38.18611329330402,111.56825851551484,111.55561718517784,R639,50
-112,71,0.036155772727272724,3556492.4637,0.0,0.0,R640,R641,R639,R671,R609,36.3506089458593,36.3506089458593,111.5803686103577,111.56825851551484,R640,50
-112,72,0.03584272222222222,2996778.3312999997,0.0,0.0,R641,R642,R640,R672,R610,34.50384066356811,34.50384066356811,111.59193242255498,111.5803686103577,R641,50
-112,73,0.03392346,1710418.9637,0.0,0.0,R642,R643,R641,R673,R611,32.64637771616591,32.64637771616591,111.60293557619657,111.59193242255498,R642,50
-112,74,0.0374406,618208.4521999999,0.0,0.0,R643,R644,R642,R674,R612,30.778793140883696,30.778793140883696,111.61336438552951,111.60293557619657,R643,50
-112,75,0.0316665625,2967094.5437000003,0.0,0.0,R644,R645,R643,R675,R613,28.901663548048116,28.901663548048116,111.62320587302438,111.61336438552951,R644,50
-112,76,0.026620116666666666,2611629.7359,0.0,0.0,R645,R646,R644,R676,R614,27.015568924217845,27.015568924217845,111.63244778651362,111.62320587302438,R645,50
-112,77,0.02727185,848913.8748999999,0.0,0.0,R646,R647,R645,R677,R615,25.121092432975185,25.121092432975185,111.64107861541223,111.63244778651362,R646,50
-112,78,0.027581083333333336,2525971.0206999998,0.0,0.0,R647,R648,R646,R678,R616,23.218820213495963,23.218820213495963,111.64908760598021,111.64107861541223,R647,50
-112,79,0.0308228,375291.1287,0.0,0.0,R648,R-999,R647,R679,R617,21.309341177024677,21.309341177024677,,111.64908760598021,R648,50
-111,49,0.03168225833333333,4409125.1075,0.0,0.0,R649,R650,R-999,R680,R618,73.17126435678436,73.17126435678436,111.21940943207943,,R649,50
-111,50,0.029276966666666668,7290567.2405,0.0,2195530.0,R650,R651,R649,R681,R619,71.69521960602547,71.69521960602547,111.23868085995683,111.21940943207943,R650,50
-111,51,0.034978984210526316,6312048.0527,0.0,0.0,R651,R652,R650,R682,R620,70.19713955405018,70.19713955405018,111.25782746631153,111.23868085995683,R651,50
-111,52,0.030812633333333332,7158373.5491,35260.44888,0.0,R652,R653,R651,R683,R621,68.67747478989759,68.67747478989759,111.27682580399299,111.25782746631153,R652,50
-111,53,0.03406595882352942,5785812.9982,0.0,0.0,R653,R654,R652,R684,R622,67.13668303003111,67.13668303003111,111.2956525875423,111.27682580399299,R653,50
-111,54,0.03942542222222222,5341712.5204,0.0,0.0,R654,R655,R653,R685,R623,65.57522899348992,65.57522899348992,111.31428472223197,111.2956525875423,R654,50
-111,55,0.058656061111111116,3594629.0382,0.0,0.0,R655,R656,R654,R686,R624,63.993584273358834,63.993584273358834,111.3326993329539,111.31428472223197,R655,50
-111,56,0.05995937058823529,3369617.7236,0.0,0.0,R656,R657,R655,R687,R625,62.39222720455756,62.39222720455756,111.35087379293904,111.3326993329539,R656,50
-111,57,0.06763226000000001,2601737.6346,0.0,0.0,R657,R658,R656,R688,R626,60.771642727955076,60.771642727955076,111.36878575223717,111.35087379293904,R657,50
-111,58,0.055865000000000005,3217954.0602,0.0,0.0,R658,R659,R657,R689,R627,59.13232225082162,59.13232225082162,111.38641316596589,111.36878575223717,R658,50
-111,59,0.05318042,3363724.6464,0.0,0.0,R659,R660,R658,R690,R628,57.47476350363418,57.47476350363418,111.40373432223176,111.38641316596589,R659,50
-111,60,0.051973486666666666,3362272.3069,0.0,0.0,R660,R661,R659,R691,R629,55.799470393260385,55.799470393260385,111.42072786973738,111.40373432223176,R660,50
-111,61,0.05015572142857143,3236987.8647,0.0,0.0,R661,R662,R660,R692,R630,54.106952852548226,54.106952852548226,111.43737284500068,111.42072786973738,R661,50
-111,62,0.05088967857142857,3189917.35,0.0,0.0,R662,R663,R661,R693,R631,52.39772668635684,52.39772668635684,111.45364869914782,111.43737284500068,R662,50
-111,63,0.04241893076923077,3592200.3127,0.0,0.0,R663,R664,R662,R694,R632,50.672313414069706,50.672313414069706,111.46953532428122,111.45364869914782,R663,50
-111,64,0.037430528571428576,4334566.9317,0.0,0.0,R664,R665,R663,R695,R633,48.93124010863544,48.93124010863544,111.48501307932553,111.46953532428122,R664,50
-111,65,0.036875175,3770391.3202,0.0,0.0,R665,R666,R664,R696,R634,47.175039232189974,47.175039232189974,111.500062815354,111.48501307932553,R665,50
-111,66,0.036757758333333335,3801181.0502,0.0,0.0,R666,R667,R665,R697,R635,45.404248468318045,45.404248468318045,111.51466590034875,111.500062815354,R666,50
-111,67,0.0324116,3592533.5011,0.0,0.0,R667,R668,R666,R698,R636,43.61941055101836,43.61941055101836,111.52880424334909,111.51466590034875,R667,50
-111,68,0.03275818181818182,3891932.8661,0.0,0.0,R668,R669,R667,R699,R637,41.82107309044281,41.82107309044281,111.54246031795869,111.52880424334909,R668,50
-111,69,0.031809159999999996,3651448.1172,0.0,0.0,R669,R670,R668,R700,R638,40.009788395485515,40.009788395485515,111.55561718517784,111.54246031795869,R669,50
-111,70,0.03449638333333333,4038801.9378,0.0,0.0,R670,R671,R669,R701,R639,38.18611329330402,38.18611329330402,111.56825851551484,111.55561718517784,R670,50
-111,71,0.0352012,2642204.0926,0.0,0.0,R671,R672,R670,R702,R640,36.3506089458593,36.3506089458593,111.5803686103577,111.56825851551484,R671,50
-111,72,0.03533498888888889,3012453.2384,0.0,0.0,R672,R673,R671,R703,R641,34.50384066356811,34.50384066356811,111.59193242255498,111.5803686103577,R672,50
-111,73,0.0368423,1575480.267,0.0,0.0,R673,R674,R672,R704,R642,32.64637771616591,32.64637771616591,111.60293557619657,111.59193242255498,R673,50
-111,74,0.0378051,305977.4854,0.0,0.0,R674,R675,R673,R765,R643,92.32771600075934,30.778793140883696,111.61336438552951,111.60293557619657,R674,50
-111,75,0.032455757142857145,2500294.4067,0.0,0.0,R675,R676,R674,R705,R644,28.901663548048116,28.901663548048116,111.62320587302438,111.61336438552951,R675,50
-111,76,0.028498933333333334,1225094.7612,0.0,0.0,R676,R677,R675,R706,R645,27.015568924217845,27.015568924217845,111.63244778651362,111.62320587302438,R676,50
-111,77,0.0272687,424205.1888,0.0,0.0,R677,R678,R676,R707,R646,25.121092432975185,25.121092432975185,111.64107861541223,111.63244778651362,R677,50
-111,78,0.026905825,3463022.9782,0.0,0.0,R678,R679,R677,R708,R647,23.218820213495963,23.218820213495963,111.64908760598021,111.64107861541223,R678,50
-111,79,0.030328350000000004,763539.1318,0.0,0.0,R679,R-999,R678,R709,R648,21.309341177024677,21.309341177024677,,111.64908760598021,R679,50
-110,49,0.033596074999999996,4143819.015,0.0,0.0,R680,R681,R-999,R710,R649,73.17126435678436,73.17126435678436,111.21940943207943,,R680,50
-110,50,0.030831655000000003,6813988.7636,11047.39554,0.0,R681,R682,R680,R711,R650,71.69521960602547,71.69521960602547,111.23868085995683,111.21940943207943,R681,50
-110,51,0.0360182,6126044.2516,0.0,0.0,R682,R683,R681,R712,R651,70.19713955405018,70.19713955405018,111.25782746631153,111.23868085995683,R682,50
-110,52,0.033787866666666666,6169925.9809,0.0,0.0,R683,R684,R682,R713,R652,68.67747478989759,68.67747478989759,111.27682580399299,111.25782746631153,R683,50
-110,53,0.032876368421052626,6012290.0168,0.0,31780.0,R684,R685,R683,R714,R653,67.13668303003111,67.13668303003111,111.2956525875423,111.27682580399299,R684,50
-110,54,0.048231811111111106,4387134.5024,0.0,0.0,R685,R686,R684,R715,R654,65.57522899348992,65.57522899348992,111.31428472223197,111.2956525875423,R685,50
-110,55,0.056337094117647056,3522225.738,0.0,0.0,R686,R687,R685,R716,R655,63.993584273358834,63.993584273358834,111.3326993329539,111.31428472223197,R686,50
-110,56,0.05755428125,3239953.8387,0.0,0.0,R687,R688,R686,R717,R656,62.39222720455756,62.39222720455756,111.35087379293904,111.3326993329539,R687,50
-110,57,0.061143131249999996,3108231.2133,0.0,0.0,R688,R689,R687,R718,R657,60.771642727955076,60.771642727955076,111.36878575223717,111.35087379293904,R688,50
-110,58,0.051898099999999996,3618535.644,0.0,0.0,R689,R690,R688,R719,R658,59.13232225082162,59.13232225082162,111.38641316596589,111.36878575223717,R689,50
-110,59,0.04916334375,3889513.7988,0.0,0.0,R690,R691,R689,R720,R659,57.47476350363418,57.47476350363418,111.40373432223176,111.38641316596589,R690,50
-110,60,0.05209068571428571,3115277.0927999998,0.0,0.0,R691,R692,R690,R721,R660,55.799470393260385,55.799470393260385,111.42072786973738,111.40373432223176,R691,50
-110,61,0.05625841333333333,3093635.2867,0.0,0.0,R692,R693,R691,R722,R661,54.106952852548226,54.106952852548226,111.43737284500068,111.42072786973738,R692,50
-110,62,0.04882368666666667,3108568.4495,2243.609918,0.0,R693,R694,R692,R723,R662,52.39772668635684,52.39772668635684,111.45364869914782,111.43737284500068,R693,50
-110,63,0.04523363076923077,3362213.3397999997,0.0,0.0,R694,R695,R693,R724,R663,50.672313414069706,50.672313414069706,111.46953532428122,111.45364869914782,R694,50
-110,64,0.036433,4135416.6219,0.0,0.0,R695,R696,R694,R725,R664,48.93124010863544,48.93124010863544,111.48501307932553,111.46953532428122,R695,50
-110,65,0.035037575,3966176.4063,0.0,0.0,R696,R697,R695,R726,R665,47.175039232189974,47.175039232189974,111.500062815354,111.48501307932553,R696,50
-110,66,0.03448731666666666,4052891.1441,0.0,0.0,R697,R698,R696,R727,R666,45.404248468318045,45.404248468318045,111.51466590034875,111.500062815354,R697,50
-110,67,0.0302983,4604492.2803,0.0,0.0,R698,R699,R697,R728,R667,43.61941055101836,43.61941055101836,111.52880424334909,111.51466590034875,R698,50
-110,68,0.031239620000000003,3715232.4853,0.0,0.0,R699,R700,R698,R729,R668,41.82107309044281,41.82107309044281,111.54246031795869,111.52880424334909,R699,50
-110,69,0.0312614,4088253.8116,0.0,0.0,R700,R701,R699,R730,R669,40.009788395485515,40.009788395485515,111.55561718517784,111.54246031795869,R700,50
-110,70,0.03348507,3464480.1618,0.0,0.0,R701,R702,R700,R731,R670,38.18611329330402,38.18611329330402,111.56825851551484,111.55561718517784,R701,50
-110,71,0.03397376,3416496.3377,0.0,0.0,R702,R703,R701,R732,R671,36.3506089458593,36.3506089458593,111.5803686103577,111.56825851551484,R702,50
-110,72,0.03114018888888889,3388508.9195,0.0,0.0,R703,R704,R702,R733,R672,34.50384066356811,34.50384066356811,111.59193242255498,111.5803686103577,R703,50
-110,73,0.036788225,1267045.6831,0.0,0.0,R704,R705,R703,R734,R673,32.64637771616591,32.64637771616591,223.21629996172567,111.59193242255498,R704,50
-110,75,0.02714983333333333,2611213.7319,0.0,0.0,R705,R706,R704,R735,R675,28.901663548048116,28.901663548048116,111.62320587302438,223.21629996172567,R705,50
-110,76,0.02751408333333333,2537407.1177,0.0,0.0,R706,R707,R705,R736,R676,27.015568924217845,27.015568924217845,111.63244778651362,111.62320587302438,R706,50
-110,77,0.02540035,911103.2249,0.0,0.0,R707,R708,R706,R737,R677,25.121092432975185,25.121092432975185,111.64107861541223,111.63244778651362,R707,50
-110,78,0.025659766666666667,2709769.0799000002,0.0,0.0,R708,R709,R707,R738,R678,23.218820213495963,23.218820213495963,111.64908760598021,111.64107861541223,R708,50
-110,79,0.027921,1247021.7396,0.0,0.0,R709,R-999,R708,R739,R679,21.309341177024677,21.309341177024677,,111.64908760598021,R709,50
-109,49,0.035025246153846154,4321220.5599,0.0,0.0,R710,R711,R-999,R740,R680,73.17126435678436,73.17126435678436,111.21940943207943,,R710,50
-109,50,0.031092304999999997,7492786.5947,0.0,0.0,R711,R712,R710,R741,R681,71.69521960602547,71.69521960602547,111.23868085995683,111.21940943207943,R711,50
-109,51,0.034474885,6727964.9464,0.0,0.0,R712,R713,R711,R742,R682,70.19713955405018,70.19713955405018,111.25782746631153,111.23868085995683,R712,50
-109,52,0.0325685947368421,6066861.3337,0.0,24520.0,R713,R714,R712,R743,R683,68.67747478989759,68.67747478989759,111.27682580399299,111.25782746631153,R713,50
-109,53,0.035645115,6501619.4793,0.0,0.0,R714,R715,R713,R744,R684,67.13668303003111,67.13668303003111,111.2956525875423,111.27682580399299,R714,50
-109,54,0.04807678823529411,4197355.4985,0.0,0.0,R715,R716,R714,R745,R685,65.57522899348992,65.57522899348992,111.31428472223197,111.2956525875423,R715,50
-109,55,0.051384252941176475,3896597.9422,0.0,0.0,R716,R717,R715,R746,R686,63.993584273358834,63.993584273358834,111.3326993329539,111.31428472223197,R716,50
-109,56,0.05477385882352941,3647114.8553,0.0,0.0,R717,R718,R716,R747,R687,62.39222720455756,62.39222720455756,111.35087379293904,111.3326993329539,R717,50
-109,57,0.060749552941176475,3293442.7631,0.0,0.0,R718,R719,R717,R748,R688,60.771642727955076,60.771642727955076,111.36878575223717,111.35087379293904,R718,50
-109,58,0.046613706666666664,3753198.6307,0.0,0.0,R719,R720,R718,R749,R689,59.13232225082162,59.13232225082162,111.38641316596589,111.36878575223717,R719,50
-109,59,0.04048553125,4140974.4094,310.631899,0.0,R720,R721,R719,R750,R690,57.47476350363418,57.47476350363418,111.40373432223176,111.38641316596589,R720,50
-109,60,0.05267572857142857,3102796.9493,0.0,0.0,R721,R722,R720,R751,R691,55.799470393260385,55.799470393260385,111.42072786973738,111.40373432223176,R721,50
-109,61,0.05597397333333333,3119044.1055,0.0,0.0,R722,R723,R721,R752,R692,54.106952852548226,54.106952852548226,111.43737284500068,111.42072786973738,R722,50
-109,62,0.047890276923076916,3150149.9111,0.0,0.0,R723,R724,R722,R753,R693,52.39772668635684,52.39772668635684,111.45364869914782,111.43737284500068,R723,50
-109,63,0.042949435714285715,3797966.1272,0.0,0.0,R724,R725,R723,R754,R694,50.672313414069706,50.672313414069706,111.46953532428122,111.45364869914782,R724,50
-109,64,0.034976008333333336,3973030.1794,0.0,0.0,R725,R726,R724,R755,R695,48.93124010863544,48.93124010863544,111.48501307932553,111.46953532428122,R725,50
-109,65,0.034126333333333335,4069971.8868,0.0,0.0,R726,R727,R725,R756,R696,47.175039232189974,47.175039232189974,111.500062815354,111.48501307932553,R726,50
-109,66,0.034281123076923076,4408467.3149999995,0.0,0.0,R727,R728,R726,R757,R697,45.404248468318045,45.404248468318045,111.51466590034875,111.500062815354,R727,50
-109,67,0.032169645454545454,3981589.2568,0.0,0.0,R728,R729,R727,R758,R698,43.61941055101836,43.61941055101836,111.52880424334909,111.51466590034875,R728,50
-109,68,0.031628699999999996,3658747.033,0.0,0.0,R729,R730,R728,R759,R699,41.82107309044281,41.82107309044281,111.54246031795869,111.52880424334909,R729,50
-109,69,0.030588800000000003,3407164.127,0.0,0.0,R730,R731,R729,R760,R700,40.009788395485515,40.009788395485515,111.55561718517784,111.54246031795869,R730,50
-109,70,0.03307504444444445,3150219.3481,0.0,0.0,R731,R732,R730,R761,R701,38.18611329330402,38.18611329330402,111.56825851551484,111.55561718517784,R731,50
-109,71,0.036145250000000004,3214853.9874,0.0,0.0,R732,R733,R731,R762,R702,36.3506089458593,36.3506089458593,111.5803686103577,111.56825851551484,R732,50
-109,72,0.032366844444444445,3292110.4501,0.0,0.0,R733,R734,R732,R763,R703,34.50384066356811,34.50384066356811,111.59193242255498,111.5803686103577,R733,50
-109,73,0.0289174,2407769.5174000002,0.0,0.0,R734,R735,R733,R764,R704,32.64637771616591,32.64637771616591,223.21629996172567,111.59193242255498,R734,50
-109,75,0.0269609,2623783.3965,0.0,0.0,R735,R736,R734,R766,R705,28.901663548048116,28.901663548048116,111.62320587302438,223.21629996172567,R735,50
-109,76,0.027639542857142856,2957701.9671,0.0,0.0,R736,R737,R735,R767,R706,27.015568924217845,27.015568924217845,111.63244778651362,111.62320587302438,R736,50
-109,77,0.025185279999999997,2297708.642,0.0,0.0,R737,R738,R736,R768,R707,25.121092432975185,25.121092432975185,111.64107861541223,111.63244778651362,R737,50
-109,78,0.025441733333333338,1365957.0046,0.0,0.0,R738,R739,R737,R826,R708,69.64969359892991,23.218820213495963,111.64908760598021,111.64107861541223,R738,50
-109,79,0.0251241,460414.3104,0.0,0.0,R739,R-999,R738,R827,R709,63.92176875012226,21.309341177024677,,111.64908760598021,R739,50
-108,49,0.03363038333333333,4141813.0722,0.0,0.0,R740,R741,R-999,R769,R710,73.17126435678436,73.17126435678436,111.21940943207943,,R740,50
-108,50,0.031264655,7429605.1042,0.0,0.0,R741,R742,R740,R770,R711,71.69521960602547,71.69521960602547,111.23868085995683,111.21940943207943,R741,50
-108,51,0.0353699,5614707.6963,0.0,0.0,R742,R743,R741,R771,R712,70.19713955405018,70.19713955405018,111.25782746631153,111.23868085995683,R742,50
-108,52,0.033807463157894735,6531162.051,0.0,0.0,R743,R744,R742,R772,R713,68.67747478989759,68.67747478989759,111.27682580399299,111.25782746631153,R743,50
-108,53,0.03665457777777778,5705143.9519,0.0,0.0,R744,R745,R743,R773,R714,67.13668303003111,67.13668303003111,111.2956525875423,111.27682580399299,R744,50
-108,54,0.0515201,3630928.3882,0.0,0.0,R745,R746,R744,R774,R715,65.57522899348992,65.57522899348992,111.31428472223197,111.2956525875423,R745,50
-108,55,0.05541255882352941,3567304.8347,0.0,0.0,R746,R747,R745,R775,R716,63.993584273358834,63.993584273358834,111.3326993329539,111.31428472223197,R746,50
-108,56,0.05366815,3498625.2354,0.0,0.0,R747,R748,R746,R776,R717,62.39222720455756,62.39222720455756,111.35087379293904,111.3326993329539,R747,50
-108,57,0.0537084625,3479107.9198000003,0.0,0.0,R748,R749,R747,R777,R718,60.771642727955076,60.771642727955076,111.36878575223717,111.35087379293904,R748,50
-108,58,0.04455917857142857,3663114.8772,0.0,0.0,R749,R750,R748,R778,R719,59.13232225082162,59.13232225082162,111.38641316596589,111.36878575223717,R749,50
-108,59,0.04843047333333333,3649353.5926,0.0,0.0,R750,R751,R749,R779,R720,57.47476350363418,57.47476350363418,111.40373432223176,111.38641316596589,R750,50
-108,60,0.0541967,3425671.1635,0.0,0.0,R751,R752,R750,R780,R721,55.799470393260385,55.799470393260385,111.42072786973738,111.40373432223176,R751,50
-108,61,0.05154552142857143,3172400.8275,0.0,0.0,R752,R753,R751,R781,R722,54.106952852548226,54.106952852548226,111.43737284500068,111.42072786973738,R752,50
-108,62,0.04561768571428571,3594734.3552,0.0,0.0,R753,R754,R752,R782,R723,52.39772668635684,52.39772668635684,111.45364869914782,111.43737284500068,R753,50
-108,63,0.03850547142857143,4247955.4343,0.0,0.0,R754,R755,R753,R783,R724,50.672313414069706,50.672313414069706,111.46953532428122,111.45364869914782,R754,50
-108,64,0.03276855384615385,4594010.9801,0.0,0.0,R755,R756,R754,R784,R725,48.93124010863544,48.93124010863544,111.48501307932553,111.46953532428122,R755,50
-108,65,0.03500015714285714,4632773.3308,0.0,0.0,R756,R757,R755,R785,R726,47.175039232189974,47.175039232189974,111.500062815354,111.48501307932553,R756,50
-108,66,0.031196199999999997,4121850.5742,0.0,0.0,R757,R758,R756,R786,R727,45.404248468318045,45.404248468318045,111.51466590034875,111.500062815354,R757,50
-108,67,0.034164599999999996,4116077.0638,0.0,0.0,R758,R759,R757,R787,R728,43.61941055101836,43.61941055101836,111.52880424334909,111.51466590034875,R758,50
-108,68,0.03283846666666667,4229885.29,0.0,0.0,R759,R760,R758,R788,R729,41.82107309044281,41.82107309044281,111.54246031795869,111.52880424334909,R759,50
-108,69,0.031669518181818186,4074164.7914,0.0,0.0,R760,R761,R759,R789,R730,40.009788395485515,40.009788395485515,111.55561718517784,111.54246031795869,R760,50
-108,70,0.031048360000000004,3733029.3518,0.0,0.0,R761,R762,R760,R790,R731,38.18611329330402,38.18611329330402,111.56825851551484,111.55561718517784,R761,50
-108,71,0.03295192,3527121.3254,0.0,0.0,R762,R763,R761,R791,R732,36.3506089458593,36.3506089458593,111.5803686103577,111.56825851551484,R762,50
-108,72,0.03453051818181818,3696645.0967,0.0,0.0,R763,R764,R762,R792,R733,34.50384066356811,34.50384066356811,111.59193242255498,111.5803686103577,R763,50
-108,73,0.0307812,3024280.4329,0.0,0.0,R764,R765,R763,R793,R734,32.64637771616591,32.64637771616591,111.60293557619657,111.59193242255498,R764,50
-108,74,0.0305855,756415.7829,0.0,0.0,R765,R766,R764,R794,R674,30.778793140883696,92.32771600075934,111.61336438552951,111.60293557619657,R765,50
-108,75,0.0242711,2868003.795,0.0,0.0,R766,R767,R765,R795,R735,28.901663548048116,28.901663548048116,111.62320587302438,111.61336438552951,R766,50
-108,76,0.026053342857142857,3111382.0745,0.0,0.0,R767,R768,R766,R796,R736,27.015568924217845,27.015568924217845,111.63244778651362,111.62320587302438,R767,50
-108,77,0.0246262,469724.1772,0.0,0.0,R768,R-999,R767,R825,R737,50.24036858987407,25.121092432975185,,111.63244778651362,R768,50
-107,49,0.03228290769230769,4702703.8053,0.0,0.0,R769,R770,R-999,R797,R740,73.17126435678436,73.17126435678436,111.21940943207943,,R769,50
-107,50,0.03380355263157895,6537828.9553,0.0,0.0,R770,R771,R769,R798,R741,71.69521960602547,71.69521960602547,111.23868085995683,111.21940943207943,R770,50
-107,51,0.03278704,7076000.3188000005,0.0,0.0,R771,R772,R770,R799,R742,70.19713955405018,70.19713955405018,111.25782746631153,111.23868085995683,R771,50
-107,52,0.03442741,6734033.5831,0.0,0.0,R772,R773,R771,R800,R743,68.67747478989759,68.67747478989759,111.27682580399299,111.25782746631153,R772,50
-107,53,0.03698191666666666,5650295.7246,0.0,0.0,R773,R774,R772,R801,R744,67.13668303003111,67.13668303003111,111.2956525875423,111.27682580399299,R773,50
-107,54,0.04899944444444445,4283460.0606,0.0,0.0,R774,R775,R773,R802,R745,65.57522899348992,65.57522899348992,111.31428472223197,111.2956525875423,R774,50
-107,55,0.05447999444444444,3918639.4177,0.0,0.0,R775,R776,R774,R803,R746,63.993584273358834,63.993584273358834,111.3326993329539,111.31428472223197,R775,50
-107,56,0.05357633888888889,3488184.657,3988.755217,0.0,R776,R777,R775,R804,R747,62.39222720455756,62.39222720455756,111.35087379293904,111.3326993329539,R776,50
-107,57,0.05165444705882353,3864968.121,0.0,0.0,R777,R778,R776,R805,R748,60.771642727955076,60.771642727955076,111.36878575223717,111.35087379293904,R777,50
-107,58,0.0496843125,3799573.4312,0.0,0.0,R778,R779,R777,R806,R749,59.13232225082162,59.13232225082162,111.38641316596589,111.36878575223717,R778,50
-107,59,0.052498640000000006,3323779.541,0.0,0.0,R779,R780,R778,R807,R750,57.47476350363418,57.47476350363418,111.40373432223176,111.38641316596589,R779,50
-107,60,0.04819249375,3885953.2927,0.0,0.0,R780,R781,R779,R808,R751,55.799470393260385,55.799470393260385,111.42072786973738,111.40373432223176,R780,50
-107,61,0.04440647692307693,3393802.9155,0.0,0.0,R781,R782,R780,R809,R752,54.106952852548226,54.106952852548226,111.43737284500068,111.42072786973738,R781,50
-107,62,0.03835943846153846,3978462.4595,0.0,0.0,R782,R783,R781,R810,R753,52.39772668635684,52.39772668635684,111.45364869914782,111.43737284500068,R782,50
-107,63,0.03365025,4817777.2664,0.0,0.0,R783,R784,R782,R811,R754,50.672313414069706,50.672313414069706,111.46953532428122,111.45364869914782,R783,50
-107,64,0.03204013333333333,4335186.7469,0.0,0.0,R784,R785,R783,R812,R755,48.93124010863544,48.93124010863544,111.48501307932553,111.46953532428122,R784,50
-107,65,0.032772972727272726,3889171.5211,0.0,0.0,R785,R786,R784,R813,R756,47.175039232189974,47.175039232189974,111.500062815354,111.48501307932553,R785,50
-107,66,0.033185925,4216029.4401,0.0,0.0,R786,R787,R785,R814,R757,45.404248468318045,45.404248468318045,111.51466590034875,111.500062815354,R786,50
-107,67,0.03339661818181818,3828523.7019,0.0,0.0,R787,R788,R786,R815,R758,43.61941055101836,43.61941055101836,111.52880424334909,111.51466590034875,R787,50
-107,68,0.032347890000000004,3584236.1949,0.0,0.0,R788,R789,R787,R816,R759,41.82107309044281,41.82107309044281,111.54246031795869,111.52880424334909,R788,50
-107,69,0.030262070000000002,3113848.6545,200.5751399,0.0,R789,R790,R788,R817,R760,40.009788395485515,40.009788395485515,111.55561718517784,111.54246031795869,R789,50
-107,70,0.02873162727272727,4444708.3653,0.0,0.0,R790,R791,R789,R818,R761,38.18611329330402,38.18611329330402,111.56825851551484,111.55561718517784,R790,50
-107,71,0.029377125,3153169.4505,0.0,0.0,R791,R792,R790,R819,R762,36.3506089458593,36.3506089458593,111.5803686103577,111.56825851551484,R791,50
-107,72,0.029153755555555556,3616222.9039,0.0,0.0,R792,R793,R791,R820,R763,34.50384066356811,34.50384066356811,111.59193242255498,111.5803686103577,R792,50
-107,73,0.027617211111111113,3812986.2416,0.0,0.0,R793,R794,R792,R821,R764,32.64637771616591,32.64637771616591,111.60293557619657,111.59193242255498,R793,50
-107,74,0.030784150000000003,751534.2692,0.0,0.0,R794,R795,R793,R822,R765,30.778793140883696,30.778793140883696,111.61336438552951,111.60293557619657,R794,50
-107,75,0.0234019,1981789.3238,0.0,0.0,R795,R796,R794,R823,R766,28.901663548048116,28.901663548048116,111.62320587302438,111.61336438552951,R795,50
-107,76,0.0264217,2208622.5579,0.0,0.0,R796,R-999,R795,R824,R767,27.015568924217845,27.015568924217845,,111.62320587302438,R796,50
-106,49,0.0302837,4602949.1413,0.0,0.0,R797,R798,R-999,R828,R769,73.17126435678436,73.17126435678436,111.21940943207943,,R797,50
-106,50,0.03016859090909091,7707254.2838,0.0,9230.0,R798,R799,R797,R829,R770,71.69521960602547,71.69521960602547,111.23868085995683,111.21940943207943,R798,50
-106,51,0.03268246315789474,6729595.7456,0.0,0.0,R799,R800,R798,R830,R771,70.19713955405018,70.19713955405018,111.25782746631153,111.23868085995683,R799,50
-106,52,0.030495610526315792,6478544.0587,57483.60805,0.0,R800,R801,R799,R831,R772,68.67747478989759,68.67747478989759,111.27682580399299,111.25782746631153,R800,50
-106,53,0.03695777222222222,5673696.8235,0.0,0.0,R801,R802,R800,R832,R773,67.13668303003111,67.13668303003111,111.2956525875423,111.27682580399299,R801,50
-106,54,0.05163209411764706,3857354.3941,0.0,0.0,R802,R803,R801,R833,R774,65.57522899348992,65.57522899348992,111.31428472223197,111.2956525875423,R802,50
-106,55,0.05347464736842106,4142601.9914,0.0,0.0,R803,R804,R802,R834,R775,63.993584273358834,63.993584273358834,111.3326993329539,111.31428472223197,R803,50
-106,56,0.05336052,3281161.2176,0.0,0.0,R804,R805,R803,R835,R776,62.39222720455756,62.39222720455756,111.35087379293904,111.3326993329539,R804,50
-106,57,0.047160117647058825,4229448.7914,0.0,0.0,R805,R806,R804,R836,R777,60.771642727955076,60.771642727955076,111.36878575223717,111.35087379293904,R805,50
-106,58,0.053301025,3574545.2146,0.0,0.0,R806,R807,R805,R837,R778,59.13232225082162,59.13232225082162,111.38641316596589,111.36878575223717,R806,50
-106,59,0.05541768666666667,3154966.7693,0.0,0.0,R807,R808,R806,R838,R779,57.47476350363418,57.47476350363418,111.40373432223176,111.38641316596589,R807,50
-106,60,0.043983664285714284,3701655.8638999998,0.0,0.0,R808,R809,R807,R839,R780,55.799470393260385,55.799470393260385,111.42072786973738,111.40373432223176,R808,50
-106,61,0.04041335714285715,4009243.7244,0.0,0.0,R809,R810,R808,R840,R781,54.106952852548226,54.106952852548226,111.43737284500068,111.42072786973738,R809,50
-106,62,0.032200571428571426,5050516.0233,0.0,0.0,R810,R811,R809,R841,R782,52.39772668635684,52.39772668635684,111.45364869914782,111.43737284500068,R810,50
-106,63,0.03126603846153846,4813181.0912,0.0,0.0,R811,R812,R810,R842,R783,50.672313414069706,50.672313414069706,111.46953532428122,111.45364869914782,R811,50
-106,64,0.030765969230769234,4891162.6959,0.0,0.0,R812,R813,R811,R843,R784,48.93124010863544,48.93124010863544,111.48501307932553,111.46953532428122,R812,50
-106,65,0.030902816666666666,4495612.2641,0.0,0.0,R813,R814,R812,R844,R785,47.175039232189974,47.175039232189974,111.500062815354,111.48501307932553,R813,50
-106,66,0.030759318181818183,4149382.5974,0.0,0.0,R814,R815,R813,R845,R786,45.404248468318045,45.404248468318045,111.51466590034875,111.500062815354,R814,50
-106,67,0.029084716666666666,4780440.5148,0.0,0.0,R815,R816,R814,R846,R787,43.61941055101836,43.61941055101836,111.52880424334909,111.51466590034875,R815,50
-106,68,0.029413081818181818,4348241.0356,0.0,0.0,R816,R817,R815,R847,R788,41.82107309044281,41.82107309044281,111.54246031795869,111.52880424334909,R816,50
-106,69,0.032064772727272726,3978960.5191,0.0,0.0,R817,R818,R816,R848,R789,40.009788395485515,40.009788395485515,111.55561718517784,111.54246031795869,R817,50
-106,70,0.0274158,4220896.01,0.0,0.0,R818,R819,R817,R849,R790,38.18611329330402,38.18611329330402,111.56825851551484,111.55561718517784,R818,50
-106,71,0.02790733,4154446.7026,0.0,0.0,R819,R820,R818,R850,R791,36.3506089458593,36.3506089458593,111.5803686103577,111.56825851551484,R819,50
-106,72,0.024326255555555554,4284139.5217,0.0,0.0,R820,R821,R819,R851,R792,34.50384066356811,34.50384066356811,111.59193242255498,111.5803686103577,R820,50
-106,73,0.027092225,3434573.6147,0.0,0.0,R821,R822,R820,R852,R793,32.64637771616591,32.64637771616591,111.60293557619657,111.59193242255498,R821,50
-106,74,0.029752325,1561195.5543,0.0,0.0,R822,R823,R821,R853,R794,30.778793140883696,30.778793140883696,111.61336438552951,111.60293557619657,R822,50
-106,75,0.0249255,1865885.3475,0.0,0.0,R823,R824,R822,R854,R795,28.901663548048116,28.901663548048116,111.62320587302438,111.61336438552951,R823,50
-106,76,0.024592239999999998,2362505.4326,0.0,0.0,R824,R825,R823,R855,R796,27.015568924217845,27.015568924217845,111.63244778651362,111.62320587302438,R824,50
-106,77,0.0292184,791811.1638,0.0,0.0,R825,R826,R824,R856,R768,25.121092432975185,50.24036858987407,111.64107861541223,111.63244778651362,R825,50
-106,78,0.028416566666666667,1222140.5354,0.0,0.0,R826,R827,R825,R857,R738,23.218820213495963,69.64969359892991,111.64908760598021,111.64107861541223,R826,50
-106,79,0.0270978,426879.9957,0.0,0.0,R827,R-999,R826,R858,R739,21.309341177024677,63.92176875012226,,111.64908760598021,R827,50
-105,49,0.03145783846153846,4794780.9721,0.0,0.0,R828,R829,R-999,R859,R797,73.17126435678436,73.17126435678436,111.21940943207943,,R828,50
-105,50,0.027536,6914501.0889,40672.29651,594640.0,R829,R830,R828,R860,R798,71.69521960602547,71.69521960602547,111.23868085995683,111.21940943207943,R829,50
-105,51,0.03210823809523809,6870115.1747,0.0,243260.0,R830,R831,R829,R861,R799,70.19713955405018,70.19713955405018,111.25782746631153,111.23868085995683,R830,50
-105,52,0.032302250000000005,6453748.2796,0.0,0.0,R831,R832,R830,R862,R800,68.67747478989759,68.67747478989759,111.27682580399299,111.25782746631153,R831,50
-105,53,0.034291089473684214,6445579.2047,0.0,0.0,R832,R833,R831,R863,R801,67.13668303003111,67.13668303003111,111.2956525875423,111.27682580399299,R832,50
-105,54,0.05191367368421053,4322213.2671,0.0,0.0,R833,R834,R832,R864,R802,65.57522899348992,65.57522899348992,111.31428472223197,111.2956525875423,R833,50
-105,55,0.04993886875,3804978.5933,0.0,0.0,R834,R835,R833,R865,R803,63.993584273358834,63.993584273358834,111.3326993329539,111.31428472223197,R834,50
-105,56,0.050424444444444445,4157709.987,0.0,0.0,R835,R836,R834,R866,R804,62.39222720455756,62.39222720455756,111.35087379293904,111.3326993329539,R835,50
-105,57,0.046982631250000004,3976024.3038999997,0.0,0.0,R836,R837,R835,R867,R805,60.771642727955076,60.771642727955076,111.36878575223717,111.35087379293904,R836,50
-105,58,0.043609706666666664,4007335.2097,0.0,0.0,R837,R838,R836,R868,R806,59.13232225082162,59.13232225082162,111.38641316596589,111.36878575223717,R837,50
-105,59,0.0499990125,3739460.473,0.0,0.0,R838,R839,R837,R869,R807,57.47476350363418,57.47476350363418,111.40373432223176,111.38641316596589,R838,50
-105,60,0.04332244666666667,4029761.5483,0.0,0.0,R839,R840,R838,R870,R808,55.799470393260385,55.799470393260385,111.42072786973738,111.40373432223176,R839,50
-105,61,0.03831911428571429,4250488.9976,0.0,0.0,R840,R841,R839,R871,R809,54.106952852548226,54.106952852548226,111.43737284500068,111.42072786973738,R840,50
-105,62,0.030270935714285713,5353483.9084,0.0,0.0,R841,R842,R840,R872,R810,52.39772668635684,52.39772668635684,111.45364869914782,111.43737284500068,R841,50
-105,63,0.033419953846153844,4525649.9494,0.0,0.0,R842,R843,R841,R873,R811,50.672313414069706,50.672313414069706,111.46953532428122,111.45364869914782,R842,50
-105,64,0.03008205833333333,4632054.9744,0.0,0.0,R843,R844,R842,R874,R812,48.93124010863544,48.93124010863544,111.48501307932553,111.46953532428122,R843,50
-105,65,0.030603833333333334,4544805.5106999995,0.0,0.0,R844,R845,R843,R875,R813,47.175039232189974,47.175039232189974,111.500062815354,111.48501307932553,R844,50
-105,66,0.02715712142857143,5153182.4237,3.209202238,0.0,R845,R846,R844,R876,R814,45.404248468318045,45.404248468318045,111.51466590034875,111.500062815354,R845,50
-105,67,0.027517745454545453,4625173.3954,0.0,0.0,R846,R847,R845,R877,R815,43.61941055101836,43.61941055101836,111.52880424334909,111.51466590034875,R846,50
-105,68,0.02929858,3954927.7952,0.0,0.0,R847,R848,R846,R878,R816,41.82107309044281,41.82107309044281,111.54246031795869,111.52880424334909,R847,50
-105,69,0.031281540000000004,3706592.7235,0.0,0.0,R848,R849,R847,R879,R817,40.009788395485515,40.009788395485515,111.55561718517784,111.54246031795869,R848,50
-105,70,0.02721995,4254103.9617,0.0,0.0,R849,R850,R848,R880,R818,38.18611329330402,38.18611329330402,111.56825851551484,111.55561718517784,R849,50
-105,71,0.025855077777777777,4032371.9465,0.0,0.0,R850,R851,R849,R881,R819,36.3506089458593,36.3506089458593,111.5803686103577,111.56825851551484,R850,50
-105,72,0.02466745,3755101.1348,0.0,0.0,R851,R852,R850,R882,R820,34.50384066356811,34.50384066356811,111.59193242255498,111.5803686103577,R851,50
-105,73,0.02662735714285714,3045791.4428000003,0.0,0.0,R852,R853,R851,R883,R821,32.64637771616591,32.64637771616591,111.60293557619657,111.59193242255498,R852,50
-105,74,0.02949195,785988.6968,0.0,0.0,R853,R854,R852,R884,R822,30.778793140883696,30.778793140883696,111.61336438552951,111.60293557619657,R853,50
-105,75,0.0293432,1582474.1291,0.0,0.0,R854,R855,R853,R885,R823,28.901663548048116,28.901663548048116,111.62320587302438,111.61336438552951,R854,50
-105,76,0.026251999999999998,2205456.6675,0.0,0.0,R855,R856,R854,R886,R824,27.015568924217845,27.015568924217845,111.63244778651362,111.62320587302438,R855,50
-105,77,0.027499866666666668,1261975.2792,0.0,0.0,R856,R857,R855,R887,R825,25.121092432975185,25.121092432975185,111.64107861541223,111.63244778651362,R856,50
-105,78,0.028485,812200.6756,0.0,0.0,R857,R858,R856,R888,R826,23.218820213495963,23.218820213495963,111.64908760598021,111.64107861541223,R857,50
-105,79,0.0283757,2857410.0056,0.0,0.0,R858,R-999,R857,R889,R827,21.309341177024677,21.309341177024677,,111.64908760598021,R858,50
-104,49,0.03138808181818182,4063453.5989,0.0,0.0,R859,R860,R-999,R890,R828,73.17126435678436,73.17126435678436,111.21940943207943,,R859,50
-104,50,0.032895445,7045176.9242,0.0,0.0,R860,R861,R859,R891,R829,71.69521960602547,71.69521960602547,111.23868085995683,111.21940943207943,R860,50
-104,51,0.03324875,6293685.1096,0.0,0.0,R861,R862,R860,R892,R830,70.19713955405018,70.19713955405018,111.25782746631153,111.23868085995683,R861,50
-104,52,0.03214351052631579,6845227.7371000005,0.0,0.0,R862,R863,R861,R893,R831,68.67747478989759,68.67747478989759,111.27682580399299,111.25782746631153,R862,50
-104,53,0.03532604736842106,6255618.3097,0.0,0.0,R863,R864,R862,R894,R832,67.13668303003111,67.13668303003111,111.2956525875423,111.27682580399299,R863,50
-104,54,0.059879787500000003,3196069.1511,0.0,0.0,R864,R865,R863,R895,R833,65.57522899348992,65.57522899348992,111.31428472223197,111.2956525875423,R864,50
-104,55,0.05153242222222222,4119188.0182,0.0,0.0,R865,R866,R864,R896,R834,63.993584273358834,63.993584273358834,111.3326993329539,111.31428472223197,R865,50
-104,56,0.04755656875,3902540.073,0.0,0.0,R866,R867,R865,R897,R835,62.39222720455756,62.39222720455756,111.35087379293904,111.3326993329539,R866,50
-104,57,0.05127361875,3632545.5254,0.0,0.0,R867,R868,R866,R898,R836,60.771642727955076,60.771642727955076,111.36878575223717,111.35087379293904,R867,50
-104,58,0.04312575625,4327964.2692,0.0,0.0,R868,R869,R867,R899,R837,59.13232225082162,59.13232225082162,111.38641316596589,111.36878575223717,R868,50
-104,59,0.04560892666666667,3822094.4768,0.0,0.0,R869,R870,R868,R900,R838,57.47476350363418,57.47476350363418,111.40373432223176,111.38641316596589,R869,50
-104,60,0.043062539999999996,4054569.3695,0.0,0.0,R870,R871,R869,R901,R839,55.799470393260385,55.799470393260385,111.42072786973738,111.40373432223176,R870,50
-104,61,0.03624275714285714,4490003.3147,0.0,0.0,R871,R872,R870,R902,R840,54.106952852548226,54.106952852548226,111.43737284500068,111.42072786973738,R871,50
-104,62,0.02956817142857143,5489301.6798,0.0,0.0,R872,R873,R871,R903,R841,52.39772668635684,52.39772668635684,111.45364869914782,111.43737284500068,R872,50
-104,63,0.027540523076923076,4661378.4097,0.566329807,0.0,R873,R874,R872,R904,R842,50.672313414069706,50.672313414069706,111.46953532428122,111.45364869914782,R873,50
-104,64,0.03274426428571429,5012392.2087,0.0,0.0,R874,R875,R873,R905,R843,48.93124010863544,48.93124010863544,111.48501307932553,111.46953532428122,R874,50
-104,65,0.030112207692307692,5007797.2602,0.0,0.0,R875,R876,R874,R906,R844,47.175039232189974,47.175039232189974,111.500062815354,111.48501307932553,R875,50
-104,66,0.027241218181818183,4679332.7159,0.0,0.0,R876,R877,R875,R907,R845,45.404248468318045,45.404248468318045,111.51466590034875,111.500062815354,R876,50
-104,67,0.02692606923076923,5590142.22,0.0,0.0,R877,R878,R876,R908,R846,43.61941055101836,43.61941055101836,111.52880424334909,111.51466590034875,R877,50
-104,68,0.029168144444444447,3584360.3482,0.0,0.0,R878,R879,R877,R909,R847,41.82107309044281,41.82107309044281,111.54246031795869,111.52880424334909,R878,50
-104,69,0.0276968,3356547.0745,0.0,0.0,R879,R880,R878,R910,R848,40.009788395485515,40.009788395485515,111.55561718517784,111.54246031795869,R879,50
-104,70,0.026967945454545453,4722144.1287,0.0,0.0,R880,R881,R879,R911,R849,38.18611329330402,38.18611329330402,111.56825851551484,111.55561718517784,R880,50
-104,71,0.026212857142857142,3094905.171,0.0,0.0,R881,R882,R880,R912,R850,36.3506089458593,36.3506089458593,111.5803686103577,111.56825851551484,R881,50
-104,72,0.0266525,870244.0998,0.0,0.0,R882,R883,R881,R941,R851,69.00530460362802,34.50384066356811,111.59193242255498,111.5803686103577,R882,50
-104,73,0.02613495,885321.926,0.0,0.0,R883,R884,R882,R913,R852,32.64637771616591,32.64637771616591,111.60293557619657,111.59193242255498,R883,50
-104,74,0.0273046,423647.1628,0.0,0.0,R884,R885,R883,R943,R853,61.55542041326323,30.778793140883696,111.61336438552951,111.60293557619657,R884,50
-104,75,0.0272324,1278565.0414,0.0,0.0,R885,R886,R884,R914,R854,28.901663548048116,28.901663548048116,111.62320587302438,111.61336438552951,R885,50
-104,76,0.02954695,2355592.2813,0.0,0.0,R886,R887,R885,R915,R855,27.015568924217845,27.015568924217845,111.63244778651362,111.62320587302438,R886,50
-104,77,0.02776114,2085684.6623,0.0,0.0,R887,R888,R886,R945,R856,50.24036858987407,25.121092432975185,111.64107861541223,111.63244778651362,R887,50
-104,78,0.0277722,834571.1642,0.0,0.0,R888,R889,R887,R916,R857,23.218820213495963,23.218820213495963,111.64908760598021,111.64107861541223,R888,50
-104,79,0.02806132,2064281.1501,0.0,0.0,R889,R-999,R888,R917,R858,21.309341177024677,21.309341177024677,,111.64908760598021,R889,50
-103,49,0.03296832307692307,4562924.7832,0.0,0.0,R890,R891,R-999,R918,R859,73.17126435678436,73.17126435678436,111.21940943207943,,R890,50
-103,50,0.03204254210526316,6877255.1222,0.0,0.0,R891,R892,R890,R919,R860,71.69521960602547,71.69521960602547,111.23868085995683,111.21940943207943,R891,50
-103,51,0.033350370000000004,6955912.1474,0.0,0.0,R892,R893,R891,R920,R861,70.19713955405018,70.19713955405018,111.25782746631153,111.23868085995683,R892,50
-103,52,0.03766119444444445,5645482.9778,0.0,0.0,R893,R894,R892,R921,R862,68.67747478989759,68.67747478989759,111.27682580399299,111.25782746631153,R893,50
-103,53,0.047554217647058826,4230872.8727,0.0,0.0,R894,R895,R893,R922,R863,67.13668303003111,67.13668303003111,111.2956525875423,111.27682580399299,R894,50
-103,54,0.05588559,4200922.254,0.0,0.0,R895,R896,R894,R923,R864,65.57522899348992,65.57522899348992,111.31428472223197,111.2956525875423,R895,50
-103,55,0.04622994375,4023272.275,0.0,0.0,R896,R897,R895,R924,R865,63.993584273358834,63.993584273358834,111.3326993329539,111.31428472223197,R896,50
-103,56,0.04873964117647059,4053728.3385,0.0,0.0,R897,R898,R896,R925,R866,62.39222720455756,62.39222720455756,111.35087379293904,111.3326993329539,R897,50
-103,57,0.045766799999999996,4351640.2204,0.0,0.0,R898,R899,R897,R926,R867,60.771642727955076,60.771642727955076,111.36878575223717,111.35087379293904,R898,50
-103,58,0.04315821428571428,3867697.1128000002,0.0,0.0,R899,R900,R898,R927,R868,59.13232225082162,59.13232225082162,111.38641316596589,111.36878575223717,R899,50
-103,59,0.04007623529411765,4358125.2348,316.1064205,0.0,R900,R901,R899,R928,R869,57.47476350363418,57.47476350363418,111.40373432223176,111.38641316596589,R900,50
-103,60,0.04094822,4256092.0114,0.0,0.0,R901,R902,R900,R929,R870,55.799470393260385,55.799470393260385,111.42072786973738,111.40373432223176,R901,50
-103,61,0.03394542857142857,4782136.779,0.0,0.0,R902,R903,R901,R930,R871,54.106952852548226,54.106952852548226,111.43737284500068,111.42072786973738,R902,50
-103,62,0.030799578571428572,5277113.1634,0.0,0.0,R903,R904,R902,R931,R872,52.39772668635684,52.39772668635684,111.45364869914782,111.43737284500068,R903,50
-103,63,0.02992195,5425740.9501,0.0,0.0,R904,R905,R903,R932,R873,50.672313414069706,50.672313414069706,111.46953532428122,111.45364869914782,R904,50
-103,64,0.03191544166666667,4383116.7754999995,0.0,0.0,R905,R906,R904,R933,R874,48.93124010863544,48.93124010863544,111.48501307932553,111.46953532428122,R905,50
-103,65,0.028846491666666668,4826425.982,0.0,0.0,R906,R907,R905,R934,R875,47.175039232189974,47.175039232189974,111.500062815354,111.48501307932553,R906,50
-103,66,0.026524108333333334,5237189.9274,0.0,0.0,R907,R908,R906,R935,R876,45.404248468318045,45.404248468318045,111.51466590034875,111.500062815354,R907,50
-103,67,0.026435629999999998,4377690.1736,0.0,0.0,R908,R909,R907,R936,R877,43.61941055101836,43.61941055101836,111.52880424334909,111.51466590034875,R908,50
-103,68,0.028386357142857144,2862834.8643,0.0,0.0,R909,R910,R908,R937,R878,41.82107309044281,41.82107309044281,111.54246031795869,111.52880424334909,R909,50
-103,69,0.02759568888888889,3783585.8211,0.0,0.0,R910,R911,R909,R938,R879,40.009788395485515,40.009788395485515,111.55561718517784,111.54246031795869,R910,50
-103,70,0.026343230000000002,4400841.53,0.0,0.0,R911,R912,R910,R939,R880,38.18611329330402,38.18611329330402,111.56825851551484,111.55561718517784,R911,50
-103,71,0.02825105,818946.4606999999,0.0,0.0,R912,R913,R911,R940,R881,36.3506089458593,36.3506089458593,223.17230103291277,111.56825851551484,R912,50
-103,73,0.0310486,1118350.8234,0.0,0.0,R913,R914,R912,R942,R883,32.64637771616591,32.64637771616591,223.21629996172567,223.17230103291277,R913,50
-103,75,0.0276662,418110.0903,0.0,0.0,R914,R915,R913,R974,R885,57.80127353795969,28.901663548048116,111.62320587302438,223.21629996172567,R914,50
-103,76,0.030226275,3067468.8532,0.0,0.0,R915,R916,R914,R944,R886,27.015568924217845,27.015568924217845,223.27352640192612,111.62320587302438,R915,50
-103,78,0.028489560000000004,2033894.1519,0.0,0.0,R916,R917,R915,R946,R888,23.218820213495963,23.218820213495963,111.64908760598021,223.27352640192612,R916,50
-103,79,0.026688460000000004,2170889.2375,0.0,0.0,R917,R-999,R916,R947,R889,21.309341177024677,21.309341177024677,,111.64908760598021,R917,50
-102,49,0.032713954545454546,3890047.0893,0.0,0.0,R918,R919,R-999,R948,R890,73.17126435678436,73.17126435678436,111.21940943207943,,R918,50
-102,50,0.032326765,7194064.6528,0.0,0.0,R919,R920,R918,R949,R891,71.69521960602547,71.69521960602547,111.23868085995683,111.21940943207943,R919,50
-102,51,0.03359141052631579,6564917.0377,0.0,0.0,R920,R921,R919,R950,R892,70.19713955405018,70.19713955405018,111.25782746631153,111.23868085995683,R920,50
-102,52,0.04150128947368421,5474113.9869,0.0,0.0,R921,R922,R920,R951,R893,68.67747478989759,68.67747478989759,111.27682580399299,111.25782746631153,R921,50
-102,53,0.05752706315789474,3923935.8456,0.0,0.0,R922,R923,R921,R952,R894,67.13668303003111,67.13668303003111,111.2956525875423,111.27682580399299,R922,50
-102,54,0.0440800875,4258903.105,0.0,0.0,R923,R924,R922,R953,R895,65.57522899348992,65.57522899348992,111.31428472223197,111.2956525875423,R923,50
-102,55,0.044206327777777776,4751644.0303,0.0,0.0,R924,R925,R923,R954,R896,63.993584273358834,63.993584273358834,111.3326993329539,111.31428472223197,R924,50
-102,56,0.044610464705882355,3935460.1692999997,2451.169792,0.0,R925,R926,R924,R955,R897,62.39222720455756,62.39222720455756,111.35087379293904,111.3326993329539,R925,50
-102,57,0.04213464,4211092.5023,0.0,0.0,R926,R927,R925,R956,R898,60.771642727955076,60.771642727955076,111.36878575223717,111.35087379293904,R926,50
-102,58,0.04140432777777778,5114032.4595,0.0,0.0,R927,R928,R926,R957,R899,59.13232225082162,59.13232225082162,111.38641316596589,111.36878575223717,R927,50
-102,59,0.04030600714285714,4028794.2508,0.0,0.0,R928,R929,R927,R958,R900,57.47476350363418,57.47476350363418,111.40373432223176,111.38641316596589,R928,50
-102,60,0.03786234285714286,4307919.1417000005,0.0,0.0,R929,R930,R928,R959,R901,55.799470393260385,55.799470393260385,111.42072786973738,111.40373432223176,R929,50
-102,61,0.03215631333333333,5463257.4677,0.0,0.0,R930,R931,R929,R960,R902,54.106952852548226,54.106952852548226,111.43737284500068,111.42072786973738,R930,50
-102,62,0.029007191666666668,4794266.161,0.0,0.0,R931,R932,R930,R961,R903,52.39772668635684,52.39772668635684,111.45364869914782,111.43737284500068,R931,50
-102,63,0.0301618,5371659.5636,0.0,0.0,R932,R933,R931,R962,R904,50.672313414069706,50.672313414069706,111.46953532428122,111.45364869914782,R932,50
-102,64,0.03102699285714286,5268084.9128,0.0,0.0,R933,R934,R932,R963,R905,48.93124010863544,48.93124010863544,111.48501307932553,111.46953532428122,R933,50
-102,65,0.027590299999999998,5062895.3427,0.0,0.0,R934,R935,R933,R964,R906,47.175039232189974,47.175039232189974,111.500062815354,111.48501307932553,R934,50
-102,66,0.027251291666666667,5103951.2316,0.0,0.0,R935,R936,R934,R965,R907,45.404248468318045,45.404248468318045,111.51466590034875,111.500062815354,R935,50
-102,67,0.026696976923076925,5636396.7653,0.0,0.0,R936,R937,R935,R966,R908,43.61941055101836,43.61941055101836,111.52880424334909,111.51466590034875,R936,50
-102,68,0.02923308,1980982.4279,0.0,0.0,R937,R938,R936,R967,R909,41.82107309044281,41.82107309044281,111.54246031795869,111.52880424334909,R937,50
-102,69,0.027533936363636366,4633607.2102,0.0,0.0,R938,R939,R937,R968,R910,40.009788395485515,40.009788395485515,111.55561718517784,111.54246031795869,R938,50
-102,70,0.02701629,4302548.9734000005,0.0,0.0,R939,R940,R938,R969,R911,38.18611329330402,38.18611329330402,111.56825851551484,111.55561718517784,R939,50
-102,71,0.0285427,405269.949,0.0,0.0,R940,R941,R939,R970,R912,36.3506089458593,36.3506089458593,111.5803686103577,111.56825851551484,R940,50
-102,72,0.030458875,1519903.171,0.0,0.0,R941,R942,R940,R971,R882,34.50384066356811,69.00530460362802,111.59193242255498,111.5803686103577,R941,50
-102,73,0.0311266,2239181.1663,0.0,0.0,R942,R943,R941,R972,R913,32.64637771616591,32.64637771616591,111.60293557619657,111.59193242255498,R942,50
-102,74,0.0328017,352650.0893,0.0,0.0,R943,R944,R942,R973,R884,30.778793140883696,61.55542041326323,223.23657025855397,111.60293557619657,R943,50
-102,76,0.030574714285714285,2657284.4194,0.0,0.0,R944,R945,R943,R975,R915,27.015568924217845,27.015568924217845,111.63244778651362,223.23657025855397,R944,50
-102,77,0.0334816,345488.5984,0.0,0.0,R945,R946,R944,R976,R887,25.121092432975185,50.24036858987407,111.64107861541223,111.63244778651362,R945,50
-102,78,0.029138516666666666,2390539.0835,0.0,0.0,R946,R947,R945,R977,R916,23.218820213495963,23.218820213495963,111.64908760598021,111.64107861541223,R946,50
-102,79,0.02649196,2191137.7733,0.0,0.0,R947,R-999,R946,R978,R917,21.309341177024677,21.309341177024677,,111.64908760598021,R947,50
-101,49,0.03298236153846154,4561018.8262,0.0,0.0,R948,R949,R-999,R979,R918,73.17126435678436,73.17126435678436,111.21940943207943,,R948,50
-101,50,0.034161540000000004,6806429.3936,0.0,0.0,R949,R950,R948,R980,R919,71.69521960602547,71.69521960602547,111.23868085995683,111.21940943207943,R949,50
-101,51,0.036906865,6349896.4594,0.0,0.0,R950,R951,R949,R981,R920,70.19713955405018,70.19713955405018,111.25782746631153,111.23868085995683,R950,50
-101,52,0.045534015789473685,4850842.5625,0.0,0.0,R951,R952,R950,R982,R921,68.67747478989759,68.67747478989759,111.27682580399299,111.25782746631153,R951,50
-101,53,0.04400018888888889,4347802.5458,6465.787404,0.0,R952,R953,R951,R983,R922,67.13668303003111,67.13668303003111,111.2956525875423,111.27682580399299,R952,50
-101,54,0.042719231578947366,5259942.6695,0.0,0.0,R953,R954,R952,R984,R923,65.57522899348992,65.57522899348992,111.31428472223197,111.2956525875423,R953,50
-101,55,0.0443458125,4212512.4825,0.0,0.0,R954,R955,R953,R985,R924,63.993584273358834,63.993584273358834,111.3326993329539,111.31428472223197,R954,50
-101,56,0.04935033529411764,4021350.6816,0.0,0.0,R955,R956,R954,R986,R925,62.39222720455756,62.39222720455756,111.35087379293904,111.3326993329539,R955,50
-101,57,0.046441270588235294,4246312.2775,0.0,0.0,R956,R957,R955,R987,R926,60.771642727955076,60.771642727955076,111.36878575223717,111.35087379293904,R956,50
-101,58,0.04119595714285714,3940061.8697,0.0,0.0,R957,R958,R956,R988,R927,59.13232225082162,59.13232225082162,111.38641316596589,111.36878575223717,R957,50
-101,59,0.03828385294117648,5161686.224,0.0,0.0,R958,R959,R957,R989,R928,57.47476350363418,57.47476350363418,111.40373432223176,111.38641316596589,R958,50
-101,60,0.035958342857142854,4515636.927,0.0,0.0,R959,R960,R958,R990,R929,55.799470393260385,55.799470393260385,111.42072786973738,111.40373432223176,R959,50
-101,61,0.02896847857142857,5622661.2324,0.0,0.0,R960,R961,R959,R991,R930,54.106952852548226,54.106952852548226,111.43737284500068,111.42072786973738,R960,50
-101,62,0.028547875,6485836.172,0.0,0.0,R961,R962,R960,R992,R931,52.39772668635684,52.39772668635684,111.45364869914782,111.43737284500068,R961,50
-101,63,0.030350075,4577237.3105,0.0,0.0,R962,R963,R961,R993,R932,50.672313414069706,50.672313414069706,111.46953532428122,111.45364869914782,R962,50
-101,64,0.03094404166666667,4497783.013,0.0,0.0,R963,R964,R962,R994,R933,48.93124010863544,48.93124010863544,111.48501307932553,111.46953532428122,R963,50
-101,65,0.028460964285714287,5741186.2201,0.0,0.0,R964,R965,R963,R995,R934,47.175039232189974,47.175039232189974,111.500062815354,111.48501307932553,R964,50
-101,66,0.02720229090909091,4687110.4568,0.0,0.0,R965,R966,R964,R996,R935,45.404248468318045,45.404248468318045,111.51466590034875,111.500062815354,R965,50
-101,67,0.025635809090909092,4964278.3414,0.0,0.0,R966,R967,R965,R997,R936,43.61941055101836,43.61941055101836,111.52880424334909,111.51466590034875,R966,50
-101,68,0.0276135,3362224.0152000003,0.0,0.0,R967,R968,R966,R998,R937,41.82107309044281,41.82107309044281,111.54246031795869,111.52880424334909,R967,50
-101,69,0.026632899999999998,3046797.5964,0.0,0.0,R968,R969,R967,R999,R938,40.009788395485515,40.009788395485515,111.55561718517784,111.54246031795869,R968,50
-101,70,0.02746359090909091,4644362.8549,0.0,0.0,R969,R970,R968,R1000,R939,38.18611329330402,38.18611329330402,111.56825851551484,111.55561718517784,R969,50
-101,71,0.026111549999999997,886105.8687,0.0,0.0,R970,R971,R969,R1001,R940,36.3506089458593,36.3506089458593,111.5803686103577,111.56825851551484,R970,50
-101,72,0.0300832,1155175.8404,0.0,0.0,R971,R972,R970,R1002,R941,34.50384066356811,34.50384066356811,111.59193242255498,111.5803686103577,R971,50
-101,73,0.03284791818181818,3888774.0337,0.0,0.0,R972,R973,R971,R1003,R942,32.64637771616591,32.64637771616591,111.60293557619657,111.59193242255498,R972,50
-101,74,0.0335752,689068.3032,0.0,0.0,R973,R974,R972,R1004,R943,30.778793140883696,30.778793140883696,111.61336438552951,111.60293557619657,R973,50
-101,75,0.0366095,632005.676,0.0,0.0,R974,R975,R973,R1005,R914,28.901663548048116,57.80127353795969,111.62320587302438,111.61336438552951,R974,50
-101,76,0.030209114285714288,2690655.5563,0.0,0.0,R975,R976,R974,R1006,R944,27.015568924217845,27.015568924217845,111.63244778651362,111.62320587302438,R975,50
-101,77,0.032584625,1421448.0557,0.0,0.0,R976,R977,R975,R1007,R945,25.121092432975185,25.121092432975185,111.64107861541223,111.63244778651362,R976,50
-101,78,0.02916458333333333,2391460.4504,0.0,0.0,R977,R978,R976,R1008,R946,23.218820213495963,23.218820213495963,111.64908760598021,111.64107861541223,R977,50
-101,79,0.0266779,1737260.3517999998,0.0,0.0,R978,R-999,R977,R1009,R947,21.309341177024677,21.309341177024677,,111.64908760598021,R978,50
-100,49,0.03083349230769231,4880098.5194,0.0,0.0,R979,R980,R-999,R1011,R948,73.17126435678436,73.17126435678436,111.21940943207943,,R979,50
-100,50,0.029081572727272728,6559526.0921,35006.82751,794000.0,R980,R981,R979,R1012,R949,71.69521960602547,71.69521960602547,111.23868085995683,111.21940943207943,R980,50
-100,51,0.03902031578947368,5694100.6663,0.0,0.0,R981,R982,R980,R1013,R950,70.19713955405018,70.19713955405018,111.25782746631153,111.23868085995683,R981,50
-100,52,0.04106074736842105,5497837.5017,0.0,0.0,R982,R983,R981,R1014,R951,68.67747478989759,68.67747478989759,111.27682580399299,111.25782746631153,R982,50
-100,53,0.036190311111111116,5878027.6522,0.0,0.0,R983,R984,R982,R1015,R952,67.13668303003111,67.13668303003111,111.2956525875423,111.27682580399299,R983,50
-100,54,0.0412757625,4601639.7931,0.0,0.0,R984,R985,R983,R1016,R953,65.57522899348992,65.57522899348992,111.31428472223197,111.2956525875423,R984,50
-100,55,0.04806417894736842,4613794.87,0.0,0.0,R985,R986,R984,R1017,R954,63.993584273358834,63.993584273358834,111.3326993329539,111.31428472223197,R985,50
-100,56,0.04691968666666667,3712997.9368000003,0.0,0.0,R986,R987,R985,R1018,R955,62.39222720455756,62.39222720455756,111.35087379293904,111.3326993329539,R986,50
-100,57,0.04425232352941176,4465769.207,0.0,0.0,R987,R988,R986,R1019,R956,60.771642727955076,60.771642727955076,111.36878575223717,111.35087379293904,R987,50
-100,58,0.0435492125,4274559.1765,0.0,0.0,R988,R989,R987,R1020,R957,59.13232225082162,59.13232225082162,111.38641316596589,111.36878575223717,R988,50
-100,59,0.0383827,3935183.9592999998,0.0,0.0,R989,R990,R988,R1021,R958,57.47476350363418,57.47476350363418,111.40373432223176,111.38641316596589,R989,50
-100,60,0.03384794117647059,5849083.143,0.0,0.0,R990,R991,R989,R1022,R959,55.799470393260385,55.799470393260385,111.42072786973738,111.40373432223176,R990,50
-100,61,0.027121023076923077,5553145.3621,0.0,0.0,R991,R992,R990,R1023,R960,54.106952852548226,54.106952852548226,111.43737284500068,111.42072786973738,R991,50
-100,62,0.027793716666666666,4997668.869,0.0,0.0,R992,R993,R991,R1024,R961,52.39772668635684,52.39772668635684,111.45364869914782,111.43737284500068,R992,50
-100,63,0.028712143750000002,6452115.6499,0.0,0.0,R993,R994,R992,R1025,R962,50.672313414069706,50.672313414069706,111.46953532428122,111.45364869914782,R993,50
-100,64,0.030109691666666664,4616002.4269,0.0,0.0,R994,R995,R993,R1026,R963,48.93124010863544,48.93124010863544,111.48501307932553,111.46953532428122,R994,50
-100,65,0.02835340909090909,4548640.3036,0.0,0.0,R995,R996,R994,R1027,R964,47.175039232189974,47.175039232189974,111.500062815354,111.48501307932553,R995,50
-100,66,0.027237869230769228,5532171.1614,0.0,0.0,R996,R997,R995,R1028,R965,45.404248468318045,45.404248468318045,111.51466590034875,111.500062815354,R996,50
-100,67,0.02537811818181818,5016274.5071,0.0,0.0,R997,R998,R996,R1029,R966,43.61941055101836,43.61941055101836,111.52880424334909,111.51466590034875,R997,50
-100,68,0.02719976,4258524.3915,0.0,0.0,R998,R999,R997,R1030,R967,41.82107309044281,41.82107309044281,111.54246031795869,111.52880424334909,R998,50
-100,69,0.0267919,3027861.2461,0.0,0.0,R999,R1000,R998,R1031,R968,40.009788395485515,40.009788395485515,111.55561718517784,111.54246031795869,R999,50
-100,70,0.0249866,462949.4405,0.0,0.0,R1000,R1001,R999,R1032,R969,38.18611329330402,38.18611329330402,111.56825851551484,111.55561718517784,R1000,50
-100,71,0.025451333333333336,1363912.7141,0.0,0.0,R1001,R1002,R1000,R1033,R970,36.3506089458593,36.3506089458593,111.5803686103577,111.56825851551484,R1001,50
-100,72,0.0278098,3330345.8853,0.0,0.0,R1002,R1003,R1001,R1034,R971,34.50384066356811,34.50384066356811,111.59193242255498,111.5803686103577,R1002,50
-100,73,0.02944748888888889,3542753.8776000002,0.0,0.0,R1003,R1004,R1002,R1035,R972,32.64637771616591,32.64637771616591,111.60293557619657,111.59193242255498,R1003,50
-100,74,0.0333858,2086906.8242000001,0.0,0.0,R1004,R1005,R1003,R1036,R973,30.778793140883696,30.778793140883696,111.61336438552951,111.60293557619657,R1004,50
-100,75,0.031626828571428574,2566880.7011,0.0,0.0,R1005,R1006,R1004,R1037,R974,28.901663548048116,28.901663548048116,111.62320587302438,111.61336438552951,R1005,50
-100,76,0.032011533333333335,2176976.2146,0.0,0.0,R1006,R1007,R1005,R1038,R975,27.015568924217845,27.015568924217845,111.63244778651362,111.62320587302438,R1006,50
-100,77,0.031540033333333335,1101342.7423999999,0.0,0.0,R1007,R1008,R1006,R1039,R976,25.121092432975185,25.121092432975185,111.64107861541223,111.63244778651362,R1007,50
-100,78,0.024204485714285715,2464109.7603,1.038271312,0.0,R1008,R1009,R1007,R1040,R977,23.218820213495963,23.218820213495963,111.64908760598021,111.64107861541223,R1008,50
-100,79,0.027136833333333332,1281921.1249,0.0,0.0,R1009,R1010,R1008,R1041,R978,21.309341177024677,21.309341177024677,111.65646477559513,111.64908760598021,R1009,50
-100,80,0.02534243333333333,1370224.7419,0.0,0.0,R1010,R-999,R1009,R1042,R-999,19.39324680138688,,,111.65646477559513,R1010,50
-99,49,0.030308891666666667,4583419.1699,0.0,0.0,R1011,R1012,R-999,R1043,R979,73.17126435678436,73.17126435678436,111.21940943207943,,R1011,50
-99,50,0.03551219523809524,6899981.5959,0.0,0.0,R1012,R1013,R1011,R1044,R980,71.69521960602547,71.69521960602547,111.23868085995683,111.21940943207943,R1012,50
-99,51,0.036087719047619045,6224372.9947,0.0,106760.0,R1013,R1014,R1012,R1045,R981,70.19713955405018,70.19713955405018,111.25782746631153,111.23868085995683,R1013,50
-99,52,0.04535164705882353,4509494.9176,0.0,0.0,R1014,R1015,R1013,R1046,R982,68.67747478989759,68.67747478989759,111.27682580399299,111.25782746631153,R1014,50
-99,53,0.04114173157894737,5711822.3312,0.0,0.0,R1015,R1016,R1014,R1047,R983,67.13668303003111,67.13668303003111,111.2956525875423,111.27682580399299,R1015,50
-99,54,0.0444994,4689517.274,0.0,0.0,R1016,R1017,R1015,R1048,R984,65.57522899348992,65.57522899348992,111.31428472223197,111.2956525875423,R1016,50
-99,55,0.055343270588235294,3589148.7377,0.0,0.0,R1017,R1018,R1016,R1049,R985,63.993584273358834,63.993584273358834,111.3326993329539,111.31428472223197,R1017,50
-99,56,0.04419675555555555,4829273.1491,0.0,0.0,R1018,R1019,R1017,R1050,R986,62.39222720455756,62.39222720455756,111.35087379293904,111.3326993329539,R1018,50
-99,57,0.03981608666666667,4393527.8592,0.0,0.0,R1019,R1020,R1018,R1051,R987,60.771642727955076,60.771642727955076,111.36878575223717,111.35087379293904,R1019,50
-99,58,0.04338934375,4283214.0207,0.0,0.0,R1020,R1021,R1019,R1052,R988,59.13232225082162,59.13232225082162,111.38641316596589,111.36878575223717,R1020,50
-99,59,0.0348551625,5330729.9009,0.0,0.0,R1021,R1022,R1020,R1053,R989,57.47476350363418,57.47476350363418,111.40373432223176,111.38641316596589,R1021,50
-99,60,0.02864883076923077,5275037.7924,0.0,0.0,R1022,R1023,R1021,R1054,R990,55.799470393260385,55.799470393260385,111.42072786973738,111.40373432223176,R1022,50
-99,61,0.027679566666666666,6271666.3771,0.0,0.0,R1023,R1024,R1022,R1055,R991,54.106952852548226,54.106952852548226,111.43737284500068,111.42072786973738,R1023,50
-99,62,0.027420046666666666,6331134.8464,0.0,0.0,R1024,R1025,R1023,R1056,R992,52.39772668635684,52.39772668635684,111.45364869914782,111.43737284500068,R1024,50
-99,63,0.027773227272727272,4584473.0006,0.0,0.0,R1025,R1026,R1024,R1057,R993,50.672313414069706,50.672313414069706,111.46953532428122,111.45364869914782,R1025,50
-99,64,0.02960368,5866110.4611,0.0,0.0,R1026,R1027,R1025,R1058,R994,48.93124010863544,48.93124010863544,111.48501307932553,111.46953532428122,R1026,50
-99,65,0.027148358333333334,5129140.2648,0.0,0.0,R1027,R1028,R1026,R1059,R995,47.175039232189974,47.175039232189974,111.500062815354,111.48501307932553,R1027,50
-99,66,0.027110253846153846,5552318.46,0.0,0.0,R1028,R1029,R1027,R1060,R996,45.404248468318045,45.404248468318045,111.51466590034875,111.500062815354,R1028,50
-99,67,0.026244809090909094,4853577.7824,0.0,0.0,R1029,R1030,R1028,R1061,R997,43.61941055101836,43.61941055101836,111.52880424334909,111.51466590034875,R1029,50
-99,68,0.027977377777777774,3724956.7646999997,0.0,0.0,R1030,R1031,R1029,R1062,R998,41.82107309044281,41.82107309044281,111.54246031795869,111.52880424334909,R1030,50
-99,69,0.030626169999999998,3780300.9396,0.0,0.0,R1031,R1032,R1030,R1063,R999,40.009788395485515,40.009788395485515,111.55561718517784,111.54246031795869,R1031,50
-99,70,0.0297246,389156.5215,0.0,0.0,R1032,R1033,R1031,R1064,R1000,38.18611329330402,38.18611329330402,111.56825851551484,111.55561718517784,R1032,50
-99,71,0.029010225,1595752.5741,0.0,0.0,R1033,R1034,R1032,R1065,R1001,36.3506089458593,36.3506089458593,111.5803686103577,111.56825851551484,R1033,50
-99,72,0.027317957142857143,2967701.558,0.0,0.0,R1034,R1035,R1033,R1066,R1002,34.50384066356811,34.50384066356811,111.59193242255498,111.5803686103577,R1034,50
-99,73,0.029130222222222224,3582489.6916,0.0,0.0,R1035,R1036,R1034,R1067,R1003,32.64637771616591,32.64637771616591,111.60293557619657,111.59193242255498,R1035,50
-99,74,0.03479631428571429,2341278.0534,0.0,0.0,R1036,R1037,R1035,R1068,R1004,30.778793140883696,30.778793140883696,111.61336438552951,111.60293557619657,R1036,50
-99,75,0.026580733333333332,1317340.4479,0.0,0.0,R1037,R1038,R1036,R1069,R1005,28.901663548048116,28.901663548048116,111.62320587302438,111.61336438552951,R1037,50
-99,76,0.02490697,3781894.2957,32.28079899,0.0,R1038,R1039,R1037,R1070,R1006,27.015568924217845,27.015568924217845,111.63244778651362,111.62320587302438,R1038,50
-99,77,0.034036,339861.4982,0.0,0.0,R1039,R1040,R1038,R1071,R1007,25.121092432975185,25.121092432975185,111.64107861541223,111.63244778651362,R1039,50
-99,78,0.028801166666666666,1205060.4061,0.0,0.0,R1040,R1041,R1039,R1072,R1008,23.218820213495963,23.218820213495963,111.64908760598021,111.64107861541223,R1040,50
-99,79,0.0275575,419759.7511,0.0,0.0,R1041,R1042,R1040,R1073,R1009,21.309341177024677,21.309341177024677,111.65646477559513,111.64908760598021,R1041,50
-99,80,0.02541115,1823276.503,0.0,0.0,R1042,R-999,R1041,R1074,R1010,19.39324680138688,19.39324680138688,,111.65646477559513,R1042,50
-98,49,0.03226277272727273,3947770.7345,0.0,0.0,R1043,R1044,R-999,R1075,R1011,73.17126435678436,73.17126435678436,111.21940943207943,,R1043,50
-98,50,0.032998,7086318.7106,0.0,0.0,R1044,R1045,R1043,R1076,R1012,71.69521960602547,71.69521960602547,111.23868085995683,111.21940943207943,R1044,50
-98,51,0.039267333333333335,5464188.195400001,0.0,0.0,R1045,R1046,R1044,R1077,R1013,70.19713955405018,70.19713955405018,111.25782746631153,111.23868085995683,R1045,50
-98,52,0.03845289,6312319.6956,0.0,0.0,R1046,R1047,R1045,R1078,R1014,68.67747478989759,68.67747478989759,111.27682580399299,111.25782746631153,R1046,50
-98,53,0.02773649411764706,7108260.7392,0.0,0.0,R1047,R1048,R1046,R1079,R1015,67.13668303003111,67.13668303003111,111.2956525875423,111.27682580399299,R1047,50
-98,54,0.040467342105263156,5665322.8666,0.0,0.0,R1048,R1049,R1047,R1080,R1016,65.57522899348992,65.57522899348992,111.31428472223197,111.2956525875423,R1048,50
-98,55,0.04582240625,4122873.6937,0.0,0.0,R1049,R1050,R1048,R1081,R1017,63.993584273358834,63.993584273358834,111.3326993329539,111.31428472223197,R1049,50
-98,56,0.04977007058823529,3995463.7369999997,0.0,0.0,R1050,R1051,R1049,R1082,R1018,62.39222720455756,62.39222720455756,111.35087379293904,111.3326993329539,R1050,50
-98,57,0.04007832941176471,4962316.8329,0.0,0.0,R1051,R1052,R1050,R1083,R1019,60.771642727955076,60.771642727955076,111.36878575223717,111.35087379293904,R1051,50
-98,58,0.040432315384615385,3735629.9943,0.0,0.0,R1052,R1053,R1051,R1084,R1020,59.13232225082162,59.13232225082162,111.38641316596589,111.36878575223717,R1052,50
-98,59,0.03283160555555556,6366135.7721,0.0,0.0,R1053,R1054,R1052,R1085,R1021,57.47476350363418,57.47476350363418,111.40373432223176,111.38641316596589,R1053,50
-98,60,0.027027741666666664,5138772.5249,0.0,0.0,R1054,R1055,R1053,R1086,R1022,55.799470393260385,55.799470393260385,111.42072786973738,111.40373432223176,R1054,50
-98,61,0.02847763125,6505298.991,0.0,0.0,R1055,R1056,R1054,R1087,R1023,54.106952852548226,54.106952852548226,111.43737284500068,111.42072786973738,R1055,50
-98,62,0.028108525,4941091.0274,0.0,0.0,R1056,R1057,R1055,R1088,R1024,52.39772668635684,52.39772668635684,111.45364869914782,111.43737284500068,R1056,50
-98,63,0.029426459999999998,5904583.1895,0.0,0.0,R1057,R1058,R1056,R1089,R1025,50.672313414069706,50.672313414069706,111.46953532428122,111.45364869914782,R1057,50
-98,64,0.028663441666666668,4849643.4199,0.0,0.0,R1058,R1059,R1057,R1090,R1026,48.93124010863544,48.93124010863544,111.48501307932553,111.46953532428122,R1058,50
-98,65,0.028045169230769232,5379890.6044,0.0,0.0,R1059,R1060,R1058,R1091,R1027,47.175039232189974,47.175039232189974,111.500062815354,111.48501307932553,R1059,50
-98,66,0.02804443,4129906.8457,0.0,0.0,R1060,R1061,R1059,R1092,R1028,45.404248468318045,45.404248468318045,111.51466590034875,111.500062815354,R1060,50
-98,67,0.026757815384615382,5622987.6136,0.0,0.0,R1061,R1062,R1060,R1093,R1029,43.61941055101836,43.61941055101836,111.52880424334909,111.51466590034875,R1061,50
-98,68,0.03007823,3854411.6423,0.0,0.0,R1062,R1063,R1061,R1094,R1030,41.82107309044281,41.82107309044281,111.54246031795869,111.52880424334909,R1062,50
-98,69,0.027665850000000002,4231434.6184,151.7763882,0.0,R1063,R1064,R1062,R1095,R1031,40.009788395485515,40.009788395485515,111.55561718517784,111.54246031795869,R1063,50
-98,70,0.03034878,1906208.0293999999,0.0,0.0,R1064,R1065,R1063,R1096,R1032,38.18611329330402,38.18611329330402,111.56825851551484,111.55561718517784,R1064,50
-98,71,0.0309019,374330.1195,0.0,0.0,R1065,R1066,R1064,R1097,R1033,36.3506089458593,36.3506089458593,111.5803686103577,111.56825851551484,R1065,50
-98,72,0.029561545454545455,4316435.004,0.0,0.0,R1066,R1067,R1065,R1098,R1034,34.50384066356811,34.50384066356811,111.59193242255498,111.5803686103577,R1066,50
-98,73,0.028759322222222224,2888892.6580000003,0.094388301,0.0,R1067,R1068,R1066,R1099,R1035,32.64637771616591,32.64637771616591,111.60293557619657,111.59193242255498,R1067,50
-98,74,0.03309265,2810697.1425,0.0,0.0,R1068,R1069,R1067,R1100,R1036,30.778793140883696,30.778793140883696,111.61336438552951,111.60293557619657,R1068,50
-98,75,0.030562183333333336,2299069.3104,0.0,0.0,R1069,R1070,R1068,R1101,R1037,28.901663548048116,28.901663548048116,111.62320587302438,111.61336438552951,R1069,50
-98,76,0.0280077125,3314234.3901,0.0,0.0,R1070,R1071,R1069,R1102,R1038,27.015568924217845,27.015568924217845,111.63244778651362,111.62320587302438,R1070,50
-98,77,0.032864,351982.0311,0.0,0.0,R1071,R1072,R1070,R1103,R1039,25.121092432975185,25.121092432975185,111.64107861541223,111.63244778651362,R1071,50
-98,78,0.032124725,1441713.3473999999,0.0,0.0,R1072,R1073,R1071,R1104,R1040,23.218820213495963,23.218820213495963,111.64908760598021,111.64107861541223,R1072,50
-98,79,0.030043233333333336,1155290.1514,0.0,0.0,R1073,R1074,R1072,R1105,R1041,21.309341177024677,21.309341177024677,111.65646477559513,111.64908760598021,R1073,50
-98,80,0.02764535,837839.0549,0.0,0.0,R1074,R-999,R1073,R1106,R1042,19.39324680138688,19.39324680138688,,111.65646477559513,R1074,50
-97,49,0.03251181538461539,4637495.0755,0.0,0.0,R1075,R1076,R-999,R1107,R1043,73.17126435678436,73.17126435678436,111.21940943207943,,R1075,50
-97,50,0.030660675,6820588.659,0.0,48050.0,R1076,R1077,R1075,R1108,R1044,71.69521960602547,71.69521960602547,111.23868085995683,111.21940943207943,R1076,50
-97,51,0.034273425,6905073.4445,0.0,0.0,R1077,R1078,R1076,R1109,R1045,70.19713955405018,70.19713955405018,111.25782746631153,111.23868085995683,R1077,50
-97,52,0.040367889473684214,5746515.4473,0.0,0.0,R1078,R1079,R1077,R1110,R1046,68.67747478989759,68.67747478989759,111.27682580399299,111.25782746631153,R1078,50
-97,53,0.048893988888888885,4385949.4661,0.0,0.0,R1079,R1080,R1078,R1111,R1047,67.13668303003111,67.13668303003111,111.2956525875423,111.27682580399299,R1079,50
-97,54,0.04689698888888889,4514526.1574,0.0,0.0,R1080,R1081,R1079,R1112,R1048,65.57522899348992,65.57522899348992,111.31428472223197,111.2956525875423,R1080,50
-97,55,0.04281046666666667,4905852.8027,0.0,0.0,R1081,R1082,R1080,R1113,R1049,63.993584273358834,63.993584273358834,111.3326993329539,111.31428472223197,R1081,50
-97,56,0.04636850666666667,3754875.032,0.0,0.0,R1082,R1083,R1081,R1114,R1050,62.39222720455756,62.39222720455756,111.35087379293904,111.3326993329539,R1082,50
-97,57,0.040491016666666664,5152830.6876,0.0,0.0,R1083,R1084,R1082,R1115,R1051,60.771642727955076,60.771642727955076,111.36878575223717,111.35087379293904,R1083,50
-97,58,0.03955798666666666,4396143.0035,0.0,0.0,R1084,R1085,R1083,R1116,R1052,59.13232225082162,59.13232225082162,111.38641316596589,111.36878575223717,R1084,50
-97,59,0.03493416153846154,4345217.6888999995,0.0,0.0,R1085,R1086,R1084,R1117,R1053,57.47476350363418,57.47476350363418,111.40373432223176,111.38641316596589,R1085,50
-97,60,0.02620414210526316,7533938.0657,401.3390564,0.0,R1086,R1087,R1085,R1118,R1054,55.799470393260385,55.799470393260385,111.42072786973738,111.40373432223176,R1086,50
-97,61,0.027374227272727272,4654990.586300001,0.0,0.0,R1087,R1088,R1086,R1119,R1055,54.106952852548226,54.106952852548226,111.43737284500068,111.42072786973738,R1087,50
-97,62,0.0274257,7595367.911,0.0,0.0,R1088,R1089,R1087,R1120,R1056,52.39772668635684,52.39772668635684,111.45364869914782,111.43737284500068,R1088,50
-97,63,0.02543226363636364,4139556.059,212.0905126,0.0,R1089,R1090,R1088,R1121,R1057,50.672313414069706,50.672313414069706,111.46953532428122,111.45364869914782,R1089,50
-97,64,0.02883857692307692,5218778.5222,0.0,0.0,R1090,R1091,R1089,R1122,R1058,48.93124010863544,48.93124010863544,111.48501307932553,111.46953532428122,R1090,50
-97,65,0.027390084615384613,5494707.7728,0.0,0.0,R1091,R1092,R1090,R1123,R1059,47.175039232189974,47.175039232189974,111.500062815354,111.48501307932553,R1091,50
-97,66,0.026086445454545457,4036157.7407,0.188776602,0.0,R1092,R1093,R1091,R1124,R1060,45.404248468318045,45.404248468318045,111.51466590034875,111.500062815354,R1092,50
-97,67,0.02754126923076923,5465673.348999999,0.0,0.0,R1093,R1094,R1092,R1125,R1061,43.61941055101836,43.61941055101836,111.52880424334909,111.51466590034875,R1093,50
-97,68,0.030446527272727272,4183352.6434,0.0,0.0,R1094,R1095,R1093,R1126,R1062,41.82107309044281,41.82107309044281,111.54246031795869,111.52880424334909,R1094,50
-97,69,0.02861409,4048252.5705,0.0,0.0,R1095,R1096,R1094,R1127,R1063,40.009788395485515,40.009788395485515,111.55561718517784,111.54246031795869,R1095,50
-97,70,0.030612642857142856,2649598.5486,0.0,0.0,R1096,R1097,R1095,R1128,R1064,38.18611329330402,38.18611329330402,111.56825851551484,111.55561718517784,R1096,50
-97,71,0.034560099999999996,671666.9283,0.0,0.0,R1097,R1098,R1096,R1129,R1065,36.3506089458593,36.3506089458593,111.5803686103577,111.56825851551484,R1097,50
-97,72,0.030637845454545454,4178716.0276,0.0,0.0,R1098,R1099,R1097,R1130,R1066,34.50384066356811,34.50384066356811,111.59193242255498,111.5803686103577,R1098,50
-97,73,0.03350942857142857,2422224.3602,0.0,0.0,R1099,R1100,R1098,R1131,R1067,32.64637771616591,32.64637771616591,111.60293557619657,111.59193242255498,R1099,50
-97,74,0.031853400000000004,1454709.0759,0.0,0.0,R1100,R1101,R1099,R1132,R1068,30.778793140883696,30.778793140883696,111.61336438552951,111.60293557619657,R1100,50
-97,75,0.03327878333333333,2093314.9542,0.0,0.0,R1101,R1102,R1100,R1133,R1069,28.901663548048116,28.901663548048116,111.62320587302438,111.61336438552951,R1101,50
-97,76,0.03287825,2121883.5856,0.0,0.0,R1102,R1103,R1101,R1134,R1070,27.015568924217845,27.015568924217845,111.63244778651362,111.62320587302438,R1102,50
-97,77,0.035804916666666665,1945262.6379,0.0,0.0,R1103,R1104,R1102,R1135,R1071,25.121092432975185,25.121092432975185,111.64107861541223,111.63244778651362,R1103,50
-97,78,0.03358314,1726506.8869,0.0,0.0,R1104,R1105,R1103,R1136,R1072,23.218820213495963,23.218820213495963,111.64908760598021,111.64107861541223,R1104,50
-97,79,0.03076735,754838.879,0.0,0.0,R1105,R1106,R1104,R1137,R1073,21.309341177024677,21.309341177024677,111.65646477559513,111.64908760598021,R1105,50
-97,80,0.026293080000000003,2203560.3449,0.0,0.0,R1106,R-999,R1105,R1138,R1074,19.39324680138688,19.39324680138688,,111.65646477559513,R1106,50
-96,49,0.042431133333333336,3292412.107,0.0,0.0,R1107,R1108,R-999,R1140,R1075,73.17126435678436,73.17126435678436,111.21940943207943,,R1107,50
-96,50,0.04024567894736842,5479337.9805,0.0,0.0,R1108,R1109,R1107,R1141,R1076,71.69521960602547,71.69521960602547,111.23868085995683,111.21940943207943,R1108,50
-96,51,0.04881162272727273,5420015.1189,0.0,0.0,R1109,R1110,R1108,R1142,R1077,70.19713955405018,70.19713955405018,111.25782746631153,111.23868085995683,R1109,50
-96,52,0.05019853333333334,3480711.6644,0.0,0.0,R1110,R1111,R1109,R1143,R1078,68.67747478989759,68.67747478989759,111.27682580399299,111.25782746631153,R1110,50
-96,53,0.04698494285714286,5190661.4558,0.0,0.0,R1111,R1112,R1110,R1144,R1079,67.13668303003111,67.13668303003111,111.2956525875423,111.27682580399299,R1111,50
-96,54,0.040167975,4616617.8918,0.0,0.0,R1112,R1113,R1111,R1145,R1080,65.57522899348992,65.57522899348992,111.31428472223197,111.2956525875423,R1112,50
-96,55,0.04280229411764706,4608816.1775,0.0,0.0,R1113,R1114,R1112,R1146,R1081,63.993584273358834,63.993584273358834,111.3326993329539,111.31428472223197,R1113,50
-96,56,0.04278104117647059,4610811.4379,0.0,0.0,R1114,R1115,R1113,R1147,R1082,62.39222720455756,62.39222720455756,111.35087379293904,111.3326993329539,R1114,50
-96,57,0.0367789625,4459206.6017,2009.432543,0.0,R1115,R1116,R1114,R1148,R1083,60.771642727955076,60.771642727955076,111.36878575223717,111.35087379293904,R1115,50
-96,58,0.041648594444444444,5030757.8057,0.0,0.0,R1116,R1117,R1115,R1149,R1084,59.13232225082162,59.13232225082162,111.38641316596589,111.36878575223717,R1116,50
-96,59,0.032708666666666664,4320299.1294,0.0,0.0,R1117,R1118,R1116,R1150,R1085,57.47476350363418,57.47476350363418,111.40373432223176,111.38641316596589,R1117,50
-96,60,0.027877549999999997,7473555.2405,0.0,0.0,R1118,R1119,R1117,R1151,R1086,55.799470393260385,55.799470393260385,111.42072786973738,111.40373432223176,R1118,50
-96,61,0.02647955714285714,6130109.6539,0.0,0.0,R1119,R1120,R1118,R1152,R1087,54.106952852548226,54.106952852548226,111.43737284500068,111.42072786973738,R1119,50
-96,62,0.02695647,4298134.7138,0.0,0.0,R1120,R1121,R1119,R1153,R1088,52.39772668635684,52.39772668635684,111.45364869914782,111.43737284500068,R1120,50
-96,63,0.02701195882352941,7282225.0537,0.0,0.0,R1121,R1122,R1120,R1154,R1089,50.672313414069706,50.672313414069706,111.46953532428122,111.45364869914782,R1121,50
-96,64,0.029306966666666667,4744650.3423,0.0,0.0,R1122,R1123,R1121,R1155,R1090,48.93124010863544,48.93124010863544,111.48501307932553,111.46953532428122,R1122,50
-96,65,0.026589,5223460.5143,0.0,0.0,R1123,R1124,R1122,R1156,R1091,47.175039232189974,47.175039232189974,111.500062815354,111.48501307932553,R1123,50
-96,66,0.028402676923076922,5303477.2733,0.0,0.0,R1124,R1125,R1123,R1157,R1092,45.404248468318045,45.404248468318045,111.51466590034875,111.500062815354,R1124,50
-96,67,0.031682169999999996,3669339.5834,0.0,0.0,R1125,R1126,R1124,R1158,R1093,43.61941055101836,43.61941055101836,111.52880424334909,111.51466590034875,R1125,50
-96,68,0.032484516666666664,4280993.4063,0.0,0.0,R1126,R1127,R1125,R1159,R1094,41.82107309044281,41.82107309044281,111.54246031795869,111.52880424334909,R1126,50
-96,69,0.03012063333333333,3465641.4752,0.0,0.0,R1127,R1128,R1126,R1160,R1095,40.009788395485515,40.009788395485515,111.55561718517784,111.54246031795869,R1127,50
-96,70,0.03265424166666667,4274859.2466,0.0,0.0,R1128,R1129,R1127,R1161,R1096,38.18611329330402,38.18611329330402,111.56825851551484,111.55561718517784,R1128,50
-96,71,0.037887920000000005,3076525.1087,0.0,0.0,R1129,R1130,R1128,R1162,R1097,36.3506089458593,36.3506089458593,111.5803686103577,111.56825851551484,R1129,50
-96,72,0.037617,616700.5734999999,0.0,0.0,R1130,R1131,R1129,R1163,R1098,34.50384066356811,34.50384066356811,111.59193242255498,111.5803686103577,R1130,50
-96,73,0.035363874999999996,2635481.0912,0.0,0.0,R1131,R1132,R1130,R1164,R1099,32.64637771616591,32.64637771616591,111.60293557619657,111.59193242255498,R1131,50
-96,74,0.03827609999999999,604448.2476,0.0,0.0,R1132,R1133,R1131,R1165,R1100,30.778793140883696,30.778793140883696,111.61336438552951,111.60293557619657,R1132,50
-96,75,0.03250451666666667,2145311.4632,0.0,0.0,R1133,R1134,R1132,R1166,R1101,28.901663548048116,28.901663548048116,111.62320587302438,111.61336438552951,R1133,50
-96,76,0.0349623,2656108.886,0.0,0.0,R1134,R1135,R1133,R1167,R1102,27.015568924217845,27.015568924217845,111.63244778651362,111.62320587302438,R1134,50
-96,77,0.03595566,1664692.6447,0.0,0.0,R1135,R1136,R1134,R1168,R1103,25.121092432975185,25.121092432975185,111.64107861541223,111.63244778651362,R1135,50
-96,78,0.03511828333333333,1981365.5236,0.0,0.0,R1136,R1137,R1135,R1169,R1104,23.218820213495963,23.218820213495963,111.64908760598021,111.64107861541223,R1136,50
-96,79,0.03769,614162.9622,0.0,0.0,R1137,R1138,R1136,R1170,R1105,21.309341177024677,21.309341177024677,111.65646477559513,111.64908760598021,R1137,50
-96,80,0.036932316666666666,1890786.1697,0.0,0.0,R1138,R1139,R1137,R1171,R1106,19.39324680138688,19.39324680138688,111.66320092602756,111.65646477559513,R1138,50
-96,81,0.0,0.0,0.0,0.0,R1139,R-999,R1138,R1172,R-999,17.471130923674046,,,111.66320092602756,R1139,50
-95,49,0.03697069230769231,4210710.549,0.0,0.0,R1140,R1141,R-999,R1174,R1107,73.17126435678436,73.17126435678436,111.21940943207943,,R1140,50
-95,50,0.04038306666666667,5520606.8406,100133.6226,0.0,R1141,R1142,R1140,R1175,R1108,71.69521960602547,71.69521960602547,111.23868085995683,111.21940943207943,R1141,50
-95,51,0.043257699999999996,4300930.7606,0.0,0.0,R1142,R1143,R1141,R1176,R1109,70.19713955405018,70.19713955405018,111.25782746631153,111.23868085995683,R1142,50
-95,52,0.04065888181818182,6274618.6366,0.0,0.0,R1143,R1144,R1142,R1177,R1110,68.67747478989759,68.67747478989759,111.27682580399299,111.25782746631153,R1143,50
-95,53,0.043509321052631576,4593801.723,2997.111726,0.0,R1144,R1145,R1143,R1178,R1111,67.13668303003111,67.13668303003111,111.2956525875423,111.27682580399299,R1144,50
-95,54,0.04413923333333333,4776856.9236,0.0,0.0,R1145,R1146,R1144,R1179,R1112,65.57522899348992,65.57522899348992,111.31428472223197,111.2956525875423,R1145,50
-95,55,0.044909613333333334,3877708.0858,0.0,0.0,R1146,R1147,R1145,R1180,R1113,63.993584273358834,63.993584273358834,111.3326993329539,111.31428472223197,R1146,50
-95,56,0.04167311052631579,5298325.395,0.0,0.0,R1147,R1148,R1146,R1181,R1114,62.39222720455756,62.39222720455756,111.35087379293904,111.3326993329539,R1147,50
-95,57,0.04057768666666666,4334217.9205,0.0,0.0,R1148,R1149,R1147,R1182,R1115,60.771642727955076,60.771642727955076,111.36878575223717,111.35087379293904,R1148,50
-95,58,0.034728494444444445,6103889.4745000005,0.0,0.0,R1149,R1150,R1148,R1183,R1116,59.13232225082162,59.13232225082162,111.38641316596589,111.36878575223717,R1149,50
-95,59,0.030683000000000002,5692517.5561999995,0.0,0.0,R1150,R1151,R1149,R1184,R1117,57.47476350363418,57.47476350363418,111.40373432223176,111.38641316596589,R1150,50
-95,60,0.028755227272727276,4437080.0769,0.0,0.0,R1151,R1152,R1150,R1185,R1118,55.799470393260385,55.799470393260385,111.42072786973738,111.40373432223176,R1151,50
-95,61,0.026376423529411764,7464124.208,0.0,0.0,R1152,R1153,R1151,R1186,R1119,54.106952852548226,54.106952852548226,111.43737284500068,111.42072786973738,R1152,50
-95,62,0.026657706666666666,6518169.8555,0.0,0.0,R1153,R1154,R1152,R1187,R1120,52.39772668635684,52.39772668635684,111.45364869914782,111.43737284500068,R1153,50
-95,63,0.026645015384615386,5645457.8061999995,0.0,0.0,R1154,R1155,R1153,R1188,R1121,50.672313414069706,50.672313414069706,111.46953532428122,111.45364869914782,R1154,50
-95,64,0.02863616,4050944.9077000003,0.0,0.0,R1155,R1156,R1154,R1189,R1122,48.93124010863544,48.93124010863544,111.48501307932553,111.46953532428122,R1155,50
-95,65,0.026077961538461536,5768916.0407,0.0,0.0,R1156,R1157,R1155,R1190,R1123,47.175039232189974,47.175039232189974,111.500062815354,111.48501307932553,R1156,50
-95,66,0.027365185714285718,5937206.4942,0.0,0.0,R1157,R1158,R1156,R1191,R1124,45.404248468318045,45.404248468318045,111.51466590034875,111.500062815354,R1157,50
-95,67,0.03299513,3562773.3858000003,0.0,0.0,R1158,R1159,R1157,R1192,R1125,43.61941055101836,43.61941055101836,111.52880424334909,111.51466590034875,R1158,50
-95,68,0.0325798,3204187.7193,0.0,0.0,R1159,R1160,R1158,R1193,R1126,41.82107309044281,41.82107309044281,111.54246031795869,111.52880424334909,R1159,50
-95,69,0.02926865,1583369.1729000001,0.0,0.0,R1160,R1161,R1159,R1194,R1127,40.009788395485515,40.009788395485515,111.55561718517784,111.54246031795869,R1160,50
-95,70,0.030384941666666665,4603282.0109,0.0,0.0,R1161,R1162,R1160,R1195,R1128,38.18611329330402,38.18611329330402,111.56825851551484,111.55561718517784,R1161,50
-95,71,0.0341013,3484927.1368,0.0,0.0,R1162,R1163,R1161,R1196,R1129,36.3506089458593,36.3506089458593,111.5803686103577,111.56825851551484,R1162,50
-95,72,0.03421847,3428360.5096,0.0,0.0,R1163,R1164,R1162,R1197,R1130,34.50384066356811,34.50384066356811,111.59193242255498,111.5803686103577,R1163,50
-95,73,0.0317719,2219559.1038,0.0,0.0,R1164,R1165,R1163,R1198,R1131,32.64637771616591,32.64637771616591,111.60293557619657,111.59193242255498,R1164,50
-95,74,0.03920626666666666,1787946.2412,0.0,0.0,R1165,R1166,R1164,R1199,R1132,30.778793140883696,30.778793140883696,111.61336438552951,111.60293557619657,R1165,50
-95,75,0.029187754545454546,4406440.4287,0.0,0.0,R1166,R1167,R1165,R1200,R1133,28.901663548048116,28.901663548048116,111.62320587302438,111.61336438552951,R1166,50
-95,76,0.0359105,1615258.6239,0.0,0.0,R1167,R1168,R1166,R1201,R1134,27.015568924217845,27.015568924217845,111.63244778651362,111.62320587302438,R1167,50
-95,77,0.03584966666666666,2030597.6472,0.0,0.0,R1168,R1169,R1167,R1202,R1135,25.121092432975185,25.121092432975185,111.64107861541223,111.63244778651362,R1168,50
-95,78,0.039155075,2381190.6569,0.0,0.0,R1169,R1170,R1168,R1203,R1136,23.218820213495963,23.218820213495963,111.64908760598021,111.64107861541223,R1169,50
-95,79,0.058101099999999996,601855.2256,0.0,0.0,R1170,R1171,R1169,R1204,R1137,21.309341177024677,21.309341177024677,111.65646477559513,111.64908760598021,R1170,50
-95,80,0.057002083333333335,1265747.9182,0.0,0.0,R1171,R1172,R1170,R1205,R1138,19.39324680138688,19.39324680138688,111.66320092602756,111.65646477559513,R1171,50
-95,81,0.0,0.0,0.0,0.0,R1172,R-999,R1171,R1206,R1139,17.471130923674046,17.471130923674046,,111.66320092602756,R1172,50
-94,48,0.0392823,294471.853,0.0,0.0,R1173,R1174,R-999,R1207,R300,74.62483046588396,2151.2530405762022,111.2000367623785,,R1173,50
-94,49,0.03762708571428571,5938316.8513,55.40593276,0.0,R1174,R1175,R1173,R1208,R1140,73.17126435678436,73.17126435678436,111.21940943207943,111.2000367623785,R1174,50
-94,50,0.040103725,6986397.3111000005,0.0,0.0,R1175,R1176,R1174,R1209,R1141,71.69521960602547,71.69521960602547,111.23868085995683,111.21940943207943,R1175,50
-94,51,0.04417583,5265106.0371,0.0,0.0,R1176,R1177,R1175,R1210,R1142,70.19713955405018,70.19713955405018,111.25782746631153,111.23868085995683,R1176,50
-94,52,0.0440265052631579,5037823.73,0.0,0.0,R1177,R1178,R1176,R1211,R1143,68.67747478989759,68.67747478989759,111.27682580399299,111.25782746631153,R1177,50
-94,53,0.047316566666666664,3723718.9389,0.0,0.0,R1178,R1179,R1177,R1212,R1144,67.13668303003111,67.13668303003111,111.2956525875423,111.27682580399299,R1178,50
-94,54,0.04310366111111111,4907561.9503999995,0.0,0.0,R1179,R1180,R1178,R1213,R1145,65.57522899348992,65.57522899348992,111.31428472223197,111.2956525875423,R1179,50
-94,55,0.04021834666666667,4355965.2024,0.0,0.0,R1180,R1181,R1179,R1214,R1146,63.993584273358834,63.993584273358834,111.3326993329539,111.31428472223197,R1180,50
-94,56,0.044201875,5265670.8284,0.0,0.0,R1181,R1182,R1180,R1215,R1147,62.39222720455756,62.39222720455756,111.35087379293904,111.3326993329539,R1181,50
-94,57,0.03948149333333333,4467357.4676,0.0,0.0,R1182,R1183,R1181,R1216,R1148,60.771642727955076,60.771642727955076,111.36878575223717,111.35087379293904,R1182,50
-94,58,0.028654570588235295,6959600.5805,0.0,0.0,R1183,R1184,R1182,R1217,R1149,59.13232225082162,59.13232225082162,111.38641316596589,111.36878575223717,R1183,50
-94,59,0.031016142857142857,2671979.6736,0.0,0.0,R1184,R1185,R1183,R1218,R1150,57.47476350363418,57.47476350363418,111.40373432223176,111.38641316596589,R1184,50
-94,60,0.0257698,448879.5268,0.0,0.0,R1185,R1186,R1184,R1586,R1151,724.2320858535774,55.799470393260385,111.42072786973738,111.40373432223176,R1185,50
-94,61,0.025617925,3615001.5586,0.0,0.0,R1186,R1187,R1185,R1219,R1152,54.106952852548226,54.106952852548226,111.43737284500068,111.42072786973738,R1186,50
-94,62,0.025924400000000004,4463678.2497000005,0.0,0.0,R1187,R1188,R1186,R1220,R1153,52.39772668635684,52.39772668635684,111.45364869914782,111.43737284500068,R1187,50
-94,63,0.0261588875,7080295.5245,0.0,0.0,R1188,R1189,R1187,R1221,R1154,50.672313414069706,50.672313414069706,111.46953532428122,111.45364869914782,R1188,50
-94,64,0.02786838,6236071.5912999995,0.0,0.0,R1189,R1190,R1188,R1222,R1155,48.93124010863544,48.93124010863544,111.48501307932553,111.46953532428122,R1189,50
-94,65,0.026466584615384613,5688470.4545,0.0,0.0,R1190,R1191,R1189,R1223,R1156,47.175039232189974,47.175039232189974,111.500062815354,111.48501307932553,R1190,50
-94,66,0.027668058333333332,5021500.4664,0.0,0.0,R1191,R1192,R1190,R1224,R1157,45.404248468318045,45.404248468318045,111.51466590034875,111.500062815354,R1191,50
-94,67,0.02835532,4094205.8294,0.0,0.0,R1192,R1193,R1191,R1225,R1158,43.61941055101836,43.61941055101836,111.52880424334909,111.51466590034875,R1192,50
-94,68,0.03232131666666666,4306812.0479,0.0,0.0,R1193,R1194,R1192,R1226,R1159,41.82107309044281,41.82107309044281,111.54246031795869,111.52880424334909,R1193,50
-94,69,0.0328144,3539427.5887,0.0,0.0,R1194,R1195,R1193,R1227,R1160,40.009788395485515,40.009788395485515,111.55561718517784,111.54246031795869,R1194,50
-94,70,0.030970885714285714,2643201.553,0.0,0.0,R1195,R1196,R1194,R1228,R1161,38.18611329330402,38.18611329330402,111.56825851551484,111.55561718517784,R1195,50
-94,71,0.027470416666666667,5087794.9679,0.0,0.0,R1196,R1197,R1195,R1229,R1162,36.3506089458593,36.3506089458593,111.5803686103577,111.56825851551484,R1196,50
-94,72,0.03284328888888889,3210843.3217,0.0,0.0,R1197,R1198,R1196,R1316,R1163,137.99159557155087,34.50384066356811,111.59193242255498,111.5803686103577,R1197,50
-94,73,0.030497441666666666,4622472.5658,0.0,0.0,R1198,R1199,R1197,R1230,R1164,32.64637771616591,32.64637771616591,111.60293557619657,111.59193242255498,R1198,50
-94,74,0.03437308333333333,2044653.8653,0.0,0.0,R1199,R1200,R1198,R1231,R1165,30.778793140883696,30.778793140883696,111.61336438552951,111.60293557619657,R1199,50
-94,75,0.02787518,2086306.1957,0.0,0.0,R1200,R1201,R1199,R1232,R1166,28.901663548048116,28.901663548048116,111.62320587302438,111.61336438552951,R1200,50
-94,76,0.035383125,1322378.7718,0.0,0.0,R1201,R1202,R1200,R1233,R1167,27.015568924217845,27.015568924217845,111.63244778651362,111.62320587302438,R1201,50
-94,77,0.03664021666666667,1963142.4615000002,0.0,0.0,R1202,R1203,R1201,R1234,R1168,25.121092432975185,25.121092432975185,111.64107861541223,111.63244778651362,R1202,50
-94,78,0.0401607,1451945.6677,0.0,0.0,R1203,R1204,R1202,R1235,R1169,23.218820213495963,23.218820213495963,111.64908760598021,111.64107861541223,R1203,50
-94,79,0.09185994,703373.51777,0.0,0.0,R1204,R1205,R1203,R1236,R1170,21.309341177024677,21.309341177024677,111.65646477559513,111.64908760598021,R1204,50
-94,80,0.07406121666666667,975879.7041,0.0,0.0,R1205,R1206,R1204,R1237,R1171,19.39324680138688,19.39324680138688,111.66320092602756,111.65646477559513,R1205,50
-94,81,0.0,0.0,0.0,0.0,R1206,R-999,R1205,R1238,R1172,17.471130923674046,17.471130923674046,,111.66320092602756,R1206,50
-93,48,0.024662166666666666,630052.6895,0.0,0.0,R1207,R1208,R-999,R1239,R1173,74.62483046588396,74.62483046588396,111.2000367623785,,R1207,50
-93,49,0.03816958666666667,4576142.4405000005,0.0,0.0,R1208,R1209,R1207,R1240,R1174,73.17126435678436,73.17126435678436,111.21940943207943,111.2000367623785,R1208,50
-93,50,0.037690257894736845,5262152.3735,0.0,103410.0,R1209,R1210,R1208,R1241,R1175,71.69521960602547,71.69521960602547,111.23868085995683,111.21940943207943,R1209,50
-93,51,0.04466858666666666,3925215.3983,0.0,0.0,R1210,R1211,R1209,R1242,R1176,70.19713955405018,70.19713955405018,111.25782746631153,111.23868085995683,R1210,50
-93,52,0.04764804444444445,4401580.4765,0.0,0.0,R1211,R1212,R1210,R1243,R1177,68.67747478989759,68.67747478989759,111.27682580399299,111.25782746631153,R1211,50
-93,53,0.046767633333333336,3762566.451,0.0,0.0,R1212,R1213,R1211,R1244,R1178,67.13668303003111,67.13668303003111,111.2956525875423,111.27682580399299,R1212,50
-93,54,0.0426971,5437347.2923,0.0,0.0,R1213,R1214,R1212,R1245,R1179,65.57522899348992,65.57522899348992,111.31428472223197,111.2956525875423,R1213,50
-93,55,0.046151750000000005,5045981.4271,0.0,0.0,R1214,R1215,R1213,R1246,R1180,63.993584273358834,63.993584273358834,111.3326993329539,111.31428472223197,R1214,50
-93,56,0.04411784736842105,5031894.3780000005,0.0,0.0,R1215,R1216,R1214,R1247,R1181,62.39222720455756,62.39222720455756,111.35087379293904,111.3326993329539,R1215,50
-93,57,0.03545889333333333,5084917.3542,0.0,0.0,R1216,R1217,R1215,R1248,R1182,60.771642727955076,60.771642727955076,111.36878575223717,111.35087379293904,R1216,50
-93,58,0.027511125,5072722.8859,0.0,0.0,R1217,R1218,R1216,R1584,R1183,708.6608294718574,59.13232225082162,111.38641316596589,111.36878575223717,R1217,50
-93,59,0.02579295,1798688.6236999999,0.0,0.0,R1218,R1219,R1217,R1585,R1184,688.7766992999462,57.47476350363418,222.8244621919689,111.38641316596589,R1218,50
-93,61,0.0252284,458511.3617,0.0,0.0,R1219,R1220,R1218,R1624,R1186,702.2422187998777,54.106952852548226,111.43737284500068,222.8244621919689,R1219,50
-93,62,0.02555409230769231,5886823.2638,0.0,0.0,R1220,R1221,R1219,R1249,R1187,52.39772668635684,52.39772668635684,111.45364869914782,111.43737284500068,R1220,50
-93,63,0.026341392307692304,5710113.4523,0.0,0.0,R1221,R1222,R1220,R1250,R1188,50.672313414069706,50.672313414069706,111.46953532428122,111.45364869914782,R1221,50
-93,64,0.026876872727272728,4738152.928,0.0,0.0,R1222,R1223,R1221,R1251,R1189,48.93124010863544,48.93124010863544,111.48501307932553,111.46953532428122,R1222,50
-93,65,0.02677274,4322628.3854,0.0,0.0,R1223,R1224,R1222,R1252,R1190,47.175039232189974,47.175039232189974,111.500062815354,111.48501307932553,R1223,50
-93,66,0.026684858333333335,5208833.4364,0.0,0.0,R1224,R1225,R1223,R1253,R1191,45.404248468318045,45.404248468318045,111.51466590034875,111.500062815354,R1224,50
-93,67,0.029770570000000003,3899379.8275,0.0,0.0,R1225,R1226,R1224,R1254,R1192,43.61941055101836,43.61941055101836,111.52880424334909,111.51466590034875,R1225,50
-93,68,0.031098116666666665,4500392.0398,0.0,0.0,R1226,R1227,R1225,R1255,R1193,41.82107309044281,41.82107309044281,111.54246031795869,111.52880424334909,R1226,50
-93,69,0.03479048,3338657.7773,0.0,0.0,R1227,R1228,R1226,R1256,R1194,40.009788395485515,40.009788395485515,111.55561718517784,111.54246031795869,R1227,50
-93,70,0.03502245,2684422.1962,0.0,0.0,R1228,R1229,R1227,R1257,R1195,38.18611329330402,38.18611329330402,111.56825851551484,111.55561718517784,R1228,50
-93,71,0.028396600000000004,2454252.2555,0.0,0.0,R1229,R1230,R1228,R1258,R1196,36.3506089458593,36.3506089458593,223.17230103291277,111.56825851551484,R1229,50
-93,73,0.03065138888888889,3477139.6777,0.0,0.0,R1230,R1231,R1229,R1259,R1198,32.64637771616591,32.64637771616591,111.60293557619657,223.17230103291277,R1230,50
-93,74,0.034528975,2708343.6187,0.0,0.0,R1231,R1232,R1230,R1260,R1199,30.778793140883696,30.778793140883696,111.61336438552951,111.60293557619657,R1231,50
-93,75,0.0337639625,2770524.2913,0.0,0.0,R1232,R1233,R1231,R1261,R1200,28.901663548048116,28.901663548048116,111.62320587302438,111.61336438552951,R1232,50
-93,76,0.03557846666666666,1995074.3288,0.0,0.0,R1233,R1234,R1232,R1262,R1201,27.015568924217845,27.015568924217845,111.63244778651362,111.62320587302438,R1233,50
-93,77,0.0348629,1683069.0432,0.0,0.0,R1234,R1235,R1233,R1263,R1202,25.121092432975185,25.121092432975185,111.64107861541223,111.63244778651362,R1234,50
-93,78,0.04912725,980278.6668,0.0,0.0,R1235,R1236,R1234,R1264,R1203,23.218820213495963,23.218820213495963,111.64908760598021,111.64107861541223,R1235,50
-93,79,0.1502963,497439.70210999995,0.0,0.0,R1236,R1237,R1235,R1265,R1204,21.309341177024677,21.309341177024677,111.65646477559513,111.64908760598021,R1236,50
-93,80,0.07700888333333333,1150274.74034,0.0,0.0,R1237,R1238,R1236,R1266,R1205,19.39324680138688,19.39324680138688,111.66320092602756,111.65646477559513,R1237,50
-93,81,0.0,0.0,0.0,0.0,R1238,R-999,R1237,R1267,R1206,17.471130923674046,17.471130923674046,,111.66320092602756,R1238,50
-92,48,0.038645809999999996,3009272.7791,0.0,0.0,R1239,R1240,R-999,R1269,R1207,74.62483046588396,74.62483046588396,111.2000367623785,,R1239,50
-92,49,0.039998245,5859312.0176,0.0,0.0,R1240,R1241,R1239,R1270,R1208,73.17126435678436,73.17126435678436,111.21940943207943,111.2000367623785,R1240,50
-92,50,0.040510275,6903175.5943,0.0,0.0,R1241,R1242,R1240,R1271,R1209,71.69521960602547,71.69521960602547,111.23868085995683,111.21940943207943,R1241,50
-92,51,0.04576659,5099512.1502,0.0,0.0,R1242,R1243,R1241,R1272,R1210,70.19713955405018,70.19713955405018,111.25782746631153,111.23868085995683,R1242,50
-92,52,0.04604911666666667,6049329.3212,0.0,0.0,R1243,R1244,R1242,R1273,R1211,68.67747478989759,68.67747478989759,111.27682580399299,111.25782746631153,R1243,50
-92,53,0.04849689,4795086.2184999995,0.0,0.0,R1244,R1245,R1243,R1274,R1212,67.13668303003111,67.13668303003111,111.2956525875423,111.27682580399299,R1244,50
-92,54,0.04422655909090909,5808256.0678,0.0,0.0,R1245,R1246,R1244,R1275,R1213,65.57522899348992,65.57522899348992,111.31428472223197,111.2956525875423,R1245,50
-92,55,0.04824043333333334,3624380.516,0.0,0.0,R1246,R1247,R1245,R1276,R1214,63.993584273358834,63.993584273358834,111.3326993329539,111.31428472223197,R1246,50
-92,56,0.04089064444444444,5139029.1496,0.0,0.0,R1247,R1248,R1246,R1277,R1215,62.39222720455756,62.39222720455756,111.35087379293904,111.3326993329539,R1247,50
-92,57,0.0384045,3093318.6385,0.0,0.0,R1248,R1249,R1247,R1278,R1216,60.771642727955076,60.771642727955076,557.0170339551727,111.35087379293904,R1248,50
-92,62,0.02525653333333333,1374460.5359,0.0,0.0,R1249,R1250,R1248,R1482,R1220,418.9204369989386,52.39772668635684,111.45364869914782,557.0170339551727,R1249,50
-92,63,0.02679891,4321751.3682,0.0,0.0,R1250,R1251,R1249,R1279,R1221,50.672313414069706,50.672313414069706,111.46953532428122,111.45364869914782,R1250,50
-92,64,0.027235808333333333,5100108.9188,0.0,0.0,R1251,R1252,R1250,R1280,R1222,48.93124010863544,48.93124010863544,111.48501307932553,111.46953532428122,R1251,50
-92,65,0.027134210000000002,4265385.5958,0.0,0.0,R1252,R1253,R1251,R1281,R1223,47.175039232189974,47.175039232189974,111.500062815354,111.48501307932553,R1252,50
-92,66,0.027583891666666666,5046884.5986,0.0,0.0,R1253,R1254,R1252,R1282,R1224,45.404248468318045,45.404248468318045,111.51466590034875,111.500062815354,R1253,50
-92,67,0.03083113,3760565.4493,0.0,0.0,R1254,R1255,R1253,R1283,R1225,43.61941055101836,43.61941055101836,111.52880424334909,111.51466590034875,R1254,50
-92,68,0.02910365,4795335.4095,0.0,0.0,R1255,R1256,R1254,R1284,R1226,41.82107309044281,41.82107309044281,111.54246031795869,111.52880424334909,R1255,50
-92,69,0.02926008,3960373.0050999997,0.0,0.0,R1256,R1257,R1255,R1285,R1227,40.009788395485515,40.009788395485515,111.55561718517784,111.54246031795869,R1256,50
-92,70,0.032640459999999996,3578998.7658,0.0,0.0,R1257,R1258,R1256,R1286,R1228,38.18611329330402,38.18611329330402,111.56825851551484,111.55561718517784,R1257,50
-92,71,0.03210833333333333,1081006.4052,0.0,0.0,R1258,R1259,R1257,R1315,R1229,72.69874302897959,36.3506089458593,223.17230103291277,111.56825851551484,R1258,50
-92,73,0.029456983333333336,2365782.9847,0.0,0.0,R1259,R1260,R1258,R1287,R1230,32.64637771616591,32.64637771616591,111.60293557619657,223.17230103291277,R1259,50
-92,74,0.03249933333333333,1095783.8766,0.0,0.0,R1260,R1261,R1259,R1288,R1231,30.778793140883696,30.778793140883696,111.61336438552951,111.60293557619657,R1260,50
-92,75,0.030823,1880170.1094,0.0,0.0,R1261,R1262,R1260,R1289,R1232,28.901663548048116,28.901663548048116,111.62320587302438,111.61336438552951,R1261,50
-92,76,0.03270392,1823772.6705,0.0,0.0,R1262,R1263,R1261,R1290,R1233,27.015568924217845,27.015568924217845,111.63244778651362,111.62320587302438,R1262,50
-92,77,0.0390225,603643.6132,0.0,0.0,R1263,R1264,R1262,R1291,R1234,25.121092432975185,25.121092432975185,111.64107861541223,111.63244778651362,R1263,50
-92,78,0.06115503333333333,588820.7674,0.0,0.0,R1264,R1265,R1263,R1292,R1235,23.218820213495963,23.218820213495963,111.64908760598021,111.64107861541223,R1264,50
-92,79,0.11466859999999998,593568.28563,0.0,0.0,R1265,R1266,R1264,R1293,R1236,21.309341177024677,21.309341177024677,111.65646477559513,111.64908760598021,R1265,50
-92,80,0.10192061666666667,1057731.11391,0.0,0.0,R1266,R1267,R1265,R1294,R1237,19.39324680138688,19.39324680138688,111.66320092602756,111.65646477559513,R1266,50
-92,81,0.0,0.0,0.0,0.0,R1267,R1268,R1266,R1295,R1238,17.471130923674046,17.471130923674046,111.66928765568483,111.66320092602756,R1267,50
-92,82,0.0,0.0,0.0,0.0,R1268,R-999,R1267,R1296,R-999,15.543589531239796,,,111.66928765568483,R1268,50
-91,48,0.039870675,3514231.4522,0.0,0.0,R1269,R1270,R-999,R1297,R1239,74.62483046588396,74.62483046588396,111.2000367623785,,R1269,50
-91,49,0.040347921052631575,5476763.6877999995,0.0,0.0,R1270,R1271,R1269,R1298,R1240,73.17126435678436,73.17126435678436,111.21940943207943,111.2000367623785,R1270,50
-91,50,0.04009590555555556,5218139.9546,0.0,0.0,R1271,R1272,R1270,R1299,R1241,71.69521960602547,71.69521960602547,111.23868085995683,111.21940943207943,R1271,50
-91,51,0.0416097,4187253.8737,0.0,0.0,R1272,R1273,R1271,R1300,R1242,70.19713955405018,70.19713955405018,111.25782746631153,111.23868085995683,R1272,50
-91,52,0.045613883333333334,4593349.5756,0.0,0.0,R1273,R1274,R1272,R1301,R1243,68.67747478989759,68.67747478989759,111.27682580399299,111.25782746631153,R1273,50
-91,53,0.04100144666666667,4257415.3647,0.0,0.0,R1274,R1275,R1273,R1302,R1244,67.13668303003111,67.13668303003111,111.2956525875423,111.27682580399299,R1274,50
-91,54,0.040010427777777774,5246092.6613,0.0,0.0,R1275,R1276,R1274,R1303,R1245,65.57522899348992,65.57522899348992,111.31428472223197,111.2956525875423,R1275,50
-91,55,0.045351913333333334,3838562.3723,0.0,0.0,R1276,R1277,R1275,R1304,R1246,63.993584273358834,63.993584273358834,111.3326993329539,111.31428472223197,R1276,50
-91,56,0.037803005555555554,5549269.416999999,0.0,0.0,R1277,R1278,R1276,R1305,R1247,62.39222720455756,62.39222720455756,111.35087379293904,111.3326993329539,R1277,50
-91,57,0.035254075,3991451.2758,0.0,0.0,R1278,R1279,R1277,R1306,R1248,60.771642727955076,60.771642727955076,668.4706826543209,111.35087379293904,R1278,50
-91,63,0.02628577142857143,6169702.024,0.0,0.0,R1279,R1280,R1278,R1307,R1250,50.672313414069706,50.672313414069706,111.46953532428122,668.4706826543209,R1279,50
-91,64,0.025423194444444446,7316615.2938,346.5938417,0.0,R1280,R1281,R1279,R1308,R1251,48.93124010863544,48.93124010863544,111.48501307932553,111.46953532428122,R1280,50
-91,65,0.027728106666666665,6266222.6400999995,0.0,0.0,R1281,R1282,R1280,R1309,R1252,47.175039232189974,47.175039232189974,111.500062815354,111.48501307932553,R1281,50
-91,66,0.029131729411764704,6844554.5474,0.0,0.0,R1282,R1283,R1281,R1310,R1253,45.404248468318045,45.404248468318045,111.51466590034875,111.500062815354,R1282,50
-91,67,0.02964083,3912970.9544,0.0,0.0,R1283,R1284,R1282,R1311,R1254,43.61941055101836,43.61941055101836,111.52880424334909,111.51466590034875,R1283,50
-91,68,0.02946824166666667,4728527.0746,0.0,0.0,R1284,R1285,R1283,R1312,R1255,41.82107309044281,41.82107309044281,111.54246031795869,111.52880424334909,R1284,50
-91,69,0.02585862,4489536.097,0.0,0.0,R1285,R1286,R1284,R1313,R1256,40.009788395485515,40.009788395485515,111.55561718517784,111.54246031795869,R1285,50
-91,70,0.0296886375,3129084.8305,0.0,0.0,R1286,R1287,R1285,R1314,R1257,38.18611329330402,38.18611329330402,334.74055954842754,111.55561718517784,R1286,50
-91,73,0.03273695,1421035.5817,0.0,0.0,R1287,R1288,R1286,R1317,R1259,32.64637771616591,32.64637771616591,111.60293557619657,334.74055954842754,R1287,50
-91,74,0.030763416666666668,2268048.1054,0.0,0.0,R1288,R1289,R1287,R1318,R1260,30.778793140883696,30.778793140883696,111.61336438552951,111.60293557619657,R1288,50
-91,75,0.0313666875,2984110.505,0.0,0.0,R1289,R1290,R1288,R1319,R1261,28.901663548048116,28.901663548048116,111.62320587302438,111.61336438552951,R1289,50
-91,76,0.03264176,1782246.9389,0.0,0.0,R1290,R1291,R1289,R1320,R1262,27.015568924217845,27.015568924217845,111.63244778651362,111.62320587302438,R1290,50
-91,77,0.04004594,1448591.4833,0.0,0.0,R1291,R1292,R1290,R1321,R1263,25.121092432975185,25.121092432975185,111.64107861541223,111.63244778651362,R1291,50
-91,78,0.066716525,773998.3411,0.0,0.0,R1292,R1293,R1291,R1322,R1264,23.218820213495963,23.218820213495963,111.64908760598021,111.64107861541223,R1292,50
-91,79,0.09519652,687830.78341,0.0,0.0,R1293,R1294,R1292,R1323,R1265,21.309341177024677,21.309341177024677,111.65646477559513,111.64908760598021,R1293,50
-91,80,0.07433886666666667,1067641.16542,0.0,0.0,R1294,R1295,R1293,R1324,R1266,19.39324680138688,19.39324680138688,111.66320092602756,111.65646477559513,R1294,50
-91,81,0.0,0.0,0.0,0.0,R1295,R1296,R1294,R1325,R1267,17.471130923674046,17.471130923674046,111.66928765568483,111.66320092602756,R1295,50
-91,82,0.0,0.0,0.0,0.0,R1296,R-999,R1295,R1326,R1268,15.543589531239796,15.543589531239796,,111.66928765568483,R1296,50
-90,48,0.04503661666666667,2650236.3513,11993.82704,0.0,R1297,R1298,R-999,R1327,R1269,74.62483046588396,74.62483046588396,111.2000367623785,,R1297,50
-90,49,0.04274626875,4368255.5357,0.0,0.0,R1298,R1299,R1297,R1328,R1270,73.17126435678436,73.17126435678436,111.21940943207943,111.2000367623785,R1298,50
-90,50,0.037557087999999995,7128166.5027,2805.125921,0.0,R1299,R1300,R1298,R1329,R1271,71.69521960602547,71.69521960602547,111.23868085995683,111.21940943207943,R1299,50
-90,51,0.042095735,5530183.0007,0.0,0.0,R1300,R1301,R1299,R1330,R1272,70.19713955405018,70.19713955405018,111.25782746631153,111.23868085995683,R1300,50
-90,52,0.04754003043478261,5623645.7825,0.0,0.0,R1301,R1302,R1300,R1331,R1273,68.67747478989759,68.67747478989759,111.27682580399299,111.25782746631153,R1301,50
-90,53,0.04002995,4083574.675,248.1468437,0.0,R1302,R1303,R1301,R1332,R1274,67.13668303003111,67.13668303003111,111.2956525875423,111.27682580399299,R1302,50
-90,54,0.04114681666666667,5119495.4888,0.0,0.0,R1303,R1304,R1302,R1333,R1275,65.57522899348992,65.57522899348992,111.31428472223197,111.2956525875423,R1303,50
-90,55,0.04375166666666666,3971992.1902,0.0,0.0,R1304,R1305,R1303,R1334,R1276,63.993584273358834,63.993584273358834,111.3326993329539,111.31428472223197,R1304,50
-90,56,0.03578268947368421,5566422.9943,142.8094996,0.0,R1305,R1306,R1304,R1335,R1277,62.39222720455756,62.39222720455756,111.35087379293904,111.3326993329539,R1305,50
-90,57,0.03400523,3511559.0966,0.0,0.0,R1306,R1307,R1305,R1336,R1278,60.771642727955076,60.771642727955076,668.4706826543209,111.35087379293904,R1306,50
-90,63,0.027851,415335.5384,0.0,0.0,R1307,R1308,R1306,R1421,R1279,202.65861598778864,50.672313414069706,111.46953532428122,668.4706826543209,R1307,50
-90,64,0.028461788888888888,3661355.4861,0.0,0.0,R1308,R1309,R1307,R1337,R1280,48.93124010863544,48.93124010863544,111.48501307932553,111.46953532428122,R1308,50
-90,65,0.02730301,4243190.7279,0.0,0.0,R1309,R1310,R1308,R1338,R1281,47.175039232189974,47.175039232189974,111.500062815354,111.48501307932553,R1309,50
-90,66,0.029116738461538463,5280690.7765999995,0.0,0.0,R1310,R1311,R1309,R1339,R1282,45.404248468318045,45.404248468318045,111.51466590034875,111.500062815354,R1310,50
-90,67,0.027600053846153844,5480261.5117999995,0.0,0.0,R1311,R1312,R1310,R1340,R1283,43.61941055101836,43.61941055101836,111.52880424334909,111.51466590034875,R1311,50
-90,68,0.031917225,4379210.3196,0.0,0.0,R1312,R1313,R1311,R1341,R1284,41.82107309044281,41.82107309044281,111.54246031795869,111.52880424334909,R1312,50
-90,69,0.032917666666666665,3179529.1162,0.0,0.0,R1313,R1314,R1312,R1342,R1285,40.009788395485515,40.009788395485515,111.55561718517784,111.54246031795869,R1313,50
-90,70,0.02810895,823879.1170999999,0.0,0.0,R1314,R1315,R1313,R1343,R1286,38.18611329330402,38.18611329330402,111.56825851551484,111.55561718517784,R1314,50
-90,71,0.03191112,1821826.9221,0.0,0.0,R1315,R1316,R1314,R1344,R1258,36.3506089458593,72.69874302897959,111.5803686103577,111.56825851551484,R1315,50
-90,72,0.0315002875,2966121.0405,0.0,0.0,R1316,R1317,R1315,R1345,R1197,34.50384066356811,137.99159557155087,111.59193242255498,111.5803686103577,R1316,50
-90,73,0.0366908,315270.1566,0.0,0.0,R1317,R1318,R1316,R1346,R1287,32.64637771616591,32.64637771616591,111.60293557619657,111.59193242255498,R1317,50
-90,74,0.026082,887193.6231,0.0,0.0,R1318,R1319,R1317,R1347,R1288,30.778793140883696,30.778793140883696,111.61336438552951,111.60293557619657,R1318,50
-90,75,0.03212943,3668253.954,0.0,0.0,R1319,R1320,R1318,R1348,R1289,28.901663548048116,28.901663548048116,111.62320587302438,111.61336438552951,R1319,50
-90,76,0.03691236,3200015.2789,0.0,0.0,R1320,R1321,R1319,R1349,R1290,27.015568924217845,27.015568924217845,111.63244778651362,111.62320587302438,R1320,50
-90,77,0.0416433375,2277059.1743,0.0,0.0,R1321,R1322,R1320,R1350,R1291,25.121092432975185,25.121092432975185,111.64107861541223,111.63244778651362,R1321,50
-90,78,0.095506475,594553.5104500001,0.0,0.0,R1322,R1323,R1321,R1351,R1292,23.218820213495963,23.218820213495963,111.64908760598021,111.64107861541223,R1322,50
-90,79,0.09533504,669501.83733,0.0,0.0,R1323,R1324,R1322,R1352,R1293,21.309341177024677,21.309341177024677,111.65646477559513,111.64908760598021,R1323,50
-90,80,0.07418238333333334,1081364.9209,0.0,0.0,R1324,R1325,R1323,R1353,R1294,19.39324680138688,19.39324680138688,111.66320092602756,111.65646477559513,R1324,50
-90,81,0.0,0.0,0.0,0.0,R1325,R1326,R1324,R1354,R1295,17.471130923674046,17.471130923674046,111.66928765568483,111.66320092602756,R1325,50
-90,82,0.0,0.0,0.0,0.0,R1326,R-999,R1325,R1355,R1296,15.543589531239796,15.543589531239796,,111.66928765568483,R1326,50
-89,48,0.037115875,3289527.0233,0.0,211880.0,R1327,R1328,R-999,R1356,R1297,74.62483046588396,74.62483046588396,111.2000367623785,,R1327,50
-89,49,0.045588865,5117767.7046,0.0,0.0,R1328,R1329,R1327,R1357,R1298,73.17126435678436,73.17126435678436,111.21940943207943,111.2000367623785,R1328,50
-89,50,0.03965392272727272,6672389.4156,0.0,0.0,R1329,R1330,R1328,R1358,R1299,71.69521960602547,71.69521960602547,111.23868085995683,111.21940943207943,R1329,50
-89,51,0.04424317333333334,3932949.8237,0.0,0.0,R1330,R1331,R1329,R1359,R1300,70.19713955405018,70.19713955405018,111.25782746631153,111.23868085995683,R1330,50
-89,52,0.04693756315789474,4702776.2715,0.0,0.0,R1331,R1332,R1330,R1360,R1301,68.67747478989759,68.67747478989759,111.27682580399299,111.25782746631153,R1331,50
-89,53,0.039745829999999996,5882015.8477,0.0,0.0,R1332,R1333,R1331,R1361,R1302,67.13668303003111,67.13668303003111,111.2956525875423,111.27682580399299,R1332,50
-89,54,0.039768515789473685,5555855.476,0.0,0.0,R1333,R1334,R1332,R1362,R1303,65.57522899348992,65.57522899348992,111.31428472223197,111.2956525875423,R1333,50
-89,55,0.04057078666666667,4297510.7958,0.0,0.0,R1334,R1335,R1333,R1363,R1304,63.993584273358834,63.993584273358834,111.3326993329539,111.31428472223197,R1334,50
-89,56,0.035291138888888886,5913158.3597,0.0,0.0,R1335,R1336,R1334,R1364,R1305,62.39222720455756,62.39222720455756,111.35087379293904,111.3326993329539,R1335,50
-89,57,0.030498716666666665,2329966.039,0.0,0.0,R1336,R1337,R1335,R1365,R1306,60.771642727955076,60.771642727955076,779.940217978602,111.35087379293904,R1336,50
-89,64,0.02802535,3304772.9844,0.0,0.0,R1337,R1338,R1336,R1366,R1308,48.93124010863544,48.93124010863544,111.48501307932553,779.940217978602,R1337,50
-89,65,0.0281445,4142839.5261,0.0,0.0,R1338,R1339,R1337,R1367,R1309,47.175039232189974,47.175039232189974,111.500062815354,111.48501307932553,R1338,50
-89,66,0.028151676923076924,4633289.5483,107.1307218,0.0,R1339,R1340,R1338,R1368,R1310,45.404248468318045,45.404248468318045,111.51466590034875,111.500062815354,R1339,50
-89,67,0.028410825,4903469.9879,0.0,0.0,R1340,R1341,R1339,R1369,R1311,43.61941055101836,43.61941055101836,111.52880424334909,111.51466590034875,R1340,50
-89,68,0.028453775,4890448.0678,0.0,0.0,R1341,R1342,R1340,R1370,R1312,41.82107309044281,41.82107309044281,111.54246031795869,111.52880424334909,R1341,50
-89,69,0.026088444444444445,3163636.5903,200.0088101,0.0,R1342,R1343,R1341,R1371,R1313,40.009788395485515,40.009788395485515,111.55561718517784,111.54246031795869,R1342,50
-89,70,0.0349681,330801.969,0.0,0.0,R1343,R1344,R1342,R1372,R1314,38.18611329330402,38.18611329330402,111.56825851551484,111.55561718517784,R1343,50
-89,71,0.035860674999999995,2609594.9286,0.0,0.0,R1344,R1345,R1343,R1373,R1315,36.3506089458593,36.3506089458593,111.5803686103577,111.56825851551484,R1344,50
-89,72,0.028185485714285717,2883681.7205,0.0,0.0,R1345,R1346,R1344,R1374,R1316,34.50384066356811,34.50384066356811,111.59193242255498,111.5803686103577,R1345,50
-89,73,0.03256903636363637,3966984.4958,0.0,0.0,R1346,R1347,R1345,R1375,R1317,32.64637771616591,32.64637771616591,111.60293557619657,111.59193242255498,R1346,50
-89,74,0.0389028,297343.9487,0.0,0.0,R1347,R1348,R1346,R1376,R1318,30.778793140883696,30.778793140883696,111.61336438552951,111.60293557619657,R1347,50
-89,75,0.035729199999999996,1981388.0614,0.0,0.0,R1348,R1349,R1347,R1377,R1319,28.901663548048116,28.901663548048116,111.62320587302438,111.61336438552951,R1348,50
-89,76,0.040700075,1227525.3061,0.0,0.0,R1349,R1350,R1348,R1378,R1320,27.015568924217845,27.015568924217845,111.63244778651362,111.62320587302438,R1349,50
-89,77,0.05409902857142857,1703917.5007,0.0,0.0,R1350,R1351,R1349,R1379,R1321,25.121092432975185,25.121092432975185,111.64107861541223,111.63244778651362,R1350,50
-89,78,0.05364231666666667,1299701.4911,0.0,0.0,R1351,R1352,R1350,R1380,R1322,23.218820213495963,23.218820213495963,111.64908760598021,111.64107861541223,R1351,50
-89,79,0.050611399999999994,1226703.4489,0.0,0.0,R1352,R1353,R1351,R1381,R1323,21.309341177024677,21.309341177024677,111.65646477559513,111.64908760598021,R1352,50
-89,80,0.07776575000000001,950671.59296,0.0,0.0,R1353,R1354,R1352,R1382,R1324,19.39324680138688,19.39324680138688,111.66320092602756,111.65646477559513,R1353,50
-89,81,0.0,0.0,0.0,0.0,R1354,R1355,R1353,R1383,R1325,17.471130923674046,17.471130923674046,111.66928765568483,111.66320092602756,R1354,50
-89,82,0.0,0.0,0.0,0.0,R1355,R-999,R1354,R1384,R1326,15.543589531239796,15.543589531239796,,111.66928765568483,R1355,50
-88,48,0.0289515,399548.5995,0.0,0.0,R1356,R1357,R-999,R1412,R1327,149.24652220724263,74.62483046588396,111.2000367623785,,R1356,50
-88,49,0.044667788888888886,4787637.9859,0.0,0.0,R1357,R1358,R1356,R1385,R1328,73.17126435678436,73.17126435678436,111.21940943207943,111.2000367623785,R1357,50
-88,50,0.0423861,5141395.1868,0.0,0.0,R1358,R1359,R1357,R1386,R1329,71.69521960602547,71.69521960602547,111.23868085995683,111.21940943207943,R1358,50
-88,51,0.041973058333333334,6634464.0619,0.0,0.0,R1359,R1360,R1358,R1387,R1330,70.19713955405018,70.19713955405018,111.25782746631153,111.23868085995683,R1359,50
-88,52,0.03983349333333333,4381896.4004,0.0,0.0,R1360,R1361,R1359,R1388,R1331,68.67747478989759,68.67747478989759,111.27682580399299,111.25782746631153,R1360,50
-88,53,0.03564132222222222,5870691.1521,0.0,0.0,R1361,R1362,R1360,R1389,R1332,67.13668303003111,67.13668303003111,111.2956525875423,111.27682580399299,R1361,50
-88,54,0.03726638947368421,5928979.3255,0.0,0.0,R1362,R1363,R1361,R1390,R1333,65.57522899348992,65.57522899348992,111.31428472223197,111.2956525875423,R1362,50
-88,55,0.0373483875,4986177.2701,0.0,0.0,R1363,R1364,R1362,R1391,R1334,63.993584273358834,63.993584273358834,111.3326993329539,111.31428472223197,R1363,50
-88,56,0.03401320625,5561969.115,0.0,0.0,R1364,R1365,R1363,R1392,R1335,62.39222720455756,62.39222720455756,111.35087379293904,111.3326993329539,R1364,50
-88,57,0.0241504,478978.1095,0.0,0.0,R1365,R1366,R1364,R1620,R1336,485.89958877583956,60.771642727955076,779.940217978602,111.35087379293904,R1365,50
-88,64,0.0280904,1649077.0211,0.0,0.0,R1366,R1367,R1365,R1393,R1337,48.93124010863544,48.93124010863544,111.48501307932553,779.940217978602,R1366,50
-88,65,0.028772233333333334,6102940.7075,0.0,0.0,R1367,R1368,R1366,R1394,R1338,47.175039232189974,47.175039232189974,111.500062815354,111.48501307932553,R1367,50
-88,66,0.02711056,4272721.8615999995,0.0,0.0,R1368,R1369,R1367,R1395,R1339,45.404248468318045,45.404248468318045,111.51466590034875,111.500062815354,R1368,50
-88,67,0.028786430000000002,4054369.2599,0.0,0.0,R1369,R1370,R1368,R1396,R1340,43.61941055101836,43.61941055101836,111.52880424334909,111.51466590034875,R1369,50
-88,68,0.027801475000000003,5029634.7249,0.0,0.0,R1370,R1371,R1369,R1397,R1341,41.82107309044281,41.82107309044281,111.54246031795869,111.52880424334909,R1370,50
-88,69,0.027143260000000002,2135929.6513,0.0,0.0,R1371,R1372,R1370,R1427,R1342,80.01692114258088,40.009788395485515,111.55561718517784,111.54246031795869,R1371,50
-88,70,0.0365124,1269652.696,0.0,0.0,R1372,R1373,R1371,R1398,R1343,38.18611329330402,38.18611329330402,111.56825851551484,111.55561718517784,R1372,50
-88,71,0.0379633,2504103.9307,0.0,0.0,R1373,R1374,R1372,R1399,R1344,36.3506089458593,36.3506089458593,111.5803686103577,111.56825851551484,R1373,50
-88,72,0.02703601818181818,4709937.4465,0.0,0.0,R1374,R1375,R1373,R1400,R1345,34.50384066356811,34.50384066356811,111.59193242255498,111.5803686103577,R1374,50
-88,73,0.028689766666666665,3646280.7937000003,0.0,0.0,R1375,R1376,R1374,R1401,R1346,32.64637771616591,32.64637771616591,111.60293557619657,111.59193242255498,R1375,50
-88,74,0.03800435,611744.3208000001,0.0,0.0,R1376,R1377,R1375,R1402,R1347,30.778793140883696,30.778793140883696,111.61336438552951,111.60293557619657,R1376,50
-88,75,0.03450079166666667,4097281.9261,0.0,0.0,R1377,R1378,R1376,R1403,R1348,28.901663548048116,28.901663548048116,111.62320587302438,111.61336438552951,R1377,50
-88,76,0.044655925,1100701.3222,0.0,0.0,R1378,R1379,R1377,R1404,R1349,27.015568924217845,27.015568924217845,111.63244778651362,111.62320587302438,R1378,50
-88,77,0.05682172,1168764.4813,0.0,0.0,R1379,R1380,R1378,R1405,R1350,25.121092432975185,25.121092432975185,111.64107861541223,111.63244778651362,R1379,50
-88,78,0.04544953333333333,2353002.884,0.0,0.0,R1380,R1381,R1379,R1406,R1351,23.218820213495963,23.218820213495963,111.64908760598021,111.64107861541223,R1380,50
-88,79,0.04611792,1303609.9374000002,0.0,0.0,R1381,R1382,R1380,R1407,R1352,21.309341177024677,21.309341177024677,111.65646477559513,111.64908760598021,R1381,50
-88,80,0.05715158333333333,1259894.3595,0.0,0.0,R1382,R1383,R1381,R1408,R1353,19.39324680138688,19.39324680138688,111.66320092602756,111.65646477559513,R1382,50
-88,81,0.0,0.0,0.0,0.0,R1383,R1384,R1382,R1409,R1354,17.471130923674046,17.471130923674046,111.66928765568483,111.66320092602756,R1383,50
-88,82,0.0,0.0,0.0,0.0,R1384,R-999,R1383,R1410,R1355,15.543589531239796,15.543589531239796,,111.66928765568483,R1384,50
-87,49,0.04001766,5322414.6919,0.0,167470.0,R1385,R1386,R-999,R1413,R1357,73.17126435678436,73.17126435678436,111.21940943207943,,R1385,50
-87,50,0.041124295,5656125.0948,0.0,0.0,R1386,R1387,R1385,R1414,R1358,71.69521960602547,71.69521960602547,111.23868085995683,111.21940943207943,R1386,50
-87,51,0.04195002222222222,5002459.2338,0.0,0.0,R1387,R1388,R1386,R1415,R1359,70.19713955405018,70.19713955405018,111.25782746631153,111.23868085995683,R1387,50
-87,52,0.04316232,5415014.4043,0.0,0.0,R1388,R1389,R1387,R1416,R1360,68.67747478989759,68.67747478989759,111.27682580399299,111.25782746631153,R1388,50
-87,53,0.036617263157894736,6041199.33,0.0,0.0,R1389,R1390,R1388,R1417,R1361,67.13668303003111,67.13668303003111,111.2956525875423,111.27682580399299,R1389,50
-87,54,0.0347785,5336238.9946,0.0,0.0,R1390,R1391,R1389,R1418,R1362,65.57522899348992,65.57522899348992,111.31428472223197,111.2956525875423,R1390,50
-87,55,0.03225496315789474,6828849.6218,0.0,0.0,R1391,R1392,R1390,R1419,R1363,63.993584273358834,63.993584273358834,111.3326993329539,111.31428472223197,R1391,50
-87,56,0.035311857142857145,2349234.3367,0.0,0.0,R1392,R1393,R1391,R1420,R1364,62.39222720455756,62.39222720455756,891.2910917715413,111.3326993329539,R1392,50
-87,64,0.029858879999999997,1939131.6968,0.0,0.0,R1393,R1394,R1392,R1422,R1366,48.93124010863544,48.93124010863544,111.48501307932553,891.2910917715413,R1393,50
-87,65,0.029442455555555556,3548304.4164,0.0,0.0,R1394,R1395,R1393,R1423,R1367,47.175039232189974,47.175039232189974,111.500062815354,111.48501307932553,R1394,50
-87,66,0.02690728,4301989.2483,0.0,0.0,R1395,R1396,R1394,R1424,R1368,45.404248468318045,45.404248468318045,111.51466590034875,111.500062815354,R1395,50
-87,67,0.030786400000000002,4187319.3061,0.0,0.0,R1396,R1397,R1395,R1425,R1369,43.61941055101836,43.61941055101836,111.52880424334909,111.51466590034875,R1396,50
-87,68,0.0324408,2871786.3509,0.0,0.0,R1397,R1398,R1396,R1426,R1370,41.82107309044281,41.82107309044281,223.09807750313698,111.52880424334909,R1397,50
-87,70,0.036683733333333336,1897140.0375,0.0,0.0,R1398,R1399,R1397,R1428,R1372,38.18611329330402,38.18611329330402,111.56825851551484,223.09807750313698,R1398,50
-87,71,0.037362479999999997,3161062.1324,0.0,0.0,R1399,R1400,R1398,R1429,R1373,36.3506089458593,36.3506089458593,111.5803686103577,111.56825851551484,R1399,50
-87,72,0.026008045454545457,4065130.3953,93.82197132,0.0,R1400,R1401,R1399,R1430,R1374,34.50384066356811,34.50384066356811,111.59193242255498,111.5803686103577,R1400,50
-87,73,0.0292424,2781512.4513,0.0,0.0,R1401,R1402,R1400,R1431,R1375,32.64637771616591,32.64637771616591,111.60293557619657,111.59193242255498,R1401,50
-87,74,0.03312353333333334,2109044.1514,0.0,0.0,R1402,R1403,R1401,R1432,R1376,30.778793140883696,30.778793140883696,111.61336438552951,111.60293557619657,R1402,50
-87,75,0.03559176,1666650.1766,0.0,0.0,R1403,R1404,R1402,R1433,R1377,28.901663548048116,28.901663548048116,111.62320587302438,111.61336438552951,R1403,50
-87,76,0.046845366666666666,1061932.4242,15.85723459,0.0,R1404,R1405,R1403,R1434,R1378,27.015568924217845,27.015568924217845,111.63244778651362,111.62320587302438,R1404,50
-87,77,0.05880218,1088721.7767,0.0,0.0,R1405,R1406,R1404,R1435,R1379,25.121092432975185,25.121092432975185,111.64107861541223,111.63244778651362,R1405,50
-87,78,0.043809185714285714,1952916.1613,0.0,0.0,R1406,R1407,R1405,R1436,R1380,23.218820213495963,23.218820213495963,111.64908760598021,111.64107861541223,R1406,50
-87,79,0.0393517,1482209.8791,0.0,0.0,R1407,R1408,R1406,R1437,R1381,21.309341177024677,21.309341177024677,111.65646477559513,111.64908760598021,R1407,50
-87,80,0.05056973333333333,1402338.5831,0.0,0.0,R1408,R1409,R1407,R1438,R1382,19.39324680138688,19.39324680138688,111.66320092602756,111.65646477559513,R1408,50
-87,81,0.0,0.0,0.0,0.0,R1409,R1410,R1408,R1439,R1383,17.471130923674046,17.471130923674046,111.66928765568483,111.66320092602756,R1409,50
-87,82,0.0,0.0,0.0,0.0,R1410,R-999,R1409,R1440,R1384,15.543589531239796,15.543589531239796,,111.66928765568483,R1410,50
-86,47,0.01181415,489561.582,0.283164903,0.0,R1411,R1412,R-999,R1442,R-999,76.0554819589822,,111.1805865339079,,R1411,50
-86,48,0.03909160833333333,3786222.3186999997,0.0,0.0,R1412,R1413,R1411,R1443,R1356,74.62483046588396,149.24652220724263,111.2000367623785,111.1805865339079,R1412,50
-86,49,0.047590261904761906,5168710.228,0.0,0.0,R1413,R1414,R1412,R1444,R1385,73.17126435678436,73.17126435678436,111.21940943207943,111.2000367623785,R1413,50
-86,50,0.044515566666666666,4721701.765,0.0,0.0,R1414,R1415,R1413,R1445,R1386,71.69521960602547,71.69521960602547,111.23868085995683,111.21940943207943,R1414,50
-86,51,0.043804155,5349663.4103,0.0,0.0,R1415,R1416,R1414,R1446,R1387,70.19713955405018,70.19713955405018,111.25782746631153,111.23868085995683,R1415,50
-86,52,0.03745711111111111,5611703.0493,0.0,0.0,R1416,R1417,R1415,R1447,R1388,68.67747478989759,68.67747478989759,111.27682580399299,111.25782746631153,R1416,50
-86,53,0.03521578888888889,5925664.4431,0.0,0.0,R1417,R1418,R1416,R1448,R1389,67.13668303003111,67.13668303003111,111.2956525875423,111.27682580399299,R1417,50
-86,54,0.03273927058823529,6022179.4305,0.0,0.0,R1418,R1419,R1417,R1449,R1390,65.57522899348992,65.57522899348992,111.31428472223197,111.2956525875423,R1418,50
-86,55,0.034711344444444445,6008093.9965,0.0,0.0,R1419,R1420,R1418,R1450,R1391,63.993584273358834,63.993584273358834,111.3326993329539,111.31428472223197,R1419,50
-86,56,0.031156075,1528013.07,0.0,0.0,R1420,R1421,R1419,R1451,R1392,62.39222720455756,62.39222720455756,779.8215564472596,111.3326993329539,R1420,50
-86,63,0.02851515,811355.9717,0.0,0.0,R1421,R1422,R1420,R1452,R1307,50.672313414069706,202.65861598778864,111.46953532428122,779.8215564472596,R1421,50
-86,64,0.030246913333333333,5741960.7162,0.0,0.0,R1422,R1423,R1421,R1453,R1393,48.93124010863544,48.93124010863544,111.48501307932553,111.46953532428122,R1422,50
-86,65,0.03066592727272727,4159112.9951,0.0,0.0,R1423,R1424,R1422,R1454,R1394,47.175039232189974,47.175039232189974,111.500062815354,111.48501307932553,R1423,50
-86,66,0.03021793076923077,5004162.2386,0.0,0.0,R1424,R1425,R1423,R1455,R1395,45.404248468318045,45.404248468318045,111.51466590034875,111.500062815354,R1424,50
-86,67,0.028218533333333334,4946408.3973,0.0,0.0,R1425,R1426,R1424,R1456,R1396,43.61941055101836,43.61941055101836,111.52880424334909,111.51466590034875,R1425,50
-86,68,0.035057490000000004,3430309.9818,0.0,0.0,R1426,R1427,R1425,R1457,R1397,41.82107309044281,41.82107309044281,111.54246031795869,111.52880424334909,R1426,50
-86,69,0.03947846666666666,1763284.5424000002,0.0,0.0,R1427,R1428,R1426,R1458,R1371,40.009788395485515,80.01692114258088,111.55561718517784,111.54246031795869,R1427,50
-86,70,0.03661024285714286,2244644.7351,0.0,0.0,R1428,R1429,R1427,R1459,R1398,38.18611329330402,38.18611329330402,111.56825851551484,111.55561718517784,R1428,50
-86,71,0.0399071,2931783.6848,0.0,0.0,R1429,R1430,R1428,R1460,R1399,36.3506089458593,36.3506089458593,111.5803686103577,111.56825851551484,R1429,50
-86,72,0.040246755555555555,2637625.2607,0.0,0.0,R1430,R1431,R1429,R1461,R1400,34.50384066356811,34.50384066356811,111.59193242255498,111.5803686103577,R1430,50
-86,73,0.039965419999999995,3015896.2133,0.0,0.0,R1431,R1432,R1430,R1462,R1401,32.64637771616591,32.64637771616591,111.60293557619657,111.59193242255498,R1431,50
-86,74,0.03393602,1755037.2500999998,0.0,0.0,R1432,R1433,R1431,R1463,R1402,30.778793140883696,30.778793140883696,111.61336438552951,111.60293557619657,R1432,50
-86,75,0.04020984444444445,2725916.3224,0.0,0.0,R1433,R1434,R1432,R1464,R1403,28.901663548048116,28.901663548048116,111.62320587302438,111.61336438552951,R1433,50
-86,76,0.062763,576397.3028,0.0,0.0,R1434,R1435,R1433,R1465,R1404,27.015568924217845,27.015568924217845,111.63244778651362,111.62320587302438,R1434,50
-86,77,0.055211425,1759546.5646000002,0.0,0.0,R1435,R1436,R1434,R1466,R1405,25.121092432975185,25.121092432975185,111.64107861541223,111.63244778651362,R1435,50
-86,78,0.05112216666666666,1454702.8296,0.0,0.0,R1436,R1437,R1435,R1467,R1406,23.218820213495963,23.218820213495963,111.64908760598021,111.64107861541223,R1436,50
-86,79,0.0304783375,2370370.5598,2.54848413,0.0,R1437,R1438,R1436,R1468,R1407,21.309341177024677,21.309341177024677,111.65646477559513,111.64908760598021,R1437,50
-86,80,0.04729811666666667,1473634.4377,0.0,0.0,R1438,R1439,R1437,R1469,R1408,19.39324680138688,19.39324680138688,111.66320092602756,111.65646477559513,R1438,50
-86,81,0.009549466666666668,201888.007,0.0,0.0,R1439,R1440,R1438,R1470,R1409,17.471130923674046,17.471130923674046,111.66928765568483,111.66320092602756,R1439,50
-86,82,0.0,0.0,0.0,0.0,R1440,R-999,R1439,R1471,R1410,15.543589531239796,15.543589531239796,,111.66928765568483,R1440,50
-85,46,0.0322057,359176.1349,0.0,0.0,R1441,R1442,R-999,R1472,R-999,77.46279034169076,,111.16108250383091,,R1441,50
-85,47,0.030291436363636362,3612263.8595000003,8879.296264,0.0,R1442,R1443,R1441,R1473,R1411,76.0554819589822,76.0554819589822,111.1805865339079,111.16108250383091,R1442,50
-85,48,0.042472861904761905,5856459.0684,0.0,0.0,R1443,R1444,R1442,R1474,R1412,74.62483046588396,74.62483046588396,111.2000367623785,111.1805865339079,R1443,50
-85,49,0.041884783333333335,4983396.3390999995,0.0,0.0,R1444,R1445,R1443,R1475,R1413,73.17126435678436,73.17126435678436,111.21940943207943,111.2000367623785,R1444,50
-85,50,0.04507247916666667,5695851.455800001,2561.509716,0.0,R1445,R1446,R1444,R1476,R1414,71.69521960602547,71.69521960602547,111.23868085995683,111.21940943207943,R1445,50
-85,51,0.043540117647058826,4536966.9469,0.0,0.0,R1446,R1447,R1445,R1477,R1415,70.19713955405018,70.19713955405018,111.25782746631153,111.23868085995683,R1446,50
-85,52,0.036191075,6432383.0458,0.0,0.0,R1447,R1448,R1446,R1478,R1416,68.67747478989759,68.67747478989759,111.27682580399299,111.25782746631153,R1447,50
-85,53,0.03352602631578947,5920370.2298,43.60739512,0.0,R1448,R1449,R1447,R1479,R1417,67.13668303003111,67.13668303003111,111.2956525875423,111.27682580399299,R1448,50
-85,54,0.032817733333333335,6356460.5744,0.0,0.0,R1449,R1450,R1448,R1480,R1418,65.57522899348992,65.57522899348992,111.31428472223197,111.2956525875423,R1449,50
-85,55,0.031988444444444444,5899384.086300001,29.92109146,0.0,R1450,R1451,R1449,R1481,R1419,63.993584273358834,63.993584273358834,111.3326993329539,111.31428472223197,R1450,50
-85,56,0.0242191,477620.3498,0.0,0.0,R1451,R1452,R1450,R1619,R1420,311.89581008412017,62.39222720455756,779.8215564472596,111.3326993329539,R1451,50
-85,63,0.02839065,1631752.0805,0.0,0.0,R1452,R1453,R1451,R1483,R1421,50.672313414069706,50.672313414069706,111.46953532428122,779.8215564472596,R1452,50
-85,64,0.02783733571428571,5834892.7834,0.0,0.0,R1453,R1454,R1452,R1484,R1422,48.93124010863544,48.93124010863544,111.48501307932553,111.46953532428122,R1453,50
-85,65,0.031172336363636362,4118061.9511,0.0,0.0,R1454,R1455,R1453,R1485,R1423,47.175039232189974,47.175039232189974,111.500062815354,111.48501307932553,R1454,50
-85,66,0.03227876666666667,4320744.4601,0.0,0.0,R1455,R1456,R1454,R1486,R1424,45.404248468318045,45.404248468318045,111.51466590034875,111.500062815354,R1455,50
-85,67,0.030763181818181818,4196367.2786,0.0,0.0,R1456,R1457,R1455,R1487,R1425,43.61941055101836,43.61941055101836,111.52880424334909,111.51466590034875,R1456,50
-85,68,0.026398539999999998,4395084.7534,0.0,0.0,R1457,R1458,R1456,R1488,R1426,41.82107309044281,41.82107309044281,111.54246031795869,111.52880424334909,R1457,50
-85,69,0.0359052,3971739.4496,0.0,0.0,R1458,R1459,R1457,R1489,R1427,40.009788395485515,40.009788395485515,111.55561718517784,111.54246031795869,R1458,50
-85,70,0.038063033333333336,2805140.7806,0.0,0.0,R1459,R1460,R1458,R1490,R1428,38.18611329330402,38.18611329330402,111.56825851551484,111.55561718517784,R1459,50
-85,71,0.04001266666666667,2634009.5201,0.0,0.0,R1460,R1461,R1459,R1491,R1429,36.3506089458593,36.3506089458593,111.5803686103577,111.56825851551484,R1460,50
-85,72,0.04912912727272727,2617030.6252,0.0,0.0,R1461,R1462,R1460,R1492,R1430,34.50384066356811,34.50384066356811,111.59193242255498,111.5803686103577,R1461,50
-85,73,0.05900746666666667,1258451.6312,0.0,0.0,R1462,R1463,R1461,R1493,R1431,32.64637771616591,32.64637771616591,111.60293557619657,111.59193242255498,R1462,50
-85,74,0.035334449999999996,2009660.0023,0.0,0.0,R1463,R1464,R1462,R1494,R1432,30.778793140883696,30.778793140883696,111.61336438552951,111.60293557619657,R1463,50
-85,75,0.04739321666666666,1581449.8528999998,0.0,0.0,R1464,R1465,R1463,R1495,R1433,28.901663548048116,28.901663548048116,111.62320587302438,111.61336438552951,R1464,50
-85,76,0.07550583333333334,958368.8606,0.0,0.0,R1465,R1466,R1464,R1496,R1434,27.015568924217845,27.015568924217845,111.63244778651362,111.62320587302438,R1465,50
-85,77,0.06563472857142857,1393166.4387700001,0.0,0.0,R1466,R1467,R1465,R1497,R1435,25.121092432975185,25.121092432975185,111.64107861541223,111.63244778651362,R1466,50
-85,78,0.057087900000000004,1261567.7334,0.0,0.0,R1467,R1468,R1466,R1498,R1436,23.218820213495963,23.218820213495963,111.64908760598021,111.64107861541223,R1467,50
-85,79,0.038427885714285716,2164374.7415,0.0,0.0,R1468,R1469,R1467,R1499,R1437,21.309341177024677,21.309341177024677,111.65646477559513,111.64908760598021,R1468,50
-85,80,0.05403742,1110401.5084,0.0,0.0,R1469,R1470,R1468,R1500,R1438,19.39324680138688,19.39324680138688,111.66320092602756,111.65646477559513,R1469,50
-85,81,0.0,0.0,0.0,0.0,R1470,R1471,R1469,R1501,R1439,17.471130923674046,17.471130923674046,111.66928765568483,111.66320092602756,R1470,50
-85,82,0.0,0.0,0.0,0.0,R1471,R-999,R1470,R1502,R1440,15.543589531239796,15.543589531239796,,111.66928765568483,R1471,50
-84,46,0.0391885,2399096.1938,0.0,0.0,R1472,R1473,R-999,R1505,R1441,77.46279034169076,77.46279034169076,111.16108250383091,,R1472,50
-84,47,0.04492754166666666,5206878.6446,0.0,4017230.0,R1473,R1474,R1472,R1506,R1442,76.0554819589822,76.0554819589822,111.1805865339079,111.16108250383091,R1473,50
-84,48,0.04423311,5254572.6804,0.0,0.0,R1474,R1475,R1473,R1507,R1443,74.62483046588396,74.62483046588396,111.2000367623785,111.1805865339079,R1474,50
-84,49,0.045572290909090915,5624090.129,0.0,0.0,R1475,R1476,R1474,R1508,R1444,73.17126435678436,73.17126435678436,111.21940943207943,111.2000367623785,R1475,50
-84,50,0.04748784444444445,4408392.7394,0.0,0.0,R1476,R1477,R1475,R1509,R1445,71.69521960602547,71.69521960602547,111.23868085995683,111.21940943207943,R1476,50
-84,51,0.0399641380952381,6117862.7562,0.0,0.0,R1477,R1478,R1476,R1510,R1446,70.19713955405018,70.19713955405018,111.25782746631153,111.23868085995683,R1477,50
-84,52,0.03940061052631579,5594560.9538,0.0,0.0,R1478,R1479,R1477,R1511,R1447,68.67747478989759,68.67747478989759,111.27682580399299,111.25782746631153,R1478,50
-84,53,0.03784127777777777,5518637.6583,0.0,0.0,R1479,R1480,R1478,R1512,R1448,67.13668303003111,67.13668303003111,111.2956525875423,111.27682580399299,R1479,50
-84,54,0.03471145882352941,5682206.3668,0.0,0.0,R1480,R1481,R1479,R1513,R1449,65.57522899348992,65.57522899348992,111.31428472223197,111.2956525875423,R1480,50
-84,55,0.03093979375,6078337.9346,0.0,0.0,R1481,R1482,R1480,R1514,R1450,63.993584273358834,63.993584273358834,779.7006070810653,111.31428472223197,R1481,50
-84,62,0.028951325,1598500.474,0.0,0.0,R1482,R1483,R1481,R1515,R1249,52.39772668635684,418.9204369989386,111.45364869914782,779.7006070810653,R1482,50
-84,63,0.026091985714285715,2280633.7711,0.094388301,0.0,R1483,R1484,R1482,R1516,R1452,50.672313414069706,50.672313414069706,111.46953532428122,111.45364869914782,R1483,50
-84,64,0.02804225,4135233.4065,0.0,0.0,R1484,R1485,R1483,R1517,R1453,48.93124010863544,48.93124010863544,111.48501307932553,111.46953532428122,R1484,50
-84,65,0.027642716666666668,5067669.8876,0.0,0.0,R1485,R1486,R1484,R1518,R1454,47.175039232189974,47.175039232189974,111.500062815354,111.48501307932553,R1485,50
-84,66,0.031138075,4481426.3829,0.0,0.0,R1486,R1487,R1485,R1519,R1455,45.404248468318045,45.404248468318045,111.51466590034875,111.500062815354,R1486,50
-84,67,0.03034651,3856291.9025,0.0,0.0,R1487,R1488,R1486,R1520,R1456,43.61941055101836,43.61941055101836,111.52880424334909,111.51466590034875,R1487,50
-84,68,0.026129274999999997,5347838.9854,0.0,0.0,R1488,R1489,R1487,R1521,R1457,41.82107309044281,41.82107309044281,111.54246031795869,111.52880424334909,R1488,50
-84,69,0.02924221,4008392.4126999998,0.0,0.0,R1489,R1490,R1488,R1522,R1458,40.009788395485515,40.009788395485515,111.55561718517784,111.54246031795869,R1489,50
-84,70,0.03318912,3514378.2886,0.0,0.0,R1490,R1491,R1489,R1523,R1459,38.18611329330402,38.18611329330402,111.56825851551484,111.55561718517784,R1490,50
-84,71,0.03887500000000001,2996397.8214,0.0,0.0,R1491,R1492,R1490,R1524,R1460,36.3506089458593,36.3506089458593,111.5803686103577,111.56825851551484,R1491,50
-84,72,0.0471362375,2014495.6565,0.0,0.0,R1492,R1493,R1491,R1525,R1461,34.50384066356811,34.50384066356811,111.59193242255498,111.5803686103577,R1492,50
-84,73,0.05636494545454545,2320705.2211,0.0,0.0,R1493,R1494,R1492,R1526,R1462,32.64637771616591,32.64637771616591,111.60293557619657,111.59193242255498,R1493,50
-84,74,0.0506235,228501.15,0.0,0.0,R1494,R1495,R1493,R1527,R1463,30.778793140883696,30.778793140883696,111.61336438552951,111.60293557619657,R1494,50
-84,75,0.05858591111111111,2008807.5293,0.0,0.0,R1495,R1496,R1494,R1528,R1464,28.901663548048116,28.901663548048116,111.62320587302438,111.61336438552951,R1495,50
-84,76,0.060480500000000006,840558.1444999999,0.0,0.0,R1496,R1497,R1495,R1529,R1465,27.015568924217845,27.015568924217845,111.63244778651362,111.62320587302438,R1496,50
-84,77,0.052607183333333335,1396128.0395,0.0,0.0,R1497,R1498,R1496,R1530,R1466,25.121092432975185,25.121092432975185,111.64107861541223,111.63244778651362,R1497,50
-84,78,0.05924058571428571,1421436.8468,0.0,0.0,R1498,R1499,R1497,R1531,R1467,23.218820213495963,23.218820213495963,111.64908760598021,111.64107861541223,R1498,50
-84,79,0.047101399999999995,1551728.7974999999,0.0,0.0,R1499,R1500,R1498,R1532,R1468,21.309341177024677,21.309341177024677,111.65646477559513,111.64908760598021,R1499,50
-84,80,0.050234480000000005,1165237.6142,0.0,0.0,R1500,R1501,R1499,R1533,R1469,19.39324680138688,19.39324680138688,111.66320092602756,111.65646477559513,R1500,50
-84,81,0.011995416666666666,160721.4788,0.0,0.0,R1501,R1502,R1500,R1534,R1470,17.471130923674046,17.471130923674046,111.66928765568483,111.66320092602756,R1501,50
-84,82,0.0,0.0,0.0,0.0,R1502,R-999,R1501,R1535,R1471,15.543589531239796,15.543589531239796,,111.66928765568483,R1502,50
-83,42,0.028615873333333333,5392762.2933,0.0,24990.0,R1503,R1504,R-999,R1537,R-999,82.85029075077395,,111.0830044699,,R1503,50
-83,43,0.03538876666666666,981857.6092,0.0,0.0,R1504,R1505,R1503,R1538,R-999,81.54048637229381,,333.36604241104584,111.0830044699,R1504,50
-83,46,0.032361569565217393,7223930.6902,0.0,147170.0,R1505,R1506,R1504,R1541,R1472,77.46279034169076,77.46279034169076,111.16108250383091,333.36604241104584,R1505,50
-83,47,0.045318585714285715,5381038.4404,0.0,0.0,R1506,R1507,R1505,R1542,R1473,76.0554819589822,76.0554819589822,111.1805865339079,111.16108250383091,R1506,50
-83,48,0.04419397619047619,5520945.3013,0.0,0.0,R1507,R1508,R1506,R1543,R1474,74.62483046588396,74.62483046588396,111.2000367623785,111.1805865339079,R1507,50
-83,49,0.048051789473684214,4597970.3559,0.0,0.0,R1508,R1509,R1507,R1544,R1475,73.17126435678436,73.17126435678436,111.21940943207943,111.2000367623785,R1508,50
-83,50,0.045376631818181815,5653909.198,0.0,0.0,R1509,R1510,R1508,R1545,R1476,71.69521960602547,71.69521960602547,111.23868085995683,111.21940943207943,R1509,50
-83,51,0.03579455,5851025.2698,0.0,0.0,R1510,R1511,R1509,R1546,R1477,70.19713955405018,70.19713955405018,111.25782746631153,111.23868085995683,R1510,50
-83,52,0.036857905263157895,5988614.4185,0.0,0.0,R1511,R1512,R1510,R1547,R1478,68.67747478989759,68.67747478989759,111.27682580399299,111.25782746631153,R1511,50
-83,53,0.040086535294117646,4949160.0492,0.0,0.0,R1512,R1513,R1511,R1548,R1479,67.13668303003111,67.13668303003111,111.2956525875423,111.27682580399299,R1512,50
-83,54,0.037456763157894736,5878992.5904,0.0,0.0,R1513,R1514,R1512,R1549,R1480,65.57522899348992,65.57522899348992,111.31428472223197,111.2956525875423,R1513,50
-83,55,0.029268807142857144,5613282.5419,0.0,0.0,R1514,R1515,R1513,R1550,R1481,63.993584273358834,63.993584273358834,779.7006070810653,111.31428472223197,R1514,50
-83,62,0.0295409,1957983.8508000001,0.0,0.0,R1515,R1516,R1514,R1551,R1482,52.39772668635684,52.39772668635684,111.45364869914782,779.7006070810653,R1515,50
-83,63,0.0309069375,2999642.799,0.0,0.0,R1516,R1517,R1515,R1552,R1483,50.672313414069706,50.672313414069706,111.46953532428122,111.45364869914782,R1516,50
-83,64,0.02899085833333333,4039437.8848,94.67146603,0.0,R1517,R1518,R1516,R1553,R1484,48.93124010863544,48.93124010863544,111.48501307932553,111.46953532428122,R1517,50
-83,65,0.028668422222222226,3693608.5228,0.0,0.0,R1518,R1519,R1517,R1554,R1485,47.175039232189974,47.175039232189974,111.500062815354,111.48501307932553,R1518,50
-83,66,0.028630785714285713,2837768.6217,0.0,0.0,R1519,R1520,R1518,R1736,R1486,272.3244831806433,45.404248468318045,111.51466590034875,111.500062815354,R1519,50
-83,67,0.025775636363636365,4946353.5707,0.0,0.0,R1520,R1521,R1519,R1555,R1487,43.61941055101836,43.61941055101836,111.52880424334909,111.51466590034875,R1520,50
-83,68,0.026303825,5290756.7976,0.0,0.0,R1521,R1522,R1520,R1556,R1488,41.82107309044281,41.82107309044281,111.54246031795869,111.52880424334909,R1521,50
-83,69,0.03033342,3876027.219,0.0,0.0,R1522,R1523,R1521,R1557,R1489,40.009788395485515,40.009788395485515,111.55561718517784,111.54246031795869,R1522,50
-83,70,0.033377166666666666,4204411.5723,0.0,0.0,R1523,R1524,R1522,R1558,R1490,38.18611329330402,38.18611329330402,111.56825851551484,111.55561718517784,R1523,50
-83,71,0.03691947777777778,2848937.668,0.0,0.0,R1524,R1525,R1523,R1559,R1491,36.3506089458593,36.3506089458593,111.5803686103577,111.56825851551484,R1524,50
-83,72,0.041920425,2225104.4638,0.0,0.0,R1525,R1526,R1524,R1560,R1492,34.50384066356811,34.50384066356811,111.59193242255498,111.5803686103577,R1525,50
-83,73,0.04369,2406188.6465,0.0,0.0,R1526,R1527,R1525,R1561,R1493,32.64637771616591,32.64637771616591,111.60293557619657,111.59193242255498,R1526,50
-83,74,0.0389413,899151.6294,0.0,0.0,R1527,R1528,R1526,R1562,R1494,30.778793140883696,30.778793140883696,111.61336438552951,111.60293557619657,R1527,50
-83,75,0.0572987,2157838.4157000002,0.0,0.0,R1528,R1529,R1527,R1563,R1495,28.901663548048116,28.901663548048116,111.62320587302438,111.61336438552951,R1528,50
-83,76,0.060113525,824466.1856,0.0,0.0,R1529,R1530,R1528,R1564,R1496,27.015568924217845,27.015568924217845,111.63244778651362,111.62320587302438,R1529,50
-83,77,0.0441976,1920018.4265,0.0,0.0,R1530,R1531,R1529,R1565,R1497,25.121092432975185,25.121092432975185,111.64107861541223,111.63244778651362,R1530,50
-83,78,0.05706793333333334,1291677.7567,0.0,0.0,R1531,R1532,R1530,R1566,R1498,23.218820213495963,23.218820213495963,111.64908760598021,111.64107861541223,R1531,50
-83,79,0.055043128571428575,1536815.6246,0.0,0.0,R1532,R1533,R1531,R1567,R1499,21.309341177024677,21.309341177024677,111.65646477559513,111.64908760598021,R1532,50
-83,80,0.050300199999999996,1156737.442,0.0,0.0,R1533,R1534,R1532,R1568,R1500,19.39324680138688,19.39324680138688,111.66320092602756,111.65646477559513,R1533,50
-83,81,0.011625366666666666,165837.49,0.0,0.0,R1534,R1535,R1533,R1569,R1501,17.471130923674046,17.471130923674046,111.66928765568483,111.66320092602756,R1534,50
-83,82,0.0,0.0,0.094388301,0.0,R1535,R1536,R1534,R1570,R1502,15.543589531239796,15.543589531239796,111.67471737080547,111.66928765568483,R1535,50
-83,83,0.0,0.0,0.0,0.0,R1536,R-999,R1535,R1571,R-999,13.61122055115029,,,111.67471737080547,R1536,50
-82,42,0.026819236363636364,3948498.8607,0.0,131040.0,R1537,R1538,R-999,R-999,R1503,,82.85029075077395,111.0830044699,,R1537,50
-82,43,0.023622076923076923,7568519.7972,0.0,2058670.0,R1538,R1539,R1537,R1572,R1504,81.54048637229381,81.54048637229381,111.10248567402772,111.0830044699,R1538,50
-82,44,0.0247458875,2879123.2393,0.0,31060.0,R1539,R1540,R1538,R1573,R-999,80.20570185586602,,111.12200826280943,111.10248567402772,R1539,50
-82,45,0.026254216666666667,2661528.2745,0.0,0.0,R1540,R1541,R1539,R1574,R-999,78.846334709795,,111.14154847420943,111.12200826280943,R1540,50
-82,46,0.038431099999999996,6542078.9328000005,0.0,0.0,R1541,R1542,R1540,R1575,R1505,77.46279034169076,77.46279034169076,111.16108250383091,111.14154847420943,R1541,50
-82,47,0.043224504545454547,5957610.6514,0.0,0.0,R1542,R1543,R1541,R1576,R1506,76.0554819589822,76.0554819589822,111.1805865339079,111.16108250383091,R1542,50
-82,48,0.04406051,5270712.3219,0.0,0.0,R1543,R1544,R1542,R1577,R1507,74.62483046588396,74.62483046588396,111.2000367623785,111.1805865339079,R1543,50
-82,49,0.04753698095238095,5121052.5708,0.0,0.0,R1544,R1545,R1543,R1578,R1508,73.17126435678436,73.17126435678436,111.21940943207943,111.2000367623785,R1544,50
-82,50,0.043355144444444445,4818977.5493,0.0,0.0,R1545,R1546,R1544,R1579,R1509,71.69521960602547,71.69521960602547,111.23868085995683,111.21940943207943,R1545,50
-82,51,0.03986856,5876222.4355,0.0,0.0,R1546,R1547,R1545,R1580,R1510,70.19713955405018,70.19713955405018,111.25782746631153,111.23868085995683,R1546,50
-82,52,0.03785750588235294,5213337.8427,0.0,0.0,R1547,R1548,R1546,R1581,R1511,68.67747478989759,68.67747478989759,111.27682580399299,111.25782746631153,R1547,50
-82,53,0.03366329444444444,6486568.9087,0.0,0.0,R1548,R1549,R1547,R1582,R1512,67.13668303003111,67.13668303003111,111.2956525875423,111.27682580399299,R1548,50
-82,54,0.0303345375,3164880.1105,0.0,0.0,R1549,R1550,R1548,R1583,R1513,65.57522899348992,65.57522899348992,111.31428472223197,111.2956525875423,R1549,50
-82,55,0.026933425,1728018.3579000002,0.0,0.0,R1550,R1551,R1549,R1618,R1514,127.98389830256113,63.993584273358834,779.7006070810653,111.31428472223197,R1550,50
-82,62,0.0295133,391941.9503,0.0,0.0,R1551,R1552,R1550,R1625,R1515,104.79234244804817,52.39772668635684,111.45364869914782,779.7006070810653,R1551,50
-82,63,0.030046116666666667,2312757.6528,0.0,0.0,R1552,R1553,R1551,R1587,R1516,50.672313414069706,50.672313414069706,111.46953532428122,111.45364869914782,R1552,50
-82,64,0.027825985714285715,5850244.6256,0.0,0.0,R1553,R1554,R1552,R1588,R1517,48.93124010863544,48.93124010863544,111.48501307932553,111.46953532428122,R1553,50
-82,65,0.0272206,849921.6787,0.0,0.0,R1554,R1555,R1553,R1699,R1518,188.67064618989426,47.175039232189974,223.0147287157024,111.48501307932553,R1554,50
-82,67,0.025593130000000002,4538251.9348,0.0,0.0,R1555,R1556,R1554,R1589,R1520,43.61941055101836,43.61941055101836,111.52880424334909,223.0147287157024,R1555,50
-82,68,0.02947207,3965653.6417,0.0,0.0,R1556,R1557,R1555,R1590,R1521,41.82107309044281,41.82107309044281,111.54246031795869,111.52880424334909,R1556,50
-82,69,0.03285125,3539443.8686,0.0,0.0,R1557,R1558,R1556,R1591,R1522,40.009788395485515,40.009788395485515,111.55561718517784,111.54246031795869,R1557,50
-82,70,0.034932000000000005,3669733.599,0.0,0.0,R1558,R1559,R1557,R1592,R1523,38.18611329330402,38.18611329330402,111.56825851551484,111.55561718517784,R1558,50
-82,71,0.03379388,3441800.6289,0.0,0.0,R1559,R1560,R1558,R1593,R1524,36.3506089458593,36.3506089458593,111.5803686103577,111.56825851551484,R1559,50
-82,72,0.04543036363636364,2868630.3774,0.0,0.0,R1560,R1561,R1559,R1594,R1525,34.50384066356811,34.50384066356811,111.59193242255498,111.5803686103577,R1560,50
-82,73,0.052070825,1839084.1135,0.0,0.0,R1561,R1562,R1560,R1595,R1526,32.64637771616591,32.64637771616591,111.60293557619657,111.59193242255498,R1561,50
-82,74,0.0390637,896495.6594,0.0,0.0,R1562,R1563,R1561,R1596,R1527,30.778793140883696,30.778793140883696,111.61336438552951,111.60293557619657,R1562,50
-82,75,0.0517826,1856871.2462,0.0,0.0,R1563,R1564,R1562,R1597,R1528,28.901663548048116,28.901663548048116,111.62320587302438,111.61336438552951,R1563,50
-82,76,0.04413044,1383761.1773,0.0,0.0,R1564,R1565,R1563,R1598,R1529,27.015568924217845,27.015568924217845,111.63244778651362,111.62320587302438,R1564,50
-82,77,0.0507202875,1893622.9070000001,0.0,0.0,R1565,R1566,R1564,R1599,R1530,25.121092432975185,25.121092432975185,111.64107861541223,111.63244778651362,R1565,50
-82,78,0.06063543333333334,1206709.6406999999,0.0,0.0,R1566,R1567,R1565,R1600,R1531,23.218820213495963,23.218820213495963,111.64908760598021,111.64107861541223,R1566,50
-82,79,0.07795251666666667,991078.32721,0.0,0.0,R1567,R1568,R1566,R1601,R1532,21.309341177024677,21.309341177024677,111.65646477559513,111.64908760598021,R1567,50
-82,80,0.05591378,1052201.85,0.0,0.0,R1568,R1569,R1567,R1602,R1533,19.39324680138688,19.39324680138688,111.66320092602756,111.65646477559513,R1568,50
-82,81,0.0,0.0,0.0,0.0,R1569,R1570,R1568,R1603,R1534,17.471130923674046,17.471130923674046,111.66928765568483,111.66320092602756,R1569,50
-82,82,0.0,0.0,0.0,0.0,R1570,R1571,R1569,R1604,R1535,15.543589531239796,15.543589531239796,111.67471737080547,111.66928765568483,R1570,50
-82,83,0.0,0.0,0.0,0.0,R1571,R-999,R1570,R1605,R1536,13.61122055115029,13.61122055115029,,111.67471737080547,R1571,50
-81,43,0.02548241851851852,8165935.462400001,332093.0614,1471050.0,R1572,R1573,R-999,R1606,R1538,81.54048637229381,81.54048637229381,111.10248567402772,,R1572,50
-81,44,0.03001161153846154,9307403.5765,0.0,7140.0,R1573,R1574,R1572,R1607,R1539,80.20570185586602,80.20570185586602,111.12200826280943,111.10248567402772,R1573,50
-81,45,0.030380938461538463,5037088.2259,0.0,0.0,R1574,R1575,R1573,R1608,R1540,78.846334709795,78.846334709795,111.14154847420943,111.12200826280943,R1574,50
-81,46,0.039602663157894735,5967705.6598,0.0,0.0,R1575,R1576,R1574,R1609,R1541,77.46279034169076,77.46279034169076,111.16108250383091,111.14154847420943,R1575,50
-81,47,0.04120222727272727,5673691.0422,44646.98787,0.0,R1576,R1577,R1575,R1610,R1542,76.0554819589822,76.0554819589822,111.1805865339079,111.16108250383091,R1576,50
-81,48,0.04354001818181818,5855170.2343,0.0,0.0,R1577,R1578,R1576,R1611,R1543,74.62483046588396,74.62483046588396,111.2000367623785,111.1805865339079,R1577,50
-81,49,0.046149635,5036475.1127,0.0,0.0,R1578,R1579,R1577,R1612,R1544,73.17126435678436,73.17126435678436,111.21940943207943,111.2000367623785,R1578,50
-81,50,0.04132433181818182,5641158.487,15300.72117,0.0,R1579,R1580,R1578,R1613,R1545,71.69521960602547,71.69521960602547,111.23868085995683,111.21940943207943,R1579,50
-81,51,0.045593383333333334,4603461.4925,0.0,0.0,R1580,R1581,R1579,R1614,R1546,70.19713955405018,70.19713955405018,111.25782746631153,111.23868085995683,R1580,50
-81,52,0.033928,4960341.2014999995,0.0,0.0,R1581,R1582,R1580,R1615,R1547,68.67747478989759,68.67747478989759,111.27682580399299,111.25782746631153,R1581,50
-81,53,0.03121961,3864398.8799,0.0,0.0,R1582,R1583,R1581,R1616,R1548,67.13668303003111,67.13668303003111,111.2956525875423,111.27682580399299,R1582,50
-81,54,0.02137086666666667,1624007.9909,0.0,0.0,R1583,R1584,R1582,R1617,R1549,65.57522899348992,65.57522899348992,445.3666436003619,111.2956525875423,R1583,50
-81,58,0.024658399999999997,938246.7159,0.0,0.0,R1584,R1585,R1583,R1621,R1217,59.13232225082162,708.6608294718574,111.38641316596589,445.3666436003619,R1584,50
-81,59,0.02560755,1806921.5344,0.0,0.0,R1585,R1586,R1584,R1622,R1218,57.47476350363418,688.7766992999462,111.40373432223176,111.38641316596589,R1585,50
-81,60,0.025853,447433.3433,0.0,0.0,R1586,R1587,R1585,R1623,R1185,55.799470393260385,724.2320858535774,334.3117494138862,111.40373432223176,R1586,50
-81,63,0.027073366666666668,1282490.2294,0.0,0.0,R1587,R1588,R1586,R1661,R1552,101.34156318124957,50.672313414069706,111.46953532428122,334.3117494138862,R1587,50
-81,64,0.026873409999999997,4318130.2027,0.0,0.0,R1588,R1589,R1587,R1626,R1553,48.93124010863544,48.93124010863544,334.49974179502794,111.46953532428122,R1588,50
-81,67,0.02610095,1783655.8109,0.0,0.0,R1589,R1590,R1588,R1737,R1555,174.4494945686962,43.61941055101836,111.52880424334909,334.49974179502794,R1589,50
-81,68,0.0274336,421655.2952,0.0,0.0,R1590,R1591,R1589,R1662,R1556,83.63940821168518,41.82107309044281,111.54246031795869,111.52880424334909,R1590,50
-81,69,0.0318555,2199825.7047,0.0,0.0,R1591,R1592,R1590,R1627,R1557,40.009788395485515,40.009788395485515,111.55561718517784,111.54246031795869,R1591,50
-81,70,0.036056277777777784,2904675.3915999997,0.0,0.0,R1592,R1593,R1591,R1628,R1558,38.18611329330402,38.18611329330402,111.56825851551484,111.55561718517784,R1592,50
-81,71,0.036719987499999995,2529638.6978,0.0,0.0,R1593,R1594,R1592,R1629,R1559,36.3506089458593,36.3506089458593,111.5803686103577,111.56825851551484,R1593,50
-81,72,0.04845152,2477422.0481000002,0.0,0.0,R1594,R1595,R1593,R1630,R1560,34.50384066356811,34.50384066356811,111.59193242255498,111.5803686103577,R1594,50
-81,73,0.07896471111111111,1545183.66417,0.0,0.0,R1595,R1596,R1594,R1631,R1561,32.64637771616591,32.64637771616591,111.60293557619657,111.59193242255498,R1595,50
-81,74,0.036488,1288770.9523999998,0.0,0.0,R1596,R1597,R1595,R1632,R1562,30.778793140883696,30.778793140883696,111.61336438552951,111.60293557619657,R1596,50
-81,75,0.0800578,1313257.13466,0.0,0.0,R1597,R1598,R1596,R1633,R1563,28.901663548048116,28.901663548048116,111.62320587302438,111.61336438552951,R1597,50
-81,76,0.053588116666666664,1670397.9425000001,0.0,0.0,R1598,R1599,R1597,R1634,R1564,27.015568924217845,27.015568924217845,111.63244778651362,111.62320587302438,R1598,50
-81,77,0.043714842857142854,1975267.4985,0.0,0.0,R1599,R1600,R1598,R1635,R1565,25.121092432975185,25.121092432975185,111.64107861541223,111.63244778651362,R1599,50
-81,78,0.03954362857142857,2088876.9716,0.0,0.0,R1600,R1601,R1599,R1636,R1566,23.218820213495963,23.218820213495963,111.64908760598021,111.64107861541223,R1600,50
-81,79,0.052240916666666665,1448957.3635,0.0,0.0,R1601,R1602,R1600,R1637,R1567,21.309341177024677,21.309341177024677,111.65646477559513,111.64908760598021,R1601,50
-81,80,0.0558158,1276922.0178999999,0.0,0.0,R1602,R1603,R1601,R1638,R1568,19.39324680138688,19.39324680138688,111.66320092602756,111.65646477559513,R1602,50
-81,81,0.0,0.0,0.0,0.0,R1603,R1604,R1602,R1639,R1569,17.471130923674046,17.471130923674046,111.66928765568483,111.66320092602756,R1603,50
-81,82,0.0,0.0,0.0,0.0,R1604,R1605,R1603,R1640,R1570,15.543589531239796,15.543589531239796,111.67471737080547,111.66928765568483,R1604,50
-81,83,0.0,0.0,0.0,0.0,R1605,R-999,R1604,R1641,R1571,13.61122055115029,13.61122055115029,,111.67471737080547,R1605,50
-80,43,0.019724722222222223,7282641.2584,0.0,9807260.0,R1606,R1607,R-999,R1642,R1572,81.54048637229381,81.54048637229381,111.10248567402772,,R1606,50
-80,44,0.03155722,7226204.5942,0.0,94260.0,R1607,R1608,R1606,R1643,R1573,80.20570185586602,80.20570185586602,111.12200826280943,111.10248567402772,R1607,50
-80,45,0.035880505,6707658.4829,0.0,0.0,R1608,R1609,R1607,R1644,R1574,78.846334709795,78.846334709795,111.14154847420943,111.12200826280943,R1608,50
-80,46,0.04571018636363636,5642601.0846,0.0,0.0,R1609,R1610,R1608,R1645,R1575,77.46279034169076,77.46279034169076,111.16108250383091,111.14154847420943,R1609,50
-80,47,0.04190233333333333,5871420.1063,0.0,0.0,R1610,R1611,R1609,R1646,R1576,76.0554819589822,76.0554819589822,111.1805865339079,111.16108250383091,R1610,50
-80,48,0.04346132727272727,5898099.2079,0.0,0.0,R1611,R1612,R1610,R1647,R1577,74.62483046588396,74.62483046588396,111.2000367623785,111.1805865339079,R1611,50
-80,49,0.04270608,5505378.0417,0.0,0.0,R1612,R1613,R1611,R1648,R1578,73.17126435678436,73.17126435678436,111.21940943207943,111.2000367623785,R1612,50
-80,50,0.03770108,6176602.0381,0.0,0.0,R1613,R1614,R1612,R1649,R1579,71.69521960602547,71.69521960602547,111.23868085995683,111.21940943207943,R1613,50
-80,51,0.0398296,5313291.0591,0.0,0.0,R1614,R1615,R1613,R1650,R1580,70.19713955405018,70.19713955405018,111.25782746631153,111.23868085995683,R1614,50
-80,52,0.02338322,2491115.248,0.0,0.0,R1615,R1616,R1614,R1651,R1581,68.67747478989759,68.67747478989759,111.27682580399299,111.25782746631153,R1615,50
-80,53,0.021740422222222222,4790081.5398,0.0,0.0,R1616,R1617,R1615,R1652,R1582,67.13668303003111,67.13668303003111,111.2956525875423,111.27682580399299,R1616,50
-80,54,0.02307267777777778,4519916.1565000005,0.0,0.0,R1617,R1618,R1616,R1653,R1583,65.57522899348992,65.57522899348992,111.31428472223197,111.2956525875423,R1617,50
-80,55,0.024010385714285713,3386736.7720999997,0.0,0.0,R1618,R1619,R1617,R1654,R1550,63.993584273358834,127.98389830256113,111.3326993329539,111.31428472223197,R1618,50
-80,56,0.02395409,4837301.7257,0.0,0.0,R1619,R1620,R1618,R1655,R1451,62.39222720455756,311.89581008412017,111.35087379293904,111.3326993329539,R1619,50
-80,57,0.023766566666666666,2921096.8174,0.0,0.0,R1620,R1621,R1619,R1656,R1365,60.771642727955076,485.89958877583956,111.36878575223717,111.35087379293904,R1620,50
-80,58,0.023588866666666666,1471166.942,0.0,0.0,R1621,R1622,R1620,R1657,R1584,59.13232225082162,59.13232225082162,111.38641316596589,111.36878575223717,R1621,50
-80,59,0.025405,1366010.1686,0.0,0.0,R1622,R1623,R1621,R1658,R1585,57.47476350363418,57.47476350363418,111.40373432223176,111.38641316596589,R1622,50
-80,60,0.02565078,2254879.1653,0.0,0.0,R1623,R1624,R1622,R1694,R1586,111.59575365062906,55.799470393260385,111.42072786973738,111.40373432223176,R1623,50
-80,61,0.028626,404091.4486,0.0,0.0,R1624,R1625,R1623,R1659,R1219,54.106952852548226,702.2422187998777,111.43737284500068,111.42072786973738,R1624,50
-80,62,0.030200333333333333,4599624.5123,0.0,0.0,R1625,R1626,R1624,R1660,R1551,52.39772668635684,104.79234244804817,222.92318402342943,111.43737284500068,R1625,50
-80,64,0.027277049999999997,849937.2037,0.0,0.0,R1626,R1627,R1625,R1698,R1588,97.85946990297386,48.93124010863544,557.5710063563362,222.92318402342943,R1626,50
-80,69,0.0221156,1179772.1664,230.0242899,0.0,R1627,R1628,R1626,R1663,R1591,40.009788395485515,40.009788395485515,111.55561718517784,557.5710063563362,R1627,50
-80,70,0.037574611111111114,2786806.5965,0.0,0.0,R1628,R1629,R1627,R1664,R1592,38.18611329330402,38.18611329330402,111.56825851551484,111.55561718517784,R1628,50
-80,71,0.04354522727272728,2961192.2917,0.0,0.0,R1629,R1630,R1628,R1665,R1593,36.3506089458593,36.3506089458593,111.5803686103577,111.56825851551484,R1629,50
-80,72,0.06053526666666667,1818705.8155,0.0,0.0,R1630,R1631,R1629,R1666,R1594,34.50384066356811,34.50384066356811,111.59193242255498,111.5803686103577,R1630,50
-80,73,0.06354314444444445,1714098.6877,0.0,0.0,R1631,R1632,R1630,R1667,R1595,32.64637771616591,32.64637771616591,111.60293557619657,111.59193242255498,R1631,50
-80,74,0.04353796666666667,820122.6488000001,0.0,0.0,R1632,R1633,R1631,R1668,R1596,30.778793140883696,30.778793140883696,111.61336438552951,111.60293557619657,R1632,50
-80,75,0.05411815,1412842.7035,0.0,0.0,R1633,R1634,R1632,R1669,R1597,28.901663548048116,28.901663548048116,111.62320587302438,111.61336438552951,R1633,50
-80,76,0.032681537499999996,2931312.6942000003,0.0,0.0,R1634,R1635,R1633,R1670,R1598,27.015568924217845,27.015568924217845,111.63244778651362,111.62320587302438,R1634,50
-80,77,0.03786601666666666,1884141.6239999998,0.0,0.0,R1635,R1636,R1634,R1671,R1599,25.121092432975185,25.121092432975185,111.64107861541223,111.63244778651362,R1635,50
-80,78,0.05102418571428572,1812199.3218,0.0,0.0,R1636,R1637,R1635,R1672,R1600,23.218820213495963,23.218820213495963,111.64908760598021,111.64107861541223,R1636,50
-80,79,0.04717552,1266273.1493,0.0,0.0,R1637,R1638,R1636,R1673,R1601,21.309341177024677,21.309341177024677,111.65646477559513,111.64908760598021,R1637,50
-80,80,0.06883201666666666,1211882.0704,0.0,0.0,R1638,R1639,R1637,R1674,R1602,19.39324680138688,19.39324680138688,111.66320092602756,111.65646477559513,R1638,50
-80,81,0.10840875999999999,725999.84796,0.0,0.0,R1639,R1640,R1638,R1675,R1603,17.471130923674046,17.471130923674046,111.66928765568483,111.66320092602756,R1639,50
-80,82,0.0,0.0,0.0,0.0,R1640,R1641,R1639,R1676,R1604,15.543589531239796,15.543589531239796,111.67471737080547,111.66928765568483,R1640,50
-80,83,0.0,0.0,0.0,0.0,R1641,R-999,R1640,R1677,R1605,13.61122055115029,13.61122055115029,,111.67471737080547,R1641,50
-79,43,0.022213092307692306,3279180.0152000003,0.0,208710.0,R1642,R1643,R-999,R2066,R1606,1058.9723842280694,81.54048637229381,111.10248567402772,,R1642,50
-79,44,0.03084395217391304,6631462.9018,781917.9723,1285470.0,R1643,R1644,R1642,R1678,R1607,80.20570185586602,80.20570185586602,111.12200826280943,111.10248567402772,R1643,50
-79,45,0.044214399999999994,6371780.1578,0.0,0.0,R1644,R1645,R1643,R1679,R1608,78.846334709795,78.846334709795,111.14154847420943,111.12200826280943,R1644,50
-79,46,0.04263834761904762,5739171.4573,0.0,0.0,R1645,R1646,R1644,R1680,R1609,77.46279034169076,77.46279034169076,111.16108250383091,111.14154847420943,R1645,50
-79,47,0.03848253043478261,6366995.1077,0.0,174810.0,R1646,R1647,R1645,R1681,R1610,76.0554819589822,76.0554819589822,111.1805865339079,111.16108250383091,R1646,50
-79,48,0.04125299,5637843.8108,0.0,0.0,R1647,R1648,R1646,R1682,R1611,74.62483046588396,74.62483046588396,111.2000367623785,111.1805865339079,R1647,50
-79,49,0.04128854285714286,5945790.5516,0.0,0.0,R1648,R1649,R1647,R1683,R1612,73.17126435678436,73.17126435678436,111.21940943207943,111.2000367623785,R1648,50
-79,50,0.037743,5528027.4727,0.0,0.0,R1649,R1650,R1648,R1684,R1613,71.69521960602547,71.69521960602547,111.23868085995683,111.21940943207943,R1649,50
-79,51,0.037991445,6127067.7785,0.0,0.0,R1650,R1651,R1649,R1685,R1614,70.19713955405018,70.19713955405018,111.25782746631153,111.23868085995683,R1650,50
-79,52,0.028614683333333335,7632549.0468,0.0,0.0,R1651,R1652,R1650,R1686,R1615,68.67747478989759,68.67747478989759,111.27682580399299,111.25782746631153,R1651,50
-79,53,0.0301751,5803138.3134,1675.67551,0.0,R1652,R1653,R1651,R1687,R1616,67.13668303003111,67.13668303003111,111.2956525875423,111.27682580399299,R1652,50
-79,54,0.035715000000000004,6115035.4753,0.0,0.0,R1653,R1654,R1652,R1688,R1617,65.57522899348992,65.57522899348992,111.31428472223197,111.2956525875423,R1653,50
-79,55,0.031195555555555556,3404843.0164,0.0,0.0,R1654,R1655,R1653,R1689,R1618,63.993584273358834,63.993584273358834,111.3326993329539,111.31428472223197,R1654,50
-79,56,0.023636770588235295,7387052.2745,101.4674237,0.0,R1655,R1656,R1654,R1690,R1619,62.39222720455756,62.39222720455756,111.35087379293904,111.3326993329539,R1655,50
-79,57,0.024579708333333335,5657687.5198,0.0,0.0,R1656,R1657,R1655,R1691,R1620,60.771642727955076,60.771642727955076,111.36878575223717,111.35087379293904,R1656,50
-79,58,0.0239062,483871.6273,0.0,0.0,R1657,R1658,R1656,R1692,R1621,59.13232225082162,59.13232225082162,111.38641316596589,111.36878575223717,R1657,50
-79,59,0.025526857142857146,3173811.684,0.0,0.0,R1658,R1659,R1657,R1693,R1622,57.47476350363418,57.47476350363418,222.8244621919689,111.38641316596589,R1658,50
-79,61,0.0265559,435591.3091,0.0,0.0,R1659,R1660,R1658,R1695,R1624,54.106952852548226,54.106952852548226,111.43737284500068,222.8244621919689,R1659,50
-79,62,0.029376825,1575167.9578,0.0,0.0,R1660,R1661,R1659,R1696,R1625,52.39772668635684,52.39772668635684,111.45364869914782,111.43737284500068,R1660,50
-79,63,0.0297485,388844.1933,0.0,0.0,R1661,R1662,R1660,R1697,R1587,50.672313414069706,101.34156318124957,557.4980813626588,111.45364869914782,R1661,50
-79,68,0.029003679999999997,1994875.6263000001,0.0,0.0,R1662,R1663,R1661,R1700,R1590,41.82107309044281,83.63940821168518,111.54246031795869,557.4980813626588,R1662,50
-79,69,0.03311368,3532507.2149,0.0,0.0,R1663,R1664,R1662,R1701,R1627,40.009788395485515,40.009788395485515,111.55561718517784,111.54246031795869,R1663,50
-79,70,0.04101767,2834734.5640000002,0.0,0.0,R1664,R1665,R1663,R1702,R1628,38.18611329330402,38.18611329330402,111.56825851551484,111.55561718517784,R1664,50
-79,71,0.04576137,2551812.6527,0.0,0.0,R1665,R1666,R1664,R1703,R1629,36.3506089458593,36.3506089458593,111.5803686103577,111.56825851551484,R1665,50
-79,72,0.07650208888888889,1183754.2641999999,181.5087031,0.0,R1666,R1667,R1665,R1704,R1630,34.50384066356811,34.50384066356811,111.59193242255498,111.5803686103577,R1666,50
-79,73,0.07039965555555555,1639919.6696,0.0,0.0,R1667,R1668,R1666,R1705,R1631,32.64637771616591,32.64637771616591,111.60293557619657,111.59193242255498,R1667,50
-79,74,0.0829502,139451.5457,0.0,0.0,R1668,R1669,R1667,R1706,R1632,30.778793140883696,30.778793140883696,111.61336438552951,111.60293557619657,R1668,50
-79,75,0.04344615,532784.0455,0.0,0.0,R1669,R1670,R1668,R-999,R1633,,28.901663548048116,111.62320587302438,111.61336438552951,R1669,50
-79,76,0.02598028,2249806.0566,0.0,0.0,R1670,R1671,R1669,R-999,R1634,,27.015568924217845,111.63244778651362,111.62320587302438,R1670,50
-79,77,0.04360321428571429,2049664.2355,0.0,0.0,R1671,R1672,R1670,R1707,R1635,25.121092432975185,25.121092432975185,111.64107861541223,111.63244778651362,R1671,50
-79,78,0.06542227142857142,1362666.4494,0.0,0.0,R1672,R1673,R1671,R1708,R1636,23.218820213495963,23.218820213495963,111.64908760598021,111.64107861541223,R1672,50
-79,79,0.059955800000000004,1422232.5069,0.0,0.0,R1673,R1674,R1672,R1709,R1637,21.309341177024677,21.309341177024677,111.65646477559513,111.64908760598021,R1673,50
-79,80,0.0832744,891179.90048,0.0,0.0,R1674,R1675,R1673,R1710,R1638,19.39324680138688,19.39324680138688,111.66320092602756,111.65646477559513,R1674,50
-79,81,0.09689253333333332,834627.60469,0.0,0.0,R1675,R1676,R1674,R1711,R1639,17.471130923674046,17.471130923674046,111.66928765568483,111.66320092602756,R1675,50
-79,82,0.0,0.0,0.0,0.0,R1676,R1677,R1675,R1712,R1640,15.543589531239796,15.543589531239796,111.67471737080547,111.66928765568483,R1676,50
-79,83,0.0,0.0,0.0,0.0,R1677,R-999,R1676,R1713,R1641,13.61122055115029,13.61122055115029,,111.67471737080547,R1677,50
-78,44,0.029793629411764704,5178015.1662,0.0,63890.0,R1678,R1679,R-999,R1714,R1643,80.20570185586602,80.20570185586602,111.12200826280943,,R1678,50
-78,45,0.04615361304347826,5796084.4001,0.0,0.0,R1679,R1680,R1678,R1715,R1644,78.846334709795,78.846334709795,111.14154847420943,111.12200826280943,R1679,50
-78,46,0.04855774090909091,5329826.9727,0.0,0.0,R1680,R1681,R1679,R1716,R1645,77.46279034169076,77.46279034169076,111.16108250383091,111.14154847420943,R1680,50
-78,47,0.03965960909090909,6441683.4666,0.0,0.0,R1681,R1682,R1680,R1717,R1646,76.0554819589822,76.0554819589822,111.1805865339079,111.16108250383091,R1681,50
-78,48,0.039923285,5831862.7482,0.0,0.0,R1682,R1683,R1681,R1718,R1647,74.62483046588396,74.62483046588396,111.2000367623785,111.1805865339079,R1682,50
-78,49,0.0448216,5460922.5729,0.0,0.0,R1683,R1684,R1682,R1719,R1648,73.17126435678436,73.17126435678436,111.21940943207943,111.2000367623785,R1683,50
-78,50,0.03693797,6298275.8843,0.0,0.0,R1684,R1685,R1683,R1720,R1649,71.69521960602547,71.69521960602547,111.23868085995683,111.21940943207943,R1684,50
-78,51,0.03799765,6109421.3896,0.0,0.0,R1685,R1686,R1684,R1721,R1650,70.19713955405018,70.19713955405018,111.25782746631153,111.23868085995683,R1685,50
-78,52,0.04035735,5200998.3071,0.0,0.0,R1686,R1687,R1685,R1722,R1651,68.67747478989759,68.67747478989759,111.27682580399299,111.25782746631153,R1686,50
-78,53,0.03481277222222222,6089395.8143,0.0,0.0,R1687,R1688,R1686,R1723,R1652,67.13668303003111,67.13668303003111,111.2956525875423,111.27682580399299,R1687,50
-78,54,0.033824476470588234,5864753.9174,0.0,0.0,R1688,R1689,R1687,R1724,R1653,65.57522899348992,65.57522899348992,111.31428472223197,111.2956525875423,R1688,50
-78,55,0.03431063333333333,5128240.3987,0.0,0.0,R1689,R1690,R1688,R1725,R1654,63.993584273358834,63.993584273358834,111.3326993329539,111.31428472223197,R1689,50
-78,56,0.024631971428571427,3293592.1654,0.0,0.0,R1690,R1691,R1689,R1726,R1655,62.39222720455756,62.39222720455756,111.35087379293904,111.3326993329539,R1690,50
-78,57,0.023894699999999998,3388996.8791,0.0,0.0,R1691,R1692,R1690,R1727,R1656,60.771642727955076,60.771642727955076,111.36878575223717,111.35087379293904,R1691,50
-78,58,0.027515757142857145,2953327.0766,0.0,0.0,R1692,R1693,R1691,R1728,R1657,59.13232225082162,59.13232225082162,111.38641316596589,111.36878575223717,R1692,50
-78,59,0.02873302142857143,5643387.7388,0.0,0.0,R1693,R1694,R1692,R1729,R1658,57.47476350363418,57.47476350363418,111.40373432223176,111.38641316596589,R1693,50
-78,60,0.028504775,3249584.8635,0.0,0.0,R1694,R1695,R1693,R1730,R1623,55.799470393260385,111.59575365062906,111.42072786973738,111.40373432223176,R1694,50
-78,61,0.02991935,3871004.8491,0.0,0.0,R1695,R1696,R1694,R1731,R1659,54.106952852548226,54.106952852548226,111.43737284500068,111.42072786973738,R1695,50
-78,62,0.03084706666666667,4504264.0586,0.0,0.0,R1696,R1697,R1695,R1732,R1660,52.39772668635684,52.39772668635684,111.45364869914782,111.43737284500068,R1696,50
-78,63,0.029612485714285715,2738977.8774,0.0,0.0,R1697,R1698,R1696,R1733,R1661,50.672313414069706,50.672313414069706,111.46953532428122,111.45364869914782,R1697,50
-78,64,0.03087564285714286,2628870.1894,0.0,0.0,R1698,R1699,R1697,R1734,R1626,48.93124010863544,97.85946990297386,111.48501307932553,111.46953532428122,R1698,50
-78,65,0.03071012,3776458.6736000003,0.0,0.0,R1699,R1700,R1698,R1735,R1554,47.175039232189974,188.67064618989426,334.5435329590516,111.48501307932553,R1699,50
-78,68,0.0288012,803274.3258,0.0,0.0,R1700,R1701,R1699,R1738,R1662,41.82107309044281,41.82107309044281,111.54246031795869,334.5435329590516,R1700,50
-78,69,0.038614133333333335,899022.9393,0.0,0.0,R1701,R1702,R1700,R1739,R1663,40.009788395485515,40.009788395485515,111.55561718517784,111.54246031795869,R1701,50
-78,70,0.04172287,2777971.6478,0.0,0.0,R1702,R1703,R1701,R1740,R1664,38.18611329330402,38.18611329330402,111.56825851551484,111.55561718517784,R1702,50
-78,71,0.0425471625,2207759.9421,0.0,0.0,R1703,R1704,R1702,R1741,R1665,36.3506089458593,36.3506089458593,111.5803686103577,111.56825851551484,R1703,50
-78,72,0.08102067272727273,1857449.94056,0.0,0.0,R1704,R1705,R1703,R1742,R1666,34.50384066356811,34.50384066356811,111.59193242255498,111.5803686103577,R1704,50
-78,73,0.06686175,1541133.1765,0.0,0.0,R1705,R1706,R1704,R1743,R1667,32.64637771616591,32.64637771616591,111.60293557619657,111.59193242255498,R1705,50
-78,74,0.04740656666666667,785833.596,0.0,0.0,R1706,R1707,R1705,R1744,R1668,30.778793140883696,30.778793140883696,334.8690180450675,111.60293557619657,R1706,50
-78,77,0.03363764285714286,2588780.091,0.0,0.0,R1707,R1708,R1706,R-999,R1671,,25.121092432975185,111.64107861541223,334.8690180450675,R1707,50
-78,78,0.07913411666666667,921944.1643000001,0.0,0.0,R1708,R1709,R1707,R1745,R1672,23.218820213495963,23.218820213495963,111.64908760598021,111.64107861541223,R1708,50
-78,79,0.09208922857142857,954939.89432,0.0,0.0,R1709,R1710,R1708,R1746,R1673,21.309341177024677,21.309341177024677,111.65646477559513,111.64908760598021,R1709,50
-78,80,0.055602660000000005,1106326.1905,0.0,0.0,R1710,R1711,R1709,R1747,R1674,19.39324680138688,19.39324680138688,111.66320092602756,111.65646477559513,R1710,50
-78,81,0.08464351666666665,873002.3618900001,0.0,0.0,R1711,R1712,R1710,R1748,R1675,17.471130923674046,17.471130923674046,111.66928765568483,111.66320092602756,R1711,50
-78,82,0.0281904,102583.9191,0.0,0.0,R1712,R1713,R1711,R1749,R1676,15.543589531239796,15.543589531239796,111.67471737080547,111.66928765568483,R1712,50
-78,83,0.0,0.0,0.0,0.0,R1713,R-999,R1712,R1750,R1677,13.61122055115029,13.61122055115029,,111.67471737080547,R1713,50
-77,44,0.029770761111111113,5724888.3444,0.0,1320280.0,R1714,R1715,R-999,R1751,R1678,80.20570185586602,80.20570185586602,111.12200826280943,,R1714,50
-77,45,0.046186208695652174,5785150.1085,0.0,0.0,R1715,R1716,R1714,R1752,R1679,78.846334709795,78.846334709795,111.14154847420943,111.12200826280943,R1715,50
-77,46,0.044961808000000006,5975865.7357,208041.7265,0.0,R1716,R1717,R1715,R1753,R1680,77.46279034169076,77.46279034169076,111.16108250383091,111.14154847420943,R1716,50
-77,47,0.0402604,6125577.5581,0.0,0.0,R1717,R1718,R1716,R1754,R1681,76.0554819589822,76.0554819589822,111.1805865339079,111.16108250383091,R1717,50
-77,48,0.04124497619047619,5921705.3618,0.0,0.0,R1718,R1719,R1717,R1755,R1682,74.62483046588396,74.62483046588396,111.2000367623785,111.1805865339079,R1718,50
-77,49,0.04029783636363637,5800668.3639,0.0,93130.0,R1719,R1720,R1718,R1756,R1683,73.17126435678436,73.17126435678436,111.21940943207943,111.2000367623785,R1719,50
-77,50,0.040783904999999995,5696624.9502,0.0,0.0,R1720,R1721,R1719,R1757,R1684,71.69521960602547,71.69521960602547,111.23868085995683,111.21940943207943,R1720,50
-77,51,0.03686754705882353,5399849.6554,0.0,0.0,R1721,R1722,R1720,R1758,R1685,70.19713955405018,70.19713955405018,111.25782746631153,111.23868085995683,R1721,50
-77,52,0.03410479,6828837.3414,0.0,0.0,R1722,R1723,R1721,R1759,R1686,68.67747478989759,68.67747478989759,111.27682580399299,111.25782746631153,R1722,50
-77,53,0.03293683333333333,6331661.2598,0.0,0.0,R1723,R1724,R1722,R1760,R1687,67.13668303003111,67.13668303003111,111.2956525875423,111.27682580399299,R1723,50
-77,54,0.0318323875,5859137.5593,0.0,0.0,R1724,R1725,R1723,R1761,R1688,65.57522899348992,65.57522899348992,111.31428472223197,111.2956525875423,R1724,50
-77,55,0.03434602631578947,5788163.358,220.3966831,0.0,R1725,R1726,R1724,R1762,R1689,63.993584273358834,63.993584273358834,111.3326993329539,111.31428472223197,R1725,50
-77,56,0.028418990909090912,4489381.2785,0.0,0.0,R1726,R1727,R1725,R1763,R1690,62.39222720455756,62.39222720455756,111.35087379293904,111.3326993329539,R1726,50
-77,57,0.0263147,3520247.2179,0.0,0.0,R1727,R1728,R1726,R1764,R1691,60.771642727955076,60.771642727955076,111.36878575223717,111.35087379293904,R1727,50
-77,58,0.028062242857142854,5783214.3261,0.0,0.0,R1728,R1729,R1727,R1765,R1692,59.13232225082162,59.13232225082162,111.38641316596589,111.36878575223717,R1728,50
-77,59,0.0283828125,6523652.8878,0.0,0.0,R1729,R1730,R1728,R1766,R1693,57.47476350363418,57.47476350363418,111.40373432223176,111.38641316596589,R1729,50
-77,60,0.029343333333333332,5917663.7439,0.0,0.0,R1730,R1731,R1729,R1767,R1694,55.799470393260385,55.799470393260385,111.42072786973738,111.40373432223176,R1730,50
-77,61,0.030686057142857142,5297742.1111,0.0,0.0,R1731,R1732,R1730,R1768,R1695,54.106952852548226,54.106952852548226,111.43737284500068,111.42072786973738,R1731,50
-77,62,0.03060507142857143,5328488.8847,0.0,0.0,R1732,R1733,R1731,R1769,R1696,52.39772668635684,52.39772668635684,111.45364869914782,111.43737284500068,R1732,50
-77,63,0.0294093,2366533.5032,0.0,0.0,R1733,R1734,R1732,R1770,R1697,50.672313414069706,50.672313414069706,111.46953532428122,111.45364869914782,R1733,50
-77,64,0.0295974125,3135679.0528,0.0,0.0,R1734,R1735,R1733,R1771,R1698,48.93124010863544,48.93124010863544,111.48501307932553,111.46953532428122,R1734,50
-77,65,0.029488218181818182,4326742.2193,0.0,0.0,R1735,R1736,R1734,R1772,R1699,47.175039232189974,47.175039232189974,111.500062815354,111.48501307932553,R1735,50
-77,66,0.0307676,753052.2729,0.0,0.0,R1736,R1737,R1735,R1807,R1519,90.80561117659744,272.3244831806433,111.51466590034875,111.500062815354,R1736,50
-77,67,0.031648525,1462526.6415,0.0,0.0,R1737,R1738,R1736,R1773,R1589,43.61941055101836,174.4494945686962,111.52880424334909,111.51466590034875,R1737,50
-77,68,0.03338978571428571,2427468.6057,0.0,0.0,R1738,R1739,R1737,R1774,R1700,41.82107309044281,41.82107309044281,111.54246031795869,111.52880424334909,R1738,50
-77,69,0.04149284,1398108.7353,0.0,0.0,R1739,R1740,R1738,R1775,R1701,40.009788395485515,40.009788395485515,111.55561718517784,111.54246031795869,R1739,50
-77,70,0.03841802,3039556.5384,0.0,0.0,R1740,R1741,R1739,R1776,R1702,38.18611329330402,38.18611329330402,111.56825851551484,111.55561718517784,R1740,50
-77,71,0.03741590909090909,3443341.3191,0.0,0.0,R1741,R1742,R1740,R1777,R1703,36.3506089458593,36.3506089458593,111.5803686103577,111.56825851551484,R1741,50
-77,72,0.06113113333333334,1767025.6511,0.0,0.0,R1742,R1743,R1741,R1778,R1704,34.50384066356811,34.50384066356811,111.59193242255498,111.5803686103577,R1742,50
-77,73,0.05630143333333334,2009641.8902,0.0,0.0,R1743,R1744,R1742,R1779,R1705,32.64637771616591,32.64637771616591,111.60293557619657,111.59193242255498,R1743,50
-77,74,0.0334877,345426.1937,0.0,0.0,R1744,R1745,R1743,R-999,R1706,,30.778793140883696,446.51009666047986,111.60293557619657,R1744,50
-77,78,0.08949956,685855.0194,0.0,0.0,R1745,R1746,R1744,R1780,R1708,23.218820213495963,23.218820213495963,111.64908760598021,446.51009666047986,R1745,50
-77,79,0.08874842000000001,806627.78639,0.0,0.0,R1746,R1747,R1745,R1781,R1709,21.309341177024677,21.309341177024677,111.65646477559513,111.64908760598021,R1746,50
-77,80,0.07522523333333334,1032134.2660000001,0.0,0.0,R1747,R1748,R1746,R1782,R1710,19.39324680138688,19.39324680138688,111.66320092602756,111.65646477559513,R1747,50
-77,81,0.050280950000000005,953960.5222,0.0,0.0,R1748,R1749,R1747,R1783,R1711,17.471130923674046,17.471130923674046,111.66928765568483,111.66320092602756,R1748,50
-77,82,0.0,0.0,0.0,0.0,R1749,R1750,R1748,R1784,R1712,15.543589531239796,15.543589531239796,111.67471737080547,111.66928765568483,R1749,50
-77,83,0.0,0.0,0.0,0.0,R1750,R-999,R1749,R1785,R1713,13.61122055115029,13.61122055115029,,111.67471737080547,R1750,50
-76,44,0.034652383333333335,2020885.5767,0.0,0.0,R1751,R1752,R-999,R2067,R1714,801.5700035300747,80.20570185586602,111.12200826280943,,R1751,50
-76,45,0.03718426666666667,6296139.988,0.0,98230.0,R1752,R1753,R1751,R1786,R1715,78.846334709795,78.846334709795,111.14154847420943,111.12200826280943,R1752,50
-76,46,0.04611453636363636,5544388.7754999995,0.0,0.0,R1753,R1754,R1752,R1787,R1716,77.46279034169076,77.46279034169076,111.16108250383091,111.14154847420943,R1753,50
-76,47,0.04607538181818182,5598712.925,0.0,0.0,R1754,R1755,R1753,R1788,R1717,76.0554819589822,76.0554819589822,111.1805865339079,111.16108250383091,R1754,50
-76,48,0.040338147619047623,6064246.5965,0.0,0.0,R1755,R1756,R1754,R1789,R1718,74.62483046588396,74.62483046588396,111.2000367623785,111.1805865339079,R1755,50
-76,49,0.033489325,6260763.4421,9446.003624,0.0,R1756,R1757,R1755,R1790,R1719,73.17126435678436,73.17126435678436,111.21940943207943,111.2000367623785,R1756,50
-76,50,0.03873642,6041405.5623,0.0,0.0,R1757,R1758,R1756,R1791,R1720,71.69521960602547,71.69521960602547,111.23868085995683,111.21940943207943,R1757,50
-76,51,0.03471686,6698331.1985,0.0,0.0,R1758,R1759,R1757,R1792,R1721,70.19713955405018,70.19713955405018,111.25782746631153,111.23868085995683,R1758,50
-76,52,0.03254863888888889,6440468.8184,0.0,0.0,R1759,R1760,R1758,R1793,R1722,68.67747478989759,68.67747478989759,111.27682580399299,111.25782746631153,R1759,50
-76,53,0.034123759999999996,6824193.5716,0.0,0.0,R1760,R1761,R1759,R1794,R1723,67.13668303003111,67.13668303003111,111.2956525875423,111.27682580399299,R1760,50
-76,54,0.03513385555555556,5984205.3334,0.0,0.0,R1761,R1762,R1760,R1795,R1724,65.57522899348992,65.57522899348992,111.31428472223197,111.2956525875423,R1761,50
-76,55,0.03505542352941177,5627999.889,0.0,0.0,R1762,R1763,R1761,R1796,R1725,63.993584273358834,63.993584273358834,111.3326993329539,111.31428472223197,R1762,50
-76,56,0.03305682941176471,5977983.5966,0.0,0.0,R1763,R1764,R1762,R1797,R1726,62.39222720455756,62.39222720455756,111.35087379293904,111.3326993329539,R1763,50
-76,57,0.02900388823529412,6815890.5033,0.0,0.0,R1764,R1765,R1763,R1798,R1727,60.771642727955076,60.771642727955076,111.36878575223717,111.35087379293904,R1764,50
-76,58,0.027742433333333334,6261811.4365,0.0,0.0,R1765,R1766,R1764,R1799,R1728,59.13232225082162,59.13232225082162,111.38641316596589,111.36878575223717,R1765,50
-76,59,0.0256246,5451501.0595,360.6576986,0.0,R1766,R1767,R1765,R1800,R1729,57.47476350363418,57.47476350363418,111.40373432223176,111.38641316596589,R1766,50
-76,60,0.02790455625,6636129.3505,0.0,0.0,R1767,R1768,R1766,R1801,R1730,55.799470393260385,55.799470393260385,111.42072786973738,111.40373432223176,R1767,50
-76,61,0.0289376,6010591.6850000005,0.0,0.0,R1768,R1769,R1767,R1802,R1731,54.106952852548226,54.106952852548226,111.43737284500068,111.42072786973738,R1768,50
-76,62,0.030919108333333334,4521370.142200001,0.0,0.0,R1769,R1770,R1768,R1803,R1732,52.39772668635684,52.39772668635684,111.45364869914782,111.43737284500068,R1769,50
-76,63,0.026748,432462.4553,0.0,0.0,R1770,R1771,R1769,R1804,R1733,50.672313414069706,50.672313414069706,111.46953532428122,111.45364869914782,R1770,50
-76,64,0.03138286,1843215.72,0.0,0.0,R1771,R1772,R1770,R1805,R1734,48.93124010863544,48.93124010863544,111.48501307932553,111.46953532428122,R1771,50
-76,65,0.030137333333333335,4611526.4304,0.0,0.0,R1772,R1773,R1771,R1806,R1735,47.175039232189974,47.175039232189974,223.0147287157024,111.48501307932553,R1772,50
-76,67,0.032294375,1432986.2841,0.0,0.0,R1773,R1774,R1772,R1808,R1737,43.61941055101836,43.61941055101836,111.52880424334909,223.0147287157024,R1773,50
-76,68,0.035836658333333334,3883629.0730999997,0.0,0.0,R1774,R1775,R1773,R1809,R1738,41.82107309044281,41.82107309044281,111.54246031795869,111.52880424334909,R1774,50
-76,69,0.04045759,2871287.676,0.0,0.0,R1775,R1776,R1774,R1810,R1739,40.009788395485515,40.009788395485515,111.55561718517784,111.54246031795869,R1775,50
-76,70,0.04103433,2846863.7950999998,0.0,0.0,R1776,R1777,R1775,R1811,R1740,38.18611329330402,38.18611329330402,111.56825851551484,111.55561718517784,R1776,50
-76,71,0.038742677777777776,2738277.993,0.0,0.0,R1777,R1778,R1776,R1812,R1741,36.3506089458593,36.3506089458593,111.5803686103577,111.56825851551484,R1777,50
-76,72,0.059447810000000004,2080577.2182,0.0,0.0,R1778,R1779,R1777,R1813,R1742,34.50384066356811,34.50384066356811,111.59193242255498,111.5803686103577,R1778,50
-76,73,0.046237525,1008078.1002,0.0,0.0,R1779,R1780,R1778,R1814,R1743,32.64637771616591,32.64637771616591,558.1130322366764,111.59193242255498,R1779,50
-76,78,0.04670394,1445560.9782,0.0,0.0,R1780,R1781,R1779,R1815,R1745,23.218820213495963,23.218820213495963,111.64908760598021,558.1130322366764,R1780,50
-76,79,0.08970232857142857,1074011.4137600001,0.0,0.0,R1781,R1782,R1780,R1816,R1746,21.309341177024677,21.309341177024677,111.65646477559513,111.64908760598021,R1781,50
-76,80,0.08560576666666668,1094857.92141,0.0,0.0,R1782,R1783,R1781,R1817,R1747,19.39324680138688,19.39324680138688,111.66320092602756,111.65646477559513,R1782,50
-76,81,0.06346586,1104705.11672,0.0,0.0,R1783,R1784,R1782,R1818,R1748,17.471130923674046,17.471130923674046,111.66928765568483,111.66320092602756,R1783,50
-76,82,0.015206183333333333,126785.3825,0.0,0.0,R1784,R1785,R1783,R1819,R1749,15.543589531239796,15.543589531239796,111.67471737080547,111.66928765568483,R1784,50
-76,83,0.0,0.0,0.0,0.0,R1785,R-999,R1784,R1820,R1750,13.61122055115029,13.61122055115029,,111.67471737080547,R1785,50
-75,45,0.034852458823529414,5011307.8577,0.0,85730.0,R1786,R1787,R-999,R1821,R1752,78.846334709795,78.846334709795,111.14154847420943,,R1786,50
-75,46,0.04313861304347826,5158248.7151,0.0,153480.0,R1787,R1788,R1786,R1822,R1753,77.46279034169076,77.46279034169076,111.16108250383091,111.14154847420943,R1787,50
-75,47,0.046142838095238094,5303559.8424,0.0,0.0,R1788,R1789,R1787,R1823,R1754,76.0554819589822,76.0554819589822,111.1805865339079,111.16108250383091,R1788,50
-75,48,0.039846376190476186,6202912.0633000005,0.0,0.0,R1789,R1790,R1788,R1824,R1755,74.62483046588396,74.62483046588396,111.2000367623785,111.1805865339079,R1789,50
-75,49,0.03439599047619048,7094099.3211,0.0,0.0,R1790,R1791,R1789,R1825,R1756,73.17126435678436,73.17126435678436,111.21940943207943,111.2000367623785,R1790,50
-75,50,0.035767694736842104,6193449.7404,0.0,0.0,R1791,R1792,R1790,R1826,R1757,71.69521960602547,71.69521960602547,111.23868085995683,111.21940943207943,R1791,50
-75,51,0.03128126842105263,7039232.0582,0.0,0.0,R1792,R1793,R1791,R1827,R1758,70.19713955405018,70.19713955405018,111.25782746631153,111.23868085995683,R1792,50
-75,52,0.031040931578947367,6381094.4479,498.1814534,0.0,R1793,R1794,R1792,R1828,R1759,68.67747478989759,68.67747478989759,111.27682580399299,111.25782746631153,R1793,50
-75,53,0.035646252631578945,6183903.7623,0.0,0.0,R1794,R1795,R1793,R1829,R1760,67.13668303003111,67.13668303003111,111.2956525875423,111.27682580399299,R1794,50
-75,54,0.03418544705882353,5822630.1766,0.0,0.0,R1795,R1796,R1794,R1830,R1761,65.57522899348992,65.57522899348992,111.31428472223197,111.2956525875423,R1795,50
-75,55,0.035475147058823535,5567041.6791,0.0,0.0,R1796,R1797,R1795,R1831,R1762,63.993584273358834,63.993584273358834,111.3326993329539,111.31428472223197,R1796,50
-75,56,0.03292010625,5648852.8844,0.0,0.0,R1797,R1798,R1796,R1832,R1763,62.39222720455756,62.39222720455756,111.35087379293904,111.3326993329539,R1797,50
-75,57,0.02793585294117647,7048888.613700001,0.0,0.0,R1798,R1799,R1797,R1833,R1764,60.771642727955076,60.771642727955076,111.36878575223717,111.35087379293904,R1798,50
-75,58,0.027217293333333333,6377880.7344,0.0,0.0,R1799,R1800,R1798,R1834,R1765,59.13232225082162,59.13232225082162,111.38641316596589,111.36878575223717,R1799,50
-75,59,0.0278215,6653400.7259,0.0,0.0,R1800,R1801,R1799,R1835,R1766,57.47476350363418,57.47476350363418,111.40373432223176,111.38641316596589,R1800,50
-75,60,0.02766220714285714,5858773.3342,0.0,0.0,R1801,R1802,R1800,R1836,R1767,55.799470393260385,55.799470393260385,111.42072786973738,111.40373432223176,R1801,50
-75,61,0.027956215384615384,5388102.6201,0.0,0.0,R1802,R1803,R1801,R1837,R1768,54.106952852548226,54.106952852548226,111.43737284500068,111.42072786973738,R1802,50
-75,62,0.027663357142857142,5091026.6342,193.8735705,0.0,R1803,R1804,R1802,R1838,R1769,52.39772668635684,52.39772668635684,111.45364869914782,111.43737284500068,R1803,50
-75,63,0.02753995,842584.1661,0.0,0.0,R1804,R1805,R1803,R1839,R1770,50.672313414069706,50.672313414069706,111.46953532428122,111.45364869914782,R1804,50
-75,64,0.0311396,1486110.0718999999,0.0,0.0,R1805,R1806,R1804,R1840,R1771,48.93124010863544,48.93124010863544,111.48501307932553,111.46953532428122,R1805,50
-75,65,0.0313533,4064499.6245,0.0,0.0,R1806,R1807,R1805,R1841,R1772,47.175039232189974,47.175039232189974,111.500062815354,111.48501307932553,R1806,50
-75,66,0.0324263,356732.2558,0.0,0.0,R1807,R1808,R1806,R1842,R1736,45.404248468318045,90.80561117659744,111.51466590034875,111.500062815354,R1807,50
-75,67,0.031819,727438.0689000001,0.0,0.0,R1808,R1809,R1807,R1843,R1773,43.61941055101836,43.61941055101836,111.52880424334909,111.51466590034875,R1808,50
-75,68,0.036558577777777775,2849629.5353,0.0,0.0,R1809,R1810,R1808,R1844,R1774,41.82107309044281,41.82107309044281,111.54246031795869,111.52880424334909,R1809,50
-75,69,0.04122476,2821748.9215,0.0,0.0,R1810,R1811,R1809,R1845,R1775,40.009788395485515,40.009788395485515,111.55561718517784,111.54246031795869,R1810,50
-75,70,0.04623045454545454,2799644.3791,0.0,0.0,R1811,R1812,R1810,R1846,R1776,38.18611329330402,38.18611329330402,111.56825851551484,111.55561718517784,R1811,50
-75,71,0.04127892222222222,2546193.3497,0.0,0.0,R1812,R1813,R1811,R1847,R1777,36.3506089458593,36.3506089458593,111.5803686103577,111.56825851551484,R1812,50
-75,72,0.05888841111111111,1805393.8262,0.0,0.0,R1813,R1814,R1812,R1848,R1778,34.50384066356811,34.50384066356811,111.59193242255498,111.5803686103577,R1813,50
-75,73,0.0403644,286577.3025,0.0,0.0,R1814,R1815,R1813,R-999,R1779,,32.64637771616591,558.1130322366764,111.59193242255498,R1814,50
-75,78,0.0250514,1387414.8532,0.0,0.0,R1815,R1816,R1814,R-999,R1780,,23.218820213495963,111.64908760598021,558.1130322366764,R1815,50
-75,79,0.06610422,1113000.7637999998,0.0,0.0,R1816,R1817,R1815,R1849,R1781,21.309341177024677,21.309341177024677,111.65646477559513,111.64908760598021,R1816,50
-75,80,0.14155536666666665,843905.70358,0.0,0.0,R1817,R1818,R1816,R1850,R1782,19.39324680138688,19.39324680138688,111.66320092602756,111.65646477559513,R1817,50
-75,81,0.0465272,1611820.9047,0.0,0.0,R1818,R1819,R1817,R1851,R1783,17.471130923674046,17.471130923674046,111.66928765568483,111.66320092602756,R1818,50
-75,82,0.0,0.0,0.0,0.0,R1819,R1820,R1818,R1852,R1784,15.543589531239796,15.543589531239796,111.67471737080547,111.66928765568483,R1819,50
-75,83,0.0,0.0,0.0,0.0,R1820,R-999,R1819,R1853,R1785,13.61122055115029,13.61122055115029,,111.67471737080547,R1820,50
-74,45,0.025374429999999996,4498477.6343,0.0,879200.0,R1821,R1822,R-999,R1854,R1786,78.846334709795,78.846334709795,111.14154847420943,,R1821,50
-74,46,0.03999314230769231,5922826.363,0.0,335170.0,R1822,R1823,R1821,R1855,R1787,77.46279034169076,77.46279034169076,111.16108250383091,111.14154847420943,R1822,50
-74,47,0.042343485,5509979.2746,0.0,0.0,R1823,R1824,R1822,R1856,R1788,76.0554819589822,76.0554819589822,111.1805865339079,111.16108250383091,R1823,50
-74,48,0.043000500000000004,5688889.3537,0.0,0.0,R1824,R1825,R1823,R1857,R1789,74.62483046588396,74.62483046588396,111.2000367623785,111.1805865339079,R1824,50
-74,49,0.037551395,6236003.7771,0.0,0.0,R1825,R1826,R1824,R1858,R1790,73.17126435678436,73.17126435678436,111.21940943207943,111.2000367623785,R1825,50
-74,50,0.03492593333333333,7000914.344,0.0,0.0,R1826,R1827,R1825,R1859,R1791,71.69521960602547,71.69521960602547,111.23868085995683,111.21940943207943,R1826,50
-74,51,0.03027346842105263,7287435.6517,0.0,0.0,R1827,R1828,R1826,R1860,R1792,70.19713955405018,70.19713955405018,111.25782746631153,111.23868085995683,R1827,50
-74,52,0.03277063684210526,6733729.6021,0.0,0.0,R1828,R1829,R1827,R1861,R1793,68.67747478989759,68.67747478989759,111.27682580399299,111.25782746631153,R1828,50
-74,53,0.03495037647058824,5659396.9917,0.0,0.0,R1829,R1830,R1828,R1862,R1794,67.13668303003111,67.13668303003111,111.2956525875423,111.27682580399299,R1829,50
-74,54,0.0352024,6267989.8679,0.0,0.0,R1830,R1831,R1829,R1863,R1795,65.57522899348992,65.57522899348992,111.31428472223197,111.2956525875423,R1830,50
-74,55,0.03252364117647059,6057025.2765999995,0.0,0.0,R1831,R1832,R1830,R1864,R1796,63.993584273358834,63.993584273358834,111.3326993329539,111.31428472223197,R1831,50
-74,56,0.03144967058823529,6270966.0772,0.0,0.0,R1832,R1833,R1831,R1865,R1797,62.39222720455756,62.39222720455756,111.35087379293904,111.3326993329539,R1832,50
-74,57,0.0280338375,6625530.9091,0.0,0.0,R1833,R1834,R1832,R1866,R1798,60.771642727955076,60.771642727955076,111.36878575223717,111.35087379293904,R1833,50
-74,58,0.02669056,6502624.5402999995,0.0,0.0,R1834,R1835,R1833,R1867,R1799,59.13232225082162,59.13232225082162,111.38641316596589,111.36878575223717,R1834,50
-74,59,0.02670120625,6934927.1009,0.0,0.0,R1835,R1836,R1834,R1868,R1800,57.47476350363418,57.47476350363418,111.40373432223176,111.38641316596589,R1835,50
-74,60,0.027511157142857144,5887523.9871,0.0,0.0,R1836,R1837,R1835,R1869,R1801,55.799470393260385,55.799470393260385,111.42072786973738,111.40373432223176,R1836,50
-74,61,0.027192686666666667,6387304.4129,0.0,0.0,R1837,R1838,R1836,R1870,R1802,54.106952852548226,54.106952852548226,111.43737284500068,111.42072786973738,R1837,50
-74,62,0.02901992307692308,5265092.8477,0.0,0.0,R1838,R1839,R1837,R1871,R1803,52.39772668635684,52.39772668635684,111.45364869914782,111.43737284500068,R1838,50
-74,63,0.02771445,1678332.4278,0.0,0.0,R1839,R1840,R1838,R1872,R1804,50.672313414069706,50.672313414069706,111.46953532428122,111.45364869914782,R1839,50
-74,64,0.03189688,1814446.9845,0.0,0.0,R1840,R1841,R1839,R1873,R1805,48.93124010863544,48.93124010863544,111.48501307932553,111.46953532428122,R1840,50
-74,65,0.03291213846153846,4581475.1585,0.0,0.0,R1841,R1842,R1840,R1874,R1806,47.175039232189974,47.175039232189974,111.500062815354,111.48501307932553,R1841,50
-74,66,0.03539345000000001,3273047.9429,0.0,0.0,R1842,R1843,R1841,R1875,R1807,45.404248468318045,45.404248468318045,111.51466590034875,111.500062815354,R1842,50
-74,67,0.0354848,325984.8336,0.0,0.0,R1843,R1844,R1842,R1876,R1808,43.61941055101836,43.61941055101836,111.52880424334909,111.51466590034875,R1843,50
-74,68,0.03873879,2995646.5701,0.0,0.0,R1844,R1845,R1843,R1877,R1809,41.82107309044281,41.82107309044281,111.54246031795869,111.52880424334909,R1844,50
-74,69,0.03931902727272727,3244850.6539,0.0,0.0,R1845,R1846,R1844,R1878,R1810,40.009788395485515,40.009788395485515,111.55561718517784,111.54246031795869,R1845,50
-74,70,0.03830293,3210288.5823999997,0.0,0.0,R1846,R1847,R1845,R1879,R1811,38.18611329330402,38.18611329330402,111.56825851551484,111.55561718517784,R1846,50
-74,71,0.04531444444444445,2328035.8719,0.0,0.0,R1847,R1848,R1846,R1880,R1812,36.3506089458593,36.3506089458593,111.5803686103577,111.56825851551484,R1847,50
-74,72,0.05733538333333333,1224934.3582000001,0.0,0.0,R1848,R1849,R1847,R1881,R1813,34.50384066356811,34.50384066356811,781.3540522652116,111.5803686103577,R1848,50
-74,79,0.0924589,844903.96759,0.0,0.0,R1849,R1850,R1848,R1882,R1816,21.309341177024677,21.309341177024677,111.65646477559513,781.3540522652116,R1849,50
-74,80,0.10376511666666666,814332.1856,0.0,0.0,R1850,R1851,R1849,R1883,R1817,19.39324680138688,19.39324680138688,111.66320092602756,111.65646477559513,R1850,50
-74,81,0.04014712,1501495.7728,0.0,0.0,R1851,R1852,R1850,R1884,R1818,17.471130923674046,17.471130923674046,111.66928765568483,111.66320092602756,R1851,50
-74,82,0.0,0.0,0.0,0.0,R1852,R1853,R1851,R1885,R1819,15.543589531239796,15.543589531239796,111.67471737080547,111.66928765568483,R1852,50
-74,83,0.0,0.0,0.0,0.0,R1853,R-999,R1852,R1886,R1820,13.61122055115029,13.61122055115029,,111.67471737080547,R1853,50
-73,45,0.031608125,3917180.0408,0.0,436180.0,R1854,R1855,R-999,R1887,R1821,78.846334709795,78.846334709795,111.14154847420943,,R1854,50
-73,46,0.029847426666666666,6321321.4734000005,590329.9201,2272000.0,R1855,R1856,R1854,R1888,R1822,77.46279034169076,77.46279034169076,111.16108250383091,111.14154847420943,R1855,50
-73,47,0.04678665,5471722.3075,0.0,0.0,R1856,R1857,R1855,R1889,R1823,76.0554819589822,76.0554819589822,111.1805865339079,111.16108250383091,R1856,50
-73,48,0.048567623809523806,5085568.1569,0.0,0.0,R1857,R1858,R1856,R1890,R1824,74.62483046588396,74.62483046588396,111.2000367623785,111.1805865339079,R1857,50
-73,49,0.04503988,5198461.7258,0.0,0.0,R1858,R1859,R1857,R1891,R1825,73.17126435678436,73.17126435678436,111.21940943207943,111.2000367623785,R1858,50
-73,50,0.03820892,6131111.3254,0.0,0.0,R1859,R1860,R1858,R1892,R1826,71.69521960602547,71.69521960602547,111.23868085995683,111.21940943207943,R1859,50
-73,51,0.035295547368421054,6291460.6281,0.0,0.0,R1860,R1861,R1859,R1893,R1827,70.19713955405018,70.19713955405018,111.25782746631153,111.23868085995683,R1860,50
-73,52,0.03710660526315789,5980372.4322999995,0.0,0.0,R1861,R1862,R1860,R1894,R1828,68.67747478989759,68.67747478989759,111.27682580399299,111.25782746631153,R1861,50
-73,53,0.03435725,6098943.5574,0.0,0.0,R1862,R1863,R1861,R1895,R1829,67.13668303003111,67.13668303003111,111.2956525875423,111.27682580399299,R1862,50
-73,54,0.03275813529411765,6026585.2325,0.0,0.0,R1863,R1864,R1862,R1896,R1830,65.57522899348992,65.57522899348992,111.31428472223197,111.2956525875423,R1863,50
-73,55,0.0300528,6608548.1435,8.306170499,0.0,R1864,R1865,R1863,R1897,R1831,63.993584273358834,63.993584273358834,111.3326993329539,111.31428472223197,R1864,50
-73,56,0.0316584125,5856678.6626,0.0,0.0,R1865,R1866,R1864,R1898,R1832,62.39222720455756,62.39222720455756,111.35087379293904,111.3326993329539,R1865,50
-73,57,0.02851519375,6544481.9459999995,0.0,0.0,R1866,R1867,R1865,R1899,R1833,60.771642727955076,60.771642727955076,111.36878575223717,111.35087379293904,R1866,50
-73,58,0.02648985,6991985.0525,0.0,0.0,R1867,R1868,R1866,R1900,R1834,59.13232225082162,59.13232225082162,111.38641316596589,111.36878575223717,R1867,50
-73,59,0.026603164285714288,6095653.344,0.0,0.0,R1868,R1869,R1867,R1901,R1835,57.47476350363418,57.47476350363418,111.40373432223176,111.38641316596589,R1868,50
-73,60,0.02681211875,6910136.4922,0.0,0.0,R1869,R1870,R1868,R1902,R1836,55.799470393260385,55.799470393260385,111.42072786973738,111.40373432223176,R1869,50
-73,61,0.02618797142857143,6192122.0502,0.0,0.0,R1870,R1871,R1869,R1903,R1837,54.106952852548226,54.106952852548226,111.43737284500068,111.42072786973738,R1870,50
-73,62,0.026166015384615385,5784869.1516,0.0,0.0,R1871,R1872,R1870,R1904,R1838,52.39772668635684,52.39772668635684,111.45364869914782,111.43737284500068,R1871,50
-73,63,0.0312824,369776.693,0.0,0.0,R1872,R1873,R1871,R1905,R1839,50.672313414069706,50.672313414069706,111.46953532428122,111.45364869914782,R1872,50
-73,64,0.032506925,4277153.7458999995,0.0,0.0,R1873,R1874,R1872,R1906,R1840,48.93124010863544,48.93124010863544,111.48501307932553,111.46953532428122,R1873,50
-73,65,0.03174466153846154,4068391.9496999998,154.7024256,0.0,R1874,R1875,R1873,R1907,R1841,47.175039232189974,47.175039232189974,111.500062815354,111.48501307932553,R1874,50
-73,66,0.03575405,3888431.9001,0.0,0.0,R1875,R1876,R1874,R1908,R1842,45.404248468318045,45.404248468318045,111.51466590034875,111.500062815354,R1875,50
-73,67,0.036867333333333335,1887413.8157,0.0,0.0,R1876,R1877,R1875,R1909,R1843,43.61941055101836,43.61941055101836,111.52880424334909,111.51466590034875,R1876,50
-73,68,0.036037788888888894,2894778.9301,0.0,0.0,R1877,R1878,R1876,R1910,R1844,41.82107309044281,41.82107309044281,111.54246031795869,111.52880424334909,R1877,50
-73,69,0.03720054,3122311.8908,0.0,0.0,R1878,R1879,R1877,R1911,R1845,40.009788395485515,40.009788395485515,111.55561718517784,111.54246031795869,R1878,50
-73,70,0.04850633,2784113.4621,0.0,0.0,R1879,R1880,R1878,R1912,R1846,38.18611329330402,38.18611329330402,111.56825851551484,111.55561718517784,R1879,50
-73,71,0.05765640833333333,2458155.8353,0.0,0.0,R1880,R1881,R1879,R1913,R1847,36.3506089458593,36.3506089458593,111.5803686103577,111.56825851551484,R1880,50
-73,72,0.0631949,183045.2478,0.0,0.0,R1881,R1882,R1880,R1914,R1848,34.50384066356811,34.50384066356811,781.3540522652116,111.5803686103577,R1881,50
-73,79,0.0751368,153952.9586,0.0,0.0,R1882,R1883,R1881,R-999,R1849,,21.309341177024677,111.65646477559513,781.3540522652116,R1882,50
-73,80,0.08932986666666666,862068.45575,0.0,0.0,R1883,R1884,R1882,R1915,R1850,19.39324680138688,19.39324680138688,111.66320092602756,111.65646477559513,R1883,50
-73,81,0.044057639999999995,1373402.0332,0.0,0.0,R1884,R1885,R1883,R1916,R1851,17.471130923674046,17.471130923674046,111.66928765568483,111.66320092602756,R1884,50
-73,82,0.0141736,204032.8221,0.0,0.0,R1885,R1886,R1884,R1917,R1852,15.543589531239796,15.543589531239796,111.67471737080547,111.66928765568483,R1885,50
-73,83,0.0,0.0,0.0,0.0,R1886,R-999,R1885,R1918,R1853,13.61122055115029,13.61122055115029,,111.67471737080547,R1886,50
-72,45,0.04302047692307693,3534334.4743,0.0,0.0,R1887,R1888,R-999,R1919,R1854,78.846334709795,78.846334709795,111.14154847420943,,R1887,50
-72,46,0.035602034615384616,6678752.6452,0.0,459570.0,R1888,R1889,R1887,R1920,R1855,77.46279034169076,77.46279034169076,111.16108250383091,111.14154847420943,R1888,50
-72,47,0.04312761739130435,5705748.4369,0.0,769750.0,R1889,R1890,R1888,R1921,R1856,76.0554819589822,76.0554819589822,111.1805865339079,111.16108250383091,R1889,50
-72,48,0.04456610476190476,5497320.1534,0.0,0.0,R1890,R1891,R1889,R1922,R1857,74.62483046588396,74.62483046588396,111.2000367623785,111.1805865339079,R1890,50
-72,49,0.04371616190476191,5211119.4763,0.0,86290.0,R1891,R1892,R1890,R1923,R1858,73.17126435678436,73.17126435678436,111.21940943207943,111.2000367623785,R1891,50
-72,50,0.042194844999999995,5594749.9479,0.0,0.0,R1892,R1893,R1891,R1924,R1859,71.69521960602547,71.69521960602547,111.23868085995683,111.21940943207943,R1892,50
-72,51,0.036699168421052634,6004855.6885,0.0,0.0,R1893,R1894,R1892,R1925,R1860,70.19713955405018,70.19713955405018,111.25782746631153,111.23868085995683,R1893,50
-72,52,0.03829457894736842,5775779.1621,0.0,0.0,R1894,R1895,R1893,R1926,R1861,68.67747478989759,68.67747478989759,111.27682580399299,111.25782746631153,R1894,50
-72,53,0.03468893333333333,6034445.9818,0.0,0.0,R1895,R1896,R1894,R1927,R1862,67.13668303003111,67.13668303003111,111.2956525875423,111.27682580399299,R1895,50
-72,54,0.03144057647058823,6294458.7687,0.0,0.0,R1896,R1897,R1895,R1928,R1863,65.57522899348992,65.57522899348992,111.31428472223197,111.2956525875423,R1896,50
-72,55,0.029918552941176475,6588724.5345,0.0,0.0,R1897,R1898,R1896,R1929,R1864,63.993584273358834,63.993584273358834,111.3326993329539,111.31428472223197,R1897,50
-72,56,0.02970706470588235,6632027.0685,0.0,0.0,R1898,R1899,R1897,R1930,R1865,62.39222720455756,62.39222720455756,111.35087379293904,111.3326993329539,R1898,50
-72,57,0.029427773333333334,5926209.0594,0.0,0.0,R1899,R1900,R1898,R1931,R1866,60.771642727955076,60.771642727955076,111.36878575223717,111.35087379293904,R1899,50
-72,58,0.026762246666666666,6489466.0466,0.0,0.0,R1900,R1901,R1899,R1932,R1867,59.13232225082162,59.13232225082162,111.38641316596589,111.36878575223717,R1900,50
-72,59,0.026010275,7127543.1941,0.0,0.0,R1901,R1902,R1900,R1933,R1868,57.47476350363418,57.47476350363418,111.40373432223176,111.38641316596589,R1901,50
-72,60,0.02630066153846154,5728394.2533,0.0,0.0,R1902,R1903,R1901,R1934,R1869,55.799470393260385,55.799470393260385,111.42072786973738,111.40373432223176,R1902,50
-72,61,0.02735867142857143,5985053.0851,0.0,0.0,R1903,R1904,R1902,R1935,R1870,54.106952852548226,54.106952852548226,111.43737284500068,111.42072786973738,R1903,50
-72,62,0.02991985714285714,2710845.0945,0.0,0.0,R1904,R1905,R1903,R1936,R1871,52.39772668635684,52.39772668635684,111.45364869914782,111.43737284500068,R1904,50
-72,63,0.032112175,1444359.6335,0.0,0.0,R1905,R1906,R1904,R1937,R1872,50.672313414069706,50.672313414069706,111.46953532428122,111.45364869914782,R1905,50
-72,64,0.03395369166666667,4119606.7541,0.0,0.0,R1906,R1907,R1905,R1938,R1873,48.93124010863544,48.93124010863544,111.48501307932553,111.46953532428122,R1906,50
-72,65,0.035747208333333336,3892859.7693999996,0.0,0.0,R1907,R1908,R1906,R1939,R1874,47.175039232189974,47.175039232189974,111.500062815354,111.48501307932553,R1907,50
-72,66,0.03482340833333333,3989409.1234,0.0,0.0,R1908,R1909,R1907,R1940,R1875,45.404248468318045,45.404248468318045,111.51466590034875,111.500062815354,R1908,50
-72,67,0.03668083,3158427.4629,0.0,0.0,R1909,R1910,R1908,R1941,R1876,43.61941055101836,43.61941055101836,111.52880424334909,111.51466590034875,R1909,50
-72,68,0.03242444545454545,3941453.4877,0.0,0.0,R1910,R1911,R1909,R1942,R1877,41.82107309044281,41.82107309044281,111.54246031795869,111.52880424334909,R1910,50
-72,69,0.03577755,3909069.8094,0.0,0.0,R1911,R1912,R1910,R1943,R1878,40.009788395485515,40.009788395485515,111.55561718517784,111.54246031795869,R1911,50
-72,70,0.06453801,2006175.6855,0.0,0.0,R1912,R1913,R1911,R1944,R1879,38.18611329330402,38.18611329330402,111.56825851551484,111.55561718517784,R1912,50
-72,71,0.06005064,1968333.3238,0.0,0.0,R1913,R1914,R1912,R1945,R1880,36.3506089458593,36.3506089458593,111.5803686103577,111.56825851551484,R1913,50
-72,72,0.0500853,463508.6862,0.0,0.0,R1914,R1915,R1913,R-999,R1881,,34.50384066356811,893.0105170408068,111.5803686103577,R1914,50
-72,80,0.10540794,883279.74809,0.0,0.0,R1915,R1916,R1914,R1946,R1883,19.39324680138688,19.39324680138688,111.66320092602756,893.0105170408068,R1915,50
-72,81,0.06522114,920945.0075000001,0.0,0.0,R1916,R1917,R1915,R1947,R1884,17.471130923674046,17.471130923674046,111.66928765568483,111.66320092602756,R1916,50
-72,82,0.013129366666666668,146840.4927,0.0,0.0,R1917,R1918,R1916,R1948,R1885,15.543589531239796,15.543589531239796,111.67471737080547,111.66928765568483,R1917,50
-72,83,0.0,0.0,0.0,0.0,R1918,R-999,R1917,R1949,R1886,13.61122055115029,13.61122055115029,,111.67471737080547,R1918,50
-71,45,0.038322537500000003,1875104.5041,0.0,0.0,R1919,R1920,R-999,R2009,R1887,236.52699346294787,78.846334709795,111.14154847420943,,R1919,50
-71,46,0.04297359523809524,5732715.8246,0.0,0.0,R1920,R1921,R1919,R1950,R1888,77.46279034169076,77.46279034169076,111.16108250383091,111.14154847420943,R1920,50
-71,47,0.039695409523809524,6324046.4209,0.0,0.0,R1921,R1922,R1920,R1951,R1889,76.0554819589822,76.0554819589822,111.1805865339079,111.16108250383091,R1921,50
-71,48,0.03815890869565217,5887942.7823,144228.5333,121140.0,R1922,R1923,R1921,R1952,R1890,74.62483046588396,74.62483046588396,111.2000367623785,111.1805865339079,R1922,50
-71,49,0.04365776666666667,5712604.362199999,0.0,0.0,R1923,R1924,R1922,R1953,R1891,73.17126435678436,73.17126435678436,111.21940943207943,111.2000367623785,R1923,50
-71,50,0.04120499,5694639.1954,0.0,0.0,R1924,R1925,R1923,R1954,R1892,71.69521960602547,71.69521960602547,111.23868085995683,111.21940943207943,R1924,50
-71,51,0.038344444444444445,5476157.5129,0.0,0.0,R1925,R1926,R1924,R1955,R1893,70.19713955405018,70.19713955405018,111.25782746631153,111.23868085995683,R1925,50
-71,52,0.036246178947368424,6118547.346,0.0,0.0,R1926,R1927,R1925,R1956,R1894,68.67747478989759,68.67747478989759,111.27682580399299,111.25782746631153,R1926,50
-71,53,0.030846184999999998,7541862.0370000005,0.0,0.0,R1927,R1928,R1926,R1957,R1895,67.13668303003111,67.13668303003111,111.2956525875423,111.27682580399299,R1927,50
-71,54,0.030425529411764705,6473329.6738,0.0,0.0,R1928,R1929,R1927,R1958,R1896,65.57522899348992,65.57522899348992,111.31428472223197,111.2956525875423,R1928,50
-71,55,0.030084305882352943,6545165.2074,0.0,0.0,R1929,R1930,R1928,R1959,R1897,63.993584273358834,63.993584273358834,111.3326993329539,111.31428472223197,R1929,50
-71,56,0.03428237777777778,6151433.8137,0.0,0.0,R1930,R1931,R1929,R1960,R1898,62.39222720455756,62.39222720455756,111.35087379293904,111.3326993329539,R1930,50
-71,57,0.03129364705882353,6313418.9633,0.0,0.0,R1931,R1932,R1930,R1961,R1899,60.771642727955076,60.771642727955076,111.36878575223717,111.35087379293904,R1931,50
-71,58,0.0250481875,6503265.7179000005,364.8107839,0.0,R1932,R1933,R1931,R1962,R1900,59.13232225082162,59.13232225082162,111.38641316596589,111.36878575223717,R1932,50
-71,59,0.025569833333333333,6806462.2291,0.0,0.0,R1933,R1934,R1932,R1963,R1901,57.47476350363418,57.47476350363418,111.40373432223176,111.38641316596589,R1933,50
-71,60,0.02539281875,7298083.1075,0.0,0.0,R1934,R1935,R1933,R1964,R1902,55.799470393260385,55.799470393260385,111.42072786973738,111.40373432223176,R1934,50
-71,61,0.02479694615384615,5268230.0421,180.3760435,0.0,R1935,R1936,R1934,R1965,R1903,54.106952852548226,54.106952852548226,111.43737284500068,111.42072786973738,R1935,50
-71,62,0.029178,396446.5051,0.0,0.0,R1936,R1937,R1935,R1966,R1904,52.39772668635684,52.39772668635684,111.45364869914782,111.43737284500068,R1936,50
-71,63,0.031043283333333335,4488424.1361,0.0,0.0,R1937,R1938,R1936,R1967,R1905,50.672313414069706,50.672313414069706,111.46953532428122,111.45364869914782,R1937,50
-71,64,0.03417232,5140898.6091,0.0,0.0,R1938,R1939,R1937,R1968,R1906,48.93124010863544,48.93124010863544,111.48501307932553,111.46953532428122,R1938,50
-71,65,0.03617343076923077,4161878.6651,0.0,0.0,R1939,R1940,R1938,R1969,R1907,47.175039232189974,47.175039232189974,111.500062815354,111.48501307932553,R1939,50
-71,66,0.03482698333333333,3988504.4538,0.0,0.0,R1940,R1941,R1939,R1970,R1908,45.404248468318045,45.404248468318045,111.51466590034875,111.500062815354,R1940,50
-71,67,0.035534375,3908157.7399,0.0,0.0,R1941,R1942,R1940,R1971,R1909,43.61941055101836,43.61941055101836,111.52880424334909,111.51466590034875,R1941,50
-71,68,0.026780083333333333,4390952.2225,1.982154324,0.0,R1942,R1943,R1941,R1972,R1910,41.82107309044281,41.82107309044281,111.54246031795869,111.52880424334909,R1942,50
-71,69,0.04120841818181818,3115492.9215,0.0,0.0,R1943,R1944,R1942,R1973,R1911,40.009788395485515,40.009788395485515,111.55561718517784,111.54246031795869,R1943,50
-71,70,0.050326244444444446,2099040.0039,0.0,0.0,R1944,R1945,R1943,R1974,R1912,38.18611329330402,38.18611329330402,111.56825851551484,111.55561718517784,R1944,50
-71,71,0.053702266666666665,1616012.7601,135.6359887,0.0,R1945,R1946,R1944,R1975,R1913,36.3506089458593,36.3506089458593,1004.5908856511643,111.56825851551484,R1945,50
-71,80,0.07463535,852072.6032799999,0.0,0.0,R1946,R1947,R1945,R1976,R1915,19.39324680138688,19.39324680138688,111.66320092602756,1004.5908856511643,R1946,50
-71,81,0.06446516666666667,1112077.0413,0.0,0.0,R1947,R1948,R1946,R1977,R1916,17.471130923674046,17.471130923674046,111.66928765568483,111.66320092602756,R1947,50
-71,82,0.0,0.0,0.0,0.0,R1948,R1949,R1947,R1978,R1917,15.543589531239796,15.543589531239796,111.67471737080547,111.66928765568483,R1948,50
-71,83,0.0,0.0,0.0,0.0,R1949,R-999,R1948,R1979,R1918,13.61122055115029,13.61122055115029,,111.67471737080547,R1949,50
-70,46,0.0452121,2082896.2388,0.0,0.0,R1950,R1951,R-999,R2010,R1920,154.92252796559217,77.46279034169076,111.16108250383091,,R1950,50
-70,47,0.04308333157894737,5262294.6244,0.0,0.0,R1951,R1952,R1950,R1980,R1921,76.0554819589822,76.0554819589822,111.1805865339079,111.16108250383091,R1951,50
-70,48,0.040241923809523815,6321665.1536,0.0,0.0,R1952,R1953,R1951,R1981,R1922,74.62483046588396,74.62483046588396,111.2000367623785,111.1805865339079,R1952,50
-70,49,0.0377523,5874600.6534,0.0,0.0,R1953,R1954,R1952,R1982,R1923,73.17126435678436,73.17126435678436,111.21940943207943,111.2000367623785,R1953,50
-70,50,0.03702864761904762,6602325.1054,0.0,0.0,R1954,R1955,R1953,R1983,R1924,71.69521960602547,71.69521960602547,111.23868085995683,111.21940943207943,R1954,50
-70,51,0.03812441,5504256.9392,3026.844041,0.0,R1955,R1956,R1954,R1984,R1925,70.19713955405018,70.19713955405018,111.25782746631153,111.23868085995683,R1955,50
-70,52,0.03705811578947368,6004373.7069,0.0,0.0,R1956,R1957,R1955,R1985,R1926,68.67747478989759,68.67747478989759,111.27682580399299,111.25782746631153,R1956,50
-70,53,0.029886770588235294,6594641.3713,0.0,0.0,R1957,R1958,R1956,R1986,R1927,67.13668303003111,67.13668303003111,111.2956525875423,111.27682580399299,R1957,50
-70,54,0.028389933333333332,7366388.9774,0.0,0.0,R1958,R1959,R1957,R1987,R1928,65.57522899348992,65.57522899348992,111.31428472223197,111.2956525875423,R1958,50
-70,55,0.03157088235294118,6289734.6748,0.0,0.0,R1959,R1960,R1958,R1988,R1929,63.993584273358834,63.993584273358834,111.3326993329539,111.31428472223197,R1959,50
-70,56,0.03430086666666667,6089489.0552,0.0,0.0,R1960,R1961,R1959,R1989,R1930,62.39222720455756,62.39222720455756,111.35087379293904,111.3326993329539,R1960,50
-70,57,0.03096386,5677669.2029,0.0,0.0,R1961,R1962,R1960,R1990,R1931,60.771642727955076,60.771642727955076,111.36878575223717,111.35087379293904,R1961,50
-70,58,0.0311504,6068255.6184,0.0,0.0,R1962,R1963,R1961,R1991,R1932,59.13232225082162,59.13232225082162,111.38641316596589,111.36878575223717,R1962,50
-70,59,0.0270661,6426744.9809,0.0,0.0,R1963,R1964,R1962,R1992,R1933,57.47476350363418,57.47476350363418,111.40373432223176,111.38641316596589,R1963,50
-70,60,0.026096957142857143,6213542.1359,0.0,0.0,R1964,R1965,R1963,R1993,R1934,55.799470393260385,55.799470393260385,111.42072786973738,111.40373432223176,R1964,50
-70,61,0.026336681818181818,4844877.7911,0.0,0.0,R1965,R1966,R1964,R1994,R1935,54.106952852548226,54.106952852548226,111.43737284500068,111.42072786973738,R1965,50
-70,62,0.0302414,382505.9866,0.0,0.0,R1966,R1967,R1965,R1995,R1936,52.39772668635684,52.39772668635684,111.45364869914782,111.43737284500068,R1966,50
-70,63,0.03249590714285714,5013273.4897,0.0,0.0,R1967,R1968,R1966,R1996,R1937,50.672313414069706,50.672313414069706,111.46953532428122,111.45364869914782,R1967,50
-70,64,0.03017381666666667,4650845.3575,0.0,0.0,R1968,R1969,R1967,R1997,R1938,48.93124010863544,48.93124010863544,111.48501307932553,111.46953532428122,R1968,50
-70,65,0.03292045833333333,4231786.1367,0.0,0.0,R1969,R1970,R1968,R1998,R1939,47.175039232189974,47.175039232189974,111.500062815354,111.48501307932553,R1969,50
-70,66,0.03320955833333333,4194508.0005,0.0,0.0,R1970,R1971,R1969,R1999,R1940,45.404248468318045,45.404248468318045,111.51466590034875,111.500062815354,R1970,50
-70,67,0.03412209166666667,4081343.3747,0.0,0.0,R1971,R1972,R1970,R2000,R1941,43.61941055101836,43.61941055101836,111.52880424334909,111.51466590034875,R1971,50
-70,68,0.02831828,4091303.7985,0.0,0.0,R1972,R1973,R1971,R2001,R1942,41.82107309044281,41.82107309044281,111.54246031795869,111.52880424334909,R1972,50
-70,69,0.038993650000000005,3064674.7117,0.0,0.0,R1973,R1974,R1972,R2002,R1943,40.009788395485515,40.009788395485515,111.55561718517784,111.54246031795869,R1973,50
-70,70,0.050818699999999994,2313963.5516,0.0,0.0,R1974,R1975,R1973,R2003,R1944,38.18611329330402,38.18611329330402,111.56825851551484,111.55561718517784,R1974,50
-70,71,0.06482856666666667,1118875.9472,0.0,0.0,R1975,R1976,R1974,R2004,R1945,36.3506089458593,36.3506089458593,1004.5908856511643,111.56825851551484,R1975,50
-70,80,0.03321096666666667,1053351.9633,0.0,0.0,R1976,R1977,R1975,R2005,R1946,19.39324680138688,19.39324680138688,111.66320092602756,1004.5908856511643,R1976,50
-70,81,0.06459194,916171.6839000001,0.0,0.0,R1977,R1978,R1976,R2006,R1947,17.471130923674046,17.471130923674046,111.66928765568483,111.66320092602756,R1977,50
-70,82,0.0,0.0,0.0,0.0,R1978,R1979,R1977,R2007,R1948,15.543589531239796,15.543589531239796,111.67471737080547,111.66928765568483,R1978,50
-70,83,0.0,0.0,0.0,0.0,R1979,R-999,R1978,R2008,R1949,13.61122055115029,13.61122055115029,,111.67471737080547,R1979,50
-69,47,0.04443008888888889,2354319.3384000002,0.0,0.0,R1980,R1981,R-999,R2011,R1951,76.0554819589822,76.0554819589822,111.1805865339079,,R1980,50
-69,48,0.03848780476190476,6610621.4053,0.0,0.0,R1981,R1982,R1980,R2012,R1952,74.62483046588396,74.62483046588396,111.2000367623785,111.1805865339079,R1981,50
-69,49,0.03998567222222222,5395315.7757,0.0,0.0,R1982,R1983,R1981,R2013,R1953,73.17126435678436,73.17126435678436,111.21940943207943,111.2000367623785,R1982,50
-69,50,0.038625485,6065581.7946,0.0,0.0,R1983,R1984,R1982,R2014,R1954,71.69521960602547,71.69521960602547,111.23868085995683,111.21940943207943,R1983,50
-69,51,0.042616825000000004,5462076.2684,0.0,0.0,R1984,R1985,R1983,R2015,R1955,70.19713955405018,70.19713955405018,111.25782746631153,111.23868085995683,R1984,50
-69,52,0.04245258333333333,4966695.994200001,0.0,0.0,R1985,R1986,R1984,R2016,R1956,68.67747478989759,68.67747478989759,111.27682580399299,111.25782746631153,R1985,50
-69,53,0.029688205555555555,7038352.3674,0.0,0.0,R1986,R1987,R1985,R2017,R1957,67.13668303003111,67.13668303003111,111.2956525875423,111.27682580399299,R1986,50
-69,54,0.03197878235294118,6188087.6403,0.0,0.0,R1987,R1988,R1986,R2018,R1958,65.57522899348992,65.57522899348992,111.31428472223197,111.2956525875423,R1987,50
-69,55,0.033773844444444444,6225012.5959,0.0,0.0,R1988,R1989,R1987,R2019,R1959,63.993584273358834,63.993584273358834,111.3326993329539,111.31428472223197,R1988,50
-69,56,0.039119575000000004,4774441.4111,0.0,0.0,R1989,R1990,R1988,R2020,R1960,62.39222720455756,62.39222720455756,111.35087379293904,111.3326993329539,R1989,50
-69,57,0.0369115875,5059602.211,0.0,0.0,R1990,R1991,R1989,R2021,R1961,60.771642727955076,60.771642727955076,111.36878575223717,111.35087379293904,R1990,50
-69,58,0.032607425,5791402.2862,0.0,0.0,R1991,R1992,R1990,R2022,R1962,59.13232225082162,59.13232225082162,111.38641316596589,111.36878575223717,R1991,50
-69,59,0.026192884615384618,5745836.6698,0.0,0.0,R1992,R1993,R1991,R2023,R1963,57.47476350363418,57.47476350363418,111.40373432223176,111.38641316596589,R1992,50
-69,60,0.025252425,1833389.0395,0.0,0.0,R1993,R1994,R1992,R2024,R1964,55.799470393260385,55.799470393260385,111.42072786973738,111.40373432223176,R1993,50
-69,61,0.0244288,948132.0418,0.0,0.0,R1994,R1995,R1993,R2025,R1965,54.106952852548226,54.106952852548226,111.43737284500068,111.42072786973738,R1994,50
-69,62,0.03015245,1534608.5545,0.0,0.0,R1995,R1996,R1994,R2026,R1966,52.39772668635684,52.39772668635684,111.45364869914782,111.43737284500068,R1995,50
-69,63,0.030929715384615385,4922489.6277,0.0,0.0,R1996,R1997,R1995,R2027,R1967,50.672313414069706,50.672313414069706,111.46953532428122,111.45364869914782,R1996,50
-69,64,0.030800876923076922,4918903.9668000005,0.0,0.0,R1997,R1998,R1996,R2028,R1968,48.93124010863544,48.93124010863544,111.48501307932553,111.46953532428122,R1997,50
-69,65,0.03192505833333333,4366330.3755,0.0,0.0,R1998,R1999,R1997,R2029,R1969,47.175039232189974,47.175039232189974,111.500062815354,111.48501307932553,R1998,50
-69,66,0.030005483333333333,4664577.2798999995,0.0,0.0,R1999,R2000,R1998,R2030,R1970,45.404248468318045,45.404248468318045,111.51466590034875,111.500062815354,R1999,50
-69,67,0.03605393636363636,3541514.9941,0.0,0.0,R2000,R2001,R1999,R2031,R1971,43.61941055101836,43.61941055101836,111.52880424334909,111.51466590034875,R2000,50
-69,68,0.030094158333333332,4654098.5068,0.0,0.0,R2001,R2002,R2000,R2032,R1972,41.82107309044281,41.82107309044281,111.54246031795869,111.52880424334909,R2001,50
-69,69,0.041643770000000004,2879528.6975,0.0,0.0,R2002,R2003,R2001,R2033,R1973,40.009788395485515,40.009788395485515,111.55561718517784,111.54246031795869,R2002,50
-69,70,0.05487530909090909,2387693.8673,0.0,0.0,R2003,R2004,R2002,R2034,R1974,38.18611329330402,38.18611329330402,111.56825851551484,111.55561718517784,R2003,50
-69,71,0.04483733333333333,785913.25,0.0,0.0,R2004,R2005,R2003,R2035,R1975,36.3506089458593,36.3506089458593,1004.5908856511643,111.56825851551484,R2004,50
-69,80,0.0378606,305529.5313,0.0,0.0,R2005,R2006,R2004,R-999,R1976,,19.39324680138688,111.66320092602756,1004.5908856511643,R2005,50
-69,81,0.06277866,941642.6087,0.0,0.0,R2006,R2007,R2005,R2036,R1977,17.471130923674046,17.471130923674046,111.66928765568483,111.66320092602756,R2006,50
-69,82,0.010689866666666666,180350.3797,3.964308647,0.0,R2007,R2008,R2006,R2037,R1978,15.543589531239796,15.543589531239796,111.67471737080547,111.66928765568483,R2007,50
-69,83,0.0,0.0,0.0,0.0,R2008,R-999,R2007,R2038,R1979,13.61122055115029,13.61122055115029,,111.67471737080547,R2008,50
-68,45,0.0531222,217753.2121,0.0,0.0,R2009,R2010,R-999,R2039,R1919,78.846334709795,236.52699346294787,111.14154847420943,,R2009,50
-68,46,0.04112268888888889,2557201.6223999998,0.0,0.0,R2010,R2011,R2009,R2040,R1950,77.46279034169076,154.92252796559217,111.16108250383091,111.14154847420943,R2010,50
-68,47,0.039629779999999996,3851248.3365,0.0,48530.0,R2011,R2012,R2010,R2041,R1980,76.0554819589822,76.0554819589822,111.1805865339079,111.16108250383091,R2011,50
-68,48,0.04287838571428572,5691174.1577,0.0,0.0,R2012,R2013,R2011,R2042,R1981,74.62483046588396,74.62483046588396,111.2000367623785,111.1805865339079,R2012,50
-68,49,0.03461936875,5556186.3557,0.0,0.0,R2013,R2014,R2012,R2043,R1982,73.17126435678436,73.17126435678436,111.21940943207943,111.2000367623785,R2013,50
-68,50,0.041645589999999996,5592703.373699999,0.0,0.0,R2014,R2015,R2013,R2044,R1983,71.69521960602547,71.69521960602547,111.23868085995683,111.21940943207943,R2014,50
-68,51,0.045233063157894736,4909585.0464,0.0,0.0,R2015,R2016,R2014,R2045,R1984,70.19713955405018,70.19713955405018,111.25782746631153,111.23868085995683,R2015,50
-68,52,0.04048403684210526,5478950.2025999995,0.0,0.0,R2016,R2017,R2015,R2046,R1985,68.67747478989759,68.67747478989759,111.27682580399299,111.25782746631153,R2016,50
-68,53,0.0305511,7224528.5231,0.0,0.0,R2017,R2018,R2016,R2047,R1986,67.13668303003111,67.13668303003111,111.2956525875423,111.27682580399299,R2017,50
-68,54,0.031093252631578944,6381668.5083,1459.715077,0.0,R2018,R2019,R2017,R2048,R1987,65.57522899348992,65.57522899348992,111.31428472223197,111.2956525875423,R2018,50
-68,55,0.03347625625,5554360.0315,0.0,0.0,R2019,R2020,R2018,R2049,R1988,63.993584273358834,63.993584273358834,111.3326993329539,111.31428472223197,R2019,50
-68,56,0.03622793125,5145737.0459,0.0,0.0,R2020,R2021,R2019,R2050,R1989,62.39222720455756,62.39222720455756,111.35087379293904,111.3326993329539,R2020,50
-68,57,0.037066575,5022513.71,0.0,0.0,R2021,R2022,R2020,R2051,R1990,60.771642727955076,60.771642727955076,111.36878575223717,111.35087379293904,R2021,50
-68,58,0.03425606875,5472302.2273,0.0,0.0,R2022,R2023,R2021,R2052,R1991,59.13232225082162,59.13232225082162,111.38641316596589,111.36878575223717,R2022,50
-68,59,0.0263183,1758931.0281,0.0,0.0,R2023,R2024,R2022,R2053,R1992,57.47476350363418,57.47476350363418,111.40373432223176,111.38641316596589,R2023,50
-68,60,0.025453625,1818282.4309,0.0,0.0,R2024,R2025,R2023,R2083,R1993,111.59575365062906,55.799470393260385,111.42072786973738,111.40373432223176,R2024,50
-68,61,0.02457993333333333,1411899.8529,0.0,0.0,R2025,R2026,R2024,R2112,R1994,162.30824989465253,54.106952852548226,111.43737284500068,111.42072786973738,R2025,50
-68,62,0.027239266666666668,1771752.9982,48.04364527,0.0,R2026,R2027,R2025,R2054,R1995,52.39772668635684,52.39772668635684,111.45364869914782,111.43737284500068,R2026,50
-68,63,0.030131923076923077,5073258.1435,0.0,0.0,R2027,R2028,R2026,R2055,R1996,50.672313414069706,50.672313414069706,111.46953532428122,111.45364869914782,R2027,50
-68,64,0.03365403076923077,4553254.8627,0.0,0.0,R2028,R2029,R2027,R2056,R1997,48.93124010863544,48.93124010863544,111.48501307932553,111.46953532428122,R2028,50
-68,65,0.029413407692307693,5142720.4615,0.0,0.0,R2029,R2030,R2028,R2057,R1998,47.175039232189974,47.175039232189974,111.500062815354,111.48501307932553,R2029,50
-68,66,0.03348693076923077,4539353.1142,0.0,0.0,R2030,R2031,R2029,R2058,R1999,45.404248468318045,45.404248468318045,111.51466590034875,111.500062815354,R2030,50
-68,67,0.044338183333333336,3216065.2829,0.0,0.0,R2031,R2032,R2030,R2059,R2000,43.61941055101836,43.61941055101836,111.52880424334909,111.51466590034875,R2031,50
-68,68,0.03592084545454546,3582965.5760000004,0.0,0.0,R2032,R2033,R2031,R2060,R2001,41.82107309044281,41.82107309044281,111.54246031795869,111.52880424334909,R2032,50
-68,69,0.04978873,2452690.5384,0.0,0.0,R2033,R2034,R2032,R2061,R2002,40.009788395485515,40.009788395485515,111.55561718517784,111.54246031795869,R2033,50
-68,70,0.04764268888888889,2300305.474,0.0,0.0,R2034,R2035,R2033,R2062,R2003,38.18611329330402,38.18611329330402,111.56825851551484,111.55561718517784,R2034,50
-68,71,0.0349417,331051.7241,0.0,0.0,R2035,R2036,R2034,R-999,R2004,,36.3506089458593,1116.254086577192,111.56825851551484,R2035,50
-68,81,0.0456516,1104555.1944,0.0,0.0,R2036,R2037,R2035,R2063,R2006,17.471130923674046,17.471130923674046,111.66928765568483,1116.254086577192,R2036,50
-68,82,0.01382686,167319.7873,0.0,0.0,R2037,R2038,R2036,R2064,R2007,15.543589531239796,15.543589531239796,111.67471737080547,111.66928765568483,R2037,50
-68,83,0.0,0.0,0.0,0.0,R2038,R-999,R2037,R2065,R2008,13.61122055115029,13.61122055115029,,111.67471737080547,R2038,50
-67,45,0.03971124117647058,5502336.5964,0.0,0.0,R2039,R2040,R-999,R2068,R2009,78.846334709795,78.846334709795,111.14154847420943,,R2039,50
-67,46,0.04375835217391304,5606943.2269,0.0,117020.0,R2040,R2041,R2039,R2069,R2010,77.46279034169076,77.46279034169076,111.16108250383091,111.14154847420943,R2040,50
-67,47,0.04071766956521739,6112438.7489,69385.40649,0.0,R2041,R2042,R2040,R2070,R2011,76.0554819589822,76.0554819589822,111.1805865339079,111.16108250383091,R2041,50
-67,48,0.045256980952380954,4908703.2831,0.0,15650.0,R2042,R2043,R2041,R2071,R2012,74.62483046588396,74.62483046588396,111.2000367623785,111.1805865339079,R2042,50
-67,49,0.04098764666666666,4505732.3919,0.0,0.0,R2043,R2044,R2042,R2072,R2013,73.17126435678436,73.17126435678436,111.21940943207943,111.2000367623785,R2043,50
-67,50,0.042198726666666665,4211283.2389,0.0,0.0,R2044,R2045,R2043,R2073,R2014,71.69521960602547,71.69521960602547,111.23868085995683,111.21940943207943,R2044,50
-67,51,0.04242318,5516779.8916,0.0,0.0,R2045,R2046,R2044,R2074,R2015,70.19713955405018,70.19713955405018,111.25782746631153,111.23868085995683,R2045,50
-67,52,0.039547122222222224,5304851.3807,0.0,0.0,R2046,R2047,R2045,R2075,R2016,68.67747478989759,68.67747478989759,111.27682580399299,111.25782746631153,R2046,50
-67,53,0.03286203888888889,6362964.6612,0.0,0.0,R2047,R2048,R2046,R2076,R2017,67.13668303003111,67.13668303003111,111.2956525875423,111.27682580399299,R2047,50
-67,54,0.028973888235294117,6797747.0222,0.0,0.0,R2048,R2049,R2047,R2077,R2018,65.57522899348992,65.57522899348992,111.31428472223197,111.2956525875423,R2048,50
-67,55,0.03223278888888889,6531932.6471,0.0,0.0,R2049,R2050,R2048,R2078,R2019,63.993584273358834,63.993584273358834,111.3326993329539,111.31428472223197,R2049,50
-67,56,0.036027270588235294,5474563.1355,0.0,0.0,R2050,R2051,R2049,R2079,R2020,62.39222720455756,62.39222720455756,111.35087379293904,111.3326993329539,R2050,50
-67,57,0.03506967058823529,5633211.3884,0.0,0.0,R2051,R2052,R2050,R2080,R2021,60.771642727955076,60.771642727955076,111.36878575223717,111.35087379293904,R2051,50
-67,58,0.03226111764705882,6138476.4213,0.0,0.0,R2052,R2053,R2051,R2081,R2022,59.13232225082162,59.13232225082162,111.38641316596589,111.36878575223717,R2052,50
-67,59,0.02758126666666667,1258782.8220000002,0.0,0.0,R2053,R2054,R2052,R2082,R2023,57.47476350363418,57.47476350363418,334.2618350369699,111.38641316596589,R2053,50
-67,62,0.030964733333333334,3375373.9078,0.0,0.0,R2054,R2055,R2053,R2084,R2026,52.39772668635684,52.39772668635684,111.45364869914782,334.2618350369699,R2054,50
-67,63,0.031214846153846156,4873109.8476,0.0,0.0,R2055,R2056,R2054,R2085,R2027,50.672313414069706,50.672313414069706,111.46953532428122,111.45364869914782,R2055,50
-67,64,0.02771615384615385,4631828.8819,760.2033773,0.0,R2056,R2057,R2055,R2086,R2028,48.93124010863544,48.93124010863544,111.48501307932553,111.46953532428122,R2056,50
-67,65,0.030339308333333332,4635705.7527,0.0,0.0,R2057,R2058,R2056,R2087,R2029,47.175039232189974,47.175039232189974,111.500062815354,111.48501307932553,R2057,50
-67,66,0.03959665,3082989.3654,0.0,0.0,R2058,R2059,R2057,R2088,R2030,45.404248468318045,45.404248468318045,111.51466590034875,111.500062815354,R2058,50
-67,67,0.07056540909090908,2038026.785,0.0,0.0,R2059,R2060,R2058,R2089,R2031,43.61941055101836,43.61941055101836,111.52880424334909,111.51466590034875,R2059,50
-67,68,0.04669151,2581566.4058,0.0,0.0,R2060,R2061,R2059,R2090,R2032,41.82107309044281,41.82107309044281,111.54246031795869,111.52880424334909,R2060,50
-67,69,0.0401612125,2321839.7205,0.0,0.0,R2061,R2062,R2060,R-999,R2033,,40.009788395485515,111.55561718517784,111.54246031795869,R2061,50
-67,70,0.038211466666666666,1865524.0085,0.0,0.0,R2062,R2063,R2061,R-999,R2034,,38.18611329330402,1227.8223450927069,111.55561718517784,R2062,50
-67,81,0.043841725,1217822.4548,0.0,0.0,R2063,R2064,R2062,R2091,R2036,17.471130923674046,17.471130923674046,111.66928765568483,1227.8223450927069,R2063,50
-67,82,0.0,0.0,0.0,0.0,R2064,R2065,R2063,R2092,R2037,15.543589531239796,15.543589531239796,111.67471737080547,111.66928765568483,R2064,50
-67,83,0.0,0.0,0.0,0.0,R2065,R-999,R2064,R2093,R2038,13.61122055115029,13.61122055115029,,111.67471737080547,R2065,50
-66,43,0.02287065,2044874.2745,0.0,0.0,R2066,R2067,R-999,R2094,R1642,81.54048637229381,1058.9723842280694,111.10248567402772,,R2066,50
-66,44,0.034767985,7279329.3911,0.0,0.0,R2067,R2068,R2066,R2095,R1751,80.20570185586602,801.5700035300747,111.12200826280943,111.10248567402772,R2067,50
-66,45,0.030924006666666667,5205647.0284,0.0,98700.0,R2068,R2069,R2067,R2096,R2039,78.846334709795,78.846334709795,111.14154847420943,111.12200826280943,R2068,50
-66,46,0.04676796956521739,5732843.2731,0.0,0.0,R2069,R2070,R2068,R2097,R2040,77.46279034169076,77.46279034169076,111.16108250383091,111.14154847420943,R2069,50
-66,47,0.047379645,4963787.7974,0.0,0.0,R2070,R2071,R2069,R2098,R2041,76.0554819589822,76.0554819589822,111.1805865339079,111.16108250383091,R2070,50
-66,48,0.043850614999999996,5416727.4756,0.0,0.0,R2071,R2072,R2070,R2099,R2042,74.62483046588396,74.62483046588396,111.2000367623785,111.1805865339079,R2071,50
-66,49,0.04011441764705882,4592618.4649,7041.650429,0.0,R2072,R2073,R2071,R2100,R2043,73.17126435678436,73.17126435678436,111.21940943207943,111.2000367623785,R2072,50
-66,50,0.0397032375,2472518.9251,0.0,0.0,R2073,R2074,R2072,R2101,R2044,71.69521960602547,71.69521960602547,111.23868085995683,111.21940943207943,R2073,50
-66,51,0.042573325,5519590.2564,0.0,0.0,R2074,R2075,R2073,R2102,R2045,70.19713955405018,70.19713955405018,111.25782746631153,111.23868085995683,R2074,50
-66,52,0.036885794444444446,5673520.4307,0.0,0.0,R2075,R2076,R2074,R2103,R2046,68.67747478989759,68.67747478989759,111.27682580399299,111.25782746631153,R2075,50
-66,53,0.03552661111111111,5890850.8019,0.0,0.0,R2076,R2077,R2075,R2104,R2047,67.13668303003111,67.13668303003111,111.2956525875423,111.27682580399299,R2076,50
-66,54,0.03151326111111111,6632307.6307,0.0,0.0,R2077,R2078,R2076,R2105,R2048,65.57522899348992,65.57522899348992,111.31428472223197,111.2956525875423,R2077,50
-66,55,0.03272900588235294,6039527.8052,0.0,0.0,R2078,R2079,R2077,R2106,R2049,63.993584273358834,63.993584273358834,111.3326993329539,111.31428472223197,R2078,50
-66,56,0.0365292,5416418.9197,0.0,0.0,R2079,R2080,R2078,R2107,R2050,62.39222720455756,62.39222720455756,111.35087379293904,111.3326993329539,R2079,50
-66,57,0.0305218,5429649.6633,2.54848413,0.0,R2080,R2081,R2079,R2108,R2051,60.771642727955076,60.771642727955076,111.36878575223717,111.35087379293904,R2080,50
-66,58,0.031170553333333333,5603847.0858,0.0,0.0,R2081,R2082,R2080,R2109,R2052,59.13232225082162,59.13232225082162,111.38641316596589,111.36878575223717,R2081,50
-66,59,0.03141306666666666,4459618.7966,0.0,0.0,R2082,R2083,R2081,R2110,R2053,57.47476350363418,57.47476350363418,111.40373432223176,111.38641316596589,R2082,50
-66,60,0.02614465,885241.2069000001,0.0,0.0,R2083,R2084,R2082,R2111,R2024,55.799470393260385,111.59575365062906,222.85810071473813,111.40373432223176,R2083,50
-66,62,0.02804919,4202149.826,0.0,0.0,R2084,R2085,R2083,R2113,R2054,52.39772668635684,52.39772668635684,111.45364869914782,222.85810071473813,R2084,50
-66,63,0.03240869090909091,3959463.1929,0.0,0.0,R2085,R2086,R2084,R2114,R2055,50.672313414069706,50.672313414069706,111.46953532428122,111.45364869914782,R2085,50
-66,64,0.028348446153846154,5337077.5030000005,0.0,0.0,R2086,R2087,R2085,R2115,R2056,48.93124010863544,48.93124010863544,111.48501307932553,111.46953532428122,R2086,50
-66,65,0.030831725,3031443.1426,0.0,0.0,R2087,R2088,R2086,R2116,R2057,47.175039232189974,47.175039232189974,111.500062815354,111.48501307932553,R2087,50
-66,66,0.05716804545454546,2632596.56977,0.0,0.0,R2088,R2089,R2087,R2117,R2058,45.404248468318045,45.404248468318045,111.51466590034875,111.500062815354,R2088,50
-66,67,0.07290647272727273,2129278.79426,0.0,0.0,R2089,R2090,R2088,R2118,R2059,43.61941055101836,43.61941055101836,111.52880424334909,111.51466590034875,R2089,50
-66,68,0.08061753,1465690.3192,0.0,0.0,R2090,R2091,R2089,R2119,R2060,41.82107309044281,41.82107309044281,1450.920422595844,111.52880424334909,R2090,50
-66,81,0.0320068,723474.2853999999,0.0,0.0,R2091,R2092,R2090,R2120,R2063,17.471130923674046,17.471130923674046,111.66928765568483,1450.920422595844,R2091,50
-66,82,0.015596125,185423.1888,0.0,0.0,R2092,R2093,R2091,R2121,R2064,15.543589531239796,15.543589531239796,111.67471737080547,111.66928765568483,R2092,50
-66,83,0.0,0.0,0.0,0.0,R2093,R-999,R2092,R2122,R2065,13.61122055115029,13.61122055115029,,111.67471737080547,R2093,50
-65,43,0.0223175,518316.4143,0.0,0.0,R2094,R2095,R-999,R-999,R2066,,81.54048637229381,111.10248567402772,,R2094,50
-65,44,0.03838908571428571,6016240.0939,7951.64804,0.0,R2095,R2096,R2094,R2123,R2067,80.20570185586602,80.20570185586602,111.12200826280943,111.10248567402772,R2095,50
-65,45,0.037440795454545456,7087531.2609,0.0,0.0,R2096,R2097,R2095,R2124,R2068,78.846334709795,78.846334709795,111.14154847420943,111.12200826280943,R2096,50
-65,46,0.03892603181818182,6111886.3823,0.0,65240.0,R2097,R2098,R2096,R2125,R2069,77.46279034169076,77.46279034169076,111.16108250383091,111.14154847420943,R2097,50
-65,47,0.035541868421052634,6629990.9387,0.0,0.0,R2098,R2099,R2097,R2126,R2070,76.0554819589822,76.0554819589822,111.1805865339079,111.16108250383091,R2098,50
-65,48,0.03452491904761905,6854807.1371,0.0,1387760.0,R2099,R2100,R2098,R2127,R2071,74.62483046588396,74.62483046588396,111.2000367623785,111.1805865339079,R2099,50
-65,49,0.04181499375,4479517.588500001,0.0,0.0,R2100,R2101,R2099,R2128,R2072,73.17126435678436,73.17126435678436,111.21940943207943,111.2000367623785,R2100,50
-65,50,0.03371695555555556,2655639.0221,4433.796057,0.0,R2101,R2102,R2100,R2129,R2073,71.69521960602547,71.69521960602547,111.23868085995683,111.21940943207943,R2101,50
-65,51,0.042867605263157894,5210109.1283,0.0,0.0,R2102,R2103,R2101,R2130,R2074,70.19713955405018,70.19713955405018,111.25782746631153,111.23868085995683,R2102,50
-65,52,0.03561697894736842,6185285.4874,0.0,0.0,R2103,R2104,R2102,R2131,R2075,68.67747478989759,68.67747478989759,111.27682580399299,111.25782746631153,R2103,50
-65,53,0.0343038,6106218.0417,0.0,0.0,R2104,R2105,R2103,R2132,R2076,67.13668303003111,67.13668303003111,111.2956525875423,111.27682580399299,R2104,50
-65,54,0.02994711666666667,7044869.5704,0.0,0.0,R2105,R2106,R2104,R2133,R2077,65.57522899348992,65.57522899348992,111.31428472223197,111.2956525875423,R2105,50
-65,55,0.03370872777777778,6209518.4258,0.0,0.0,R2106,R2107,R2105,R2134,R2078,63.993584273358834,63.993584273358834,111.3326993329539,111.31428472223197,R2106,50
-65,56,0.02892923125,6446120.4679,0.0,0.0,R2107,R2108,R2106,R2135,R2079,62.39222720455756,62.39222720455756,111.35087379293904,111.3326993329539,R2107,50
-65,57,0.02707079375,6893388.041,0.0,0.0,R2108,R2109,R2107,R2136,R2080,60.771642727955076,60.771642727955076,111.36878575223717,111.35087379293904,R2108,50
-65,58,0.0276381375,6749219.3335,0.0,0.0,R2109,R2110,R2108,R2137,R2081,59.13232225082162,59.13232225082162,111.38641316596589,111.36878575223717,R2109,50
-65,59,0.0313799125,5974051.5139,0.0,0.0,R2110,R2111,R2109,R2138,R2082,57.47476350363418,57.47476350363418,111.40373432223176,111.38641316596589,R2110,50
-65,60,0.023223958333333333,6004322.9182,0.0,0.0,R2111,R2112,R2110,R2139,R2083,55.799470393260385,55.799470393260385,111.42072786973738,111.40373432223176,R2111,50
-65,61,0.0213964,2175218.9598,0.0,0.0,R2112,R2113,R2111,R2140,R2025,54.106952852548226,162.30824989465253,111.43737284500068,111.42072786973738,R2112,50
-65,62,0.021298681818181817,4949023.8055,0.094388301,0.0,R2113,R2114,R2112,R2141,R2084,52.39772668635684,52.39772668635684,111.45364869914782,111.43737284500068,R2113,50
-65,63,0.03471959230769231,4414436.6139,0.0,0.0,R2114,R2115,R2113,R2142,R2085,50.672313414069706,50.672313414069706,111.46953532428122,111.45364869914782,R2114,50
-65,64,0.04051607142857143,4112513.777,0.0,0.0,R2115,R2116,R2114,R2143,R2086,48.93124010863544,48.93124010863544,111.48501307932553,111.46953532428122,R2115,50
-65,65,0.0285723,2869741.8843,0.0,0.0,R2116,R2117,R2115,R2144,R2087,47.175039232189974,47.175039232189974,111.500062815354,111.48501307932553,R2116,50
-65,66,0.049001333333333334,2922621.5226,0.0,0.0,R2117,R2118,R2116,R2145,R2088,45.404248468318045,45.404248468318045,111.51466590034875,111.500062815354,R2117,50
-65,67,0.06836663846153847,2109025.30846,220.679848,0.0,R2118,R2119,R2117,R2146,R2089,43.61941055101836,43.61941055101836,111.52880424334909,111.51466590034875,R2118,50
-65,68,0.08833286666666666,895619.41174,0.0,0.0,R2119,R2120,R2118,R2147,R2090,41.82107309044281,41.82107309044281,1450.920422595844,111.52880424334909,R2119,50
-65,81,0.02406875,962764.7618,0.0,0.0,R2120,R2121,R2119,R2148,R2091,17.471130923674046,17.471130923674046,111.66928765568483,1450.920422595844,R2120,50
-65,82,0.007349980000000001,314763.6248,0.0,0.0,R2121,R2122,R2120,R2149,R2092,15.543589531239796,15.543589531239796,111.67471737080547,111.66928765568483,R2121,50
-65,83,0.0,0.0,0.0,0.0,R2122,R-999,R2121,R2150,R2093,13.61122055115029,13.61122055115029,,111.67471737080547,R2122,50
-64,44,0.02760282857142857,3058555.2776,0.0,0.0,R2123,R2124,R-999,R2203,R2095,320.79332600279025,80.20570185586602,111.12200826280943,,R2123,50
-64,45,0.039576417391304346,6852776.3318,0.0,0.0,R2124,R2125,R2123,R2151,R2096,78.846334709795,78.846334709795,111.14154847420943,111.12200826280943,R2124,50
-64,46,0.033223166666666665,7682335.5185,0.0,0.0,R2125,R2126,R2124,R2152,R2097,77.46279034169076,77.46279034169076,111.16108250383091,111.14154847420943,R2125,50
-64,47,0.024496200000000003,4757001.7411,0.0,0.0,R2126,R2127,R2125,R2153,R2098,76.0554819589822,76.0554819589822,111.1805865339079,111.16108250383091,R2126,50
-64,48,0.0252585,1397496.786,0.0,0.0,R2127,R2128,R2126,R2173,R2099,149.24652220724263,74.62483046588396,111.2000367623785,111.1805865339079,R2127,50
-64,49,0.03186158333333333,2251486.6866,0.0,0.0,R2128,R2129,R2127,R2154,R2100,73.17126435678436,73.17126435678436,111.21940943207943,111.2000367623785,R2128,50
-64,50,0.03345724375,5808113.2066,0.0,0.0,R2129,R2130,R2128,R2155,R2101,71.69521960602547,71.69521960602547,111.23868085995683,111.21940943207943,R2129,50
-64,51,0.04287132222222222,4932439.603,0.0,0.0,R2130,R2131,R2129,R2156,R2102,70.19713955405018,70.19713955405018,111.25782746631153,111.23868085995683,R2130,50
-64,52,0.035175815,6598652.2114,0.0,0.0,R2131,R2132,R2130,R2157,R2103,68.67747478989759,68.67747478989759,111.27682580399299,111.25782746631153,R2131,50
-64,53,0.036331994444444446,5809873.4356,0.0,0.0,R2132,R2133,R2131,R2158,R2104,67.13668303003111,67.13668303003111,111.2956525875423,111.27682580399299,R2132,50
-64,54,0.029400288235294118,6881824.3474,0.0,0.0,R2133,R2134,R2132,R2159,R2105,65.57522899348992,65.57522899348992,111.31428472223197,111.2956525875423,R2133,50
-64,55,0.029506647058823526,6735486.0479,0.0,0.0,R2134,R2135,R2133,R2160,R2106,63.993584273358834,63.993584273358834,111.3326993329539,111.31428472223197,R2134,50
-64,56,0.026823794117647057,7403420.2314,0.0,0.0,R2135,R2136,R2134,R2161,R2107,62.39222720455756,62.39222720455756,111.35087379293904,111.3326993329539,R2135,50
-64,57,0.02439448235294118,8068388.2302,0.0,0.0,R2136,R2137,R2135,R2162,R2108,60.771642727955076,60.771642727955076,111.36878575223717,111.35087379293904,R2136,50
-64,58,0.025455175,7331604.8862,0.0,0.0,R2137,R2138,R2136,R2163,R2109,59.13232225082162,59.13232225082162,111.38641316596589,111.36878575223717,R2137,50
-64,59,0.027155833333333334,5585005.8132,1.793377721,0.0,R2138,R2139,R2137,R2164,R2110,57.47476350363418,57.47476350363418,111.40373432223176,111.38641316596589,R2138,50
-64,60,0.024220633333333335,4343292.9304,0.0,0.0,R2139,R2140,R2138,R-999,R2111,,55.799470393260385,111.42072786973738,111.40373432223176,R2139,50
-64,61,0.0194249,595498.2961,0.0,0.0,R2140,R2141,R2139,R-999,R2112,,54.106952852548226,111.43737284500068,111.42072786973738,R2140,50
-64,62,0.0263806,878115.1642,0.0,0.0,R2141,R2142,R2140,R-999,R2113,,52.39772668635684,111.45364869914782,111.43737284500068,R2141,50
-64,63,0.030764944444444442,3423180.3462,0.0,0.0,R2142,R2143,R2141,R-999,R2114,,50.672313414069706,111.46953532428122,111.45364869914782,R2142,50
-64,64,0.03066841666666667,2309035.3954,0.0,0.0,R2143,R2144,R2142,R-999,R2115,,48.93124010863544,111.48501307932553,111.46953532428122,R2143,50
-64,65,0.026582471428571428,2254320.7018999998,1.887766023,0.0,R2144,R2145,R2143,R2165,R2116,47.175039232189974,47.175039232189974,111.500062815354,111.48501307932553,R2144,50
-64,66,0.04907579230769231,3185765.7331,0.0,0.0,R2145,R2146,R2144,R2166,R2117,45.404248468318045,45.404248468318045,111.51466590034875,111.500062815354,R2145,50
-64,67,0.09126703333333334,1668135.86378,0.0,0.0,R2146,R2147,R2145,R2167,R2118,43.61941055101836,43.61941055101836,111.52880424334909,111.51466590034875,R2146,50
-64,68,0.051613025,914616.7514,0.0,0.0,R2147,R2148,R2146,R-999,R2119,,41.82107309044281,1450.920422595844,111.52880424334909,R2147,50
-64,81,0.0263739,438597.4798,0.0,0.0,R2148,R2149,R2147,R-999,R2120,,17.471130923674046,111.66928765568483,1450.920422595844,R2148,50
-64,82,0.0,0.0,0.0,0.0,R2149,R2150,R2148,R2168,R2121,15.543589531239796,15.543589531239796,111.67471737080547,111.66928765568483,R2149,50
-64,83,0.0,0.0,0.0,0.0,R2150,R-999,R2149,R2169,R2122,13.61122055115029,13.61122055115029,,111.67471737080547,R2150,50
-63,45,0.03601067727272727,6821717.5456,0.0,185370.0,R2151,R2152,R-999,R2170,R2124,78.846334709795,78.846334709795,111.14154847420943,,R2151,50
-63,46,0.02878002,9515188.8414,113720.8186,0.0,R2152,R2153,R2151,R2171,R2125,77.46279034169076,77.46279034169076,111.16108250383091,111.14154847420943,R2152,50
-63,47,0.0222798,519193.4267,0.0,0.0,R2153,R2154,R2152,R2172,R2126,76.0554819589822,76.0554819589822,222.3806232962864,111.16108250383091,R2153,50
-63,49,0.0349529,2809192.268,0.0,0.0,R2154,R2155,R2153,R2174,R2128,73.17126435678436,73.17126435678436,111.21940943207943,222.3806232962864,R2154,50
-63,50,0.03472513333333334,5138843.1816,0.0,0.0,R2155,R2156,R2154,R2175,R2129,71.69521960602547,71.69521960602547,111.23868085995683,111.21940943207943,R2155,50
-63,51,0.038331815789473686,5771623.1876,0.0,0.0,R2156,R2157,R2155,R2176,R2130,70.19713955405018,70.19713955405018,111.25782746631153,111.23868085995683,R2156,50
-63,52,0.032721905555555555,6384593.1155,0.0,0.0,R2157,R2158,R2156,R2177,R2131,68.67747478989759,68.67747478989759,111.27682580399299,111.25782746631153,R2157,50
-63,53,0.034123957894736844,5844227.6601,1081.029213,0.0,R2158,R2159,R2157,R2178,R2132,67.13668303003111,67.13668303003111,111.2956525875423,111.27682580399299,R2158,50
-63,54,0.029626417647058822,6720259.3134,0.0,0.0,R2159,R2160,R2158,R2179,R2133,65.57522899348992,65.57522899348992,111.31428472223197,111.2956525875423,R2159,50
-63,55,0.02593418125,7210319.4907,0.0,0.0,R2160,R2161,R2159,R2180,R2134,63.993584273358834,63.993584273358834,111.3326993329539,111.31428472223197,R2160,50
-63,56,0.02627913125,7079042.1168,0.0,0.0,R2161,R2162,R2160,R2181,R2135,62.39222720455756,62.39222720455756,111.35087379293904,111.3326993329539,R2161,50
-63,57,0.02653999375,7019245.0665,0.0,0.0,R2162,R2163,R2161,R2182,R2136,60.771642727955076,60.771642727955076,111.36878575223717,111.35087379293904,R2162,50
-63,58,0.030907214285714284,5302222.0353,0.0,0.0,R2163,R2164,R2162,R2183,R2137,59.13232225082162,59.13232225082162,111.38641316596589,111.36878575223717,R2163,50
-63,59,0.03071919,3788858.5932,0.0,0.0,R2164,R2165,R2163,R-999,R2138,,57.47476350363418,668.6700321397248,111.38641316596589,R2164,50
-63,65,0.03671621666666667,1960450.5099,0.0,0.0,R2165,R2166,R2164,R-999,R2144,,47.175039232189974,111.500062815354,668.6700321397248,R2165,50
-63,66,0.05894069,2008150.8599,0.0,0.0,R2166,R2167,R2165,R2184,R2145,45.404248468318045,45.404248468318045,111.51466590034875,111.500062815354,R2166,50
-63,67,0.06743792727272727,1982815.3622,0.0,0.0,R2167,R2168,R2166,R2185,R2146,43.61941055101836,43.61941055101836,1674.1185144948777,111.51466590034875,R2167,50
-63,82,0.0,0.0,0.0,0.0,R2168,R2169,R2167,R2186,R2149,15.543589531239796,15.543589531239796,111.67471737080547,1674.1185144948777,R2168,50
-63,83,0.0,0.0,0.0,0.0,R2169,R-999,R2168,R-999,R2150,,13.61122055115029,,111.67471737080547,R2169,50
-62,45,0.035423166666666665,5202957.7216,0.0,0.0,R2170,R2171,R-999,R2187,R2151,78.846334709795,78.846334709795,111.14154847420943,,R2170,50
-62,46,0.02842005294117647,7128598.9567,0.0,0.0,R2171,R2172,R2170,R2188,R2152,77.46279034169076,77.46279034169076,111.16108250383091,111.14154847420943,R2171,50
-62,47,0.01813765,2660393.9286,1321.247439,0.0,R2172,R2173,R2171,R2189,R2153,76.0554819589822,76.0554819589822,111.1805865339079,111.16108250383091,R2172,50
-62,48,0.0207844,556546.4322,0.0,0.0,R2173,R2174,R2172,R2190,R2127,74.62483046588396,149.24652220724263,111.2000367623785,111.1805865339079,R2173,50
-62,49,0.0294779,3665728.7955,0.0,0.0,R2174,R2175,R2173,R2214,R2154,219.50109593217928,73.17126435678436,111.21940943207943,111.2000367623785,R2174,50
-62,50,0.03071583,3856339.0674,0.0,0.0,R2175,R2176,R2174,R2191,R2155,71.69521960602547,71.69521960602547,111.23868085995683,111.21940943207943,R2175,50
-62,51,0.039994247368421054,5526206.2018,0.0,0.0,R2176,R2177,R2175,R2192,R2156,70.19713955405018,70.19713955405018,111.25782746631153,111.23868085995683,R2176,50
-62,52,0.03790124,6141030.8189,0.0,0.0,R2177,R2178,R2176,R2193,R2157,68.67747478989759,68.67747478989759,111.27682580399299,111.25782746631153,R2177,50
-62,53,0.037564725,6195038.9212,0.0,0.0,R2178,R2179,R2177,R2194,R2158,67.13668303003111,67.13668303003111,111.2956525875423,111.27682580399299,R2178,50
-62,54,0.030671841176470586,6448504.0027,0.0,0.0,R2179,R2180,R2178,R2195,R2159,65.57522899348992,65.57522899348992,111.31428472223197,111.2956525875423,R2179,50
-62,55,0.027583023529411763,7265796.1839,0.0,0.0,R2180,R2181,R2179,R2196,R2160,63.993584273358834,63.993584273358834,111.3326993329539,111.31428472223197,R2180,50
-62,56,0.03083116470588235,6497071.3456999995,0.0,0.0,R2181,R2182,R2180,R2197,R2161,62.39222720455756,62.39222720455756,111.35087379293904,111.3326993329539,R2181,50
-62,57,0.03282542222222222,6424929.7140999995,0.0,0.0,R2182,R2183,R2181,R2198,R2162,60.771642727955076,60.771642727955076,111.36878575223717,111.35087379293904,R2182,50
-62,58,0.029119654545454544,4397103.1037,0.0,0.0,R2183,R2184,R2182,R2199,R2163,59.13232225082162,59.13232225082162,891.5565081210443,111.36878575223717,R2183,50
-62,66,0.05887471818181818,2290451.8714,0.0,0.0,R2184,R2185,R2183,R2200,R2166,45.404248468318045,45.404248468318045,111.51466590034875,891.5565081210443,R2184,50
-62,67,0.045540142857142855,1827699.8005000001,0.0,0.0,R2185,R2186,R2184,R2201,R2167,43.61941055101836,43.61941055101836,1674.1185144948777,111.51466590034875,R2185,50
-62,82,0.0,0.0,0.0,0.0,R2186,R-999,R2185,R2202,R2168,15.543589531239796,15.543589531239796,,1674.1185144948777,R2186,50
-61,45,0.025153083333333336,2795084.8996,0.0,0.0,R2187,R2188,R-999,R-999,R2170,,78.846334709795,111.14154847420943,,R2187,50
-61,46,0.03597617619047619,6870604.5286,0.0,0.0,R2188,R2189,R2187,R2204,R2171,77.46279034169076,77.46279034169076,111.16108250383091,111.14154847420943,R2188,50
-61,47,0.028013033333333336,2518683.0073,0.0,0.0,R2189,R2190,R2188,R2205,R2172,76.0554819589822,76.0554819589822,111.1805865339079,111.16108250383091,R2189,50
-61,48,0.020742833333333332,1673027.6827,0.0,0.0,R2190,R2191,R2189,R2213,R2173,149.24652220724263,74.62483046588396,222.41944619445798,111.1805865339079,R2190,50
-61,50,0.0299939125,3155272.5809,0.0,0.0,R2191,R2192,R2190,R2206,R2175,71.69521960602547,71.69521960602547,111.23868085995683,222.41944619445798,R2191,50
-61,51,0.03646007,6392558.7922,0.0,0.0,R2192,R2193,R2191,R2207,R2176,70.19713955405018,70.19713955405018,111.25782746631153,111.23868085995683,R2192,50
-61,52,0.03621484444444444,5769465.2485,0.0,0.0,R2193,R2194,R2192,R2208,R2177,68.67747478989759,68.67747478989759,111.27682580399299,111.25782746631153,R2193,50
-61,53,0.0381004,5208476.119,0.0,0.0,R2194,R2195,R2193,R2209,R2178,67.13668303003111,67.13668303003111,111.2956525875423,111.27682580399299,R2194,50
-61,54,0.03591955,5895301.9032000005,0.0,0.0,R2195,R2196,R2194,R2210,R2179,65.57522899348992,65.57522899348992,111.31428472223197,111.2956525875423,R2195,50
-61,55,0.032244688888888894,5795556.7146,362.356688,0.0,R2196,R2197,R2195,R2211,R2180,63.993584273358834,63.993584273358834,111.3326993329539,111.31428472223197,R2196,50
-61,56,0.02820090625,6684832.8617,0.0,0.0,R2197,R2198,R2196,R2212,R2181,62.39222720455756,62.39222720455756,111.35087379293904,111.3326993329539,R2197,50
-61,57,0.025442522222222222,4110715.8376,0.0,0.0,R2198,R2199,R2197,R-999,R2182,,60.771642727955076,111.36878575223717,111.35087379293904,R2198,50
-61,58,0.023365,495079.6836,0.0,0.0,R2199,R2200,R2198,R-999,R2183,,59.13232225082162,891.5565081210443,111.36878575223717,R2199,50
-61,66,0.0330086,350439.0792,0.0,0.0,R2200,R2201,R2199,R-999,R2184,,45.404248468318045,111.51466590034875,891.5565081210443,R2200,50
-61,67,0.0304498,780158.5956,0.0,0.0,R2201,R2202,R2200,R-999,R2185,,43.61941055101836,1674.1185144948777,111.51466590034875,R2201,50
-61,82,0.0,0.0,0.0,0.0,R2202,R-999,R2201,R-999,R2186,,15.543589531239796,,1674.1185144948777,R2202,50
-60,44,0.020831866666666667,1665841.982,0.0,0.0,R2203,R2204,R-999,R-999,R2123,,320.79332600279025,222.26355673701806,,R2203,50
-60,46,0.0304282,5636120.9873,0.0,0.0,R2204,R2205,R2203,R-999,R2188,,77.46279034169076,111.16108250383091,222.26355673701806,R2204,50
-60,47,0.026856500000000002,2665015.8389,0.0,0.0,R2205,R2206,R2204,R2228,R2189,228.15405231866592,76.0554819589822,333.60003272836633,111.16108250383091,R2205,50
-60,50,0.027096514285714284,3082419.3514,0.0,0.0,R2206,R2207,R2205,R2222,R2191,143.38723501906847,71.69521960602547,111.23868085995683,333.60003272836633,R2206,50
-60,51,0.035012836842105266,6328947.4783,0.0,0.0,R2207,R2208,R2206,R2215,R2192,70.19713955405018,70.19713955405018,111.25782746631153,111.23868085995683,R2207,50
-60,52,0.03513058,6617036.2557,0.0,0.0,R2208,R2209,R2207,R2216,R2193,68.67747478989759,68.67747478989759,111.27682580399299,111.25782746631153,R2208,50
-60,53,0.03951539411764706,5024985.5928,0.0,0.0,R2209,R2210,R2208,R2217,R2194,67.13668303003111,67.13668303003111,111.2956525875423,111.27682580399299,R2209,50
-60,54,0.03336558888888889,6303600.5469,0.0,0.0,R2210,R2211,R2209,R2218,R2195,65.57522899348992,65.57522899348992,111.31428472223197,111.2956525875423,R2210,50
-60,55,0.029509122222222222,7238326.7578,0.0,0.0,R2211,R2212,R2210,R2219,R2196,63.993584273358834,63.993584273358834,111.3326993329539,111.31428472223197,R2211,50
-60,56,0.0234813,1977881.4078000002,0.0,0.0,R2212,R-999,R2211,R-999,R2197,,62.39222720455756,,111.3326993329539,R2212,50
-59,48,0.029633341176470585,6745626.8131,0.0,0.0,R2213,R2214,R-999,R2220,R2190,74.62483046588396,149.24652220724263,111.2000367623785,,R2213,50
-59,49,0.02480052857142857,3290735.0656,0.0,0.0,R2214,R2215,R2213,R2221,R2174,73.17126435678436,219.50109593217928,222.45809029203687,111.2000367623785,R2214,50
-59,51,0.03060575625,6300411.9952,0.0,0.0,R2215,R2216,R2214,R2223,R2207,70.19713955405018,70.19713955405018,111.25782746631153,222.45809029203687,R2215,50
-59,52,0.03624187777777778,5777015.9956,0.0,0.0,R2216,R2217,R2215,R2224,R2208,68.67747478989759,68.67747478989759,111.27682580399299,111.25782746631153,R2216,50
-59,53,0.03521930526315789,6295189.8144,0.0,0.0,R2217,R2218,R2216,R2225,R2209,67.13668303003111,67.13668303003111,111.2956525875423,111.27682580399299,R2217,50
-59,54,0.029636835294117647,6696683.2693,0.0,0.0,R2218,R2219,R2217,R2226,R2210,65.57522899348992,65.57522899348992,111.31428472223197,111.2956525875423,R2218,50
-59,55,0.02683567333333333,6575298.6633,0.0,0.0,R2219,R-999,R2218,R2227,R2211,63.993584273358834,63.993584273358834,,111.31428472223197,R2219,50
-58,48,0.03000627368421053,7408711.0699000005,0.0,0.0,R2220,R2221,R-999,R2229,R2213,74.62483046588396,74.62483046588396,111.2000367623785,,R2220,50
-58,49,0.031080685714285714,7941896.8729,0.0,0.0,R2221,R2222,R2220,R2230,R2214,73.17126435678436,73.17126435678436,111.21940943207943,111.2000367623785,R2221,50
-58,50,0.0275350875,3387408.7029,0.0,0.0,R2222,R2223,R2221,R2231,R2206,71.69521960602547,143.38723501906847,111.23868085995683,111.21940943207943,R2222,50
-58,51,0.023848575,3078824.6289999997,3052.234494,0.0,R2223,R2224,R2222,R2232,R2215,70.19713955405018,70.19713955405018,111.25782746631153,111.23868085995683,R2223,50
-58,52,0.03738680526315789,5923377.0322,0.0,0.0,R2224,R2225,R2223,R2233,R2216,68.67747478989759,68.67747478989759,111.27682580399299,111.25782746631153,R2224,50
-58,53,0.03534137222222222,5924154.6497,0.0,0.0,R2225,R2226,R2224,R2234,R2217,67.13668303003111,67.13668303003111,111.2956525875423,111.27682580399299,R2225,50
-58,54,0.03127282352941176,6354572.4006,0.0,0.0,R2226,R2227,R2225,R2235,R2218,65.57522899348992,65.57522899348992,111.31428472223197,111.2956525875423,R2226,50
-58,55,0.024568544444444444,4272564.1744,0.0,0.0,R2227,R-999,R2226,R2236,R2219,63.993584273358834,63.993584273358834,,111.31428472223197,R2227,50
-57,47,0.025157933333333337,1384736.2582999999,0.0,0.0,R2228,R2229,R-999,R2237,R2205,76.0554819589822,228.15405231866592,111.1805865339079,,R2228,50
-57,48,0.028640166666666668,8515409.0361,0.0,0.0,R2229,R2230,R2228,R2238,R2220,74.62483046588396,74.62483046588396,111.2000367623785,111.1805865339079,R2229,50
-57,49,0.029976804761904757,8208058.114,0.0,0.0,R2230,R2231,R2229,R2239,R2221,73.17126435678436,73.17126435678436,111.21940943207943,111.2000367623785,R2230,50
-57,50,0.03148901,7433692.4507,0.0,0.0,R2231,R2232,R2230,R2240,R2222,71.69521960602547,71.69521960602547,111.23868085995683,111.21940943207943,R2231,50
-57,51,0.025878576470588235,7704607.4269,0.0,0.0,R2232,R2233,R2231,R2241,R2223,70.19713955405018,70.19713955405018,111.25782746631153,111.23868085995683,R2232,50
-57,52,0.03113371666666667,6758406.9193,0.0,0.0,R2233,R2234,R2232,R2242,R2224,68.67747478989759,68.67747478989759,111.27682580399299,111.25782746631153,R2233,50
-57,53,0.03170624736842105,6245747.0092,334.5121392,0.0,R2234,R2235,R2233,R2243,R2225,67.13668303003111,67.13668303003111,111.2956525875423,111.27682580399299,R2234,50
-57,54,0.02618870666666667,6909964.6975,0.0,0.0,R2235,R2236,R2234,R2244,R2226,65.57522899348992,65.57522899348992,111.31428472223197,111.2956525875423,R2235,50
-57,55,0.0200623,1732021.2991,0.0,0.0,R2236,R-999,R2235,R-999,R2227,,63.993584273358834,,111.31428472223197,R2236,50
-56,47,0.02327370909090909,5497237.9775,0.0,0.0,R2237,R2238,R-999,R2245,R2228,76.0554819589822,76.0554819589822,111.1805865339079,,R2237,50
-56,48,0.027044322727272727,8590951.7638,3658.868105,0.0,R2238,R2239,R2237,R2246,R2229,74.62483046588396,74.62483046588396,111.2000367623785,111.1805865339079,R2238,50
-56,49,0.03102332,7503164.7116,0.0,0.0,R2239,R2240,R2238,R2247,R2230,73.17126435678436,73.17126435678436,111.21940943207943,111.2000367623785,R2239,50
-56,50,0.028497376470588233,6986559.3052,0.0,0.0,R2240,R2241,R2239,R2248,R2231,71.69521960602547,71.69521960602547,111.23868085995683,111.21940943207943,R2240,50
-56,51,0.027638622222222225,7668415.4004999995,0.0,0.0,R2241,R2242,R2240,R2249,R2232,70.19713955405018,70.19713955405018,111.25782746631153,111.23868085995683,R2241,50
-56,52,0.025738405555555555,8249408.8291,0.0,0.0,R2242,R2243,R2241,R2250,R2233,68.67747478989759,68.67747478989759,111.27682580399299,111.25782746631153,R2242,50
-56,53,0.028957864705882352,7056497.9897,0.0,0.0,R2243,R2244,R2242,R-999,R2234,,67.13668303003111,111.2956525875423,111.27682580399299,R2243,50
-56,54,0.021655425,2144045.0889,0.0,0.0,R2244,R-999,R2243,R-999,R2235,,65.57522899348992,,111.2956525875423,R2244,50
-55,47,0.026091927272727276,4916405.183,0.0,0.0,R2245,R2246,R-999,R2251,R2237,76.0554819589822,76.0554819589822,111.1805865339079,,R2245,50
-55,48,0.027441635,8454468.6609,0.0,0.0,R2246,R2247,R2245,R2252,R2238,74.62483046588396,74.62483046588396,111.2000367623785,111.1805865339079,R2246,50
-55,49,0.027958780952380954,7934921.5592,12848.98504,0.0,R2247,R2248,R2246,R2253,R2239,73.17126435678436,73.17126435678436,111.21940943207943,111.2000367623785,R2247,50
-55,50,0.023186783333333332,3007633.4540999997,0.0,0.0,R2248,R2249,R2247,R2254,R2240,71.69521960602547,71.69521960602547,111.23868085995683,111.21940943207943,R2248,50
-55,51,0.02240075,1033326.2049,0.0,0.0,R2249,R2250,R2248,R-999,R2241,,70.19713955405018,111.25782746631153,111.23868085995683,R2249,50
-55,52,0.020158775,2296438.6028,0.0,0.0,R2250,R-999,R2249,R-999,R2242,,68.67747478989759,,111.25782746631153,R2250,50
-54,47,0.025055966666666665,6988827.0977,0.0,0.0,R2251,R2252,R-999,R2255,R2245,76.0554819589822,76.0554819589822,111.1805865339079,,R2251,50
-54,48,0.025888686956521738,9445789.4625,0.0,47990.0,R2252,R2253,R2251,R2256,R2246,74.62483046588396,74.62483046588396,111.2000367623785,111.1805865339079,R2252,50
-54,49,0.02663889,8744744.8943,0.0,0.0,R2253,R2254,R2252,R2257,R2247,73.17126435678436,73.17126435678436,111.21940943207943,111.2000367623785,R2253,50
-54,50,0.021729283333333335,3203316.0667,0.0,0.0,R2254,R-999,R2253,R2258,R2248,71.69521960602547,71.69521960602547,,111.21940943207943,R2254,50
-53,47,0.0228839,8255355.0796,21348.5571769,0.0,R2255,R2256,R-999,R-999,R2251,,76.0554819589822,111.1805865339079,,R2255,50
-53,48,0.02408600625,7745255.5065,0.0,0.0,R2256,R2257,R2255,R-999,R2252,,74.62483046588396,111.2000367623785,111.1805865339079,R2256,50
-53,49,0.022944739999999998,2550319.3912,0.0,0.0,R2257,R2258,R2256,R-999,R2253,,73.17126435678436,111.21940943207943,111.2000367623785,R2257,50
-53,50,0.0194175,595726.8407,0.0,0.0,R2258,R-999,R2257,R-999,R2254,,71.69521960602547,,111.21940943207943,R2258,50
